gender,SeniorCitizen,Partner,Dependents,tenure,PhoneService,MultipleLines,InternetService,OnlineSecurity,OnlineBackup,DeviceProtection,TechSupport,StreamingTV,StreamingMovies,Contract,PaperlessBilling,PaymentMethod,MonthlyCharges,TotalCharges,Churn
0,0,1,0,-1.2774445836787656,0,1,0,0,2,0,0,0,0,0,1,2,-1.1603229160349193,-0.3986075939976442,0
1,0,0,0,0.06632741908223598,1,0,0,2,0,2,0,0,0,1,0,3,-0.2596289419448806,-0.9487623815517401,0
1,0,0,0,-1.2367242199587352,1,0,0,2,2,0,0,0,0,0,1,3,-0.3626603559551803,-1.6418832832921746,1
1,0,0,0,0.5142514200025698,0,1,0,2,0,2,2,0,0,1,0,0,-0.7465354629935549,-0.9837096539084006,0
0,0,0,0,-1.2367242199587352,1,0,1,0,0,0,0,0,0,0,1,2,0.19736523310080326,-1.2352241140510334,1
0,0,0,0,-0.9924020376385531,1,2,1,0,0,2,0,2,2,0,1,2,1.1595456961969886,1.5070777576935885,1
1,0,0,1,-0.4223169455581282,1,2,1,0,2,0,0,2,0,0,1,1,0.8089065291619363,-0.9042840349159902,0
0,0,0,0,-0.9109613101984924,0,1,0,2,0,0,0,0,0,0,0,3,-1.1636465100352518,-0.3435391648295731,0
0,0,1,0,-0.1779947632379461,1,2,1,0,0,2,2,2,2,0,1,2,1.330710787214099,-0.3239475121447785,1
1,0,0,1,1.2064976032430856,1,0,0,2,2,0,0,0,0,1,0,0,-0.28621769394753876,-0.12485396053713652,0
1,0,1,1,-0.7888002190384014,1,0,0,2,0,0,0,0,0,0,1,3,-0.4922805219681379,0.828782971498404,0
1,0,0,0,-0.6666391278783103,1,0,2,1,1,1,1,1,1,2,0,1,-1.5225946620711341,-0.22334172808772537,0
1,0,1,0,1.0436161483629645,1,2,1,0,0,2,0,2,2,1,0,1,1.182810854199314,0.759947435038315,0
1,0,0,0,0.6771328748826912,1,2,1,0,2,2,0,2,2,0,1,0,1.2941512532104444,0.5333196688466374,1
1,0,0,0,-0.30015585439803716,1,0,1,2,0,2,2,2,2,0,1,2,1.3539759452164248,-0.48756428726914386,0
0,0,1,1,1.4915401492832983,1,2,1,2,2,2,2,2,2,2,0,1,1.611554480242174,1.4302996593342585,0
0,0,0,0,0.7992939660427822,1,0,2,1,1,1,1,1,1,1,0,3,-1.4660935640654862,-1.700658241346558,0
1,0,0,1,1.5729808767233588,1,2,1,2,0,2,0,2,2,2,0,0,1.393859073220412,1.2952761070471608,0
0,0,1,1,-0.9109613101984924,1,0,0,0,0,2,2,0,0,0,0,1,-0.31779183695069496,0.6132747919656638,1
0,0,0,0,-0.46303730927815856,1,0,1,0,2,2,0,0,2,0,1,2,0.8404806721650927,-0.9662360177300703,0
1,1,0,0,-1.2774445836787656,0,1,0,0,0,2,0,0,2,0,1,2,-0.8346107040023594,0.043528351726773454,1
1,0,1,0,-0.8295205827584317,1,0,2,1,1,1,1,1,1,1,0,0,-1.4943441130683104,-0.8508041181277672,0
1,0,0,0,-1.2774445836787656,1,0,2,1,1,1,1,1,1,0,0,3,-1.4827115340671475,-0.8730432914456422,1
0,0,1,0,1.0436161483629645,1,2,0,0,2,0,2,0,0,2,1,1,-0.1615829189350795,-0.11479338213143121,0
1,0,1,1,0.6771328748826912,1,0,0,2,2,0,2,0,0,0,0,1,-0.17155370093607614,-0.365778338147448,0
0,0,0,0,-0.0965540357978854,1,0,0,2,2,0,0,0,0,0,1,0,-0.31446824295036285,-1.217220973746087,0
1,0,1,1,0.5956921474426305,1,2,1,0,2,0,0,2,2,0,1,2,1.1495749141959914,0.40306165369908437,1
1,0,1,1,-1.2774445836787656,0,1,0,0,2,0,0,0,0,0,0,2,-1.1486903370337564,-0.35254073498204624,1
1,0,1,0,1.6137012404433893,1,2,0,2,2,2,2,2,2,2,1,1,0.8471278601657574,0.9939882590026174,0
0,0,0,1,-0.62591876415828,1,0,0,0,0,0,0,2,2,0,1,3,-0.0020504069191315333,-1.6275866718735406,1
0,1,1,0,1.5729808767233588,1,2,1,2,2,2,2,0,0,2,1,1,1.0498670941860242,1.1099496627315366,0
1,1,1,0,-1.2367242199587352,1,0,1,0,0,2,0,2,2,0,1,1,1.0216165451832002,-1.0048898189730433,0
0,0,1,1,-0.21871512695797646,1,0,0,2,2,2,2,0,0,1,0,3,0.046141706085686136,-0.9577639517042132,0
1,0,0,0,-1.2774445836787656,1,0,2,1,1,1,1,1,1,0,0,0,-1.481049737066981,-0.8725137873190261,0
1,1,0,0,-1.2774445836787656,1,0,0,0,0,0,0,0,0,0,0,0,-0.6484894399837535,0.2950428118694063,0
0,0,1,1,1.6137012404433893,1,2,1,2,2,0,2,2,0,2,0,0,1.1678546811978192,1.2635058594501967,0
1,0,0,0,-1.1145631287986442,1,0,1,0,0,0,0,0,0,0,1,2,0.16412929309748078,-0.2731151159896359,1
0,0,0,0,0.5549717837226001,1,0,1,0,0,2,0,0,0,0,1,1,0.33363258711442517,-0.097849250079717,0
1,0,0,0,0.06632741908223598,1,2,1,0,2,2,0,2,2,0,1,2,1.3822264942192488,-0.09731974595310093,1
0,0,0,0,-0.8702409464784621,1,2,1,0,0,2,0,2,2,0,1,0,1.099721004191008,-1.6180555975944513,1
1,0,1,1,-0.9109613101984924,1,0,0,0,2,0,0,0,0,1,0,3,-0.5055748979694671,0.4057091743321647,0
0,0,1,1,1.5322605130033284,1,2,0,2,2,0,0,2,0,2,1,1,0.14751132309581955,0.45548256223407524,0
0,0,1,1,-0.62591876415828,1,0,2,1,1,1,1,1,1,1,0,3,-1.462769970065154,0.16637330910170148,0
0,0,0,0,1.247217966963116,1,2,0,2,2,2,2,2,0,2,1,1,0.5014740841312035,0.44859900858806634,0
0,0,1,0,-0.7888002190384014,1,2,0,2,2,0,2,2,0,0,1,2,0.3801629031190768,1.7183499042134,0
0,0,0,0,0.6771328748826912,1,2,1,0,0,0,0,0,2,0,1,2,0.6560212051466532,0.04776438473970201,0
1,0,0,0,-1.2367242199587352,1,0,0,0,2,0,0,0,0,0,0,3,-0.5155456799704636,1.7067008134278465,0
0,0,0,0,-1.2367242199587352,1,0,1,0,0,0,0,2,0,0,1,2,0.5280628361338618,-1.2966465927384974,1
1,0,0,0,0.7992939660427822,1,2,0,2,0,0,2,2,2,2,1,1,0.4981504901308714,0.18066992052033534,0
0,0,1,1,1.4915401492832983,1,2,0,2,0,2,2,0,0,2,1,1,-0.020330173920958795,0.19443702781235314,0
0,1,0,0,0.43281069256250915,1,2,1,0,2,0,0,2,0,0,1,2,0.8471278601657574,0.014405624762889653,0
0,0,0,0,-0.7073594915983407,1,0,1,2,2,0,0,2,2,0,1,1,1.141265929195161,-1.3072366752708189,1
0,1,1,0,-0.30015585439803716,1,2,0,2,0,0,2,2,0,0,1,1,0.1574821050968162,-1.0498976697354092,0
0,1,1,0,-0.9924020376385531,1,2,1,0,2,0,0,0,0,0,1,1,0.5280628361338618,0.982339168217064,1
0,1,1,1,1.125056875803025,1,0,0,2,2,2,2,0,2,1,1,1,0.33529438411459117,0.277569175691076,0
1,1,0,0,-0.5851984004382496,1,2,1,0,0,0,0,2,2,0,1,2,1.0199547481830342,-1.0504271738620252,1
0,0,1,1,1.247217966963116,1,2,1,2,0,0,0,2,2,1,1,1,1.1595456961969886,0.9775736310775194,0
1,1,1,1,1.369379058123207,1,2,1,0,2,2,2,2,2,1,1,2,1.4520219682262263,1.2163799921813665,0
0,0,1,1,0.06632741908223598,1,2,2,1,1,1,1,1,1,2,0,1,-1.3231790220511994,1.618273624282963,0
0,0,0,0,1.6137012404433893,1,2,1,0,0,2,2,2,2,2,1,1,1.42044782522307,1.418650568548705,0
0,0,1,0,0.5956921474426305,1,2,1,0,0,2,0,2,2,0,1,2,1.1877962451998125,0.38505851339413805,0
1,0,0,0,1.125056875803025,1,2,1,0,2,0,0,2,0,0,1,0,0.8354952811645946,0.6736382623998957,0
1,0,1,0,1.6137012404433893,0,1,0,2,2,2,0,0,0,2,0,0,-0.7531826509942192,-0.37054387528699256,0
0,0,1,1,-0.5851984004382496,1,0,0,0,0,2,2,0,0,1,1,1,-0.34438058895335305,1.695051722642293,0
0,0,0,0,-0.9516816739185228,1,2,1,0,0,0,0,2,2,0,0,2,0.9850570111795457,1.5759132941536775,1
0,0,0,0,-1.1960038562387048,1,0,0,0,2,0,2,2,2,0,1,2,0.3502505571160864,-0.6204698230497772,0
1,0,1,0,0.5956921474426305,1,2,1,0,2,0,0,0,0,1,1,2,0.46989994112804756,-0.053370903443967194,0
0,0,0,0,-0.055833672077855064,1,0,0,0,2,2,2,2,2,2,0,3,0.47987072312904416,-0.5902880878326613,0
0,0,1,1,0.7178532386027215,1,0,2,1,1,1,1,1,1,2,0,0,-1.4827115340671475,1.6632814750453289,0
1,0,0,0,-0.9109613101984924,1,0,1,2,0,2,0,0,0,0,1,3,0.5014740841312035,1.6055655252441774,0
1,0,0,0,-1.2774445836787656,1,0,0,0,0,0,2,0,0,0,0,3,-0.5221928679711283,0.46554314063978053,0
0,0,1,1,0.7992939660427822,1,0,2,1,1,1,1,1,1,1,1,2,-1.4744025490663168,-1.6291751842533888,0
1,1,1,1,1.2879383306831464,1,2,1,2,0,2,2,2,2,2,1,0,1.5567151792366918,1.220616025194295,0
1,0,1,1,1.2064976032430856,1,2,2,1,1,1,1,1,1,2,1,0,-1.3464441800535252,-1.3093546917772831,0
0,0,0,1,-1.1960038562387048,1,0,0,2,0,0,2,0,2,0,1,0,-0.00869759491979612,-1.039307587203088,0
0,1,0,0,0.9621754209229036,1,2,1,2,2,2,0,2,2,1,0,2,1.5201556452330371,0.9272707390489928,0
0,0,0,0,0.5549717837226001,1,0,0,0,0,0,0,0,2,1,0,1,-0.3028356639492,-0.48650527901591173,0
0,0,1,1,-0.9924020376385531,1,0,0,2,2,0,0,0,0,0,0,3,-0.33607160395252245,0.43059586828311996,0
1,1,0,0,-0.0965540357978854,1,0,0,2,2,0,0,2,2,0,1,2,0.3319707901142591,-0.8026192426057049,0
0,0,1,1,0.5142514200025698,1,2,2,1,1,1,1,1,1,1,1,1,-1.2916048790480432,-1.514802292904318,0
0,0,0,1,-1.2774445836787656,1,0,1,0,0,0,0,2,0,0,1,2,0.48485611412954227,1.4340061882205708,1
0,0,1,1,-0.8702409464784621,0,1,0,2,0,0,0,2,2,0,0,2,-0.47233895796614456,0.7509458648858418,0
0,0,1,0,-1.0331224013585834,1,0,1,0,0,2,0,0,0,0,1,0,0.34526516611558833,0.49837239648997683,1
0,0,0,0,0.3920903288424788,1,0,1,0,2,2,2,2,2,0,1,0,1.2974748472107767,0.2246187630294691,0
0,0,1,0,0.6771328748826912,1,0,2,1,1,1,1,1,1,2,1,0,-1.4827115340671475,1.7119958546940073,0
1,0,0,0,-0.9516816739185228,1,2,1,0,2,0,0,2,2,0,1,1,1.1479131171958254,1.6447488306137663,0
0,0,1,0,0.10704778280226633,1,0,0,2,0,0,0,2,0,1,1,0,-0.08680205392760396,-0.7443737886779374,0
0,0,1,1,0.6364125111626608,1,0,2,1,1,1,1,1,1,2,0,0,-1.4660935640654862,-1.667828985496362,0
0,0,1,1,0.5549717837226001,1,0,2,1,1,1,1,1,1,2,1,3,-1.4893587220678117,1.6542799048928556,0
1,0,1,0,-0.13727439951791576,0,1,0,0,0,0,0,2,0,0,0,3,-1.0307027500219619,-1.714954852765192,0
1,0,1,1,-0.0965540357978854,1,0,1,0,2,2,0,0,0,0,0,0,0.574593152138513,-0.5447507329436793,0
1,1,0,0,-1.2774445836787656,1,0,1,0,0,0,2,0,0,0,0,2,0.3303089931140931,1.305336685452866,0
1,0,1,1,1.369379058123207,1,2,0,2,0,2,2,2,2,2,1,3,0.6394032351449919,0.7726555340771006,0
0,0,0,0,1.3286586944031769,1,2,1,2,2,2,0,2,2,0,1,1,1.5384354122348645,1.2269700747136878,0
1,0,0,0,1.6137012404433893,1,2,1,0,2,2,0,2,2,2,1,0,1.2010906212011416,1.3201628009981161,0
0,0,0,0,-0.8295205827584317,1,2,1,2,0,0,0,0,0,0,1,2,0.47156173812821356,1.6553389131460878,1
1,0,1,1,1.5729808767233588,1,2,0,2,2,0,2,0,0,1,1,1,0.06940686408801149,0.4025321495724683,0
1,0,0,0,-1.1145631287986442,1,0,2,1,1,1,1,1,1,0,0,3,-1.4527991880641573,-1.591580391263648,1
1,0,0,0,0.7992939660427822,1,0,2,1,1,1,1,1,1,2,0,0,-1.4544609850643233,-1.6175260934678353,0
0,1,1,0,-0.30015585439803716,1,0,1,0,2,2,0,2,2,0,1,2,1.1213243651931677,-0.5733439557809471,1
1,0,0,0,-1.2774445836787656,1,0,2,1,1,1,1,1,1,0,0,3,-1.481049737066981,-0.8725137873190261,0
0,0,1,1,-1.2774445836787656,1,0,2,1,1,1,1,1,1,0,0,2,-1.505976692069473,-0.9397608113992668,0
1,0,0,0,0.22920887396235737,1,2,1,0,0,2,2,2,0,1,0,0,1.0049985751815391,-0.0719035478755296,0
0,1,1,0,1.369379058123207,0,1,0,0,2,2,0,2,0,1,0,0,-0.6385186579827569,-0.3324195781706356,0
1,0,1,0,1.4508197855632678,1,2,1,0,2,2,2,2,2,2,1,0,1.503537675231376,1.3635821393806338,1
1,0,0,0,-1.1145631287986442,0,1,0,0,0,0,0,0,0,0,0,3,-1.3447823830533592,-1.7244859270442812,0
0,0,1,1,1.6137012404433893,1,2,1,2,2,0,0,2,2,1,1,2,1.3091074262119398,1.2783319749954465,0
0,0,0,0,-0.015113308357824713,0,1,0,2,0,0,0,0,0,1,0,3,-1.150352134033923,1.6558684172727038,0
1,0,0,0,0.43281069256250915,1,2,1,0,0,0,0,2,2,1,0,3,0.9833952141793793,0.0530594260058627,0
1,0,1,1,1.6137012404433893,1,0,2,1,1,1,1,1,1,2,0,1,-1.5076384890696393,-1.3766017158575239,0
1,0,1,0,0.9214550572028734,1,2,1,2,2,0,0,2,0,0,1,2,1.0631614701873533,0.600037188800262,1
0,0,0,0,0.7992939660427822,1,0,0,2,0,2,2,0,0,1,0,1,-0.22639300194155818,-0.3260655286512428,0
0,0,0,0,0.43281069256250915,1,0,1,0,2,2,0,2,0,0,1,2,0.893658176170409,0.06470851679141622,0
0,1,1,0,0.18848851024232702,1,2,1,0,0,0,0,0,0,0,1,2,0.39013368512007346,-0.41449271779612634,1
0,0,1,1,1.2879383306831464,0,1,0,0,2,0,2,2,2,2,1,2,-0.33773340095268845,-0.1539766875010203,0
1,0,1,1,-1.1960038562387048,1,0,1,2,2,0,0,2,0,0,0,2,0.8338334841644282,-0.5982306497319023,0
0,0,0,0,0.14776814652229667,0,1,0,2,0,0,0,0,0,2,0,0,-1.1204397880309327,-1.5979344407830407,0
0,0,1,1,-0.9109613101984924,1,2,1,2,0,0,0,2,2,0,1,2,1.1794872601989819,-1.6593569194705047,1
0,0,0,0,0.35136996512244845,1,0,2,1,1,1,1,1,1,2,0,3,-1.4660935640654862,1.5367299887840884,0
1,0,1,1,-0.21871512695797646,1,2,1,0,2,0,2,0,0,0,1,1,0.6792863631489789,-0.7883226311870711,0
0,0,1,1,0.9621754209229036,1,2,1,0,0,2,0,2,2,1,1,1,1.1645310871974868,0.7006429728573152,0
0,0,0,0,-1.0738427650786138,1,0,2,1,1,1,1,1,1,0,0,3,-1.46443176706532,-1.6032294820492015,0
1,0,0,0,-1.1960038562387048,1,2,1,0,0,0,0,0,0,0,1,2,0.32033821111309646,-0.702542962675268,1
0,0,1,1,-1.0331224013585834,1,0,0,2,0,0,0,0,0,0,0,3,-0.467353566965646,-0.11585239038466334,0
0,0,1,1,-1.1552834925186746,1,0,2,1,1,1,1,1,1,0,0,3,-1.4594463760648215,0.9452738793539391,0
1,0,0,0,0.025607055362205634,1,0,1,2,0,0,2,2,0,2,1,2,0.8039211381614382,-0.3313605699174035,0
0,1,0,0,-0.21871512695797646,1,2,1,0,0,2,0,0,0,0,1,2,0.44164939212522314,-0.795735688959696,1
1,0,1,0,1.6137012404433893,1,2,2,1,1,1,1,1,1,2,1,0,-1.3697093380558512,-1.0747843636863645,0
1,0,0,0,-1.2774445836787656,1,0,2,1,1,1,1,1,1,0,0,3,-1.4960059100684764,-0.9365837866395704,0
1,1,0,0,1.5729808767233588,0,1,0,2,2,0,0,2,2,1,1,2,-0.2762469119465419,0.07688711170358581,0
0,0,0,0,-0.7888002190384014,1,2,1,0,0,0,0,0,2,0,1,2,0.7042133181514708,-1.5163908052841661,0
0,0,1,1,-0.30015585439803716,0,1,0,2,2,2,0,2,2,0,1,1,-0.2047896409393986,-1.2421076676970424,1
1,0,0,0,1.4100994218432374,1,0,0,0,0,0,2,0,0,2,0,0,-0.47233895796614456,-0.2228122239611093,0
1,0,0,0,-1.2774445836787656,0,1,0,0,0,0,0,0,2,0,1,2,-0.9742016520163136,-0.11955891927097582,1
1,0,0,0,-1.2367242199587352,1,0,0,0,0,0,0,0,0,0,0,2,-0.6784017859867437,1.4827205678692492,1
0,0,0,0,0.43281069256250915,1,2,2,1,1,1,1,1,1,2,1,1,-1.2982520670487077,-1.5407479951085052,0
0,0,0,0,-0.38159658183809786,1,0,1,2,0,0,0,0,0,0,1,0,0.3402797751150897,-1.0345420500635432,0
0,0,1,1,1.2879383306831464,1,0,2,1,1,1,1,1,1,2,0,3,-1.481049737066981,-1.4549683265967022,0
1,0,0,1,1.002895784642934,1,0,2,1,1,1,1,1,1,2,1,3,-1.5009913010689746,-1.5561036147803713,0
0,1,1,0,-1.2774445836787656,1,0,1,0,0,0,0,0,0,0,1,3,0.18905624809997262,1.1925523064836434,1
0,1,1,1,1.6137012404433893,1,2,0,2,2,2,2,2,2,2,1,1,0.7740087921584478,1.014109415814028,0
0,0,0,0,-0.9924020376385531,1,2,0,2,0,0,2,0,2,0,0,2,0.21232140610229844,0.7445918153664489,1
0,0,1,0,1.1657772395230555,1,2,1,0,2,0,0,2,2,2,1,0,1.2060760122016398,0.8663777644881449,0
1,0,0,0,1.2879383306831464,1,2,1,2,2,0,0,0,0,1,1,1,0.6493740171459885,0.6148633043455121,0
1,1,1,0,1.5729808767233588,1,2,2,1,1,1,1,1,1,2,0,0,-1.3564149620545218,-1.048309157355561,0
0,0,1,1,1.3286586944031769,1,2,1,2,2,0,2,2,0,2,1,1,1.1396041321949948,1.0114618951809478,0
1,0,0,0,-1.1960038562387048,1,0,2,1,1,1,1,1,1,1,0,3,-1.5009913010689746,0.913503631756975,0
1,0,0,0,-1.2774445836787656,1,0,0,0,0,0,0,0,0,0,1,2,-0.6351950639824246,0.2982198366291027,1
1,0,0,1,-0.0965540357978854,1,0,0,0,2,2,0,2,0,1,0,1,-0.00869759491979612,-0.9159331257015437,0
1,0,1,1,-0.7073594915983407,1,0,0,0,2,2,2,0,2,0,1,3,0.1574821050968162,-1.6503553493180316,0
0,0,1,1,-0.9924020376385531,1,0,0,0,0,0,2,2,2,0,1,2,0.12590796209365976,0.7472393359995293,0
1,0,0,0,-1.0331224013585834,1,2,1,0,0,0,0,2,2,0,0,3,1.0049985751815391,1.0474681757908404,1
0,0,1,1,1.5322605130033284,1,2,1,2,2,2,0,2,2,1,1,1,1.4420511862252297,1.4456552790061243,0
1,0,1,1,1.2064976032430856,1,0,0,2,2,2,2,2,2,2,0,2,0.7091987091519689,0.5889176021413246,0
0,0,1,1,-1.0738427650786138,1,0,2,1,1,1,1,1,1,0,0,3,-1.4976677070686424,-1.5926393995168802,0
0,0,1,1,-0.748079855318371,1,0,1,0,0,0,0,0,2,0,1,0,0.5363718211346925,-1.5714592344522373,0
0,0,0,0,-0.4223169455581282,1,2,1,0,0,0,0,2,0,0,1,0,0.6443886261454905,-0.9953587446939541,0
1,0,1,1,-0.4223169455581282,1,0,2,1,1,1,1,1,1,1,0,3,-1.4827115340671475,0.17219785449447825,0
1,0,1,1,-0.6666391278783103,1,0,0,2,0,2,0,2,0,2,0,3,-0.017006579920626735,-1.6980107207134778,0
1,0,0,0,-0.9109613101984924,1,2,2,1,1,1,1,1,1,2,0,0,-1.2982520670487077,-0.5781094929204916,0
0,0,0,1,-0.7888002190384014,1,0,0,2,2,0,0,0,0,0,1,2,-0.29120308494803704,1.3699361889000266,0
0,0,1,0,-0.5037576729981889,1,2,1,2,0,0,0,0,0,0,0,2,0.5862257311396761,-1.170624610603873,1
0,0,0,0,-1.2367242199587352,1,0,1,0,0,0,0,0,0,0,1,2,0.16412929309748078,-1.3866622942632292,0
1,0,0,0,0.8400143297628127,1,2,0,0,2,2,2,0,2,2,1,0,0.30372024111143525,0.06629702917126443,0
0,0,1,1,-0.8702409464784621,1,0,2,1,1,1,1,1,1,1,0,3,-1.4677553610656522,-0.6840103182437055,0
1,0,1,0,1.4915401492832983,1,0,2,1,1,1,1,1,1,2,0,3,-1.491020519067978,-1.3760722117309079,0
0,0,0,0,-1.1552834925186746,1,0,1,0,0,0,0,0,0,0,1,0,0.20401242110146783,-0.46850213871096535,1
1,0,1,0,1.6137012404433893,1,2,0,2,2,2,2,2,2,2,1,0,0.8072447321617703,0.9600999948991891,0
1,1,1,0,1.0436161483629645,0,1,0,0,2,2,0,0,2,0,1,2,-0.6468276429835875,-0.5071559399539384,1
0,0,1,1,-0.6666391278783103,1,0,2,1,1,1,1,1,1,0,0,2,-1.4744025490663168,-0.24769891791206455,0
1,0,1,0,0.43281069256250915,1,0,1,2,0,2,2,0,0,1,1,0,0.6477122201458225,-0.10261478721926162,0
0,0,1,0,-1.2367242199587352,1,2,1,0,0,2,2,2,2,0,1,2,1.3174164112127704,-0.6310599055820986,1
1,0,1,0,-0.748079855318371,1,0,0,0,2,2,2,2,2,2,0,3,0.5712695581381809,-1.54551353224805,0
0,0,1,0,0.8400143297628127,1,0,1,0,0,2,0,2,2,1,1,0,1.0000131841810405,0.5195525615546196,1
0,0,0,0,-0.015113308357824713,1,0,2,1,1,1,1,1,1,1,0,0,-1.4694171580658184,1.0442911510311441,0
0,0,1,0,0.06632741908223598,1,2,2,1,1,1,1,1,1,0,0,2,-1.33148800705203,1.4080604860163835,0
0,1,0,0,-0.7073594915983407,1,2,1,0,0,0,0,0,0,0,1,3,0.32200000811326246,-1.5783427880982461,1
0,1,0,0,-1.0331224013585834,1,0,1,2,0,0,0,0,0,0,0,0,0.3884718881199074,0.530672148213557,1
0,0,1,1,-0.7073594915983407,1,2,1,0,2,2,0,2,2,0,1,0,1.3489905542159264,-1.1949818004282122,0
1,0,1,0,1.1657772395230555,1,0,2,1,1,1,1,1,1,1,1,1,-1.4694171580658184,-1.4819730370541215,0
0,0,0,0,-1.2774445836787656,0,1,0,0,2,0,0,0,0,0,0,0,-1.156999322034587,-0.3975485857444121,1
0,0,0,0,-1.2774445836787656,1,0,0,0,0,0,0,0,0,0,0,3,-0.6468276429835875,0.29557231599602235,0
1,0,0,0,-0.9924020376385531,1,2,1,0,0,0,0,0,2,0,0,0,0.6560212051466532,1.0697073491087155,1
1,0,1,1,0.025607055362205634,1,0,0,2,0,2,0,2,2,1,0,1,0.3319707901142591,-0.610938748770688,0
0,0,0,0,-0.7888002190384014,1,0,1,0,2,2,0,0,0,0,1,2,0.4815325201292102,-1.6106425398218265,1
0,0,1,0,-1.2774445836787656,0,1,0,0,0,0,0,0,0,0,1,2,-1.328164413051698,-0.6427089963676521,1
1,0,0,0,-0.5037576729981889,1,0,0,0,2,0,0,0,0,0,1,3,-0.4307940329619915,-1.699599233093326,0
1,0,0,0,-1.1960038562387048,0,1,0,0,0,0,2,0,0,0,0,2,-1.1420431490330922,1.504430237060508,0
0,0,0,0,-0.7888002190384014,1,0,2,1,1,1,1,1,1,1,0,2,-1.4993295040688086,-0.6183518065433129,0
0,0,1,0,0.3106496014024181,1,2,0,0,2,0,0,0,0,0,0,1,-0.27126152094604356,-0.6580646160395182,0
1,0,1,1,0.43281069256250915,1,2,0,2,0,0,2,0,2,1,1,1,0.2372483611047903,-0.2651725540903948,0
1,0,1,0,-1.0738427650786138,1,0,1,0,2,2,0,0,2,0,1,2,0.8720548151682491,0.6259828910044495,1
0,0,1,1,1.4915401492832983,1,0,2,1,1,1,1,1,1,2,0,0,-1.4960059100684764,-1.3660116333252026,0
0,0,1,1,1.6137012404433893,1,2,1,2,2,2,0,2,2,2,0,1,1.4935668932303794,1.4922516421483385,0
1,0,1,1,1.0843365120829946,1,0,2,1,1,1,1,1,1,2,0,1,-1.5109620830699715,-1.5349234497157285,0
0,0,1,0,-0.5037576729981889,1,0,1,2,2,0,2,2,0,0,1,2,1.0565142821866886,-0.9297002329935615,0
1,0,1,1,-0.3408762181180675,1,2,2,1,1,1,1,1,1,2,1,0,-1.3514295710540236,0.8282534673717878,0
1,0,0,0,1.0843365120829946,1,2,1,0,2,2,2,2,2,0,1,2,1.5484061942358611,1.0379371015117511,0
1,0,1,1,1.6137012404433893,1,2,1,0,2,2,2,2,2,2,1,0,1.5783185402388515,1.472130485336928,0
1,0,0,1,-1.2774445836787656,1,0,2,1,1,1,1,1,1,0,0,3,-1.462769970065154,-0.8666892419262493,0
0,0,1,0,-0.21871512695797646,1,0,1,2,0,0,2,2,2,1,1,1,1.2343265612044643,-0.4896823037756081,0
0,0,0,0,-0.748079855318371,1,0,1,0,2,0,2,0,0,0,1,1,0.5081212721318681,-1.6095835315685942,0
1,0,1,1,1.5729808767233588,1,2,1,2,0,2,0,2,2,2,0,2,1.3556377422165908,1.3090432143391786,0
1,0,0,1,-0.7888002190384014,1,0,1,0,0,0,0,2,0,0,1,1,0.4499583771260538,-1.6868911340545403,0
1,0,0,0,0.47353105628253944,1,0,1,0,0,0,0,0,0,0,0,1,0.13587874409465642,-0.373720900046689,0
0,0,0,0,0.025607055362205634,1,0,1,0,2,0,2,0,0,1,1,0,0.5047976781315361,-0.4880937913957599,0
1,0,1,1,1.6137012404433893,0,1,0,2,2,2,2,0,2,2,1,1,-0.3094828519498643,0.1658438049750854,0
1,0,0,0,-1.2774445836787656,1,0,1,0,0,0,0,0,2,0,0,2,0.50313588113137,1.4382422212334995,1
0,0,0,0,-0.5444780367182193,1,0,1,2,0,2,2,2,2,0,1,2,1.3905354792200795,-0.9116970926886152,1
1,0,1,0,1.2879383306831464,1,0,1,0,2,2,2,2,2,1,1,1,1.2526063282062914,1.0765909027547242,0
1,0,0,0,-1.2367242199587352,1,0,0,0,0,0,0,0,0,0,1,1,-0.6235624849812617,1.5441430465567132,1
0,0,0,0,-1.2774445836787656,0,1,0,0,0,0,0,0,0,0,0,2,-1.3132082400502028,-0.5855225506931167,0
1,0,0,1,1.1657772395230555,1,0,2,1,1,1,1,1,1,2,0,3,-1.4960059100684764,-1.599522953162889,0
0,0,1,1,-0.13727439951791576,1,0,2,1,1,1,1,1,1,1,0,2,-1.4876969250676457,0.6540466097151011,0
1,1,1,0,-0.38159658183809786,1,2,1,0,0,0,0,0,2,0,0,2,0.7324638671542947,-0.8883989111175081,0
0,0,1,0,1.002895784642934,0,1,0,2,2,2,0,2,2,0,1,0,-0.19980424993890028,-0.1492111503614757,0
1,0,1,1,1.6137012404433893,0,1,0,2,2,2,2,0,0,2,0,1,-0.6484894399837535,-0.2810576778888769,0
1,0,1,0,1.369379058123207,0,1,0,2,2,2,2,2,0,2,1,0,-0.27126152094604356,-0.0041270196686727665,0
1,0,1,1,1.3286586944031769,1,2,0,0,2,2,2,2,2,2,1,0,0.6460504231456565,0.6312779322706101,0
0,0,0,0,-0.9924020376385531,1,0,1,0,0,0,0,2,0,0,1,0,0.5064594751317021,0.9558639618862605,0
0,0,0,0,-1.1552834925186746,1,0,1,0,0,0,0,0,0,0,1,2,0.179085466098976,-0.4918003202820724,1
0,0,1,0,1.5729808767233588,1,2,2,1,1,1,1,1,1,2,0,0,-1.329826210051864,-0.9890046951745612,0
1,0,1,1,-1.2774445836787656,1,0,2,1,1,1,1,1,1,1,1,2,-1.481049737066981,-0.8725137873190261,0
1,0,1,0,-1.1552834925186746,1,0,0,0,0,0,2,0,0,0,0,3,-0.4889569279678058,-1.0228929592779896,1
0,0,0,0,-0.8295205827584317,1,0,2,1,1,1,1,1,1,1,1,0,-1.5093002860698053,-0.7682014743756604,0
1,0,0,0,-0.3408762181180675,0,1,0,2,0,0,0,2,2,1,1,3,-0.47067716096597834,-1.4470257646974611,0
0,0,1,1,-0.055833672077855064,1,0,0,2,0,2,2,2,2,1,1,3,0.544680806135523,-0.5611653608687774,0
0,0,1,0,-1.2774445836787656,1,0,0,0,0,0,0,2,0,0,0,3,-0.31779183695069496,0.6895233861983777,1
1,0,0,0,-0.0965540357978854,1,2,1,0,0,0,2,0,2,0,1,1,0.8354952811645946,-0.47273817172389393,0
0,0,1,1,0.5956921474426305,1,2,0,2,2,0,2,2,2,2,1,1,0.682609957149311,0.12560149135226417,0
1,0,0,0,0.880734693482843,1,2,1,2,2,0,2,2,2,2,1,1,1.437065795224731,0.7933061950151273,0
1,0,0,0,0.7178532386027215,1,0,1,2,2,0,2,0,2,0,1,1,0.9551446651765553,0.4009436371926201,0
1,0,0,0,-1.2774445836787656,1,0,1,2,0,0,0,0,2,0,1,3,0.6593447991469852,1.5446725506833294,1
0,0,0,0,1.6137012404433893,1,0,2,1,1,1,1,1,1,2,0,1,-1.479387940066815,-1.1870392385289712,0
0,0,0,0,-0.13727439951791576,1,2,2,1,1,1,1,1,1,0,0,2,-1.3165318340505352,1.2026128848893487,0
1,0,0,0,-1.2367242199587352,1,2,0,0,2,0,0,0,0,0,1,3,-0.34438058895335305,-1.5825788211111746,1
0,0,0,0,-0.9109613101984924,0,1,0,0,0,0,2,0,0,2,1,3,-1.16863190103575,-0.35730627212159083,0
1,0,1,0,-0.5851984004382496,1,2,1,0,0,0,0,0,0,0,1,2,0.2787932861089434,-1.4279636161392826,0
0,1,0,0,-0.8702409464784621,1,0,1,0,2,0,0,2,2,0,1,2,1.0049985751815391,-1.6026999779225855,1
1,0,0,0,-0.6666391278783103,1,0,2,1,1,1,1,1,1,2,0,3,-1.4960059100684764,-0.42455329620183163,0
0,0,0,0,1.6137012404433893,1,2,0,0,2,2,2,2,2,2,0,0,0.7258166791536301,0.990281730116305,0
1,0,0,0,1.6137012404433893,1,2,1,0,2,2,2,2,2,2,0,0,1.476948923228718,1.4234161056882495,0
0,0,1,1,0.35136996512244845,1,0,0,2,0,0,2,2,2,1,1,1,0.3303089931140931,-0.25775949631776984,0
0,1,1,0,1.3286586944031769,1,0,1,2,2,2,0,0,2,0,0,2,0.9850570111795457,0.9219756977828321,0
0,1,0,0,-0.7888002190384014,1,0,0,0,2,2,0,0,0,0,1,2,-0.3310862129520241,1.2793909832486787,0
1,1,0,0,-1.1552834925186746,1,0,1,2,0,0,0,0,0,0,0,2,0.35191235411625243,-0.46691362633111716,0
1,0,0,0,0.35136996512244845,1,2,0,0,0,2,0,0,2,1,0,3,0.00792037508186511,-0.5669899062615542,0
1,1,0,0,-0.7073594915983407,1,0,1,0,2,0,0,0,0,0,1,2,0.32033821111309646,-1.6477078286849514,1
1,0,0,0,-1.2774445836787656,1,0,0,2,0,0,0,0,0,0,1,3,-0.5388108379727895,0.42000578575079855,1
1,0,0,0,0.3920903288424788,1,2,1,2,2,2,0,0,2,1,1,2,1.1379423351948288,0.20926314335760307,0
0,0,1,0,0.758573602322752,1,0,1,2,2,2,0,2,0,1,1,2,0.9551446651765553,0.3511702492907096,0
0,0,1,1,-1.2367242199587352,1,0,1,0,0,0,0,0,0,0,0,2,0.1873944510998066,-1.2675238657746137,1
1,1,1,0,-1.2774445836787656,0,1,0,0,2,0,0,2,0,0,0,2,-0.8163309370005319,0.08271165709636256,1
1,0,0,1,-0.015113308357824713,1,2,0,0,2,2,2,2,2,1,0,1,0.6294324531439953,-0.5177460224862598,0
1,0,0,0,-0.9109613101984924,1,0,2,1,1,1,1,1,1,0,1,3,-1.4926823160681442,-0.9154036215749277,0
0,0,1,1,1.4100994218432374,0,1,0,0,2,2,2,2,2,2,1,2,-0.1732154979362424,0.1250719872256481,0
0,0,1,1,1.1657772395230555,1,2,1,2,2,2,2,2,2,2,0,1,1.6730409692483204,1.1999653642562684,0
1,0,0,0,0.7178532386027215,1,2,1,2,2,2,2,2,2,1,0,1,1.6481140142458286,0.8033667734208326,0
0,0,1,0,-1.2367242199587352,1,0,0,0,0,0,0,0,0,0,1,1,-0.6700928009859131,1.4631289151844546,1
0,1,1,0,-0.13727439951791576,0,1,0,2,0,2,0,0,2,0,1,2,-0.6567984249845842,-1.5047417144986126,0
1,1,0,0,-1.1960038562387048,0,1,0,0,0,2,0,0,2,0,1,2,-0.7847567939973756,-1.416314525353729,1
1,1,0,0,-0.7888002190384014,1,2,1,0,2,2,0,2,2,0,1,2,1.4005062612210766,-1.3755427076042916,1
1,1,1,0,1.002895784642934,1,2,1,0,2,0,0,0,2,0,1,2,0.8338334841644282,0.48725280983103936,0
0,0,0,0,-0.055833672077855064,0,1,0,2,2,0,2,0,2,2,1,0,-0.49560411596847015,-1.2262225438985603,0
0,0,1,0,0.5142514200025698,1,2,1,2,2,2,2,2,2,1,0,3,1.61321627724234,0.5322606605934053,0
0,0,1,1,1.1657772395230555,1,2,0,2,2,2,2,2,2,2,0,3,0.7756705891586139,0.7048790058702438,0
1,0,0,0,0.7178532386027215,1,2,2,1,1,1,1,1,1,2,0,0,-1.3248408190513656,-1.5328054332092642,0
0,1,0,0,-0.5444780367182193,1,0,1,2,2,0,2,2,2,0,1,3,1.3373579752147637,-0.8603351924068565,0
1,0,0,0,1.0843365120829946,1,0,2,1,1,1,1,1,1,2,0,3,-1.5093002860698053,-1.6212326223541478,1
0,0,1,0,1.5729808767233588,1,2,2,1,1,1,1,1,1,2,1,1,-1.3464441800535252,-1.0679008100403555,0
0,1,0,0,-0.6666391278783103,1,0,1,0,0,0,2,2,2,0,1,2,0.9867188081797118,-1.2325765934179531,1
1,0,1,0,1.002895784642934,1,0,0,2,2,0,2,0,0,2,1,2,-0.16656830993557784,-0.14338660496869893,0
1,0,0,0,-1.2774445836787656,0,1,0,0,0,0,0,0,0,0,0,0,-1.328164413051698,-0.6427089963676521,1
1,1,1,0,-0.5037576729981889,1,2,1,0,2,0,2,2,2,0,0,2,1.4054916522215746,-0.7772030445281336,0
1,0,0,0,-1.2774445836787656,1,0,1,0,0,0,0,0,0,0,0,3,0.19404163910047073,1.1941408188634917,1
1,0,1,0,-1.1145631287986442,1,2,1,0,2,0,2,0,0,0,1,2,0.6859335511496436,0.08694769010929111,1
0,0,1,0,0.7992939660427822,1,2,1,0,2,2,0,2,2,0,1,2,1.3390197722149297,0.7414147906067525,1
1,1,1,0,-0.46303730927815856,1,0,0,2,2,0,0,0,2,0,1,0,0.006258578081699082,-1.3993703933020147,0
1,0,0,0,-0.748079855318371,0,1,0,0,0,2,2,2,2,0,1,2,-0.3244390249513595,1.3847623044452764,0
0,0,0,0,-1.1145631287986442,1,0,0,0,2,0,0,0,0,0,0,0,-0.47233895796614456,-0.618881310669929,0
0,0,0,0,-1.0738427650786138,1,0,0,2,2,0,0,0,0,0,0,3,-0.3194536339508612,-0.24081536426605565,0
0,0,0,0,-0.9109613101984924,1,0,0,0,2,0,0,0,0,0,0,2,-0.4507355969639848,0.5052559501359857,0
0,0,0,1,-1.2774445836787656,1,2,2,1,1,1,1,1,1,0,0,3,-1.3082228490497045,-0.5839340383132684,0
0,0,0,0,1.4508197855632678,1,2,0,2,0,0,0,0,0,0,0,3,-0.3427187919531868,-0.043310325038261877,0
1,0,1,1,-0.5851984004382496,1,0,1,0,0,2,0,2,2,0,0,3,1.0099839661820376,-1.0334830418103111,1
0,0,0,0,-0.4223169455581282,1,2,1,0,0,0,0,0,0,1,1,1,0.3735157151184122,-1.0281880005441504,0
0,0,0,0,-0.5037576729981889,1,0,0,0,0,0,0,0,0,0,1,2,-0.6784017859867437,1.6548094090194718,0
1,0,1,0,-1.2774445836787656,1,0,1,0,0,0,0,0,0,0,0,2,0.17410007509847744,1.1877867693440989,1
1,1,0,0,-0.9924020376385531,1,0,1,0,2,0,0,0,0,0,1,2,0.3236618051134285,0.8986775162117251,1
1,0,0,0,-0.9109613101984924,1,0,0,0,0,0,0,0,0,0,1,1,-0.6617838159850825,0.2330908290553262,1
1,1,0,0,-0.3408762181180675,1,2,1,0,0,0,0,0,0,0,1,2,0.37683930911874425,-1.0827269255856056,1
1,0,0,0,0.10704778280226633,1,0,0,2,2,2,0,0,0,1,0,3,-0.11837619693076015,-0.848686101621303,0
1,0,1,1,-0.38159658183809786,1,0,1,0,2,2,2,0,0,1,0,3,0.7324638671542947,-0.9074610596756867,0
0,1,0,0,-1.0738427650786138,1,0,1,0,0,0,0,2,2,0,1,2,0.8172155141627669,0.7562409061520025,0
0,0,0,0,-0.8295205827584317,1,0,2,1,1,1,1,1,1,0,0,3,-1.4976677070686424,-0.7597294083498034,0
1,0,0,0,-1.2774445836787656,1,0,2,1,1,1,1,1,1,0,0,3,-1.479387940066815,-0.8719842831924101,0
0,0,1,1,1.5729808767233588,1,0,1,0,0,2,0,0,0,2,0,2,0.37517751211857825,0.6667547087538868,0
1,1,1,0,0.10704778280226633,1,2,1,0,0,2,0,2,2,0,1,2,1.1977670272008092,-0.14868164623485963,0
1,0,1,1,0.3106496014024181,1,2,0,0,0,2,0,2,2,0,1,2,0.32532360211359457,-0.34142114832310877,0
0,0,0,1,-1.2774445836787656,1,0,1,2,0,0,0,0,0,0,1,3,0.2937494591104381,1.2762139584889822,1
1,0,0,0,-0.38159658183809786,1,0,0,0,0,0,0,2,2,1,1,0,0.004596781081533054,-1.2368126264308816,0
0,1,0,0,-1.1552834925186746,1,2,1,0,0,0,0,2,2,0,1,2,1.0199547481830342,0.0684150456777287,1
1,0,0,0,-1.1552834925186746,1,0,1,0,0,2,2,0,2,0,1,2,0.8521132511662559,-0.0925542088135563,0
0,0,1,1,1.4508197855632678,0,1,0,0,2,2,2,2,2,2,0,1,-0.14828854293375057,0.12719000373211237,0
1,0,0,1,0.22920887396235737,1,2,1,0,2,0,0,0,0,0,1,3,0.5679459641378485,-0.27841015725579654,0
1,0,1,1,0.7992939660427822,1,2,2,1,1,1,1,1,1,2,0,3,-1.328164413051698,-1.5042122103719966,0
1,1,1,0,-0.015113308357824713,1,2,1,0,0,0,0,0,0,0,1,2,0.33695618111475767,-0.696188913155875,1
1,0,1,1,-0.13727439951791576,1,0,0,0,0,2,2,2,2,2,0,3,0.358559542116917,-0.833859986076053,0
1,1,1,1,0.22920887396235737,1,2,1,0,2,0,0,2,2,0,0,2,1.2093996062019723,-0.02001214346715484,0
1,0,0,1,0.6364125111626608,1,2,0,2,0,2,0,2,2,1,1,1,0.464914550127549,-0.044898837418110085,0
0,0,0,0,-1.2774445836787656,1,0,2,1,1,1,1,1,1,0,1,0,-1.5126238800701375,-0.9413493237791151,0
0,0,0,0,-0.4223169455581282,1,0,1,2,0,0,2,0,2,0,1,2,0.8072447321617703,-0.9519394063114365,0
0,0,0,0,0.43281069256250915,1,2,1,2,2,2,2,2,2,2,0,1,1.6713791722481544,0.46395462825993233,0
0,1,1,0,-1.1145631287986442,1,0,1,0,0,0,0,0,0,0,1,2,0.15249671409631763,-0.1608602411470292,0
1,0,0,0,-1.1145631287986442,1,0,1,0,0,0,0,2,0,0,1,2,0.5264010391336954,0.15313570593629974,1
1,0,1,1,0.758573602322752,1,2,1,2,2,0,2,2,2,1,0,1,1.505199472231542,0.7620654515447792,0
1,0,0,0,1.5729808767233588,1,0,2,1,1,1,1,1,1,2,1,1,-1.491020519067978,-1.384544277756765,0
0,0,1,1,0.22920887396235737,1,0,0,2,2,0,2,2,2,1,0,1,0.5164302571326987,-0.3175934626253857,1
1,1,1,0,-0.3408762181180675,1,0,1,0,0,2,0,2,2,0,1,2,0.9435120861753926,-0.7364312267786963,1
1,0,1,0,0.10704778280226633,1,2,1,0,0,0,2,2,0,0,1,1,0.8886727851699104,-0.23552032299989495,0
0,1,0,0,0.880734693482843,1,2,0,2,2,0,2,2,2,1,0,0,0.5878875281398422,0.23414983730855832,1
0,0,1,1,1.6137012404433893,0,1,0,0,2,2,2,2,2,2,1,2,-0.1582593249347472,0.1986730608252817,0
1,0,0,0,-1.2774445836787656,1,0,0,0,0,0,0,0,0,0,1,2,-0.6634456129852487,0.25956603538612966,0
0,0,1,1,-0.9516816739185228,1,0,0,2,0,0,0,0,0,1,0,3,-0.5371490409726233,0.1811994246469514,0
1,0,0,0,1.4915401492832983,0,1,0,2,2,0,2,2,2,2,1,0,-0.15659752793458118,0.16425529259523722,0
0,0,1,0,0.7992939660427822,1,2,1,0,2,0,2,2,2,0,1,1,1.260915313207122,0.5635014040637533,0
0,1,1,0,-0.8702409464784621,1,0,1,0,0,0,2,2,0,0,1,2,0.6028437011413373,1.602388500484481,0
0,1,0,0,-1.2367242199587352,1,0,1,0,0,0,0,0,0,0,1,2,0.1857326540996401,-1.3501265095267203,1
0,1,1,1,-0.1779947632379461,0,1,0,0,0,0,0,2,0,0,1,2,-0.9592454790148186,1.7135843670738553,0
0,1,0,0,-0.62591876415828,1,2,1,0,0,2,0,0,0,0,1,1,0.5945347161405068,-1.2648763451415332,0
0,0,1,1,0.10704778280226633,1,0,2,1,1,1,1,1,1,2,1,3,-1.4926823160681442,1.297923627680241,0
0,0,0,0,-0.9924020376385531,1,0,2,1,1,1,1,1,1,1,1,3,-1.5142856770703037,-1.1584460156917034,0
1,0,0,0,0.5549717837226001,1,2,1,0,2,2,0,2,0,1,1,1,1.001674981181207,0.26644958903213856,0
0,0,0,0,-1.0331224013585834,1,2,1,0,0,0,0,0,0,0,1,2,0.3020584441112687,0.5550293380378962,1
0,0,0,0,-1.2367242199587352,1,2,1,0,0,2,0,0,0,0,0,3,0.5264010391336954,-1.201865354074221,1
1,0,1,1,1.4508197855632678,1,2,0,0,2,2,2,0,2,1,1,0,0.36686852711774764,0.6185698332318245,1
0,0,0,0,0.43281069256250915,1,2,1,0,2,2,0,2,2,2,1,2,1.3240635992134344,0.4094157032184772,1
0,0,0,0,1.4508197855632678,1,2,0,2,2,2,2,2,2,2,1,2,0.7773323861587803,0.9315067720619213,0
0,0,0,0,0.14776814652229667,1,0,1,0,2,0,0,2,2,0,1,1,0.9983513871808745,-0.09043619230709203,0
1,0,1,0,1.247217966963116,1,2,1,0,2,2,0,2,2,0,1,2,1.284180471209448,1.0654713160957867,1
0,1,0,0,-0.015113308357824713,1,0,0,0,2,0,2,0,0,0,0,0,-0.33607160395252245,-0.9921817199342577,0
0,0,1,0,1.5729808767233588,1,2,0,2,2,2,2,2,2,2,0,1,0.6975661301508063,0.9510984247467159,0
0,0,1,1,1.369379058123207,1,2,0,2,2,2,0,0,0,0,1,0,0.08934842809000525,0.3051033902751116,0
1,0,0,0,1.247217966963116,1,0,2,1,1,1,1,1,1,1,0,3,-1.4710789550659844,-1.4094309717077202,0
0,0,0,1,0.35136996512244845,1,0,2,1,1,1,1,1,1,1,1,1,-1.479387940066815,1.5843853601795346,0
0,1,0,0,-1.2774445836787656,1,2,1,0,0,0,0,0,0,0,1,2,0.2438955491054544,1.2518567686646431,0
0,0,0,0,-1.2367242199587352,1,0,1,0,0,0,0,2,2,0,1,2,0.8521132511662559,-1.1060251071567127,1
0,0,1,0,1.5322605130033284,1,0,2,1,1,1,1,1,1,2,0,0,-1.505976692069473,-1.4295521285191308,0
0,0,0,0,-0.38159658183809786,0,1,0,0,0,0,0,2,2,0,1,2,-0.6584602219847502,1.7289399867457214,0
0,1,1,0,1.2879383306831464,1,0,1,2,2,2,0,0,2,1,0,0,1.071470455188184,1.0151684240672603,0
1,0,1,1,0.18848851024232702,1,2,0,2,0,2,2,0,0,2,1,1,-0.0651986929254444,-0.710485524574509,0
1,0,0,1,-0.62591876415828,1,0,0,0,0,0,0,0,0,1,0,3,-0.6700928009859131,1.1263642906566347,0
0,1,0,0,-1.0331224013585834,1,0,1,0,0,0,0,2,2,0,1,2,0.8105683261621028,0.7843046248626542,0
1,0,1,1,-1.1552834925186746,1,2,1,0,2,2,0,0,0,0,1,0,0.6659919871476498,-0.030072721872860152,1
0,1,0,0,-0.46303730927815856,0,1,0,2,0,0,0,2,0,0,1,2,-0.7598298389948839,1.5473200713164097,1
0,0,0,0,-0.9109613101984924,1,0,1,0,0,0,0,0,2,0,1,0,0.5147684601325326,1.5547331290890347,1
0,1,0,0,-0.6666391278783103,1,2,0,2,0,0,0,0,0,0,1,2,-0.3543513709543497,1.6071540376240254,0
1,0,1,0,1.2879383306831464,1,2,1,0,2,0,2,2,2,2,1,2,1.3456669602155942,1.1300708195429472,0
1,1,1,0,-0.21871512695797646,0,1,0,2,0,0,0,0,0,0,0,1,-1.1304105700319294,1.47318949359016,1
1,0,1,1,0.3920903288424788,1,2,1,2,0,0,0,2,2,1,0,2,1.074794049188516,0.09277223550206788,0
1,0,0,1,-1.1145631287986442,1,0,2,1,1,1,1,1,1,0,0,3,-1.481049737066981,1.5224333773654544,0
0,0,0,0,0.35136996512244845,1,0,1,0,2,0,2,2,2,2,1,0,1.1312951471941644,0.06735603742449656,0
1,0,1,0,1.0436161483629645,1,0,0,0,0,2,0,0,0,1,0,1,-0.4806479429669752,-0.4097271806565817,0
0,0,0,0,0.5956921474426305,1,0,2,1,1,1,1,1,1,2,1,3,-1.4694171580658184,1.6807551112236592,0
1,0,0,0,-0.5851984004382496,1,0,1,0,0,0,2,0,0,0,1,0,0.37019212111808014,-1.3686591539582829,0
1,0,0,0,-1.1145631287986442,1,0,1,0,0,2,0,2,2,0,0,0,1.0548524851865226,0.48460528919795903,1
1,0,1,0,-0.38159658183809786,1,0,0,2,0,0,0,0,2,0,1,0,-0.15992112193491323,-1.332123369221774,0
0,0,0,0,-1.2774445836787656,1,0,2,1,1,1,1,1,1,0,0,3,-1.51594747407047,-0.9424083320323472,0
1,0,1,0,1.5729808767233588,1,2,1,0,0,2,0,2,2,1,1,1,1.1263097561936661,1.1777261909383934,0
1,0,1,1,1.6137012404433893,1,2,1,2,2,2,2,2,2,2,1,1,1.5899511192400142,1.4911926338951065,0
1,0,1,1,0.025607055362205634,1,0,2,1,1,1,1,1,1,1,0,3,-1.4677553610656522,1.1639590836463756,0
1,0,0,0,-1.2367242199587352,1,2,1,0,0,0,0,2,0,0,1,2,0.6942425361504742,-1.0059488272262755,1
1,0,0,1,-0.3408762181180675,0,1,0,2,0,0,2,0,0,2,0,3,-0.9642308700153169,1.5240218897453026,0
0,0,1,1,0.9621754209229036,1,2,1,0,2,2,2,0,2,1,1,1,1.1628692901973208,0.7334722287075115,0
1,0,0,0,0.18848851024232702,1,0,1,0,2,0,0,2,2,0,1,1,1.0415581091851935,-0.057077432330279676,0
0,0,0,0,0.43281069256250915,1,2,0,0,2,2,2,2,2,1,0,1,0.6759627691486464,-0.05072338281088685,0
1,0,0,0,-1.2774445836787656,0,1,0,0,0,0,0,0,0,0,0,3,-1.3098846460498705,-0.5844635424398845,0
0,0,1,0,-0.30015585439803716,1,2,1,0,0,2,2,2,2,0,1,0,1.3356961782145975,-0.5484572618299918,1
0,0,0,0,1.1657772395230555,1,2,0,2,2,2,2,2,2,2,0,2,0.827186296163764,0.6249238827512174,0
1,0,0,0,-0.62591876415828,1,2,1,0,0,2,2,0,0,1,0,2,0.7308020701541287,-1.3273578320822295,0
0,0,1,0,0.35136996512244845,1,0,1,0,2,2,2,0,0,1,1,0,0.7125223031523015,-0.1921009846173773,0
1,0,0,0,-1.2774445836787656,1,0,0,0,2,0,0,0,0,0,0,3,-0.4690153639658123,0.5158460326683071,1
1,1,1,1,1.6137012404433893,0,1,0,2,2,2,2,2,2,2,1,0,0.001273187081200524,0.3940600835466112,0
1,0,0,0,-1.2774445836787656,1,2,1,0,2,0,0,0,2,0,1,1,0.8670694241677506,1.6251571779289717,1
1,0,0,0,0.6364125111626608,1,2,1,0,2,2,0,2,2,2,1,0,1.440389389225063,0.5439097513789588,0
1,1,1,0,-0.8702409464784621,1,0,2,1,1,1,1,1,1,0,0,3,-1.4893587220678117,-0.7925586641999997,1
0,1,1,0,0.9214550572028734,1,2,1,0,2,2,0,0,0,0,1,2,0.6875953481498096,0.45654157048730737,1
0,0,0,0,0.3920903288424788,0,1,0,2,2,2,2,0,2,1,1,2,-0.3327480099521901,-0.6744792439646162,0
1,0,0,0,0.47353105628253944,1,2,1,0,0,2,0,0,2,0,1,3,0.8521132511662559,0.11501140881994278,0
1,0,0,1,-1.2774445836787656,1,0,0,0,0,0,0,0,0,0,0,2,-0.6900343649879066,0.2521529776135047,0
0,0,0,0,-0.21871512695797646,1,2,1,0,0,0,0,2,2,0,1,0,1.0249401391835322,-0.5373376751710544,0
1,1,1,0,-0.21871512695797646,1,2,0,0,2,2,2,2,2,0,1,0,0.6659919871476498,-0.6951299049026429,0
0,1,0,0,-1.2367242199587352,1,0,0,0,0,0,0,0,0,0,1,2,-0.6800635829869099,1.610331062383722,0
0,0,0,0,-0.5444780367182193,1,0,2,1,1,1,1,1,1,0,0,3,-1.491020519067978,-0.04966437455765471,0
0,1,1,0,0.3920903288424788,1,2,1,0,0,0,0,2,2,0,1,2,1.0066603721817051,0.05941347552525553,0
0,0,0,0,1.369379058123207,1,2,0,2,2,2,2,2,2,2,1,1,0.8404806721650927,0.8626712356018323,0
1,1,1,0,0.025607055362205634,1,2,1,2,0,2,2,2,2,0,1,0,1.5002140812310438,-0.03695627551886905,0
0,0,0,0,0.06632741908223598,1,0,1,0,2,0,0,0,0,0,1,1,0.30538203811160125,-0.5701669310212506,1
1,1,0,0,0.025607055362205634,0,1,0,0,0,2,2,2,2,0,1,2,-0.33773340095268845,-1.0085963478593558,0
0,0,1,1,-0.38159658183809786,1,0,2,1,1,1,1,1,1,1,0,3,-1.4860351280674797,0.1520766976830676,0
0,0,0,0,-0.015113308357824713,1,0,2,1,1,1,1,1,1,1,0,0,-1.4960059100684764,0.9553344577596444,0
0,0,0,0,-0.8702409464784621,1,0,2,1,1,1,1,1,1,1,0,1,-1.4860351280674797,-0.6607121366725984,0
1,0,1,1,1.4915401492832983,1,2,1,0,0,2,0,2,2,0,1,1,1.1528985081963241,1.1994358601296522,1
0,0,1,0,1.4508197855632678,1,0,0,2,0,0,2,0,0,1,0,0,-0.29452667894836937,0.019171161902434276,0
1,0,0,0,-0.5037576729981889,1,0,2,1,1,1,1,1,1,2,1,3,-1.4976677070686424,0.17113884624124612,0
1,0,0,0,1.6137012404433893,1,0,2,1,1,1,1,1,1,2,1,1,-1.4943441130683104,-1.2685828740278458,0
1,0,1,1,1.125056875803025,1,2,1,2,0,2,0,2,0,1,1,0,1.0182929511828682,0.8123683435733058,0
1,1,1,1,-0.015113308357824713,1,0,1,0,2,0,0,2,2,0,1,3,0.9701008381780505,-0.41766974255582273,0
0,0,0,0,-1.2774445836787656,1,0,2,1,1,1,1,1,1,0,1,3,-1.491020519067978,-0.9349952742597223,1
1,0,0,0,-1.2774445836787656,1,0,2,1,1,1,1,1,1,0,1,3,-1.5009913010689746,-0.9381722990194187,1
1,1,0,0,-1.1960038562387048,1,2,1,0,2,0,0,0,0,0,1,2,0.5513279941361872,-0.6845398223703215,1
0,0,1,0,0.5549717837226001,1,2,2,1,1,1,1,1,1,1,1,0,-1.3397969920528607,-1.6582979112172727,0
0,0,1,0,-0.13727439951791576,1,2,1,0,0,0,0,0,0,0,1,2,0.3386179781149237,-0.7904406476935354,0
1,0,0,0,0.758573602322752,1,2,1,0,2,2,2,0,0,0,1,2,0.750743634156122,0.2844527293370849,0
0,1,1,0,0.6364125111626608,1,0,1,0,0,0,0,0,0,0,1,0,0.19570343610063723,-0.0994377624595652,0
0,0,1,1,-0.6666391278783103,1,0,1,0,2,0,0,0,0,0,0,0,0.28211688010927544,-1.5322759290826482,0
1,0,1,0,1.5322605130033284,1,2,1,0,2,2,2,0,2,2,1,0,1.1279715531938321,1.1417199103285007,0
0,0,1,1,0.3106496014024181,1,2,2,1,1,1,1,1,1,2,1,3,-1.328164413051698,-1.6969517124602456,0
0,0,1,1,-0.4223169455581282,1,0,1,0,2,0,0,0,2,0,0,2,0.6161380771426661,-0.9805326291487042,1
0,1,0,0,-1.2774445836787656,1,0,1,0,0,2,0,0,0,0,1,0,0.3502505571160864,1.3296938752772054,1
0,0,1,1,-1.1145631287986442,1,2,2,1,1,1,1,1,1,0,1,3,-1.3447823830533592,-1.415785021227113,0
0,0,0,0,-1.0331224013585834,1,0,1,0,0,0,0,0,0,0,1,0,0.16911468409797886,0.5666784288234498,0
1,0,0,1,-0.13727439951791576,1,2,1,0,2,2,2,0,2,1,0,1,1.1894580421999785,-0.42984833746799234,0
1,0,1,1,0.47353105628253944,1,2,2,1,1,1,1,1,1,1,0,3,-1.2982520670487077,-1.6117015480750585,0
0,0,0,0,-0.9109613101984924,0,1,0,2,2,2,0,0,0,0,0,0,-0.7997129669988706,0.2897477706032456,0
0,1,1,0,0.9214550572028734,1,2,0,0,0,0,0,0,0,0,0,0,-0.4357794239624898,-0.427730320961528,0
1,1,1,0,0.7992939660427822,1,2,1,0,2,2,0,2,2,1,1,0,1.3406815692150957,0.645574543689244,0
0,0,1,1,-0.9109613101984924,1,2,1,0,0,0,0,0,2,0,0,2,0.7042133181514708,1.5775018065335256,0
1,0,0,0,-0.5851984004382496,1,2,1,0,0,0,0,0,0,0,1,0,0.36022133911708304,-1.3437724600073275,0
0,0,1,0,1.4508197855632678,1,2,0,2,0,0,2,0,0,1,0,0,-0.21642221994056152,0.07476909519712154,0
0,0,1,1,1.1657772395230555,1,0,2,1,1,1,1,1,1,0,1,3,-1.5076384890696393,-1.5449840281214338,1
0,0,1,1,1.6137012404433893,0,1,0,2,2,2,2,2,2,2,1,1,0.014567563082529699,0.4162992568644861,0
1,0,0,0,-1.2367242199587352,1,0,0,2,0,2,0,0,0,0,0,2,-0.37595473195650925,-1.538100474475425,0
1,0,0,0,-0.8295205827584317,1,0,0,0,0,0,0,0,0,0,1,0,-0.6435040489832552,0.5756799989759229,1
1,0,1,0,0.35136996512244845,1,0,2,1,1,1,1,1,1,2,1,2,-1.4960059100684764,1.6209211449160432,0
0,0,0,0,-0.2594354906780068,0,1,0,0,0,2,2,2,0,0,1,1,-0.6750781919864114,-1.5433955157415857,0
1,0,1,0,0.14776814652229667,1,0,2,1,1,1,1,1,1,1,0,0,-1.4594463760648215,1.2529157769178754,0
1,0,1,1,1.6137012404433893,1,2,1,2,2,2,2,2,2,2,1,1,1.638143232244832,1.5557921373422667,0
1,0,1,0,0.10704778280226633,1,2,1,0,0,0,2,0,2,0,1,0,0.8338334841644282,-0.2720561077364037,0
1,0,0,0,-1.2774445836787656,1,0,0,0,0,2,2,0,0,0,0,3,-0.3227772279511935,0.6889938820717617,0
0,0,1,1,-0.6666391278783103,1,2,1,2,0,2,2,2,2,0,1,2,1.6015836982411773,-0.9540574228179007,0
0,1,0,0,0.6771328748826912,1,2,1,2,0,0,0,2,2,0,0,1,1.222693982203301,0.5465572720120391,0
0,0,1,0,0.880734693482843,1,2,1,2,2,2,2,2,2,1,1,3,1.6580847962468257,0.8928529708189483,0
0,0,0,1,-0.5851984004382496,1,2,0,2,0,0,0,0,2,0,0,2,0.001273187081200524,-1.5603396477932998,0
0,0,1,0,0.14776814652229667,1,0,1,0,0,0,0,0,2,0,0,2,0.5197538511330312,-0.3806044536926979,0
0,0,0,0,1.125056875803025,1,2,1,0,2,2,0,2,2,0,1,2,1.3672703212177542,1.005107845661555,1
0,0,0,0,-1.2774445836787656,1,0,1,0,0,0,0,0,0,0,0,3,0.15914390209698223,1.159193546506831,1
0,0,1,1,0.7992939660427822,1,2,2,1,1,1,1,1,1,2,1,0,-1.3198554280508674,-1.461322376116095,0
1,0,1,1,-0.9924020376385531,1,0,1,0,0,2,0,2,2,0,1,2,0.9966895901807084,1.3561690816080088,0
1,0,1,1,1.6137012404433893,1,0,1,2,2,0,2,2,2,2,0,0,1.3539759452164248,1.3630526352540175,0
0,0,0,0,1.2879383306831464,1,2,2,1,1,1,1,1,1,1,0,3,-1.33148800705203,-1.132500313487516,0
0,1,0,0,-0.4223169455581282,1,0,0,2,0,2,2,0,2,0,1,3,0.1657910900976468,-1.2055718829605335,0
1,0,1,0,1.125056875803025,0,1,0,0,2,2,2,2,2,0,1,0,-0.15161213693408263,-0.08090511802800278,0
0,0,1,1,-0.1779947632379461,1,0,1,0,0,0,0,0,2,0,1,2,0.5413572121351905,-0.7406672597916248,1
0,0,1,0,1.1657772395230555,1,2,2,1,1,1,1,1,1,2,0,3,-1.341458789053027,-1.3178267578031402,0
0,0,0,0,-0.3408762181180675,1,2,1,0,2,2,0,2,2,0,1,2,1.3091074262119398,-0.5924061043391255,0
1,0,1,1,-0.1779947632379461,1,0,1,0,2,2,2,2,0,1,0,0,0.9352031011745621,-0.4526170149124833,0
0,0,1,1,-0.0965540357978854,1,0,0,0,2,2,2,2,2,2,0,0,0.53304822713436,-0.6638891614322948,0
1,0,1,0,-1.2367242199587352,1,0,2,1,1,1,1,1,1,0,0,3,-1.4876969250676457,-0.00200900316220849,0
1,0,0,0,-1.2774445836787656,1,2,1,0,0,0,0,0,0,0,1,2,0.3436033691154218,1.3291643711505892,0
1,0,0,1,-1.0738427650786138,1,0,2,1,1,1,1,1,1,0,0,3,-1.4993295040688086,-1.721838406411201,0
0,0,1,0,-0.3408762181180675,1,0,0,0,2,0,0,2,2,0,1,0,0.15582030809665018,-1.155268990932007,0
1,0,1,1,-1.1552834925186746,1,2,1,0,0,2,0,2,2,0,0,2,1.2093996062019723,0.02075967428228248,1
1,0,0,0,-1.0331224013585834,1,2,1,0,2,0,0,2,2,0,1,2,1.1645310871974868,1.1009480925790633,1
1,1,1,0,1.6137012404433893,1,2,1,2,2,2,2,2,2,2,1,0,1.7046151122514768,1.5478495754430257,0
1,0,0,0,1.5322605130033284,0,1,0,0,0,0,2,0,2,2,1,3,-0.8213163280010305,-0.44096792412692976,0
1,1,1,0,1.2879383306831464,1,2,1,0,0,2,2,2,2,2,0,2,1.2409737492051283,1.0432321427779119,0
1,0,1,1,1.6137012404433893,1,2,1,0,2,0,0,2,0,1,1,2,0.82884809316393,1.058058258323162,0
0,0,0,1,0.47353105628253944,1,0,2,1,1,1,1,1,1,2,0,3,-1.491020519067978,1.5912689138255434,0
0,0,1,1,-0.7888002190384014,1,0,0,0,0,0,0,0,2,0,0,2,-0.2928648819482031,1.2873335451479198,1
0,1,0,0,-0.62591876415828,1,0,2,1,1,1,1,1,1,1,0,3,-1.4660935640654862,-0.20692710016262722,0
1,0,0,0,-1.2774445836787656,1,0,0,0,0,0,0,0,2,0,1,2,-0.3244390249513595,0.6884643779451456,1
1,0,1,0,-0.9516816739185228,1,0,0,0,0,2,0,2,2,0,1,3,0.17576187209864347,0.7477688401261453,0
1,0,1,0,-0.3408762181180675,1,0,0,2,0,0,2,0,0,0,0,3,-0.3709693409560109,-1.4189620459868093,0
0,0,1,1,-1.2774445836787656,1,0,1,0,2,0,0,0,0,0,1,2,0.3303089931140931,1.305336685452866,1
1,0,0,0,-0.3408762181180675,1,2,1,0,2,0,0,0,0,0,1,2,0.5147684601325326,-0.9667655218566864,1
1,1,1,1,0.10704778280226633,1,0,0,0,2,0,2,2,2,0,1,2,0.37517751211857825,-0.46161858506495645,0
0,0,1,1,-1.0331224013585834,1,0,0,2,2,2,2,2,0,0,1,2,0.36354493311741554,0.7091150388831723,0
1,0,0,0,-1.1145631287986442,1,0,1,0,0,0,2,2,2,0,1,2,1.0415581091851935,0.3167524810606651,1
0,0,0,1,-0.7073594915983407,1,0,1,0,0,0,0,0,0,0,0,0,0.14086413509515497,1.727351474365873,1
1,0,1,1,-0.8702409464784621,1,0,2,1,1,1,1,1,1,2,0,3,-1.4993295040688086,-0.7258411442463749,0
0,0,1,0,0.6364125111626608,0,1,0,2,0,2,0,0,2,0,1,0,-0.6468276429835875,-0.7914996559467675,1
0,1,0,0,-0.5037576729981889,1,0,1,0,0,0,0,0,2,0,1,2,0.5546515881365197,-1.1129086608027214,0
0,0,1,0,1.6137012404433893,1,2,1,0,2,2,2,2,2,1,1,0,1.4536837652263923,1.4657764358175351,0
0,0,1,1,-0.9924020376385531,1,0,1,0,2,0,0,2,0,0,1,2,0.6244470621434968,1.1258347865300187,1
1,0,1,1,1.6137012404433893,1,2,1,0,0,0,0,0,2,2,1,1,0.6560212051466532,0.9251527225425284,0
0,0,0,0,-0.7073594915983407,1,2,1,0,2,0,0,2,2,0,1,2,1.1761636661986499,-1.3210037825628367,0
1,0,0,0,1.6137012404433893,1,2,0,0,2,2,2,2,2,2,1,0,0.7922885591602751,0.9473918958604034,0
0,0,1,1,-1.318164947398796,0,1,0,2,0,2,2,2,0,2,1,0,-0.40586707795949967,-1.7250154311708974,0
1,0,0,1,-1.2774445836787656,1,2,1,0,0,0,0,0,0,0,1,2,0.31867641411292996,1.3026891648197858,1
1,0,1,1,1.247217966963116,1,2,1,0,2,2,0,2,2,2,1,0,1.330710787214099,1.0628237954627064,0
0,0,0,0,-1.2367242199587352,1,0,0,0,2,0,0,2,0,0,1,2,-0.19149526493806968,-1.5820493169845586,0
0,0,1,0,-1.2367242199587352,1,0,1,2,0,0,0,0,0,0,1,2,0.32033821111309646,-1.3485379971468723,1
1,1,1,0,1.1657772395230555,1,2,0,0,2,0,0,0,2,1,0,0,-0.023653767921291324,0.047234880613085936,0
1,0,0,0,-1.2774445836787656,1,0,2,1,1,1,1,1,1,0,0,3,-1.4744025490663168,-0.8703957708125618,0
1,0,0,0,-0.4223169455581282,0,1,0,0,2,2,0,0,2,1,1,0,-0.6983433499887373,1.6283342026886682,1
1,0,1,0,-0.1779947632379461,1,0,0,2,2,0,2,0,0,0,0,3,-0.12834697893175703,-1.0260699840376861,0
0,0,1,0,1.5322605130033284,1,0,2,1,1,1,1,1,1,2,0,0,-1.4943441130683104,-1.3411249393742473,0
0,1,0,0,-1.1145631287986442,0,1,0,0,2,0,0,0,0,0,0,2,-1.2068532320395708,-1.42425708725297,1
0,0,0,0,-0.8295205827584317,1,2,1,2,2,2,0,0,2,0,1,0,1.1612074931971548,-1.4941516319662913,1
1,0,0,0,0.06632741908223598,1,2,1,2,2,2,2,2,2,1,0,1,1.7112623002521414,0.041939839346925245,0
0,1,1,0,1.5729808767233588,1,2,1,2,0,0,0,0,0,2,1,1,0.5297246331340278,0.7572999144052346,0
0,0,1,1,1.5322605130033284,1,2,0,2,0,0,0,0,2,1,0,0,0.014567563082529699,0.3257540512131383,0
0,0,1,1,0.7992939660427822,1,0,1,2,0,2,2,0,0,0,1,0,0.641065032145158,0.22408925890285303,0
1,0,0,1,1.4915401492832983,1,2,0,2,2,2,2,2,0,2,1,1,0.4881797081298748,0.6958774357177706,0
0,1,0,0,-0.5037576729981889,1,2,1,0,2,2,0,0,2,0,1,2,0.9750862291785486,-1.0287175046707664,1
1,0,0,1,-0.8702409464784621,1,2,1,0,0,2,0,0,0,0,1,3,0.43998759512505714,1.5669117240012043,0
1,0,1,0,-1.2367242199587352,1,0,1,0,0,0,2,2,2,0,1,2,0.9784098231788811,-1.1134381649293374,1
0,0,1,1,-1.0738427650786138,1,2,1,0,0,0,2,0,0,0,1,2,0.5230774451333633,0.5264361152006285,1
0,0,0,0,-1.2774445836787656,1,0,2,1,1,1,1,1,1,0,0,3,-1.4926823160681442,-0.9355247783863383,0
1,1,1,1,-0.5037576729981889,1,0,1,2,0,2,2,0,2,1,0,1,0.9817334171792131,-0.9985357694536505,0
1,0,0,0,1.1657772395230555,1,2,1,2,0,2,0,2,2,0,1,2,1.3855500882195813,0.9722785898113586,0
0,1,1,0,-1.1145631287986442,1,2,1,0,0,0,0,0,0,0,1,2,0.31867641411292996,-0.19104197636414516,1
0,0,0,0,0.9621754209229036,1,2,1,0,2,0,2,2,2,0,1,0,1.3523141482162588,0.8441385911702699,0
1,0,0,0,-0.0965540357978854,1,2,1,2,2,2,2,0,0,0,1,1,1.0049985751815391,-0.42031726318890306,0
1,0,0,0,0.3106496014024181,1,2,1,0,0,2,2,2,2,0,0,0,1.330710787214099,0.14148661515074623,1
0,0,0,0,-0.1779947632379461,1,0,0,2,0,0,2,0,0,1,0,3,-0.3477041829536853,-1.2050423788339175,0
0,1,1,0,-1.1145631287986442,1,0,1,0,0,0,0,0,0,0,0,2,0.17576187209864347,-0.33718511531018025,0
0,1,1,0,-0.21871512695797646,1,0,1,2,0,0,0,0,0,0,1,0,0.3469269631157543,-0.9164626298281598,1
1,0,0,0,-0.8295205827584317,1,0,2,1,1,1,1,1,1,0,0,1,-1.4860351280674797,-0.5092739564604026,0
1,0,1,1,1.4100994218432374,1,2,1,0,2,2,0,2,2,1,1,2,1.3506523512160928,1.1830212322045541,0
1,1,1,0,-0.13727439951791576,1,2,0,0,0,0,0,0,0,0,1,2,-0.43744122096265586,-1.2913515514723368,0
1,0,1,1,0.9214550572028734,1,2,1,0,0,0,0,0,2,0,0,0,0.6892571451499756,0.38823553815383444,0
0,0,0,0,-0.38159658183809786,1,2,1,0,0,0,0,0,0,0,0,0,0.36022133911708304,-1.047250149102329,1
1,0,1,0,0.06632741908223598,1,2,1,0,0,2,0,2,2,0,1,2,1.1728400721983174,-0.12750148117021687,1
1,0,0,0,0.7992939660427822,1,0,1,2,0,2,0,2,0,1,0,2,0.8803638001690798,0.39617810005307547,0
1,1,1,1,1.6137012404433893,1,2,1,2,2,2,2,2,2,2,1,1,1.6946443302504801,1.542025030050249,0
1,0,1,1,1.0436161483629645,1,2,1,0,2,0,2,2,0,1,1,1,0.9950277931805424,0.6630481798675742,0
1,0,1,1,0.10704778280226633,1,0,2,1,1,1,1,1,1,2,0,3,-1.5009913010689746,1.143308422708349,0
0,1,0,0,0.9621754209229036,1,2,1,0,2,2,2,2,0,2,1,0,1.1678546811978192,0.768419501064172,0
0,0,1,1,-0.3408762181180675,1,0,2,1,1,1,1,1,1,2,1,1,-1.451137391063991,0.47242669428578943,0
1,0,1,1,1.5322605130033284,1,0,2,1,1,1,1,1,1,2,0,1,-1.4860351280674797,-1.377660724110756,0
1,0,0,0,-1.2367242199587352,1,0,1,0,0,0,0,2,0,0,1,2,0.5047976781315361,-1.062605768774195,0
1,1,1,1,1.4508197855632678,1,2,1,0,0,2,2,2,2,1,1,1,1.4088152462219072,1.2942170987939288,0
0,0,0,0,-1.2774445836787656,1,2,1,0,0,0,0,0,2,0,1,2,0.6726391751483144,1.5610871786084275,1
1,0,0,0,-0.8295205827584317,1,2,1,0,0,2,0,2,0,0,1,2,0.8238627021634315,-1.7027762578530223,0
0,0,1,0,1.247217966963116,1,2,1,0,2,0,0,0,0,0,1,0,0.5579751821368518,0.5290836358337088,0
0,0,1,1,0.025607055362205634,1,0,0,2,2,2,0,0,0,1,1,3,-0.20977503193989694,-0.9005775060296778,0
0,0,1,0,1.4915401492832983,1,0,1,0,2,0,0,2,2,1,1,1,1.0266019361836989,1.1046546214653759,0
0,0,1,1,1.125056875803025,1,0,0,0,2,2,2,2,2,2,1,0,0.5264010391336954,0.49413636347704826,0
0,0,1,1,1.6137012404433893,1,2,1,2,2,2,2,2,2,2,1,0,1.6065690892416755,1.5107842865799008,0
0,0,0,0,-0.8702409464784621,1,2,0,0,0,0,0,0,2,0,1,3,-0.1931570619382357,0.8812038800333948,0
0,0,0,0,-1.2774445836787656,1,0,2,1,1,1,1,1,1,0,0,3,-1.502653098069141,-0.9387018031460347,0
1,0,0,0,-0.9109613101984924,1,2,1,0,0,0,0,2,0,0,1,0,0.7075369121518029,1.533552964024392,1
1,0,0,0,-0.7888002190384014,0,1,0,2,0,0,2,2,0,0,1,1,-0.6385186579827569,0.8653187562349127,1
1,0,1,1,0.06632741908223598,1,0,1,0,0,0,0,0,2,1,1,0,0.47156173812821356,-0.511391972966867,0
1,0,1,1,0.26992923768238775,1,0,1,0,2,0,0,2,0,0,1,3,0.7158458971526335,-0.2196351992014129,1
0,0,0,0,1.3286586944031769,1,2,1,0,2,0,2,2,2,1,1,0,1.3390197722149297,1.105184125591992,0
1,1,1,0,0.7178532386027215,1,2,1,2,2,2,0,2,0,1,1,0,1.2343265612044643,0.6085092548261192,0
1,0,0,0,-0.7073594915983407,1,0,2,1,1,1,1,1,1,0,0,3,-1.4960059100684764,-0.2927067686744304,0
1,0,1,1,1.6137012404433893,1,2,1,2,2,2,0,2,2,2,1,0,1.5135084572323727,1.451479824398901,0
0,0,1,1,1.6137012404433893,1,2,1,2,2,2,2,2,2,2,1,0,1.6896589392499817,1.5081367659468206,0
1,0,1,1,0.9214550572028734,1,0,2,1,1,1,1,1,1,2,0,0,-1.5093002860698053,-1.5709297303256213,0
0,0,1,1,-0.38159658183809786,1,2,2,1,1,1,1,1,1,2,1,1,-1.3015756610490399,0.5656194205702176,0
1,0,0,0,-0.015113308357824713,1,2,1,0,2,0,0,0,0,0,1,0,0.5180920541328647,-0.5362786669178222,1
0,0,1,1,0.9621754209229036,1,2,0,2,0,2,0,0,2,1,1,0,0.13255515009432434,0.0032860381039522013,0
0,0,0,0,-1.2774445836787656,1,0,2,1,1,1,1,1,1,0,0,0,-1.491020519067978,-0.9349952742597223,0
1,0,0,0,0.22920887396235737,1,0,0,2,2,0,2,2,0,1,0,3,0.19404163910047073,-0.47909222124328676,0
1,0,0,0,-0.8702409464784621,1,0,1,0,0,0,0,0,0,0,0,2,0.18074726309914202,1.3604051146209373,0
1,0,0,0,-1.2774445836787656,1,0,0,0,0,0,2,0,0,0,1,2,-0.5138838829702976,0.46660214889301266,0
1,0,1,0,0.9621754209229036,1,2,1,0,2,0,2,2,2,1,1,2,1.4121388402222392,0.8886169378060197,0
1,0,1,0,-1.1960038562387048,1,2,2,1,1,1,1,1,1,0,1,3,-1.368047541055685,1.6082130458772577,0
1,0,1,1,-1.0331224013585834,1,0,0,2,0,0,0,2,2,0,0,1,0.16412929309748078,0.5698554535831462,0
1,0,1,1,1.0843365120829946,1,2,1,0,0,2,0,2,2,2,1,1,1.15456030519649,0.8261354508653236,0
1,0,0,0,-1.0331224013585834,1,0,0,0,0,2,2,2,0,0,0,0,-0.015344782920460707,0.2754511591846117,0
1,0,1,1,1.5729808767233588,1,0,0,2,0,2,2,0,2,2,1,1,0.20235062410130134,0.5031379336295214,0
1,0,1,1,-0.7073594915983407,1,0,1,2,0,0,2,2,2,1,0,2,1.2343265612044643,-1.1155561814358017,0
1,0,1,0,1.5729808767233588,1,2,0,2,2,0,2,2,0,2,0,1,0.29042586511010604,0.6413385106763154,0
0,0,0,0,0.10704778280226633,1,2,1,0,0,2,0,2,2,0,1,2,1.1794872601989819,-0.1063213161055741,1
0,0,0,0,-0.8702409464784621,0,1,0,0,2,2,2,0,0,1,1,1,-0.8096837489998675,0.18278793702679963,0
0,0,1,1,1.125056875803025,1,0,2,1,1,1,1,1,1,2,1,1,-1.5126238800701375,-1.6185851017210675,0
1,1,0,0,0.5956921474426305,1,2,0,0,2,0,2,0,0,2,0,0,-0.17155370093607614,-0.457912056178644,0
0,0,0,0,-0.8702409464784621,1,0,0,0,0,2,2,0,2,1,0,1,0.004596781081533054,1.1782556950650096,0
1,0,1,0,0.9621754209229036,1,2,1,0,2,0,0,2,2,1,0,1,1.1811490571991479,0.737178757593824,1
0,1,1,0,-0.1779947632379461,1,2,1,0,2,2,2,2,2,0,1,2,1.5317882242341998,-0.25087594267176094,0
1,0,1,0,1.1657772395230555,1,0,0,2,2,0,2,2,2,2,1,3,0.5413572121351905,0.40147314131923617,0
1,0,1,1,-0.055833672077855064,1,2,1,2,0,2,0,2,0,1,0,0,1.1063681921916724,-0.3085918924729125,0
1,0,0,0,-0.9516816739185228,1,0,1,0,0,0,0,0,0,0,1,2,0.19071804510013865,0.8658482603615287,0
1,1,1,0,0.10704778280226633,1,2,1,2,2,0,0,0,2,0,1,2,0.9900424021800438,-0.17886338145197556,0
1,0,0,0,-1.2367242199587352,1,0,2,1,1,1,1,1,1,0,1,3,-1.4993295040688086,0.0006385174708718556,0
0,0,1,1,-0.8295205827584317,1,0,2,1,1,1,1,1,1,0,0,3,-1.5209328650709681,-0.6855988306235536,1
0,0,0,0,-1.2774445836787656,1,0,1,2,0,0,0,0,0,0,0,3,0.3502505571160864,1.3296938752772054,1
0,1,0,0,-1.1552834925186746,1,2,1,0,0,2,0,2,0,0,1,2,0.8122301231622688,-0.1407390843356186,1
0,0,1,1,-1.2774445836787656,1,0,2,1,1,1,1,1,1,0,1,3,-1.5209328650709681,-0.9439968444121954,0
0,0,0,0,-1.1960038562387048,1,0,2,1,1,1,1,1,1,0,1,3,-1.4876969250676457,0.9145626400102072,0
0,1,0,0,-1.2774445836787656,1,2,1,0,0,0,0,2,0,0,1,2,0.6959043331506402,1.56479370749474,1
1,0,0,0,0.7992939660427822,1,0,0,2,2,0,0,2,0,2,1,1,-0.0502425199239492,-0.18945346398429694,0
1,0,1,1,-1.1145631287986442,1,0,2,1,1,1,1,1,1,1,0,3,-1.4843733310673135,1.5621461868616597,0
1,0,1,0,1.6137012404433893,1,2,1,2,2,2,0,0,2,2,1,2,1.1429277261953275,1.3138087514787231,0
1,0,1,1,1.5729808767233588,1,2,0,2,2,2,2,2,2,2,0,2,0.8521132511662559,1.0787089192611885,0
1,0,1,0,1.6137012404433893,1,2,1,2,0,2,2,2,2,2,1,1,1.5666859612376889,1.4768960224764724,0
1,0,1,1,0.5549717837226001,1,2,2,1,1,1,1,1,1,1,0,2,-1.3248408190513656,-1.5523970858940588,0
1,0,1,1,1.247217966963116,1,2,0,2,2,2,0,2,2,2,0,1,0.6227852651433307,0.6656957005006546,0
1,0,0,0,-0.0965540357978854,1,0,1,2,2,2,0,0,0,0,1,1,0.6493740171459885,-0.6209993271763933,0
1,0,0,0,-1.2774445836787656,1,0,0,0,0,0,0,0,0,0,0,3,-0.6368568609825906,0.2976903325024866,0
0,0,0,0,-0.8295205827584317,1,2,0,2,0,2,2,0,0,0,1,3,-0.10342002392926519,1.236501148992777,1
1,0,0,0,-0.6666391278783103,0,1,0,2,2,2,2,2,0,2,0,3,-0.32942441595185784,1.641042301727454,0
1,0,0,0,-1.1552834925186746,1,2,0,0,0,0,2,0,2,0,0,3,0.02620014208369237,-0.6628301531790627,0
1,0,1,0,0.758573602322752,1,2,1,0,2,0,0,0,2,1,1,1,0.8504514541660894,0.34852272865762923,0
1,0,1,0,1.3286586944031769,1,0,2,1,1,1,1,1,1,2,1,1,-1.4744025490663168,-1.322592294942685,0
1,0,0,0,-0.6666391278783103,1,0,1,0,0,0,2,0,0,0,1,1,0.32532360211359457,-1.5566331189069873,0
1,0,0,0,-1.2367242199587352,1,0,2,1,1,1,1,1,1,1,0,3,-1.4893587220678117,0.3818814886344416,0
0,0,1,1,1.369379058123207,1,2,1,0,0,0,0,0,0,1,1,0,0.3153528201125979,0.44489247970175383,0
1,0,0,0,0.5549717837226001,1,2,1,0,2,2,2,2,2,2,0,2,1.4586691562268908,0.4745447107922537,0
0,0,0,0,-0.015113308357824713,1,2,1,2,0,2,2,2,2,1,1,0,1.4885815022298807,-0.07137404374891354,0
1,0,1,0,1.6137012404433893,1,2,0,2,0,2,2,2,2,2,0,1,0.7274784761537967,0.9108561111238946,0
1,0,1,1,0.22920887396235737,1,0,0,2,0,2,2,2,2,2,0,1,0.5396954151350245,-0.30806238834629646,0
1,0,0,1,0.758573602322752,1,0,0,0,0,0,2,0,0,1,0,1,-0.562075995975115,-0.6681251944452234,0
1,0,1,1,1.6137012404433893,1,2,1,2,2,2,2,2,2,2,0,0,1.654761202246493,1.5250808979985349,0
0,1,1,0,1.3286586944031769,1,2,1,2,0,2,0,2,2,0,0,0,1.3456669602155942,1.1173627205041616,1
1,0,1,1,-0.9516816739185228,0,1,0,0,2,0,0,0,0,0,1,2,-1.156999322034587,-0.5977011456052862,1
0,0,1,1,-0.9516816739185228,1,0,0,2,2,2,2,0,0,0,0,3,0.00792037508186511,1.0707663573619475,1
1,0,0,1,1.369379058123207,1,0,2,1,1,1,1,1,1,2,0,3,-1.4694171580658184,-1.3824262612503007,0
0,1,0,0,0.47353105628253944,1,2,1,2,2,2,0,2,2,1,1,1,1.4968904872307114,0.44754000033483415,0
1,0,0,0,0.7178532386027215,1,2,0,0,0,2,2,0,2,2,0,0,0.1574821050968162,-0.15715371226071673,0
0,0,0,0,-0.7073594915983407,1,2,0,0,0,0,0,0,0,0,0,3,-0.5288400559717926,0.9759851186976711,0
1,0,0,0,-0.9924020376385531,0,1,0,0,0,0,0,0,0,0,1,1,-1.3132082400502028,-0.9678245301099185,0
0,1,0,0,1.369379058123207,1,2,1,0,0,2,2,2,2,1,1,1,1.2659007042076202,1.1803737115714739,0
0,0,0,0,1.002895784642934,1,2,1,2,2,0,2,0,0,0,1,0,0.7573908221567865,0.4591890911203877,0
0,0,0,0,-1.0331224013585834,1,2,1,0,2,0,0,0,0,0,1,0,0.4582673621268844,0.5905061145211729,0
1,1,1,1,-0.9109613101984924,0,1,0,0,0,0,0,0,2,0,1,0,-1.004113998019304,-0.06819701898921712,0
0,0,0,0,1.2064976032430856,1,2,1,2,2,2,0,0,0,1,1,2,0.9069525521717376,0.790658674382047,0
1,0,1,1,0.3106496014024181,1,0,1,0,0,2,0,2,0,1,1,2,0.6743009721484804,-0.18309941446490413,0
0,0,0,0,-0.5037576729981889,1,0,2,1,1,1,1,1,1,2,0,3,-1.4976677070686424,0.1128933923134785,0
0,0,0,0,-1.0331224013585834,1,0,2,1,1,1,1,1,1,0,0,0,-1.4876969250676457,-1.3723656828445954,1
0,0,1,0,-0.30015585439803716,1,0,1,0,0,0,2,2,2,0,1,2,1.0099839661820376,-0.6485335417604289,0
1,0,1,0,-0.38159658183809786,1,2,1,0,2,2,0,0,0,0,0,2,0.6477122201458225,-0.8931644482570528,0
0,1,1,0,1.369379058123207,1,2,1,0,2,2,0,2,2,1,0,1,1.3240635992134344,1.127952803036483,0
0,1,0,0,1.6137012404433893,1,2,1,0,2,2,2,2,2,2,0,2,1.5583769762368582,1.4483027996392048,0
1,1,1,0,0.6771328748826912,1,2,1,0,2,0,0,0,2,0,0,1,0.8404806721650927,0.32734256359298647,1
1,1,1,1,0.43281069256250915,1,2,1,0,2,2,2,2,2,0,1,0,1.5284646302338678,0.37446843086181664,1
0,0,1,0,0.5549717837226001,1,2,0,2,0,0,0,0,0,0,0,0,-0.3244390249513595,-0.6003486662383666,0
1,0,1,1,1.6137012404433893,1,2,0,2,2,2,2,2,2,2,0,1,0.8338334841644282,1.050645200550537,0
1,0,0,0,-0.9109613101984924,1,0,2,1,1,1,1,1,1,1,0,3,-1.4760643460664828,-1.0446026284692485,0
0,0,0,0,0.3106496014024181,0,1,0,2,0,0,2,2,2,1,1,0,-0.3393951979528547,-0.7348427143988481,0
0,0,1,1,1.3286586944031769,1,2,1,0,2,2,0,2,2,0,1,2,1.3539759452164248,1.1824917280779381,1
1,0,0,0,-0.055833672077855064,1,0,1,0,0,2,2,2,2,2,0,0,1.1528985081963241,-0.29323627280104647,0
0,0,1,0,1.4508197855632678,1,2,0,2,2,2,2,0,0,2,0,1,0.20401242110146783,0.4782512396785662,0
1,1,1,1,0.9621754209229036,1,2,1,2,0,2,0,2,2,1,1,0,1.3224018022132684,0.8049552858006808,1
1,0,1,0,-0.9109613101984924,1,2,1,0,0,0,0,0,2,0,1,2,0.6809481601491449,1.572736269393981,1
1,0,1,1,1.4508197855632678,1,2,2,1,1,1,1,1,1,2,0,0,-1.3082228490497045,-1.148914941412614,0
0,0,1,1,0.43281069256250915,1,0,0,0,0,0,0,2,0,0,0,2,-0.28621769394753876,-0.588699575452813,1
1,0,0,0,-1.2774445836787656,1,0,1,0,0,0,0,2,2,0,1,2,0.8238627021634315,1.6119195747635702,1
0,1,0,0,0.6771328748826912,1,0,1,0,2,2,0,0,2,1,1,0,0.8338334841644282,0.20661562272452275,0
0,0,1,1,-0.7073594915983407,1,2,2,1,1,1,1,1,1,0,1,2,-1.3132082400502028,0.05782496314540732,0
1,1,1,0,-0.5037576729981889,1,2,1,0,0,0,0,2,2,0,1,2,0.9900424021800438,-0.9445263485388115,1
1,0,0,0,-1.2774445836787656,1,0,0,0,0,0,0,0,0,0,1,3,-0.6335332669822583,0.29874934075571874,1
1,0,1,1,0.7178532386027215,1,2,0,0,0,2,2,2,0,1,1,2,0.16246749609731476,-0.14603412560177928,0
0,1,0,0,-1.2367242199587352,1,2,1,0,2,0,0,0,2,0,0,2,0.8222009051632655,-1.1595050239449356,1
1,1,0,0,-0.3408762181180675,1,0,1,0,0,0,0,0,0,0,0,1,0.17410007509847744,-1.0684303141669718,0
0,0,0,0,-1.1960038562387048,1,0,1,0,0,0,0,0,0,0,1,0,0.15914390209698223,-0.7433147804247052,1
0,0,0,0,-1.2774445836787656,1,0,1,0,0,2,0,0,0,0,1,3,0.32698539911376057,1.30480718132625,1
1,0,1,1,0.10704778280226633,1,0,2,1,1,1,1,1,1,2,0,3,-1.4843733310673135,1.0469386716642244,0
0,0,0,0,-0.62591876415828,1,2,2,1,1,1,1,1,1,0,0,3,-1.328164413051698,0.4051796702055486,0
0,1,0,0,-0.9924020376385531,1,0,2,1,1,1,1,1,1,0,0,2,-1.4993295040688086,-1.1362068423738285,1
1,0,0,0,-0.9109613101984924,1,0,1,0,0,0,2,2,2,0,1,1,1.0083221691818711,1.5854443684327666,0
1,0,1,1,1.4508197855632678,1,2,0,2,2,2,2,2,2,2,1,1,0.8005975441611056,0.9262117307957607,0
1,0,1,0,0.5142514200025698,1,0,0,2,2,2,0,2,2,1,0,0,0.466576347127715,-0.0771985891416903,0
1,0,1,1,-1.2367242199587352,1,0,2,1,1,1,1,1,1,1,0,3,-1.4926823160681442,-0.11744090276451155,1
1,0,1,0,0.18848851024232702,1,0,2,1,1,1,1,1,1,0,0,0,-1.4760643460664828,1.1787851991916256,0
0,0,0,0,-1.1552834925186746,0,1,0,0,0,0,0,0,0,0,1,3,-1.3464441800535252,1.6982287474019895,1
0,0,0,0,-0.9109613101984924,1,0,0,0,0,0,0,0,0,0,0,3,-0.6484894399837535,0.20343859796482633,0
1,0,0,0,-1.2774445836787656,1,0,2,1,1,1,1,1,1,0,0,3,-1.4860351280674797,-0.8741022996988743,0
1,0,1,1,1.3286586944031769,1,2,0,2,2,0,0,0,2,2,1,3,0.15914390209698223,0.2791576880709242,0
0,0,1,1,1.002895784642934,1,0,2,1,1,1,1,1,1,2,0,0,-1.504314895069307,-1.5598101436666838,0
0,0,0,0,-1.1960038562387048,1,0,1,0,0,2,0,0,0,0,1,3,0.3319707901142591,-0.657535111912902,0
0,0,0,0,-1.2367242199587352,1,0,1,0,0,0,0,0,0,0,0,2,0.16246749609731476,-1.2834089895730958,1
1,0,0,0,0.6771328748826912,0,1,0,0,0,2,0,0,0,0,1,0,-1.1486903370337564,-1.2807614689400153,0
0,0,0,0,-1.1552834925186746,1,0,0,0,0,0,0,0,0,0,0,3,-0.6351950639824246,-0.9265232082338651,1
0,0,1,0,1.5322605130033284,0,1,0,0,2,2,2,2,2,2,0,0,-0.23137839294205673,0.10283281390777319,0
0,0,1,1,0.8400143297628127,1,0,2,1,1,1,1,1,1,1,1,0,-1.4926823160681442,-1.683714109294844,0
1,0,1,1,0.8400143297628127,1,2,2,1,1,1,1,1,1,2,0,1,-1.303237458049206,-1.4041359304415595,0
0,0,0,0,-1.2774445836787656,1,2,1,0,0,0,0,0,0,0,1,3,0.3419415721152558,1.3286348670239732,1
1,0,0,0,-0.4223169455581282,1,2,2,1,1,1,1,1,1,0,1,1,-1.3265026160515319,0.4883118180842715,0
1,1,0,0,0.7992939660427822,0,1,0,0,2,0,0,2,2,0,1,2,-0.518869273970796,-0.5558703196026168,1
1,1,0,0,1.3286586944031769,1,2,1,2,0,2,2,2,2,2,1,2,1.5151702542325387,1.2624468511969644,0
0,0,0,0,0.6364125111626608,1,2,2,1,1,1,1,1,1,1,0,0,-1.3364733980525287,-1.5269808878164874,0
0,0,0,0,-1.2367242199587352,0,1,0,0,0,0,0,0,2,0,1,2,-0.9991286070188055,0.944214871100707,1
1,0,0,0,-1.1960038562387048,1,2,1,0,2,2,0,2,2,0,0,3,1.435403998224565,-0.28370519852195725,0
1,0,1,0,0.5142514200025698,1,2,1,0,2,0,0,0,0,0,0,0,0.5529897911363537,-0.009422060934833457,0
1,0,1,1,-1.2774445836787656,1,0,1,0,0,0,0,0,2,0,0,2,0.5064594751317021,1.4588928821715261,1
0,0,1,1,1.1657772395230555,1,0,0,0,0,2,2,2,2,2,1,0,0.3003966471111027,0.3501112410374775,0
1,0,0,0,-1.1960038562387048,1,0,0,2,0,0,2,2,0,0,1,1,-0.012021188920128179,-0.902695522536142,0
0,1,0,0,0.3106496014024181,1,2,1,0,0,2,2,2,2,1,1,1,1.2958130502106107,0.1695503338613979,0
0,0,0,0,-1.2774445836787656,1,0,1,0,0,0,0,0,0,0,0,3,0.21065960910213194,1.2216750334475273,0
0,0,0,0,-1.2774445836787656,1,0,0,0,0,0,2,0,0,0,1,2,-0.49394231896830415,0.47083818190594123,0
1,0,0,0,0.758573602322752,1,2,2,1,1,1,1,1,1,1,1,0,-1.3348116010523623,-1.4671469215088717,0
1,1,0,0,-1.2367242199587352,1,0,0,2,0,0,0,0,0,0,1,2,-0.5155456799704636,1.633629243954829,1
1,0,0,0,0.7992939660427822,0,1,0,0,2,0,0,0,0,1,0,3,-1.152013931034089,-1.1452084125263016,0
1,0,0,0,0.758573602322752,1,2,1,0,0,0,0,0,2,0,0,0,0.6194616711429987,0.15101768942983548,0
1,0,0,0,-1.2774445836787656,1,0,2,1,1,1,1,1,1,0,1,3,-1.4727407520661506,-0.8698662666859457,0
1,0,1,1,-0.055833672077855064,1,2,0,2,2,0,2,0,2,1,1,0,0.3485887601159204,-0.6771267645976966,0
1,0,0,1,0.5956921474426305,1,0,2,1,1,1,1,1,1,1,0,1,-1.4694171580658184,-1.7096598114990313,0
0,0,0,0,-1.1960038562387048,1,2,1,0,0,0,0,0,0,0,1,1,0.3436033691154218,-0.48068073362313496,1
0,1,0,0,-0.4223169455581282,1,0,2,1,1,1,1,1,1,1,1,3,-1.4860351280674797,0.1610782678355408,0
0,0,1,0,-1.2774445836787656,1,0,2,1,1,1,1,1,1,0,1,3,-1.4660935640654862,-0.8677482501794814,0
1,0,1,0,1.6137012404433893,1,2,0,0,2,2,2,2,2,2,1,0,0.677624566148813,0.9791621434573675,0
1,0,1,1,-1.1960038562387048,1,0,0,0,0,2,0,0,0,0,1,2,-0.4856333339674735,-1.1065546112833287,1
1,1,1,1,0.5956921474426305,1,0,1,0,2,0,0,2,0,1,1,0,0.6709773781481484,0.09436074788191609,0
1,0,1,1,1.6137012404433893,1,2,0,2,0,2,2,0,0,2,1,1,0.05777428508684881,0.42794834765003964,0
1,0,1,1,1.369379058123207,1,2,0,0,0,2,0,2,0,2,1,0,-0.04858072292378317,0.17007983798801396,0
1,0,0,0,0.10704778280226633,1,2,1,0,0,0,0,2,0,0,0,2,0.611152686142168,-0.42137627144213524,0
1,0,0,0,-0.13727439951791576,1,2,1,0,0,0,0,0,2,0,1,2,0.6693155811479823,-0.5722849475277149,0
0,0,0,0,-1.2367242199587352,1,0,2,1,1,1,1,1,1,0,1,3,-1.4694171580658184,-0.20957462079570757,0
1,0,0,0,-1.1552834925186746,1,0,0,0,2,0,0,0,0,0,0,3,-0.5155456799704636,-0.8211518870372674,0
0,0,0,0,-0.30015585439803716,1,0,1,2,2,0,0,0,0,0,1,0,0.5014740841312035,-0.8550401511406958,1
0,0,0,0,1.3286586944031769,1,0,0,2,2,0,2,0,0,2,1,3,-0.17155370093607614,-0.022130159973619116,0
1,1,0,0,-0.21871512695797646,1,2,1,0,2,0,2,2,2,1,1,0,1.325725396213601,-0.3700143711603765,0
1,0,1,0,-0.13727439951791576,1,0,1,0,0,2,0,0,0,0,1,1,0.3502505571160864,-0.7194870947269821,0
1,0,1,1,-0.13727439951791576,1,2,0,0,2,2,0,2,2,0,0,1,0.5097830691320341,-0.7470213093110177,0
1,0,0,0,-1.2774445836787656,1,0,2,1,1,1,1,1,1,0,0,3,-1.502653098069141,-0.9387018031460347,1
0,0,1,0,-0.5037576729981889,1,0,1,0,0,2,2,0,0,0,1,3,0.5396954151350245,-1.100730065890552,0
0,0,0,0,1.0436161483629645,1,2,2,1,1,1,1,1,1,2,1,1,-1.33148800705203,-1.2293995686582566,0
0,0,0,1,-0.748079855318371,1,2,1,2,0,0,2,0,0,0,1,3,0.7058751151516368,-1.5629871684263803,0
1,0,1,0,1.6137012404433893,1,2,2,1,1,1,1,1,1,2,0,3,-1.3082228490497045,-1.0832564297122216,0
1,0,0,0,0.5549717837226001,1,2,1,2,0,0,0,2,0,0,1,1,0.8105683261621028,0.19231901130588888,0
0,0,1,0,1.5729808767233588,0,1,0,0,2,2,2,2,2,2,0,0,-0.21642221994056152,0.14995868117660335,0
1,0,0,0,-0.015113308357824713,1,2,1,0,0,0,0,0,2,0,1,0,0.6942425361504742,-0.49762486567484915,0
0,0,0,0,-0.2594354906780068,0,1,0,0,0,2,0,2,2,0,1,1,-0.47898614596680894,-1.4554978307233182,0
1,1,1,0,1.4508197855632678,1,2,1,0,0,2,0,0,0,0,1,1,0.5180920541328647,0.7244706585550383,0
1,0,1,1,-1.2367242199587352,1,0,2,1,1,1,1,1,1,1,0,3,-1.481049737066981,-0.16668478653980598,0
1,0,1,1,1.1657772395230555,1,0,2,1,1,1,1,1,1,2,0,1,-1.4694171580658184,-1.4279636161392826,0
0,0,1,1,-1.1552834925186746,1,2,1,0,0,0,0,0,2,0,1,2,0.7042133181514708,0.004874550483800409,1
1,0,0,0,-1.1960038562387048,1,0,0,0,0,0,0,0,0,0,1,2,-0.6451658459834212,-1.3294758485886937,1
1,1,1,0,0.025607055362205634,1,2,1,0,0,0,0,2,2,0,1,2,0.9883806051798778,-0.29429528105427866,1
1,1,1,0,-0.9516816739185228,1,0,2,1,1,1,1,1,1,0,1,3,-1.4461520000634926,-0.8396845314688298,0
0,0,0,0,-0.4223169455581282,1,2,2,1,1,1,1,1,1,2,0,3,-1.2799723000468803,0.8949709873254126,0
0,0,1,1,-1.1145631287986442,1,0,1,0,0,0,0,2,0,0,1,2,0.534710024134526,-0.09361321706678845,0
0,1,0,0,-0.0965540357978854,1,2,1,2,2,2,0,0,0,0,0,1,0.895319973170575,-0.4557940396721797,1
1,0,0,0,1.3286586944031769,1,2,0,0,2,2,2,0,2,2,1,1,0.31369102311243185,0.42530082701695926,0
0,0,0,0,0.5142514200025698,1,2,1,0,0,2,2,0,0,0,1,2,0.7474200401557899,0.05835446727202339,1
1,0,0,0,-1.1145631287986442,1,0,2,1,1,1,1,1,1,0,0,3,-1.4760643460664828,1.6484553595000788,0
1,0,1,1,-0.30015585439803716,1,0,1,0,2,0,0,0,0,0,1,2,0.356897745116751,-0.9307592412467937,0
0,0,1,1,1.6137012404433893,1,2,1,2,0,0,0,0,0,2,0,0,0.4748853321285456,0.7811276001029577,0
0,0,1,0,-0.21871512695797646,1,2,1,0,0,2,0,0,2,0,0,0,0.8438042661654253,-0.6289418890756343,0
1,0,1,1,-0.015113308357824713,0,1,0,0,0,2,0,2,2,0,0,1,-0.47067716096597834,-1.124028247461659,0
0,0,0,0,-0.0965540357978854,1,2,1,0,2,2,2,2,2,1,0,1,1.5184938482328711,-0.19580751350368977,0
1,0,1,0,1.5322605130033284,1,0,1,2,2,2,2,0,2,2,0,1,1.2044142152014738,1.219557016941063,0
1,1,0,0,0.3920903288424788,1,2,1,0,2,0,0,0,0,0,1,0,0.48485611412954227,-0.1883944557310648,0
0,1,1,0,1.6137012404433893,1,2,0,2,2,2,2,2,2,2,1,0,0.8338334841644282,1.08929900179351,0
0,0,0,0,0.5956921474426305,1,2,0,2,0,2,2,0,0,2,1,3,0.00792037508186511,-0.4081386682767335,0
0,0,0,0,-1.2367242199587352,1,0,1,2,0,2,0,0,0,0,1,2,0.5214156481331973,-1.3734246910978274,0
1,0,0,0,-0.9109613101984924,1,2,1,2,0,0,0,2,2,0,0,2,1.1229861621933337,-1.7160138610184241,1
0,0,1,1,1.1657772395230555,1,2,2,1,1,1,1,1,1,2,1,3,-1.3514295710540236,-1.200806345820989,0
0,0,0,0,-1.1145631287986442,1,0,0,0,0,0,0,0,0,0,1,1,-0.6883725679877406,-0.8513336222543834,0
0,1,1,0,1.6137012404433893,1,2,1,0,2,2,2,2,2,2,1,1,1.5301264272340338,1.427652138701178,0
1,1,1,1,1.6137012404433893,1,2,1,2,2,2,2,2,2,2,1,0,1.6680555782478224,1.503900732933892,0
0,1,0,0,-1.1960038562387048,1,0,1,0,0,2,0,0,0,0,0,3,0.3419415721152558,-0.8497451098745351,0
1,0,1,0,0.6364125111626608,1,0,2,1,1,1,1,1,1,2,0,3,-1.5126238800701375,1.572206765267365,0
0,0,0,0,1.247217966963116,1,0,1,0,0,2,2,2,0,1,1,1,0.8404806721650927,0.813956855953154,0
0,0,0,0,-0.21871512695797646,1,0,0,2,2,0,0,0,0,0,1,3,-0.2679379269457112,-1.124557751588275,0
1,0,1,1,1.5322605130033284,1,0,0,2,2,2,0,2,2,2,1,1,0.5114448661322006,0.7313542122010472,0
1,0,1,1,-1.0331224013585834,1,0,0,2,0,2,2,0,2,0,1,1,0.21896859410296257,0.5672079329500658,0
1,0,0,1,-1.318164947398796,1,0,2,1,1,1,1,1,1,2,0,3,-1.479387940066815,-1.7250154311708974,0
0,0,1,0,-1.2367242199587352,1,0,1,2,2,0,0,2,0,0,0,2,0.8504514541660894,-0.9323477536266419,0
1,1,0,0,-0.5037576729981889,1,2,1,0,0,2,0,2,2,0,1,2,1.1229861621933337,-0.9815916374019363,1
1,0,0,0,1.369379058123207,1,0,2,1,1,1,1,1,1,2,0,0,-1.4976677070686424,-1.4793255164210413,0
0,0,0,0,-1.1960038562387048,1,0,2,1,1,1,1,1,1,0,0,3,-1.4926823160681442,0.7647129721778596,0
0,0,0,1,-0.7073594915983407,1,0,1,0,2,0,0,0,2,0,1,0,0.7025515211513048,-1.4634403926225592,1
0,0,1,1,1.6137012404433893,1,2,1,2,2,0,2,0,0,2,1,0,0.8504514541660894,1.051174704677153,0
1,0,0,0,-1.2774445836787656,1,0,2,1,1,1,1,1,1,0,0,3,-1.461108173064988,-0.8661597377996333,0
0,0,0,0,-0.4223169455581282,1,0,1,0,0,0,0,2,2,0,0,2,0.8138919201624348,-0.9275822164870973,1
1,0,1,0,-1.1960038562387048,1,0,1,0,0,0,0,0,0,0,1,2,0.18407085709947407,-0.8200928787840353,1
0,0,1,1,1.6137012404433893,1,2,0,2,0,2,2,0,0,2,0,0,0.06940686408801149,0.407827190838629,0
1,0,1,1,1.3286586944031769,1,0,2,1,1,1,1,1,1,2,0,3,-1.491020519067978,-1.4422602275579164,0
0,0,0,0,-0.8702409464784621,0,1,0,0,0,0,0,2,0,0,1,3,-0.9625690730151509,-0.06343148184967251,0
1,0,0,0,-0.4223169455581282,1,2,1,0,2,0,0,0,0,0,1,3,0.46823814412788106,-1.1642705610844801,0
1,0,0,0,-0.748079855318371,1,0,2,1,1,1,1,1,1,1,0,0,-1.4744025490663168,-0.46003007268510826,0
1,0,0,0,0.35136996512244845,1,0,1,0,0,0,2,0,0,0,1,2,0.3153528201125979,-0.30594437183983214,0
1,0,1,0,-0.62591876415828,1,0,0,2,2,0,0,0,2,1,0,3,0.001273187081200524,-1.5518675817674428,0
1,0,0,0,-0.8702409464784621,1,0,2,1,1,1,1,1,1,0,1,1,-1.4727407520661506,-0.6617711449258306,0
1,0,0,0,-0.7073594915983407,1,2,1,0,0,0,0,2,2,0,1,2,0.9501592741760567,-1.2881745267126403,1
0,0,0,0,-1.2774445836787656,1,0,2,1,1,1,1,1,1,0,0,3,-1.491020519067978,-0.9349952742597223,1
0,0,1,0,-1.1145631287986442,1,0,1,2,0,2,0,0,2,0,1,3,0.8022593411612722,0.32310653058005795,1
1,0,1,0,0.025607055362205634,1,0,1,0,0,2,0,2,2,1,1,2,1.0315873271841969,-0.32765404103109097,1
0,0,1,0,1.6137012404433893,1,2,1,2,2,2,0,2,2,2,1,1,1.5251410362335358,1.4763665183498564,0
0,0,1,1,-1.1960038562387048,0,1,0,0,2,0,0,0,2,0,0,3,-0.8130073430001998,1.6473963512468468,0
1,0,0,0,-1.2367242199587352,1,2,1,0,2,0,0,0,0,0,1,2,0.572931355138347,-0.9847686621616327,1
0,0,1,0,1.0843365120829946,1,2,1,2,2,2,2,0,2,1,1,1,1.4038298552214086,0.9330952844417696,0
1,0,0,0,-1.2367242199587352,1,0,0,0,0,0,0,0,0,0,0,2,-0.6451658459834212,1.6113900706369542,1
1,0,1,1,1.5729808767233588,1,0,0,0,2,0,2,2,2,2,1,1,0.2854404741096075,0.568796445329914,0
0,0,1,1,-1.1145631287986442,1,0,0,0,0,0,0,0,0,0,0,3,-0.6634456129852487,-0.7586704000965713,0
1,0,1,1,-0.21871512695797646,1,0,0,2,2,0,0,0,0,0,1,1,-0.3327480099521901,-1.2336356016711851,0
0,0,0,0,-1.2774445836787656,1,0,0,0,0,0,2,0,0,0,1,2,-0.4174996569606623,0.5809750402420836,1
1,0,0,1,1.247217966963116,0,1,0,2,2,0,2,0,0,1,1,0,-0.803036560999203,-0.5394556916775186,0
0,1,0,0,0.5549717837226001,1,2,1,2,2,2,0,2,2,1,1,2,1.503537675231376,0.45707107461392343,1
1,0,1,1,1.6137012404433893,1,2,0,2,0,0,0,0,0,2,0,0,-0.31446824295036285,0.07635760757696973,0
0,0,1,0,0.06632741908223598,1,2,0,2,0,0,2,0,0,0,1,0,-0.13000877593192306,-0.8619237047867047,0
0,0,1,1,-0.3408762181180675,1,2,0,2,2,0,0,2,2,1,0,2,0.4532819711263863,-0.9916522158076416,0
1,0,0,0,1.6137012404433893,1,2,0,2,2,2,2,0,0,2,0,0,0.16246749609731476,0.47719223142533407,0
0,0,1,1,1.125056875803025,0,1,0,2,0,2,2,2,2,2,0,1,-0.16324471593524553,-0.0787871015215385,0
1,0,0,0,1.4508197855632678,1,2,0,2,2,2,0,0,2,1,1,1,0.4034280611214026,0.5269656193272445,0
0,0,1,1,-0.9924020376385531,1,0,2,1,1,1,1,1,1,2,1,3,-1.4926823160681442,-1.2759959318004708,0
0,0,0,1,0.06632741908223598,1,0,0,2,0,2,2,2,0,2,0,1,0.09599561609066982,-0.680303789357393,0
0,0,0,0,-1.0738427650786138,0,1,0,0,0,0,0,2,2,0,0,1,-0.6567984249845842,-0.3599537927546712,0
1,0,1,0,-1.2367242199587352,1,0,0,0,2,0,2,0,2,0,1,3,-0.018668376920792765,-1.3040596505111224,0
1,0,0,0,-0.055833672077855064,1,2,1,0,0,0,2,0,0,1,0,1,0.5629605731373504,-0.5595768484889293,0
0,0,1,1,-0.5037576729981889,1,2,2,1,1,1,1,1,1,0,1,0,-1.303237458049206,0.545498263758807,0
0,0,1,1,-1.2774445836787656,1,0,2,1,1,1,1,1,1,0,0,2,-1.4876969250676457,-0.8746318038254903,0
1,0,0,0,1.2064976032430856,1,2,1,0,0,2,0,2,2,1,1,2,1.0631614701873533,0.9209166895295999,1
0,1,1,0,1.5322605130033284,1,2,1,0,0,0,0,0,0,2,1,1,0.36188313611724954,0.6582826427280297,0
0,0,0,0,-0.9109613101984924,1,2,1,0,0,0,2,2,2,0,1,2,1.1213243651931677,-1.6657109689898977,1
1,0,1,1,0.26992923768238775,1,2,2,1,1,1,1,1,1,2,1,3,-1.3614003530550205,1.6293932109419005,0
0,0,1,0,0.5549717837226001,1,0,0,0,2,0,2,2,0,2,1,1,-0.018668376920792765,-0.3451276772094213,0
1,0,0,0,-1.0738427650786138,1,0,1,0,2,0,0,2,0,0,1,2,0.684271754149477,0.4623661158800841,1
0,0,1,1,1.6137012404433893,1,2,0,0,0,2,0,2,2,2,1,0,0.40010446712107006,0.6789333036660564,0
1,0,0,0,-0.5851984004382496,1,0,0,0,0,2,2,0,0,0,0,1,-0.31779183695069496,-1.6662404731165137,0
1,0,1,0,1.5729808767233588,1,2,1,2,0,2,2,2,2,2,1,1,1.4553455622265583,1.3641116435072498,0
1,0,1,0,0.3106496014024181,1,2,1,0,2,0,0,2,2,0,1,2,1.2143849972024705,0.13089653261842485,1
1,0,0,0,-1.2774445836787656,1,0,1,0,0,0,0,0,0,0,1,2,0.15914390209698223,1.159193546506831,1
1,0,0,0,1.0436161483629645,1,2,1,0,2,2,0,2,2,1,1,0,1.2791950802089493,0.8827923924132429,1
1,0,0,0,1.5322605130033284,1,2,1,2,0,0,2,2,2,2,1,1,1.304122035211441,1.2629763553235807,1
0,0,1,0,0.3920903288424788,1,2,2,1,1,1,1,1,1,2,0,2,-1.3132082400502028,-1.615937581087987,0
1,0,1,1,0.06632741908223598,0,1,0,2,0,0,0,0,0,1,0,0,-1.1420431490330922,1.67122403694457,0
1,1,0,0,-1.1145631287986442,1,0,2,1,1,1,1,1,1,0,0,0,-1.4860351280674797,1.6738715575776502,0
0,0,0,0,-0.30015585439803716,1,2,1,0,0,0,0,2,0,0,1,3,0.6593447991469852,-0.8174453581509549,0
0,0,0,0,-1.2367242199587352,1,0,1,0,0,2,0,0,2,0,1,3,0.7125223031523015,-1.031894529430463,1
0,0,1,1,0.9214550572028734,1,0,1,0,2,2,2,2,2,1,1,0,1.2941512532104444,0.75253437726569,0
1,0,1,0,-0.46303730927815856,1,2,1,0,2,2,2,2,2,0,1,2,1.5434208032353631,-0.6914233760163304,1
1,0,1,0,1.5322605130033284,1,2,1,2,2,0,2,0,0,2,1,1,0.7723469951582818,0.8711433016276895,0
0,0,1,0,1.1657772395230555,1,2,1,0,0,2,2,2,2,0,1,2,1.3822264942192488,1.1067726379718401,0
1,0,1,1,0.43281069256250915,1,0,0,2,0,2,2,2,2,2,1,1,0.47820892612887816,-0.08990668818047597,0
1,0,0,0,0.5956921474426305,1,2,1,0,2,2,0,2,2,1,1,2,1.2742096892084507,0.461836611753468,0
1,0,0,0,-1.1145631287986442,1,0,0,0,0,2,2,2,0,0,1,1,-0.02697736192162338,-0.2635840417105466,0
0,0,0,0,1.2064976032430856,1,2,2,1,1,1,1,1,1,2,1,1,-1.2949284730483754,-1.1896867591620515,0
0,0,1,1,-0.6666391278783103,1,0,1,0,2,2,0,2,0,0,1,1,0.8205391081630994,-1.3024711381312741,1
1,1,1,0,-1.0331224013585834,1,2,1,0,0,0,0,2,2,0,1,0,1.0249401391835322,1.0167569364471085,1
0,0,1,1,-0.748079855318371,1,2,2,1,1,1,1,1,1,0,0,3,-1.303237458049206,-0.028484209493011944,0
1,0,1,1,1.125056875803025,1,0,1,0,2,2,0,2,0,1,0,2,0.8703930181680831,0.6741677665265118,1
1,0,1,1,0.06632741908223598,0,1,0,0,0,2,2,2,0,0,1,2,-0.6617838159850825,-1.2902925432191046,0
0,0,1,0,0.7178532386027215,1,2,1,2,2,0,2,2,2,1,0,2,1.4553455622265583,0.7355902452139758,1
1,0,1,1,0.22920887396235737,1,2,2,1,1,1,1,1,1,2,0,1,-1.3198554280508674,1.702464780414918,0
0,0,1,1,1.5322605130033284,1,0,0,2,2,2,2,0,2,1,0,1,0.31036742911209936,0.5910356186477889,0
0,0,1,1,0.18848851024232702,1,2,1,0,2,0,0,2,0,0,1,2,0.7989357471609396,-0.1905124722375291,0
0,1,0,0,-1.1552834925186746,1,0,1,0,0,0,0,2,0,0,1,2,0.46823814412788106,-0.38854701559193894,1
1,1,1,1,1.125056875803025,1,2,1,2,2,0,0,0,2,0,1,2,0.9468356801757247,0.7980717321546719,0
1,0,1,1,1.2064976032430856,1,0,0,2,0,2,2,0,2,1,0,1,0.22063039110312907,0.2892182664766295,0
1,0,0,0,-1.2774445836787656,1,0,0,0,0,0,0,0,0,0,0,3,-0.6767399889865777,0.25585950649981715,1
1,0,0,0,0.14776814652229667,1,0,0,2,0,2,2,2,2,0,1,1,0.47987072312904416,-0.4192582549356709,0
1,0,0,0,0.47353105628253944,1,0,2,1,1,1,1,1,1,2,0,1,-1.4744025490663168,1.6299227150685165,0
0,1,0,0,0.9214550572028734,1,2,1,0,0,2,0,2,2,1,1,2,1.1711782751981514,0.6969364439710027,1
0,0,1,0,1.6137012404433893,1,2,1,2,0,2,0,2,2,2,1,1,1.3373579752147637,1.3551100733547765,0
0,0,1,1,-0.8295205827584317,1,0,2,1,1,1,1,1,1,1,0,0,-1.4943441130683104,-0.7020134585486518,1
0,0,0,0,-0.7888002190384014,0,1,0,2,0,0,0,0,0,0,1,0,-1.127086976031597,0.057295459018791246,0
1,0,0,0,-1.2774445836787656,1,0,1,0,0,0,0,2,2,0,1,2,0.8354952811645946,1.6129785830168022,1
0,0,1,1,-0.7073594915983407,1,0,2,1,1,1,1,1,1,1,0,3,-1.4694171580658184,-0.3753094124265372,0
0,0,0,0,1.3286586944031769,1,0,0,2,2,2,2,2,2,2,1,0,0.6676537841478158,0.6752267747797439,0
0,0,1,1,-0.8295205827584317,0,1,0,2,0,0,2,0,0,1,0,1,-1.0506443140239554,0.270156117918451,0
1,0,1,0,1.6137012404433893,1,2,0,2,2,2,2,2,2,2,1,1,0.9052907551715716,1.1163037122509294,0
0,0,1,1,1.6137012404433893,1,2,0,2,2,2,2,2,2,2,0,1,0.8321716871642622,1.0358190850052869,0
0,0,1,1,1.6137012404433893,1,2,1,2,2,2,2,2,2,2,1,0,1.6963061272506461,1.557910153848731,0
1,0,0,1,0.7992939660427822,1,2,0,2,2,0,2,2,2,2,1,3,0.677624566148813,0.28180520870400455,0
1,0,0,0,-1.2367242199587352,1,2,2,1,1,1,1,1,1,0,0,3,-1.3265026160515319,0.9431558628474749,0
0,0,0,0,-1.1145631287986442,1,0,0,2,0,0,2,2,0,0,1,2,-0.013682985920294679,-0.10949834086527052,0
0,0,0,0,1.4508197855632678,1,0,2,1,1,1,1,1,1,2,0,1,-1.4710789550659844,-1.3088251876506671,0
0,0,0,1,1.2064976032430856,1,2,1,0,0,2,0,2,2,1,1,2,1.1761636661986499,1.0109323910543317,1
1,0,0,0,1.6137012404433893,1,2,0,2,2,0,2,2,2,2,0,1,0.7075369121518029,0.9754556145710551,0
1,0,0,0,-1.2774445836787656,1,0,0,0,2,0,0,0,0,0,0,2,-0.46402997296531395,0.5174345450481553,1
0,0,1,0,1.369379058123207,1,2,1,2,2,0,2,0,0,1,0,2,0.8055829351616043,0.837255037524261,0
1,0,1,1,1.6137012404433893,0,1,0,2,2,2,2,2,2,2,1,1,0.001273187081200524,0.38929454640706657,0
1,0,0,0,-0.2594354906780068,1,0,2,1,1,1,1,1,1,1,0,1,-1.4943441130683104,0.33475562136561143,0
1,0,1,1,1.2879383306831464,1,2,1,2,0,2,0,0,2,2,0,0,0.9518210711762233,0.8160748724596183,0
1,1,1,0,-0.5037576729981889,1,0,1,0,2,0,0,0,0,0,1,2,0.2954112561106046,-1.27070089053431,1
0,0,0,0,-1.1960038562387048,1,0,1,0,2,0,0,2,2,0,1,2,1.0083221691818711,-0.31282792548584104,1
1,0,0,0,-0.4223169455581282,1,2,1,0,0,0,0,2,2,0,1,1,0.9933659961803764,-0.8068552756186336,1
1,0,1,0,-1.1552834925186746,1,0,1,0,0,2,2,0,0,0,1,3,0.5264010391336954,-0.2572299921911538,1
1,0,1,0,1.2064976032430856,0,1,0,0,0,0,2,2,0,2,1,0,-0.8562140650045189,-0.6813627976106251,0
0,0,0,0,-1.1145631287986442,1,0,2,1,1,1,1,1,1,0,1,3,-1.4710789550659844,-1.6826551010416118,0
1,0,1,0,1.0843365120829946,1,2,1,0,0,0,0,0,2,1,0,2,0.6909189421501416,0.5497342967717355,1
1,0,0,1,-1.1960038562387048,1,2,2,1,1,1,1,1,1,2,1,3,-1.2749869090463821,-1.522215350676943,0
0,0,1,0,1.6137012404433893,1,2,1,2,0,2,2,2,0,2,1,0,1.111353583192171,1.2020833807627327,0
1,0,1,1,1.002895784642934,1,0,1,0,2,2,0,2,2,1,1,1,1.0897502221900113,0.7276476833147347,0
1,0,0,1,1.369379058123207,1,0,2,1,1,1,1,1,1,2,0,1,-1.4893587220678117,-1.4639698967491752,0
0,0,0,0,1.125056875803025,0,1,0,0,2,0,0,2,2,0,1,2,-0.46402997296531395,-0.33189007404401955,1
1,0,0,1,0.5142514200025698,1,2,1,0,0,2,0,2,2,2,0,0,1.1612074931971548,0.35646529055687026,0
0,0,0,0,-1.1960038562387048,0,1,0,0,0,0,0,2,0,0,1,1,-0.9958050130184734,-1.591050887137032,0
0,0,0,0,-0.7073594915983407,1,0,1,2,0,2,2,2,2,0,0,2,1.3406815692150957,-1.176978660123266,1
0,0,0,1,0.758573602322752,0,1,0,2,0,2,2,2,2,1,0,0,-0.15327393393424887,-0.3117689172326089,0
0,0,0,0,1.125056875803025,1,2,0,2,0,2,2,0,0,1,0,2,-0.00038860991896550476,0.10336231803438926,0
1,0,0,0,0.025607055362205634,1,2,0,0,2,0,0,0,0,0,1,0,-0.33607160395252245,-1.116085685562418,0
1,0,0,0,-0.9109613101984924,1,0,1,2,2,2,2,2,2,0,1,2,1.506861269231708,-1.6810665886617635,1
1,1,0,0,-0.2594354906780068,1,0,2,1,1,1,1,1,1,1,0,1,-1.5109620830699715,0.5364966936063338,0
0,0,0,0,-1.0738427650786138,1,0,1,0,0,2,0,0,2,0,0,2,0.6360796411446599,0.5015494212496733,1
0,0,1,0,1.4100994218432374,1,2,1,2,0,2,2,2,2,1,1,2,1.5450826002355291,1.3371069330498302,0
0,0,1,1,0.6771328748826912,0,1,0,2,0,0,2,0,0,1,1,1,-0.9625690730151509,-1.0297765129239986,0
1,0,0,0,-1.2774445836787656,1,0,2,1,1,1,1,1,1,0,1,3,-1.4860351280674797,-0.8741022996988743,0
0,1,0,0,-1.0331224013585834,1,0,1,0,0,2,0,2,0,0,1,2,0.6510358141461546,0.9092675987440464,0
0,1,0,0,-0.21871512695797646,1,2,1,2,2,2,0,2,2,1,1,0,1.5201556452330371,-0.41872875080905486,0
1,0,1,1,0.18848851024232702,1,0,1,0,0,0,0,2,2,1,0,1,0.8787020031689138,-0.22863676935388608,0
0,0,1,1,1.247217966963116,1,2,1,2,2,2,0,2,0,0,1,2,1.1894580421999785,0.9484509041136355,1
1,0,1,1,-0.055833672077855064,1,2,1,2,0,2,2,0,0,0,0,2,0.8155537171626008,-0.43143684984784053,0
1,0,1,1,0.7178532386027215,1,2,1,0,2,2,0,2,2,0,1,0,1.2991366442109427,0.5253771069473964,1
1,1,0,0,-0.015113308357824713,1,2,1,0,0,2,0,0,0,0,1,1,0.5430190091353566,-0.5251590802588848,0
0,0,0,0,-1.2774445836787656,0,1,0,0,0,0,0,0,0,0,0,2,-1.3348116010523623,-0.6442975087475004,1
0,0,1,0,1.247217966963116,1,2,1,0,0,0,2,0,0,1,1,1,0.5463426031356892,0.499960908869825,0
1,0,0,0,-0.0965540357978854,1,2,1,2,2,0,0,0,2,0,1,1,0.9817334171792131,-0.4923298244086885,0
1,0,1,0,1.5729808767233588,1,2,1,2,2,2,2,2,2,2,1,0,1.7062769092516428,1.5271989145049991,0
0,0,0,0,0.8400143297628127,1,2,1,0,2,2,0,2,2,2,0,2,1.3556377422165908,0.760476939164931,0
0,0,0,0,-0.8295205827584317,1,0,1,2,0,0,2,2,2,0,1,0,1.1346187411944968,-1.6021704737959692,1
1,0,1,0,0.7178532386027215,1,2,1,2,2,0,0,0,2,0,1,1,0.9850570111795457,0.4798397520584144,0
0,0,0,0,-1.2367242199587352,1,0,2,1,1,1,1,1,1,0,0,3,-1.504314895069307,-0.4827987501295992,0
0,0,0,0,-0.9516816739185228,1,2,1,0,0,2,0,2,2,0,0,1,1.114677177192503,1.6516323842597753,1
1,0,0,0,-0.62591876415828,1,0,1,2,0,0,0,2,2,0,0,2,0.966777244177718,-1.1441494042730695,1
0,0,1,0,0.9621754209229036,1,0,1,2,2,2,0,2,2,1,1,1,1.3572995392167568,0.9007955327181894,0
1,0,1,1,1.4100994218432374,1,0,0,2,2,2,0,2,2,2,0,1,0.5513279941361872,0.6498105767021726,0
1,1,0,0,-0.9516816739185228,1,2,1,0,0,2,0,2,2,0,1,2,1.1877962451998125,1.6436898223605343,1
1,0,0,0,-1.1552834925186746,1,0,0,0,0,0,0,2,0,0,1,2,-0.2779087089467081,-0.679774285230777,0
1,0,0,0,-0.5444780367182193,1,0,0,0,2,0,2,0,2,1,1,0,0.019552954083027783,-1.5010351856123,0
0,0,0,1,-0.9924020376385531,1,0,2,1,1,1,1,1,1,0,0,3,-1.4893587220678117,-1.0901399833582306,0
0,0,0,0,1.5729808767233588,1,2,1,0,2,2,2,2,2,2,1,2,1.5450826002355291,1.4546568491585976,0
1,1,0,0,-0.9109613101984924,1,0,1,0,2,0,0,0,0,0,1,2,0.2688225041079463,1.1491329681011258,1
0,1,0,0,-0.7073594915983407,1,2,1,0,2,0,0,2,0,0,0,1,0.8055829351616043,-1.4475552688240771,0
1,0,1,1,1.6137012404433893,1,2,1,2,0,2,0,2,2,1,1,0,1.3739175092184182,1.4165325520422407,0
1,0,0,0,-0.8295205827584317,1,0,2,1,1,1,1,1,1,1,0,1,-1.4860351280674797,-0.4955068491683849,0
1,0,1,1,1.6137012404433893,1,2,2,1,1,1,1,1,1,2,1,0,-1.3148700370503688,-1.0154799015053648,0
1,1,1,0,-1.2774445836787656,1,2,1,0,0,0,0,0,0,0,1,2,0.2920876621102721,1.2756844543623662,1
0,1,0,0,-0.38159658183809786,1,0,1,2,0,0,0,0,0,0,1,0,0.35357415111641893,-1.1314413052342838,0
1,0,0,0,1.6137012404433893,0,1,0,2,2,2,2,2,2,2,1,0,0.02620014208369237,0.4263598352701914,0
0,0,0,0,-0.2594354906780068,1,2,1,0,0,2,0,0,0,0,1,2,0.5297246331340278,-0.765024449615964,0
0,0,0,0,-0.46303730927815856,1,0,1,0,2,2,2,2,2,1,1,3,1.3224018022132684,-0.7332542020189999,0
1,0,1,0,1.125056875803025,1,2,2,1,1,1,1,1,1,1,0,0,-1.3497677740538576,-1.2384011388107299,0
1,0,0,0,-0.8295205827584317,1,0,2,1,1,1,1,1,1,0,0,3,-1.4727407520661506,-0.557988336109081,0
1,0,1,0,-0.6666391278783103,1,2,1,0,0,0,0,0,0,0,1,2,0.35357415111641893,-1.5396889868552732,0
0,0,1,0,1.247217966963116,1,2,0,2,2,0,0,2,2,1,1,1,0.4964886931307054,0.41735826511771823,0
0,1,0,0,-0.4223169455581282,1,0,1,2,2,0,0,0,0,0,0,2,0.5629605731373504,-0.9969472570738023,0
0,0,1,1,-0.015113308357824713,1,0,0,2,2,2,2,0,2,0,0,0,0.38348649711940885,-0.6400614757345717,0
0,1,0,0,-1.1960038562387048,1,2,1,0,2,0,0,0,0,0,1,2,0.48651791112970877,-0.8349189943292852,1
0,0,0,0,-0.7888002190384014,1,0,1,0,2,2,0,0,0,0,1,2,0.544680806135523,1.6908156896293645,1
0,0,1,1,1.4508197855632678,1,2,1,0,2,0,2,2,2,2,1,1,1.2958130502106107,1.2079079261555095,0
0,0,1,1,-0.0965540357978854,1,0,1,0,0,2,0,0,2,1,0,2,0.720831288153132,-0.56487188975509,0
0,0,0,0,-0.6666391278783103,1,0,1,0,2,0,0,0,0,0,0,0,0.3436033691154218,-1.5190383259172464,0
1,0,0,0,0.025607055362205634,1,0,1,0,2,0,2,0,0,2,0,0,0.5264010391336954,-0.5076854440805545,0
1,0,1,0,1.6137012404433893,1,0,2,1,1,1,1,1,1,2,0,1,-1.5109620830699715,-1.4290226243925148,0
0,1,0,0,-1.1552834925186746,1,2,1,0,0,0,0,0,2,0,1,2,0.6593447991469852,-0.07508057263522602,1
0,0,0,0,-0.8295205827584317,0,1,0,2,0,0,2,0,0,1,1,3,-1.03568814102246,0.23362033318194225,0
0,1,1,0,-1.1552834925186746,1,2,1,0,0,0,0,2,0,0,1,2,0.6144762801425001,-0.3107099089793768,0
0,0,1,1,-1.318164947398796,1,0,0,2,2,2,0,2,2,2,0,3,0.534710024134526,-1.7250154311708974,0
0,0,0,0,-1.0738427650786138,1,2,1,2,0,0,0,0,0,0,1,2,0.4748853321285456,0.22885479604239764,1
0,0,1,0,1.3286586944031769,1,2,1,0,2,2,2,2,2,1,1,1,1.438727592224897,1.2322651159798486,0
0,0,0,0,-0.7073594915983407,1,0,2,1,1,1,1,1,1,0,0,3,-1.491020519067978,-0.25193495092499313,0
0,0,0,1,-0.3408762181180675,1,0,2,1,1,1,1,1,1,1,0,0,-1.4527991880641573,0.6270418992576816,0
0,0,0,1,-0.7888002190384014,0,1,0,0,2,0,0,0,0,0,0,2,-1.150352134033923,0.006992566990264685,0
1,0,0,0,-0.3408762181180675,1,0,1,0,0,0,0,0,2,0,1,1,0.5014740841312035,-0.8629827130399369,0
0,0,1,0,1.6137012404433893,0,1,0,2,2,2,2,2,2,2,0,0,0.02453834508352634,0.4830167768181108,0
0,0,1,1,0.880734693482843,1,2,1,2,2,0,0,2,2,0,1,0,1.3074456292117733,0.7493573525059936,0
0,0,0,0,-1.1960038562387048,1,2,1,0,0,0,0,0,0,0,0,0,0.32033821111309646,-0.7888521353136871,1
1,0,1,1,-1.1552834925186746,1,0,2,1,1,1,1,1,1,0,1,3,-1.4710789550659844,1.38158527968558,0
0,1,1,1,-0.015113308357824713,1,2,1,0,0,2,0,2,0,0,1,3,0.8836873941694119,-0.4017846187573407,0
1,1,0,0,0.10704778280226633,1,2,1,0,0,2,0,2,2,0,1,2,1.1396041321949948,-0.16880280304627027,1
1,0,1,1,0.10704778280226633,1,0,2,1,1,1,1,1,1,2,0,0,-1.4710789550659844,1.3556395774813927,0
1,1,0,0,-1.2367242199587352,1,0,0,0,0,0,0,0,0,0,0,3,-0.6584602219847502,1.5626756909882757,1
0,0,0,0,-0.9924020376385531,1,0,1,0,2,0,0,0,0,0,0,2,0.36022133911708304,0.6402795024230833,0
1,0,0,0,-0.4223169455581282,1,0,0,2,0,0,2,0,0,0,0,3,-0.32111543095102724,-1.4809140288008895,0
0,0,0,0,-0.7073594915983407,1,0,0,2,0,2,2,0,0,0,0,2,-0.1931570619382357,1.6929337061358287,0
1,0,0,0,-0.4223169455581282,1,2,1,0,0,0,0,2,2,0,1,2,1.0083221691818711,-0.7835570940475265,0
1,0,1,0,-1.2774445836787656,1,0,0,0,0,0,0,0,0,0,0,1,-0.6667692069855808,0.2585070271328975,1
0,0,1,1,1.5729808767233588,1,2,2,1,1,1,1,1,1,2,0,0,-1.3065610520495383,-1.001712794213347,0
1,0,0,0,-1.1552834925186746,1,0,0,2,0,2,0,0,0,0,0,2,-0.2662761299455452,-0.6125272611505361,0
1,0,0,0,-0.30015585439803716,1,2,0,2,2,2,2,0,2,0,0,0,0.5646223701375164,-0.8460385809882226,0
0,0,1,1,-0.015113308357824713,1,0,1,0,2,0,0,2,0,0,1,2,0.7091987091519689,-0.4716791634706618,0
1,1,1,0,-1.0331224013585834,0,1,0,2,0,0,0,0,0,0,0,0,-1.1619847130350858,-0.7586704000965713,0
1,0,0,0,-0.62591876415828,1,0,2,1,1,1,1,1,1,1,1,3,-1.4710789550659844,-0.05390040757058326,0
1,1,1,0,-0.9924020376385531,1,0,0,2,0,0,0,2,0,0,0,0,-0.12834697893175703,0.6985249563508509,0
0,1,0,0,0.9621754209229036,1,2,0,2,0,2,2,0,2,2,0,0,0.28211688010927544,0.10971636755378208,0
1,0,0,0,-1.2774445836787656,1,0,0,0,0,0,0,0,0,0,1,3,-0.6335332669822583,0.29874934075571874,1
1,1,0,0,-0.9924020376385531,1,0,1,2,0,0,2,2,2,0,0,1,1.1811490571991479,1.5303759392646954,1
1,0,0,0,-1.0331224013585834,1,0,2,1,1,1,1,1,1,0,0,2,-1.5126238800701375,-1.6037589861758175,1
1,0,0,1,-1.1960038562387048,1,0,2,1,1,1,1,1,1,0,0,3,-1.4594463760648215,0.8764383428938501,0
0,0,0,0,1.5729808767233588,1,0,0,2,2,2,2,2,0,2,0,1,0.4183842341228973,0.7122920636428687,0
0,0,0,0,-1.2367242199587352,1,2,1,0,0,0,0,2,2,0,1,2,1.0382345151848615,-1.0604877522677305,1
0,0,0,0,-1.2774445836787656,1,0,1,0,0,0,0,2,2,0,0,2,0.8570986421667539,1.6235686655491237,1
1,0,1,0,0.6771328748826912,1,2,1,2,2,0,0,2,0,0,1,0,0.966777244177718,0.39458958767322727,0
1,0,0,0,1.0436161483629645,1,0,0,0,2,2,2,2,0,2,0,0,0.1774236690988095,0.10759835104731781,0
1,1,1,0,0.47353105628253944,0,1,0,0,2,0,0,0,0,0,1,2,-1.1437049460332582,-1.3792492364906042,1
0,0,1,1,1.0843365120829946,1,0,0,0,2,0,2,2,2,2,1,1,0.3718539181182462,0.3252245470865222,0
1,0,0,0,1.5729808767233588,1,2,1,2,0,2,2,2,2,2,1,2,1.438727592224897,1.3397544536829107,1
1,0,0,0,-1.2774445836787656,1,0,1,0,0,0,0,0,0,0,1,2,0.17077648109814536,1.1629000753931436,1
0,0,0,0,-0.8702409464784621,1,2,1,0,0,0,0,0,0,0,0,2,0.3485887601159204,1.6060950293707934,0
1,1,1,0,1.2064976032430856,1,2,1,0,2,2,0,2,2,1,1,2,1.2958130502106107,1.0003423085220102,1
0,0,1,1,0.10704778280226633,1,0,0,2,0,0,2,0,0,1,1,0,-0.32610082195152557,-0.9212281669677045,0
0,0,0,0,-0.5037576729981889,1,0,2,1,1,1,1,1,1,0,1,0,-1.504314895069307,0.13936859864428197,0
1,0,1,1,0.3106496014024181,1,0,2,1,1,1,1,1,1,2,0,3,-1.5009913010689746,1.4784845348563207,0
0,0,0,0,0.26992923768238775,1,0,0,2,0,0,0,0,0,1,1,2,-0.562075995975115,-0.9514099021848204,0
1,0,0,0,-1.2774445836787656,1,2,1,0,0,0,0,0,2,0,1,2,0.7258166791536301,1.580149327166606,1
0,0,1,1,1.6137012404433893,1,2,2,1,1,1,1,1,1,2,0,0,-1.3630621500551865,-1.108143123663177,0
0,1,1,0,0.025607055362205634,1,2,1,0,2,0,0,0,0,0,1,0,0.5264010391336954,-0.5045084193208581,1
0,0,0,0,-0.8295205827584317,1,0,0,0,0,0,0,0,0,0,0,0,-0.6966815529885713,0.6545761138417172,0
1,0,0,0,-1.2774445836787656,1,0,2,1,1,1,1,1,1,0,0,0,-1.4960059100684764,-0.9365837866395704,0
1,0,0,1,-0.21871512695797646,1,0,2,1,1,1,1,1,1,0,0,3,-1.51594747407047,0.6439860313093958,0
1,0,1,1,0.06632741908223598,1,0,2,1,1,1,1,1,1,1,0,1,-1.5009913010689746,1.1152447039976974,0
0,0,1,0,0.9621754209229036,1,0,1,2,0,2,0,0,0,2,0,0,0.5164302571326987,0.308280415034808,0
0,0,0,0,1.0436161483629645,1,2,2,1,1,1,1,1,1,2,0,1,-1.343120586053193,-1.3114727082837474,0
0,0,1,1,-0.4223169455581282,1,2,2,1,1,1,1,1,1,2,0,1,-1.3132082400502028,0.7117625595162527,0
0,0,1,1,-0.9109613101984924,1,2,2,1,1,1,1,1,1,2,0,1,-1.2849576910473786,-0.7274296566262232,0
1,0,0,0,-0.7888002190384014,1,0,2,1,1,1,1,1,1,2,0,1,-1.4876969250676457,-0.49074131202884025,0
0,0,0,0,0.10704778280226633,1,2,1,0,2,0,2,0,0,0,0,1,0.682609957149311,-0.3906650320984032,1
0,0,0,0,0.06632741908223598,1,0,1,0,0,0,0,0,0,0,1,1,0.17410007509847744,-0.6347664344684111,1
0,1,0,0,-1.1552834925186746,1,2,1,0,0,0,0,2,2,0,1,2,0.9817334171792131,0.1902009947994246,1
1,0,1,0,1.6137012404433893,1,0,2,1,1,1,1,1,1,2,0,0,-1.46443176706532,-1.2558747749890602,0
1,0,0,0,-1.2367242199587352,1,0,0,0,0,0,2,2,2,0,0,2,0.18407085709947407,-1.415255517100497,0
0,0,0,0,-1.0331224013585834,1,0,1,0,0,2,0,2,2,0,1,2,1.0166311541827018,1.0644123078425547,1
1,1,1,0,-0.21871512695797646,1,2,1,0,0,0,0,0,0,0,1,2,0.356897745116751,-0.9455853567920436,1
1,0,1,1,-1.1552834925186746,1,0,1,0,0,0,0,0,0,0,1,3,0.15914390209698223,-0.42402379207521557,0
0,0,0,0,0.18848851024232702,1,0,2,1,1,1,1,1,1,2,0,3,-1.4926823160681442,1.4133555272825442,0
1,0,0,0,-0.46303730927815856,1,0,2,1,1,1,1,1,1,0,0,3,-1.4876969250676457,0.162666780215389,0
0,1,1,0,0.8400143297628127,1,2,1,0,0,0,0,2,2,1,1,1,1.0332491241843629,0.5237885945675481,0
0,0,0,0,-0.5851984004382496,1,2,1,0,0,0,2,0,2,0,1,2,0.8421424691652587,-1.155798495058623,1
0,0,0,0,-1.2367242199587352,1,0,1,0,0,0,0,0,0,0,0,2,0.13920233809498894,-1.537570970348809,1
1,0,1,1,-0.015113308357824713,1,2,1,2,0,0,0,2,2,0,1,1,1.156222102196656,-0.2503464385451449,1
1,1,1,0,-0.38159658183809786,1,0,2,1,1,1,1,1,1,1,1,2,-1.462769970065154,0.44065644668882525,0
1,0,0,0,-1.1960038562387048,1,0,0,2,0,0,0,0,0,0,1,3,-0.4856333339674735,-1.1648000652110961,0
0,0,1,1,1.5729808767233588,0,1,0,2,2,0,2,2,2,2,0,3,-0.20312784393923258,0.14942917704998726,0
1,0,0,0,-0.9516816739185228,1,0,1,0,0,0,2,2,2,0,1,0,1.0349109211845293,1.5155498237194456,0
0,0,0,0,-1.2774445836787656,1,0,0,0,2,0,0,0,0,0,0,2,-0.5072366949696331,0.4671316530196287,0
1,0,1,1,-0.5851984004382496,1,0,0,0,0,2,0,0,2,0,0,2,-0.24301097194321938,1.7247039537327928,1
1,0,1,1,-0.8295205827584317,1,0,0,0,0,0,0,0,2,1,0,1,-0.3693075439558449,1.1766671826851614,1
1,0,1,0,1.5729808767233588,1,2,0,2,2,2,2,0,2,2,1,3,0.5097830691320341,0.7228821461751901,0
0,0,0,0,1.2879383306831464,1,2,2,1,1,1,1,1,1,1,1,0,-1.341458789053027,-1.163211552831248,0
1,0,0,0,-1.1552834925186746,0,1,0,0,0,0,2,0,2,0,1,2,-0.8213163280010305,-1.1499739496658463,0
0,0,0,0,-0.38159658183809786,1,0,2,1,1,1,1,1,1,0,1,3,-1.504314895069307,0.3834700010142898,0
0,0,1,1,0.26992923768238775,1,0,0,2,0,0,0,0,0,0,0,1,-0.45572098796448335,-0.8301534571897405,0
1,0,1,0,-0.1779947632379461,1,0,0,2,0,0,2,0,0,1,0,3,-0.34604238595351905,-1.3067071711442027,0
0,1,0,0,-1.1145631287986442,1,0,1,0,2,0,0,2,0,0,1,2,0.6626683931473177,0.05147091362601449,0
0,1,1,0,0.5142514200025698,1,0,1,0,0,2,0,0,2,0,1,2,0.7091987091519689,0.023936699041978895,0
1,0,0,0,0.18848851024232702,1,0,1,0,0,0,0,0,0,0,1,3,0.1857326540996401,-0.5553408154760007,0
0,1,1,0,1.125056875803025,1,0,1,2,2,2,2,2,2,2,1,0,1.503537675231376,1.0792384233878045,0
1,1,0,0,-0.9924020376385531,1,2,1,0,0,2,0,2,2,0,1,2,1.1911198392001445,1.5017827164274278,1
0,0,0,0,0.5956921474426305,1,2,1,2,0,2,0,2,0,1,0,1,1.001674981181207,0.3490522327842453,0
1,0,1,1,-0.2594354906780068,1,2,1,0,0,0,0,2,0,0,1,2,0.6310942501441613,-0.8269764324300442,1
0,1,1,1,-1.1960038562387048,1,0,1,2,0,0,2,2,0,0,1,3,0.7823177771592784,-0.4663841222045011,1
0,0,1,1,0.7178532386027215,1,0,1,0,0,0,0,0,0,0,1,0,0.1657910900976468,-0.09414272119340451,0
1,0,1,1,-0.21871512695797646,1,2,0,0,0,0,2,2,2,0,0,0,0.22727757910379318,-0.8995184977764457,0
0,1,0,0,-0.9924020376385531,1,0,1,0,0,2,0,2,2,0,1,2,0.9086143491719036,1.2709189172228217,1
0,0,1,0,1.2064976032430856,1,2,2,1,1,1,1,1,1,2,0,0,-1.3663857440555187,-1.3183562619297562,0
0,0,1,0,1.5729808767233588,1,0,0,2,0,2,2,2,2,2,0,0,0.5679459641378485,0.8478451200565824,0
1,0,0,0,1.369379058123207,1,2,2,1,1,1,1,1,1,2,0,3,-1.3181936310507012,-1.0927875039913109,0
1,0,1,1,1.4508197855632678,1,2,1,2,2,2,2,2,2,2,1,0,1.6597465932469917,1.4170620561688567,0
0,0,0,0,-0.7888002190384014,0,1,0,0,0,2,0,2,2,0,0,2,-0.518869273970796,1.0305240437391263,0
1,0,1,0,0.9621754209229036,1,0,1,0,0,0,0,0,2,1,1,2,0.5363718211346925,0.33157859660591504,0
1,0,1,0,0.22920887396235737,1,0,1,2,2,0,0,0,0,0,1,2,0.4881797081298748,-0.3424801565763409,1
1,1,0,0,-0.748079855318371,1,0,1,0,0,0,0,2,2,0,0,1,0.8537750481664219,-1.4682059297621037,1
0,0,0,1,-0.6666391278783103,1,0,2,1,1,1,1,1,1,1,1,0,-1.5109620830699715,-0.07455106850860996,0
0,0,1,1,-0.748079855318371,1,0,1,0,0,0,0,0,0,0,0,2,0.18074726309914202,-1.6773600597754512,0
1,0,1,1,-0.015113308357824713,1,0,1,0,0,0,0,0,0,0,1,0,0.1657910900976468,-0.6750087480912323,1
0,0,0,0,-0.9924020376385531,1,0,0,2,0,0,2,0,0,1,0,0,-0.3493659799538514,0.28339372108385275,0
0,0,1,1,0.43281069256250915,1,2,1,0,0,2,0,2,2,0,1,0,1.1479131171958254,0.17802239988725502,0
0,0,0,0,0.7992939660427822,1,2,0,2,0,2,2,2,0,1,0,1,0.3070438351117673,0.03134975681460386,0
1,0,0,0,-1.1960038562387048,1,0,0,0,0,0,2,0,0,0,1,3,-0.4823097399671412,-1.2288700645316406,0
1,0,0,0,-0.13727439951791576,1,0,2,1,1,1,1,1,1,1,1,3,-1.4943441130683104,0.7742440464569488,0
0,0,0,0,-1.2774445836787656,1,0,2,1,1,1,1,1,1,0,0,3,-1.4993295040688086,-0.9376427948928026,1
1,1,0,0,-0.8295205827584317,0,1,0,0,0,2,2,0,2,0,1,2,-0.7016669439890695,0.6053322300664228,1
0,0,1,1,-0.6666391278783103,0,1,0,0,0,0,0,0,2,0,1,1,-0.9725398550161476,0.7027609893637795,0
0,0,0,0,0.3106496014024181,1,2,0,0,0,2,2,2,2,1,1,3,0.531386430134194,-0.24875792616529668,0
0,0,0,0,-1.1145631287986442,0,1,0,0,0,2,0,0,2,0,0,2,-0.8395960950028577,-0.8073847797452496,1
1,0,1,0,0.3106496014024181,1,2,1,0,0,0,0,2,2,0,1,0,1.074794049188516,-0.033249746632556566,1
0,0,0,0,0.14776814652229667,1,0,2,1,1,1,1,1,1,1,0,3,-1.502653098069141,0.9468623917337874,0
0,0,0,0,-1.1145631287986442,1,0,1,0,0,0,0,0,2,0,1,2,0.5064594751317021,0.1351325656313534,1
0,0,0,0,-0.9109613101984924,1,0,1,2,0,0,0,2,0,0,1,3,0.6626683931473177,1.5293169310114634,1
1,0,1,1,-1.2367242199587352,1,0,1,0,0,0,0,2,2,0,1,0,0.8238627021634315,-0.9762965961357757,1
1,0,0,0,-0.38159658183809786,1,2,1,0,0,0,2,2,0,0,1,2,0.85876043916692,-0.9058725472958384,1
1,0,1,1,-0.2594354906780068,1,0,2,1,1,1,1,1,1,1,1,0,-1.4860351280674797,0.5396737183660302,0
0,1,1,0,1.6137012404433893,1,2,1,2,2,2,0,2,2,2,1,2,1.58330393123935,1.472659989463544,0
0,0,1,0,0.06632741908223598,1,0,0,0,0,0,2,0,0,0,0,0,-0.48397153696730727,-1.0006537859601148,0
1,0,0,0,-0.9109613101984924,1,0,0,2,0,0,2,2,0,0,0,0,-0.08347845992727167,0.9203871854029839,0
0,0,0,0,-0.748079855318371,1,0,0,2,0,0,2,0,0,1,0,3,-0.3011738669490337,1.4488323037658208,0
0,0,0,0,-0.38159658183809786,1,2,1,2,0,0,0,2,0,0,1,0,0.8404806721650927,-0.7803800692878301,1
1,0,1,0,0.5956921474426305,1,0,2,1,1,1,1,1,1,2,0,3,-1.4993295040688086,1.710936846440775,0
1,0,1,0,-0.3408762181180675,1,0,1,2,0,0,2,0,2,0,1,2,0.8138919201624348,-0.7475508134376337,0
1,0,1,0,0.6771328748826912,1,2,1,0,2,0,0,2,2,0,1,0,1.1396041321949948,0.4422449590686735,1
1,1,0,0,-0.5037576729981889,1,0,0,2,0,0,2,0,0,1,0,3,-0.357674964954682,-1.668887993749594,0
0,0,0,0,-1.2367242199587352,1,0,1,0,0,0,0,0,0,0,0,0,0.1657910900976468,-1.2955875844852653,1
0,0,0,0,-1.2367242199587352,1,0,0,0,2,0,0,0,0,0,1,1,-0.5221928679711283,1.633629243954829,1
1,0,0,0,-0.4223169455581282,0,1,0,0,0,2,2,2,2,2,0,0,-0.2662761299455452,-1.4284931202658986,0
1,0,0,0,-1.0331224013585834,1,2,1,0,0,2,0,2,2,0,1,0,1.1063681921916724,1.2349126366129288,1
1,0,0,0,-1.2774445836787656,1,0,2,1,1,1,1,1,1,0,0,3,-1.451137391063991,-0.8089732921250978,0
0,0,1,1,1.0843365120829946,1,2,1,0,2,0,2,0,2,0,1,0,1.0598378761870213,0.721823137921958,0
0,0,1,1,1.0436161483629645,1,2,2,1,1,1,1,1,1,1,1,1,-1.3381351950526947,-1.2505797337228994,0
0,0,0,0,0.35136996512244845,1,2,1,2,2,2,2,2,2,0,1,0,1.653099405246327,0.315693472807433,1
0,1,0,0,1.0843365120829946,1,2,1,0,2,0,0,0,0,2,1,1,0.47987072312904416,0.34005066263177214,0
0,0,1,1,-1.1960038562387048,1,0,1,0,0,0,0,0,0,0,1,2,0.15914390209698223,-0.864041721293169,0
1,0,0,0,-0.015113308357824713,1,0,2,1,1,1,1,1,1,2,1,0,-1.4860351280674797,0.9278002431756088,0
1,1,1,0,0.5549717837226001,1,2,1,0,0,2,0,2,2,0,1,2,1.1329569441943304,0.33316710898576324,0
1,0,1,1,-1.318164947398796,1,2,2,1,1,1,1,1,1,2,0,3,-1.2965902700485417,-1.7250154311708974,0
1,0,0,0,-1.2367242199587352,1,0,1,0,0,0,0,0,2,0,1,2,0.5380336181348585,-1.0853744462186858,1
0,0,1,1,0.7992939660427822,1,0,2,1,1,1,1,1,1,1,0,1,-1.5009913010689746,-1.7101893156256474,0
0,1,0,0,-0.7888002190384014,1,0,1,0,0,2,0,0,0,0,1,2,0.3170146171127639,1.6770485823373467,1
0,1,0,0,-0.8702409464784621,1,0,1,0,0,0,0,2,2,0,0,0,0.82884809316393,-1.676830555648835,1
1,0,0,0,-0.015113308357824713,1,2,1,2,0,0,2,0,0,0,0,0,0.7607144161571191,-0.45314651903909936,0
1,1,1,0,-0.62591876415828,1,2,1,0,0,2,0,2,2,0,1,1,1.1861344481996465,-1.1462674207795338,1
0,0,0,0,-0.6666391278783103,1,2,1,0,0,0,0,0,0,0,1,1,0.3319707901142591,-1.5947574160233444,0
0,0,0,0,0.758573602322752,1,2,1,2,2,2,0,2,2,1,0,0,1.4187860282229037,0.7594179309116988,0
1,0,0,0,-0.13727439951791576,1,0,0,0,0,2,2,2,2,1,1,0,0.35191235411625243,-0.7306066813859196,0
1,0,1,0,1.5322605130033284,1,0,0,2,2,2,2,0,0,2,0,1,0.006258578081699082,0.31357545630096867,0
0,0,1,1,1.5729808767233588,1,2,1,2,0,2,2,0,2,2,0,2,1.1861344481996465,1.2428551985121699,0
1,0,1,1,0.35136996512244845,1,2,0,0,2,2,0,2,0,1,0,0,0.12424616509349373,-0.42561230445506376,0
1,0,0,0,-1.2774445836787656,1,0,1,0,0,0,0,2,0,0,1,2,0.5247392421335293,1.4631289151844546,0
0,0,1,0,-1.0331224013585834,1,0,0,2,0,2,2,2,2,0,0,0,0.5480044001358552,0.8086618146869933,0
1,0,1,1,-0.30015585439803716,1,0,1,0,0,0,0,2,2,1,1,2,0.8521132511662559,-0.7761440362749015,1
1,0,1,1,1.4100994218432374,1,2,1,2,2,0,2,0,0,1,0,2,0.8238627021634315,0.8896759460592518,0
1,0,1,1,-1.1145631287986442,1,2,0,0,0,0,2,0,0,0,1,3,-0.3011738669490337,-0.5389261875509026,0
1,0,0,1,-0.7073594915983407,1,2,2,1,1,1,1,1,1,0,1,2,-1.328164413051698,-0.23393181062004675,0
0,0,1,1,-0.5037576729981889,1,0,2,1,1,1,1,1,1,0,0,2,-1.4876969250676457,0.16213727608877293,0
1,0,1,1,-1.1960038562387048,1,0,0,0,2,2,0,0,0,0,1,3,-0.28621769394753876,-1.1065546112833287,1
1,0,1,1,0.880734693482843,1,2,1,0,2,0,2,2,2,1,1,2,1.3440051632154282,0.745650823619681,0
1,0,0,0,0.3920903288424788,1,0,2,1,1,1,1,1,1,1,1,3,-1.502653098069141,1.540966021797017,0
0,0,1,0,-0.9516816739185228,1,0,1,0,0,0,0,0,2,0,1,2,0.4981504901308714,1.3794672631791158,0
0,0,0,0,1.247217966963116,1,2,1,0,2,0,0,2,2,2,0,0,1.086426628189679,0.9590409866459569,0
0,0,1,0,1.4915401492832983,1,2,2,1,1,1,1,1,1,2,0,0,-1.3464441800535252,-1.133029817614132,0
0,0,0,0,1.4915401492832983,1,2,2,1,1,1,1,1,1,2,0,1,-1.3348116010523623,-1.108672627789793,0
1,0,1,0,0.3106496014024181,1,0,0,0,2,0,0,0,0,0,1,3,-0.4856333339674735,-0.8333304819494369,0
1,0,0,0,1.125056875803025,0,1,0,2,2,2,0,0,0,2,0,0,-0.8362725010025254,-0.6273533766957861,0
0,0,0,0,-1.1552834925186746,1,0,1,2,0,2,2,0,2,0,1,0,0.9850570111795457,0.026054715548443172,1
0,1,0,0,1.5729808767233588,1,2,0,2,2,2,2,2,2,2,0,3,0.8338334841644282,0.967513052671814,0
0,0,1,0,0.18848851024232702,1,2,1,0,0,2,0,0,0,0,1,1,0.47156173812821356,-0.4261418085816798,1
1,0,1,0,-0.015113308357824713,1,2,1,0,2,0,0,2,2,0,1,1,1.1329569441943304,-0.27682164487594835,0
1,0,0,0,0.26992923768238775,1,2,0,0,0,0,2,0,0,2,1,1,-0.3626603559551803,-0.7549638712102588,0
0,0,0,0,0.22920887396235737,1,2,2,1,1,1,1,1,1,1,1,2,-1.3464441800535252,1.6394537893476058,0
1,0,0,0,0.7992939660427822,1,2,1,0,0,2,0,0,2,2,1,1,0.8205391081630994,0.3363441337454597,0
0,0,1,1,0.6364125111626608,1,2,1,2,2,0,0,2,2,0,1,1,1.3456669602155942,0.5110804955287624,0
1,0,1,1,1.5322605130033284,0,1,0,2,0,2,2,2,2,2,0,0,-0.17487729493640844,0.14837016879675513,0
1,0,0,0,-0.5037576729981889,1,0,1,0,0,0,0,0,0,0,0,1,0.19237984210030468,-1.254286262609212,0
0,0,0,0,0.7178532386027215,1,2,0,2,0,2,2,2,2,1,1,1,0.5895493251400082,0.16531430084846935,0
0,0,0,0,-0.5444780367182193,0,1,0,0,0,0,0,2,2,1,1,1,-0.6617838159850825,1.617744120156347,1
1,0,1,1,-0.30015585439803716,1,0,0,2,2,2,0,0,0,1,1,0,-0.10508182092943122,-1.1579165115650873,0
1,0,0,0,-0.8295205827584317,1,0,0,0,2,0,0,0,0,0,1,0,-0.5221928679711283,0.8489041283098145,0
1,1,1,0,0.26992923768238775,1,2,1,0,2,2,0,2,2,0,1,2,1.3589613362169235,0.2055566144712906,1
1,0,0,0,-1.0331224013585834,1,0,1,0,0,2,0,0,0,0,0,3,0.32864719611392706,0.6694022293869671,1
0,0,1,1,-0.38159658183809786,1,0,0,2,2,2,2,0,0,1,1,3,0.04946530008601819,-1.2156324613662388,0
1,0,0,0,-0.21871512695797646,1,0,2,1,1,1,1,1,1,0,1,2,-1.5076384890696393,0.6164518167253602,0
1,1,0,0,0.5956921474426305,1,2,1,0,0,0,0,2,0,0,1,1,0.7075369121518029,0.025525211421827104,0
1,0,1,1,-0.2594354906780068,1,0,2,1,1,1,1,1,1,2,1,1,-1.51594747407047,0.5672079329500658,0
0,0,1,0,-0.748079855318371,1,2,0,2,0,0,0,2,0,0,1,0,-0.0020504069191315333,1.6775780864639627,1
0,1,1,0,-0.8702409464784621,1,2,1,0,0,2,2,2,2,0,1,0,1.3057838322116073,-1.5868148541241034,1
1,0,0,1,-1.2367242199587352,1,0,2,1,1,1,1,1,1,0,0,3,-1.5126238800701375,0.4189467774975664,0
0,0,1,1,-0.2594354906780068,1,0,1,2,2,0,0,0,0,0,0,2,0.5712695581381809,-0.8275059365566602,0
0,1,1,0,1.6137012404433893,1,2,1,2,2,2,2,2,2,2,1,0,1.6580847962468257,1.5324939557711597,0
0,0,1,1,1.247217966963116,1,0,2,1,1,1,1,1,1,2,0,1,-1.4876969250676457,-1.522744854803559,0
1,0,1,1,1.5729808767233588,1,0,2,1,1,1,1,1,1,2,0,3,-1.4943441130683104,-1.3427134517540955,0
1,0,1,1,-0.8702409464784621,1,2,0,2,0,0,0,2,0,0,1,0,0.012905766082363669,1.258210818184036,0
1,1,1,0,-0.748079855318371,1,0,2,1,1,1,1,1,1,1,0,3,-1.4993295040688086,-0.7088970121946607,0
0,0,0,1,-0.7888002190384014,1,2,0,2,2,2,2,2,2,2,0,1,0.8039211381614382,-1.5640461766796123,0
1,0,0,1,-1.0738427650786138,1,0,2,1,1,1,1,1,1,0,1,3,-1.481049737066981,1.7167613918335518,0
1,1,1,1,-0.8702409464784621,1,2,1,0,0,0,0,0,0,0,1,1,0.3469269631157543,1.3937638745977496,0
1,0,1,0,-0.5851984004382496,1,2,0,0,2,0,0,0,0,0,0,1,-0.26461433294537917,-1.6471783245583351,0
1,0,0,0,-1.2774445836787656,0,1,0,0,0,0,0,0,2,0,1,2,-0.9708780580159815,-0.11902941514435976,1
0,0,1,0,-0.015113308357824713,1,0,1,2,0,0,0,0,0,0,1,0,0.356897745116751,-0.6866578388767859,0
1,0,0,0,-0.13727439951791576,0,1,0,2,0,0,2,0,0,1,0,3,-0.9692162610158153,-1.6487668369381834,0
0,0,0,0,-1.1960038562387048,1,2,0,0,0,0,0,2,0,0,1,2,-0.1499503399339166,-1.0911989916114626,0
0,0,0,0,-1.2367242199587352,1,2,1,0,0,0,0,2,2,0,1,2,1.0099839661820376,-0.895282464763517,1
1,0,1,1,-0.7888002190384014,1,0,1,0,0,2,0,2,2,0,1,3,1.0598378761870213,-1.5635166725529963,1
0,0,0,0,0.35136996512244845,0,1,0,0,2,0,0,0,2,0,1,2,-0.8113455460000336,-1.109202131916409,0
0,0,0,0,-1.2774445836787656,1,0,2,1,1,1,1,1,1,0,0,2,-1.5259182560714666,-1.0138913891255166,0
1,0,0,0,-1.0331224013585834,1,0,0,0,0,0,0,2,0,0,0,3,-0.32942441595185784,-0.03536776313902084,0
0,0,1,0,0.7992939660427822,1,0,0,2,0,2,0,2,0,1,1,3,-0.015344782920460707,-0.15980123289379708,0
0,0,1,1,0.5142514200025698,1,2,2,1,1,1,1,1,1,2,1,0,-1.3331498040521963,-1.583637829364407,0
1,0,1,0,1.5322605130033284,1,2,0,0,2,2,2,2,0,2,0,1,0.37683930911874425,0.6058617341930388,0
0,0,0,0,0.8400143297628127,1,0,2,1,1,1,1,1,1,2,0,3,-1.5309036470719648,-1.7181318775248884,0
0,1,1,0,1.2064976032430856,1,2,1,0,2,2,0,2,0,1,1,1,1.1030445981913404,0.8541991695759752,0
0,0,1,0,1.125056875803025,1,2,1,2,2,0,0,0,2,0,1,1,0.9750862291785486,0.6815808242991367,0
0,1,1,0,-1.1960038562387048,1,0,1,0,0,0,0,2,0,0,1,2,0.5197538511330312,-0.7321951937657678,1
0,1,1,0,-0.38159658183809786,1,0,1,2,0,0,0,2,2,0,1,2,1.0083221691818711,-0.6861283347501698,0
1,0,0,1,-1.2774445836787656,0,1,0,0,2,0,0,0,0,0,1,3,-1.1104690060299358,-0.296942801687359,1
0,0,0,0,1.4100994218432374,1,0,0,2,0,2,2,0,2,1,1,0,0.252204534106285,0.5094919831489143,0
0,0,0,0,-0.8295205827584317,1,2,1,0,2,0,0,2,0,0,1,0,0.830509890164096,-1.6710060102560582,1
0,1,1,0,1.5729808767233588,1,2,0,2,2,2,2,0,2,2,1,0,0.5961965131406728,0.8197814013459308,0
1,0,0,0,-0.30015585439803716,1,0,2,1,1,1,1,1,1,1,0,1,-1.491020519067978,0.5539703297846641,0
0,0,0,0,-1.1145631287986442,1,2,0,2,0,0,0,0,0,0,1,2,-0.3643221529553466,-0.4303778415946084,0
1,0,0,0,-0.2594354906780068,1,2,0,0,0,0,0,0,0,1,1,1,-0.43910301796282214,-1.4401422110514521,0
1,0,1,1,-1.2774445836787656,1,0,2,1,1,1,1,1,1,1,0,3,-1.4993295040688086,-0.9376427948928026,0
1,1,0,0,1.5322605130033284,0,1,0,0,2,2,0,2,0,1,1,1,-0.6883725679877406,-0.34300966070295696,0
1,0,1,1,1.6137012404433893,1,2,1,2,2,2,2,2,2,2,1,2,1.6364814352446657,1.480602551362785,0
1,0,1,0,1.125056875803025,1,0,1,0,2,0,0,2,2,1,1,2,0.9850570111795457,0.7350607410873597,1
0,1,1,1,-0.015113308357824713,1,2,1,0,2,0,0,2,2,0,1,2,1.1844726511994805,-0.24240387664590385,0
1,0,0,0,-1.2774445836787656,1,0,2,1,1,1,1,1,1,0,1,2,-1.4926823160681442,-0.9355247783863383,1
0,0,0,0,-0.748079855318371,1,2,0,0,2,0,0,0,0,1,1,3,-0.3493659799538514,1.3905868498380531,0
0,0,0,0,-0.7888002190384014,1,2,1,2,0,0,0,0,0,0,1,1,0.5064594751317021,-1.692715679447317,0
0,0,0,0,-1.0738427650786138,1,2,1,0,2,2,2,2,2,0,1,1,1.5002140812310438,1.0866514811604295,1
0,0,0,0,0.5549717837226001,1,2,0,2,0,2,0,2,2,2,0,3,0.47987072312904416,-0.07772809326830638,0
1,0,0,0,-0.7073594915983407,1,0,1,0,0,2,2,2,2,0,1,2,1.2160467942026365,-1.1992178334411407,1
1,1,1,0,0.43281069256250915,1,2,1,0,2,0,2,2,0,0,1,2,0.9817334171792131,0.06364950853818407,0
1,0,0,0,0.26992923768238775,1,0,0,0,0,0,2,0,0,2,1,0,-0.4972659129686364,-0.8910464317505885,0
1,1,0,0,-0.46303730927815856,1,0,0,0,0,2,0,2,0,0,1,0,-0.15659752793458118,-1.4962696484727556,1
1,0,0,0,1.002895784642934,0,1,0,2,0,2,0,2,2,0,1,2,-0.3659839499555126,-0.25458247155807345,0
0,0,1,0,0.8400143297628127,1,0,1,0,0,0,2,2,2,1,1,2,0.9534828681763893,0.4549530581074591,0
1,0,1,1,-0.5851984004382496,1,0,1,2,0,2,0,2,0,0,1,3,0.7690234011579498,-1.2442256842035067,0
0,0,0,0,-1.2774445836787656,1,2,0,0,0,0,0,0,2,0,1,2,-0.15327393393424887,0.875908838767234,1
0,0,1,0,1.0436161483629645,1,2,0,2,0,0,2,0,0,1,1,0,-0.12336158793125872,-0.12961949767668116,0
0,1,0,0,1.5729808767233588,1,2,1,0,0,2,0,2,2,2,0,0,1.3057838322116073,1.312220239098875,0
0,0,0,0,0.10704778280226633,1,0,1,0,0,2,2,2,2,1,1,2,1.1462513201956595,-0.1047328037257259,0
1,0,0,0,-1.1960038562387048,1,0,1,0,0,2,0,0,2,0,0,1,0.6959043331506402,-0.5511047824630722,0
1,0,0,0,0.22920887396235737,1,2,1,2,2,0,0,2,2,1,1,2,1.332372584214265,0.03611529395414848,0
1,0,1,1,0.10704778280226633,1,2,0,2,2,2,2,0,0,2,1,1,0.14584952609565352,-0.5934651125923577,0
1,0,0,0,-1.0331224013585834,1,2,1,0,0,2,0,2,0,0,1,2,0.8537750481664219,0.8504926406896628,1
0,0,0,0,0.5956921474426305,1,0,0,0,0,2,2,2,2,2,0,3,0.32200000811326246,-0.11267536562496692,0
0,0,0,0,-0.748079855318371,1,0,0,0,2,0,0,0,0,0,0,2,-0.4756625519664766,1.3715247012798748,0
0,1,1,0,-0.5037576729981889,1,0,0,0,2,0,0,0,2,0,1,2,-0.1582593249347472,-1.4745599792814967,0
1,0,1,0,1.369379058123207,1,2,0,2,2,0,2,2,2,2,0,2,0.6809481601491449,0.7080560306299402,0
1,0,1,0,-0.7073594915983407,1,0,2,1,1,1,1,1,1,0,1,1,-1.505976692069473,-0.16403726590672563,0
0,0,0,0,0.3920903288424788,1,0,2,1,1,1,1,1,1,2,1,0,-1.462769970065154,1.5520856084559542,0
0,0,1,0,-0.62591876415828,1,2,1,2,0,0,0,0,0,0,0,2,0.46989994112804756,-1.3877213025164614,0
1,0,0,0,0.18848851024232702,1,2,1,0,2,0,2,2,2,1,1,1,1.3207400052131024,-0.00836305268160132,0
0,0,0,0,-0.8295205827584317,1,0,0,0,2,0,0,0,0,0,1,2,-0.5105602889699654,0.9177396647699035,0
1,0,1,0,0.8400143297628127,1,0,1,0,2,0,0,2,2,1,1,0,0.9800716201790471,0.45018752096791453,1
0,0,0,0,1.125056875803025,1,2,2,1,1,1,1,1,1,2,0,3,-1.3215172250510334,-1.2410486594438102,0
1,0,1,1,-0.5851984004382496,0,1,0,0,0,0,0,0,0,0,0,1,-1.303237458049206,0.3681143813424238,0
1,0,0,0,-1.2774445836787656,1,2,1,0,0,0,0,0,0,0,1,2,0.33695618111475767,1.305866189579482,1
0,0,0,0,-1.1960038562387048,1,0,1,0,0,0,0,0,0,0,1,2,0.179085466098976,-0.9085200679289188,0
0,0,0,1,-0.9516816739185228,1,0,0,0,0,0,2,2,2,0,1,1,0.15415851109648415,0.7705375175706364,0
0,0,0,0,-1.2774445836787656,1,0,1,0,0,0,0,2,0,0,1,2,0.5147684601325326,1.4610108986779904,1
1,0,1,0,0.9621754209229036,1,2,1,2,2,2,0,0,0,1,1,2,0.9435120861753926,0.6042732218131907,0
1,0,1,1,-0.62591876415828,1,0,1,0,0,0,0,0,0,0,1,2,0.14086413509515497,-1.5746362592119336,1
0,0,1,1,-0.8702409464784621,1,2,0,0,0,0,2,0,2,0,1,2,0.05278889408635025,1.3085137102125626,1
1,0,0,0,-1.0331224013585834,1,0,1,0,0,0,0,0,0,0,1,2,0.15914390209698223,0.5862700815082443,0
0,0,1,1,1.4915401492832983,1,0,2,1,1,1,1,1,1,2,0,0,-1.481049737066981,-1.324180807322533,0
1,0,0,0,-0.5444780367182193,1,2,1,0,0,0,0,0,2,0,1,0,0.7058751151516368,-1.2161619654928548,1
0,0,1,1,-1.1960038562387048,1,0,1,0,0,0,0,0,2,0,1,2,0.5164302571326987,-0.5812865176801881,1
1,0,1,1,0.880734693482843,1,0,2,1,1,1,1,1,1,2,0,1,-1.4744025490663168,-1.6297046883800048,0
1,0,1,0,1.2064976032430856,1,2,2,1,1,1,1,1,1,1,1,1,-1.3630621500551865,-1.286056510206176,0
1,0,0,0,-0.3408762181180675,1,2,1,0,2,0,0,2,0,0,1,1,0.8570986421667539,-0.7073084998148125,1
0,0,1,1,1.2064976032430856,1,2,0,0,0,0,0,2,2,0,1,1,0.18905624809997262,0.2140286804971477,0
1,0,0,0,-0.62591876415828,1,2,0,2,0,0,0,0,2,0,0,0,0.03284733008435696,-1.6111720439484425,0
1,0,0,0,-0.9516816739185228,0,1,0,0,0,0,0,0,0,0,1,3,-1.3348116010523623,-0.933406761879874,0
1,0,1,1,1.2879383306831464,1,0,0,2,0,2,2,2,0,2,0,3,0.14917312009598557,0.2728036385515314,0
0,0,0,0,-1.2367242199587352,1,2,1,0,0,0,0,0,0,0,1,2,0.37019212111808014,-1.3045891546377384,1
1,0,1,1,-1.2774445836787656,1,0,0,0,0,0,0,0,0,0,1,3,-0.62854787598176,0.300337853135567,1
0,0,1,0,-0.6666391278783103,0,1,0,0,0,0,2,2,2,0,1,2,-0.4922805219681379,1.4843090802490975,1
0,0,1,0,1.6137012404433893,1,2,2,1,1,1,1,1,1,2,0,0,-1.3331498040521963,-0.9927112240608738,0
1,0,0,0,-0.0965540357978854,1,2,1,2,2,2,0,0,0,1,0,0,0.8521132511662559,-0.4319663539744566,0
0,0,1,0,0.6771328748826912,1,2,1,2,0,0,0,2,2,0,1,3,1.1994288242009752,0.4395974384355931,0
1,0,1,0,1.1657772395230555,1,2,0,2,0,2,2,0,2,2,0,1,0.35191235411625243,0.3914125629135308,0
1,0,1,1,0.5956921474426305,1,2,1,0,2,0,0,2,0,0,0,2,0.7457582431556239,0.09383124375530001,0
1,0,0,0,-0.5037576729981889,1,0,0,2,0,2,0,0,2,0,0,1,-0.012021188920128179,-1.340065931121015,0
1,0,1,1,0.06632741908223598,1,0,1,0,0,0,0,2,0,0,0,2,0.4499583771260538,-0.55004577420984,1
0,0,1,1,1.5322605130033284,1,2,2,1,1,1,1,1,1,2,0,0,-1.33148800705203,-1.1002005617639359,0
1,0,0,1,0.880734693482843,1,0,1,2,2,0,2,2,2,1,1,2,1.3656085242175875,0.8176633848394664,0
1,1,1,0,1.1657772395230555,1,2,1,0,2,2,2,2,0,1,1,3,1.114677177192503,0.8997365244649572,0
1,0,0,0,-1.1960038562387048,1,2,1,0,0,0,0,0,0,0,1,2,0.40508985812156867,-0.7094265163212768,1
1,0,0,0,-0.7888002190384014,1,0,2,1,1,1,1,1,1,1,0,3,-1.505976692069473,-0.4817397418763671,0
0,1,0,0,-0.6666391278783103,1,2,1,0,0,0,0,2,2,0,1,2,1.04321990618536,-1.2209275026323996,1
0,0,1,1,-1.1960038562387048,1,0,0,0,2,0,0,2,0,0,1,1,-0.2014660469390663,-1.1049660989034804,0
1,0,0,0,-0.30015585439803716,1,0,2,1,1,1,1,1,1,0,1,3,-1.4827115340671475,0.6418680148029315,0
1,0,0,0,-0.0965540357978854,1,2,0,2,0,0,0,0,2,0,1,3,-0.00869759491979612,-0.9498213898049722,0
0,0,1,0,-0.46303730927815856,0,1,0,2,0,0,0,0,0,0,0,2,-1.2051914350394048,0.9653950361653497,0
1,0,0,0,-1.2774445836787656,1,0,0,0,0,0,0,0,0,0,0,2,-0.6468276429835875,0.29557231599602235,1
0,0,0,0,-0.7073594915983407,1,0,2,1,1,1,1,1,1,0,0,0,-1.5076384890696393,-0.404432139390421,1
1,1,1,0,-0.38159658183809786,1,0,1,0,0,0,0,2,2,0,1,2,0.8537750481664219,-0.8010307302258568,0
0,0,1,1,0.5142514200025698,1,2,1,2,2,0,0,2,2,0,1,2,1.3423433662152622,0.39353057941999514,0
0,0,1,1,-0.3408762181180675,1,2,1,0,2,2,0,0,0,1,0,0,0.611152686142168,-0.8423320521019102,0
0,0,0,0,-0.8702409464784621,1,2,1,0,0,0,2,2,0,0,0,2,0.8438042661654253,1.7199384165932483,1
1,0,0,0,-1.2774445836787656,1,0,0,0,0,0,0,0,0,0,0,3,-0.6551366279844181,0.292924795362942,1
0,0,1,0,0.9621754209229036,1,2,1,0,0,2,2,2,2,2,0,0,1.2775332832087833,0.7869521454957344,0
0,0,0,0,-1.2774445836787656,1,0,1,0,2,0,0,0,0,0,0,2,0.36686852711774764,1.333929908290134,1
1,0,0,0,-1.2774445836787656,1,0,2,1,1,1,1,1,1,0,0,2,-1.505976692069473,-0.9397608113992668,0
0,0,0,0,-1.0331224013585834,1,0,1,0,0,0,0,0,2,0,1,2,0.4831943171293762,0.5952716516607175,1
0,1,1,0,0.9214550572028734,1,0,1,0,0,2,2,2,0,2,0,1,0.7989357471609396,0.4247713228903432,0
0,0,0,0,-1.2367242199587352,0,1,0,0,0,0,2,0,0,0,1,2,-1.125425179031431,0.8383140457774931,1
0,0,1,1,1.6137012404433893,1,2,0,2,0,2,2,2,2,2,1,1,0.7025515211513048,0.9187986730231357,0
0,1,0,0,0.5142514200025698,0,1,0,0,0,0,0,0,2,1,0,2,-1.0157465770204666,-1.1685065940974086,0
0,0,0,0,0.5956921474426305,1,0,2,1,1,1,1,1,1,2,0,3,-1.4827115340671475,-1.6778895639020672,0
0,1,0,0,0.5549717837226001,1,0,1,0,2,0,0,2,2,1,0,1,1.0133075601823696,0.2669790931587546,1
1,0,0,0,-1.2367242199587352,1,0,0,0,2,0,0,0,0,0,1,3,-0.4806479429669752,1.6484553595000788,0
0,0,1,0,-1.2367242199587352,1,0,1,2,0,0,2,0,0,0,1,2,0.5114448661322006,-0.9079905638023027,0
0,0,1,0,-0.8295205827584317,1,0,0,0,2,0,0,0,0,0,1,2,-0.44907379996381874,0.9198576812763678,0
0,1,1,0,1.4508197855632678,1,2,1,0,2,0,0,0,2,0,1,0,0.8255244991635975,0.9225052019094482,1
1,0,1,1,1.4915401492832983,1,0,1,0,0,0,2,2,2,2,1,1,1.0116457631822036,1.081356439894269,0
1,1,0,1,0.9621754209229036,1,0,1,2,0,0,0,2,2,1,0,1,0.9983513871808745,0.6063912383196549,0
0,1,0,0,-1.1552834925186746,1,2,1,2,0,0,0,0,0,0,1,2,0.5147684601325326,-0.3297720575375553,0
1,0,1,0,1.2879383306831464,1,2,0,0,2,2,2,2,0,2,1,0,0.37683930911874425,0.42953686002988783,0
1,0,1,0,1.0843365120829946,1,2,1,2,2,2,0,2,2,1,1,2,1.5085230662318745,1.0199339612068048,1
1,0,1,1,1.2064976032430856,1,2,1,2,2,2,2,2,2,2,0,0,1.6879971422498155,1.2423256943855538,0
1,0,1,1,1.247217966963116,1,2,2,1,1,1,1,1,1,2,0,1,-1.3331498040521963,-1.1812146931361944,0
0,0,0,0,0.8400143297628127,0,1,0,2,2,2,2,2,0,1,1,2,-0.3709693409560109,-0.40866817240334957,0
1,0,1,1,-1.1145631287986442,1,0,2,1,1,1,1,1,1,0,0,3,-1.505976692069473,1.5790903189133738,0
1,1,1,0,0.6771328748826912,1,2,1,2,2,2,0,0,0,0,1,2,0.7789941831589463,0.15737173894922832,0
0,0,1,1,1.2064976032430856,1,2,1,2,0,0,0,2,2,2,1,0,1.2093996062019723,1.0734138779950277,0
0,0,1,0,0.9214550572028734,1,0,0,2,2,0,2,0,0,2,0,3,-0.26461433294537917,-0.2916477604211983,0
0,1,1,0,1.5729808767233588,1,0,1,2,2,2,2,2,0,2,1,2,1.1512367111961581,1.244443710892018,0
0,0,1,1,1.6137012404433893,1,0,2,1,1,1,1,1,1,2,1,1,-1.4843733310673135,-1.4120784923408005,0
1,0,1,1,0.14776814652229667,0,1,0,2,0,2,2,2,2,1,0,1,-0.1349941669324214,-0.7359017226520803,0
1,0,1,0,-0.30015585439803716,1,0,2,1,1,1,1,1,1,1,1,0,-1.4561227820644893,0.49572487585689645,0
0,1,1,0,1.6137012404433893,1,2,1,2,2,2,2,2,2,2,1,0,1.6647319842474897,1.5287874268848474,0
0,0,0,0,0.14776814652229667,1,0,2,1,1,1,1,1,1,1,1,0,-1.5126238800701375,1.119480737010626,0
1,0,0,0,-1.2774445836787656,1,0,0,0,0,0,0,2,2,0,1,3,-0.0651986929254444,0.944744375227323,0
0,0,1,0,1.6137012404433893,1,2,1,2,0,2,0,2,2,2,1,2,1.3539759452164248,1.3434609825692232,0
1,0,1,1,1.0843365120829946,1,0,2,1,1,1,1,1,1,2,0,3,-1.4926823160681442,-1.5402184909818892,0
1,1,1,0,-1.0331224013585834,1,0,1,0,0,0,0,2,2,0,1,2,0.8222009051632655,1.1094201586049206,1
0,0,0,0,-1.2774445836787656,1,0,0,0,0,2,2,2,2,1,0,1,0.31036742911209936,1.3005711483133215,0
0,0,1,1,-0.0965540357978854,1,2,1,0,2,2,2,2,2,0,1,2,1.42044782522307,-0.23075478586035034,0
1,0,0,0,1.2879383306831464,1,0,2,1,1,1,1,1,1,2,0,3,-1.502653098069141,-1.4920336154598268,0
1,0,0,0,1.247217966963116,1,2,0,2,2,2,2,0,0,1,0,0,0.1342169470944904,0.13036702849180878,0
1,1,1,0,1.6137012404433893,1,2,0,2,2,2,0,2,2,2,0,1,0.6543594081464871,0.8377845416508771,0
1,0,1,0,-0.9924020376385531,1,0,1,2,0,0,0,0,0,0,0,2,0.3402797751150897,0.9802211517105996,1
0,0,0,0,1.2064976032430856,1,2,0,0,2,2,2,2,2,2,0,0,0.6560212051466532,0.5777980154823872,0
1,0,1,1,1.4100994218432374,1,2,1,0,2,2,2,2,2,2,1,0,1.5434208032353631,1.3392249495562945,0
1,0,0,0,-1.0738427650786138,1,0,0,0,0,0,0,0,0,0,0,2,-0.6651074099854147,-0.47962172536990283,1
0,0,1,1,1.5322605130033284,1,2,0,2,0,0,2,2,2,2,1,0,0.5264010391336954,0.6773447912862082,0
0,1,0,0,-0.5037576729981889,1,0,1,0,0,0,0,2,0,0,0,0,0.5297246331340278,-1.1547394868053908,0
0,0,0,0,-1.1145631287986442,1,2,1,0,0,0,0,0,0,0,0,2,0.36022133911708304,0.0959492602617643,0
0,0,1,1,-0.3408762181180675,0,1,0,2,2,2,0,2,2,1,0,2,-0.23802558094272108,-1.3744836993510596,0
0,0,1,0,-0.8702409464784621,1,0,0,0,0,0,0,0,0,0,1,2,-0.6883725679877406,0.4353614054226646,1
1,0,1,0,1.6137012404433893,1,2,1,0,2,2,2,2,2,2,1,1,1.5234792392333694,1.450420816145669,0
0,0,1,1,1.369379058123207,1,0,0,2,2,0,2,0,0,2,1,1,-0.21808401694072754,0.005933558737032546,0
0,0,1,1,0.5142514200025698,1,0,0,2,0,2,2,2,2,2,1,3,0.5396954151350245,-0.10314429134587769,0
0,0,1,1,1.4915401492832983,1,0,2,1,1,1,1,1,1,2,0,0,-1.4976677070686424,-1.3421839476274793,0
1,1,1,0,-0.7073594915983407,1,2,1,0,0,0,0,0,2,0,1,0,0.6925807391503077,-1.393016343782622,1
0,0,0,0,-0.1779947632379461,1,0,0,0,0,2,0,2,0,0,1,0,-0.1732154979362424,-1.1309118011076678,0
0,0,0,0,1.5322605130033284,1,2,1,2,2,2,2,2,2,1,0,1,1.6879971422498155,1.4917221380217225,1
0,0,0,0,0.14776814652229667,1,0,0,2,2,2,2,0,2,1,1,3,0.358559542116917,-0.4902118079022242,0
1,1,0,0,-0.6666391278783103,1,2,1,0,0,0,0,2,0,0,1,2,0.7258166791536301,-1.452850310090238,1
0,0,0,0,-0.5851984004382496,1,2,1,0,0,0,0,2,0,0,1,2,0.6792863631489789,-1.1997473375677568,1
0,0,1,0,0.06632741908223598,1,2,1,0,0,0,0,2,2,0,1,2,1.0930738161903437,-0.24928743029191275,1
1,0,1,1,0.3920903288424788,0,1,0,0,2,2,0,0,2,1,1,1,-0.6534748309842519,-0.8354484984559013,0
1,0,0,0,0.6364125111626608,1,2,0,2,0,0,2,0,2,1,1,0,0.20567421810163386,-0.06396098597628858,0
1,0,1,0,0.5956921474426305,1,2,1,0,2,2,2,2,2,0,1,2,1.4885815022298807,0.5587358669242087,1
0,0,1,1,0.26992923768238775,1,2,1,0,2,2,2,0,0,1,1,2,0.8238627021634315,-0.13120801005652935,1
0,0,1,1,-0.8702409464784621,1,0,2,1,1,1,1,1,1,2,0,1,-1.4577845790646555,-0.8502746140011512,0
1,0,0,0,-1.0331224013585834,1,0,2,1,1,1,1,1,1,0,1,3,-1.4893587220678117,-1.2669943616479975,0
0,0,0,0,-1.1960038562387048,1,2,2,1,1,1,1,1,1,0,0,3,-1.3348116010523623,1.5796198230399898,0
1,0,0,0,-0.9924020376385531,1,0,0,2,0,2,0,0,2,0,1,2,0.06442147308751339,0.8023077651676005,0
1,0,0,1,-1.2774445836787656,1,0,2,1,1,1,1,1,1,0,1,3,-1.505976692069473,-0.9397608113992668,1
1,0,1,1,-0.015113308357824713,1,0,1,2,2,2,0,0,2,1,0,3,0.9983513871808745,-0.2831756943953412,0
1,0,1,1,1.125056875803025,1,0,0,2,2,2,2,0,0,1,1,0,0.03617092408468901,0.054118434259094836,0
0,0,1,0,-0.9109613101984924,1,0,2,1,1,1,1,1,1,0,1,0,-1.4893587220678117,-0.9609409764639096,0
0,0,1,0,1.5729808767233588,1,2,2,1,1,1,1,1,1,2,1,0,-1.3331498040521963,-1.0843154379654538,0
0,0,1,1,-1.1552834925186746,1,0,2,1,1,1,1,1,1,0,0,3,-1.4760643460664828,1.357757593987857,1
0,1,0,0,-1.2774445836787656,1,0,1,0,0,0,0,0,0,0,1,2,0.14917312009598557,1.1570755300003668,1
0,0,1,1,0.43281069256250915,0,1,0,2,2,0,2,2,0,1,1,0,-0.44907379996381874,-0.7883226311870711,0
1,0,1,0,1.0843365120829946,1,2,1,0,0,2,0,2,2,1,1,0,1.15456030519649,0.8616122273486002,1
0,0,1,0,-0.38159658183809786,1,0,0,0,0,2,2,0,0,0,0,2,-0.3493659799538514,-1.5095072516381571,0
0,0,1,0,1.6137012404433893,1,0,2,1,1,1,1,1,1,2,0,0,-1.5076384890696393,-1.2521682461027477,0
1,0,1,0,-0.4223169455581282,1,0,0,2,0,0,2,0,0,1,1,1,-0.28289409994720643,-1.4427897316845326,0
0,0,0,0,-1.2774445836787656,0,1,0,0,0,0,0,0,0,0,1,3,-1.3165318340505352,-0.5865815589463488,0
1,0,0,0,1.4915401492832983,1,2,2,1,1,1,1,1,1,2,0,0,-1.3564149620545218,-1.0816679173323733,0
1,0,0,0,0.7178532386027215,0,1,0,2,0,0,2,0,0,1,1,3,-0.9758634490164798,-1.0525451903684895,0
0,1,0,0,-1.2774445836787656,0,1,0,0,0,0,0,0,0,0,1,2,-1.3148700370503688,-0.5860520548197327,1
1,0,0,0,-1.2367242199587352,1,0,0,0,0,0,0,0,0,0,1,3,-0.6567984249845842,1.6992877556552215,1
0,0,1,0,-0.7073594915983407,1,0,1,0,2,0,0,0,0,0,0,0,0.35191235411625243,-1.6085245233153622,0
1,0,0,0,-0.055833672077855064,1,0,2,1,1,1,1,1,1,2,0,0,-1.4744025490663168,0.9087380946174304,0
1,0,0,0,-1.2774445836787656,1,0,2,1,1,1,1,1,1,0,0,3,-1.4827115340671475,-0.8730432914456422,1
1,0,1,0,1.369379058123207,1,2,1,0,2,2,0,2,2,0,1,1,1.3373579752147637,1.2380896613726253,1
0,0,1,1,-1.318164947398796,0,1,0,2,2,2,2,2,0,2,0,1,-0.28954128794787104,-1.7250154311708974,0
1,0,0,1,-1.1960038562387048,1,0,0,0,0,0,0,2,0,0,1,1,-0.33440980695235617,-1.0964940328776234,1
0,0,0,0,-0.9924020376385531,1,0,2,1,1,1,1,1,1,2,0,3,-1.4876969250676457,-1.3289463444620777,0
1,0,1,1,1.2879383306831464,1,0,0,2,0,2,0,2,2,1,1,1,0.27546969210861083,0.3749979349884327,0
0,0,1,0,-0.1779947632379461,1,0,2,1,1,1,1,1,1,0,0,3,-1.4710789550659844,0.7435328071132168,0
0,0,1,0,1.002895784642934,1,2,1,0,0,2,0,2,2,1,1,1,1.1961052302006432,0.8700842933744574,0
0,0,1,1,-0.748079855318371,1,2,1,0,0,2,0,0,2,0,1,2,0.7474200401557899,-1.4756189875347288,1
1,0,0,0,-0.5444780367182193,1,0,2,1,1,1,1,1,1,2,1,3,-1.4893587220678117,-0.023718672353467325,0
1,0,1,0,-0.9109613101984924,1,0,1,0,0,0,0,2,0,0,1,2,0.5047976781315361,1.5753837900270613,1
0,0,1,0,0.758573602322752,0,1,0,0,2,0,0,2,2,0,1,2,-0.5022513039691348,-0.5548113113493847,0
0,0,1,0,1.4100994218432374,1,2,0,2,2,2,0,0,0,2,0,3,0.0295237360840249,0.22197124239638874,0
1,0,1,1,-0.8702409464784621,1,0,2,1,1,1,1,1,1,0,1,2,-1.4727407520661506,-0.580227509426956,0
1,0,1,1,1.6137012404433893,0,1,0,2,0,2,2,2,2,2,0,0,-0.12668518193159078,0.32787206771960253,0
1,0,1,1,1.369379058123207,1,0,2,1,1,1,1,1,1,1,1,2,-1.4760643460664828,-1.3797787406172204,0
0,0,0,0,-0.5851984004382496,1,2,1,0,0,0,2,2,0,0,1,2,0.7839795741594444,-1.1367363465004445,1
0,0,0,0,-0.9516816739185228,1,0,2,1,1,1,1,1,1,0,1,2,-1.504314895069307,-1.0308355211772307,0
0,0,0,0,-0.9516816739185228,1,2,1,0,0,0,0,0,0,0,1,1,0.3469269631157543,0.9839276805969122,0
1,0,1,0,0.6364125111626608,1,2,1,2,2,2,0,2,2,0,1,0,1.5517297882361936,0.6286304116375298,0
1,0,0,0,-0.9109613101984924,1,0,1,0,0,0,0,0,0,0,0,3,0.179085466098976,1.2905105699076163,0
0,0,0,0,-0.9516816739185228,1,2,1,0,0,0,0,2,2,0,1,2,0.9966895901807084,1.6076835417506417,1
0,1,0,0,-0.7888002190384014,1,2,1,0,0,0,0,2,2,0,1,2,1.0066603721817051,-1.4443782440643806,1
1,0,0,0,-1.1552834925186746,1,2,1,0,2,0,0,0,0,0,0,2,0.45494376812655235,-0.20851561254247544,1
1,0,0,0,-1.1552834925186746,1,0,1,0,0,0,0,0,0,0,1,2,0.18074726309914202,-0.6596531284193663,1
0,0,1,0,1.6137012404433893,1,2,0,2,2,2,2,2,2,2,0,0,0.9052907551715716,1.0273470189794298,0
0,0,1,1,0.758573602322752,1,0,0,2,2,2,2,2,2,2,0,1,0.6892571451499756,0.2659200849055225,0
1,0,1,0,1.0843365120829946,0,1,0,0,2,0,0,0,2,0,1,0,-0.788080387997708,-0.611468252897304,1
1,0,1,0,-0.9109613101984924,1,2,1,0,0,0,0,2,0,0,1,2,0.6925807391503077,1.4938401545281867,1
1,1,1,0,1.1657772395230555,1,2,1,0,2,0,0,0,0,0,1,2,0.5779167461388456,0.4761332231721019,0
1,0,0,0,0.880734693482843,1,0,1,2,0,2,2,0,0,1,0,2,0.6526976111463211,0.28868876235001345,0
0,0,0,0,0.025607055362205634,1,2,0,2,2,0,0,0,0,0,1,3,-0.12834697893175703,-0.8418025479752941,0
0,0,0,0,-0.21871512695797646,1,0,2,1,1,1,1,1,1,2,1,0,-1.479387940066815,0.6466335519424762,0
0,1,0,0,-1.2774445836787656,1,0,1,0,0,0,0,2,0,0,1,2,0.47987072312904416,1.4329471799673388,1
1,0,0,0,-0.38159658183809786,1,0,1,0,2,0,0,2,2,0,0,3,1.0149693571825356,-0.7655539537425802,0
1,0,0,1,-1.2774445836787656,1,0,2,1,1,1,1,1,1,0,0,3,-1.4926823160681442,-0.9355247783863383,0
1,0,1,1,0.5142514200025698,1,0,0,2,2,2,2,2,2,2,1,3,0.6510358141461546,0.022877690788746758,0
0,0,1,1,0.26992923768238775,1,0,2,1,1,1,1,1,1,2,1,0,-1.4926823160681442,1.5700887487609008,0
1,0,0,0,-1.1145631287986442,1,0,0,0,0,2,0,2,2,1,1,3,0.17410007509847744,-0.1354440430694579,1
1,0,1,1,1.6137012404433893,1,2,0,2,2,2,2,2,0,2,0,0,0.5829021371393436,0.8134273518265379,0
0,0,1,1,1.0436161483629645,1,2,0,0,2,0,0,2,0,0,1,0,0.06774506708784545,0.07212157456404118,0
0,0,0,0,1.5322605130033284,0,1,0,2,2,2,2,0,0,2,1,0,-0.6700928009859131,-0.3186524708786178,0
1,0,1,1,1.1657772395230555,1,0,1,0,2,0,2,2,2,1,1,0,1.1196625681930017,0.9304477638086892,0
1,0,0,0,-1.2367242199587352,1,0,1,0,0,0,0,0,0,0,0,3,0.19736523310080326,-1.445966756444229,0
0,0,1,1,0.5549717837226001,1,2,2,1,1,1,1,1,1,1,0,3,-1.3231790220511994,-1.5608691519199158,0
0,0,0,0,-1.2774445836787656,1,2,0,0,0,0,0,0,0,0,1,0,-0.4922805219681379,0.4713676860325573,1
0,0,1,0,-0.4223169455581282,1,0,1,0,0,0,0,0,0,0,1,2,0.14917312009598557,-1.1986883293145247,1
0,0,0,0,0.6364125111626608,1,0,1,2,0,2,2,2,2,2,1,1,1.2542681252064576,0.4756037190454858,0
1,0,0,0,1.2879383306831464,1,2,0,0,2,2,2,2,2,2,0,1,0.7241548821534641,0.745121319493065,0
1,0,1,1,1.6137012404433893,1,2,2,1,1,1,1,1,1,2,0,0,-1.3447823830533592,-1.1319708093609,0
0,0,1,1,-0.8295205827584317,1,0,0,0,0,2,0,2,0,0,1,1,-0.2130986259402292,1.3079842060859466,0
0,1,1,0,0.06632741908223598,1,2,1,0,2,2,0,0,2,0,1,2,0.9800716201790471,-0.24293338077251994,1
0,0,1,1,1.6137012404433893,1,0,0,2,2,2,0,0,2,2,0,1,0.13255515009432434,0.4602480993736198,0
1,0,1,0,-0.13727439951791576,1,2,1,0,2,2,0,0,0,0,1,2,0.6992279271509723,-0.6167632941634648,0
1,0,1,1,0.025607055362205634,1,0,2,1,1,1,1,1,1,1,0,1,-1.4843733310673135,0.9463328876071713,0
0,0,0,0,-1.2774445836787656,1,0,2,1,1,1,1,1,1,0,0,3,-1.4760643460664828,-0.8709252749391779,0
0,0,1,1,1.2064976032430856,1,2,1,0,2,2,2,2,2,1,1,2,1.5301264272340338,1.134836356682492,0
1,0,1,0,0.35136996512244845,1,2,0,0,0,2,0,2,2,1,1,2,0.27380789510844483,-0.34883420609573373,1
0,0,0,0,1.2879383306831464,1,2,1,0,0,2,0,2,2,1,1,1,1.1728400721983174,0.959570490772573,1
0,0,0,0,-1.1552834925186746,1,0,1,0,0,2,0,0,2,0,1,1,0.6011819041411709,-0.2567004880645377,0
0,0,0,0,-0.3408762181180675,1,2,1,2,0,0,2,0,0,0,1,2,0.6510358141461546,-0.910108580308767,0
0,0,1,1,-0.748079855318371,1,0,2,1,1,1,1,1,1,1,0,3,-1.502653098069141,-0.3784864371862336,0
1,0,0,1,-1.1960038562387048,1,0,2,1,1,1,1,1,1,0,0,3,-1.4893587220678117,0.8070733023071451,0
0,1,0,0,-1.1552834925186746,1,0,1,0,2,2,0,2,2,0,1,1,1.1645310871974868,0.2653905807789064,1
0,0,0,1,-0.5851984004382496,0,1,0,0,0,0,0,0,2,0,1,2,-0.9891578250178088,0.7059380141234759,1
1,0,0,0,-0.9924020376385531,1,0,0,0,0,0,0,2,2,0,1,2,0.04946530008601819,0.6757562789063599,0
0,0,0,0,0.10704778280226633,1,2,2,1,1,1,1,1,1,2,0,0,-1.3780183230566818,1.4525388326521333,0
0,0,0,0,-1.2774445836787656,1,2,1,0,0,0,0,0,0,0,0,2,0.3735157151184122,1.3566985857346248,1
1,0,0,1,1.369379058123207,1,2,2,1,1,1,1,1,1,2,1,1,-1.3115464430500368,-1.1102611401696412,0
1,0,0,1,-0.9924020376385531,0,1,0,2,0,0,2,0,2,2,1,3,-0.6717545979860794,-0.15291767924778818,0
0,0,1,0,1.5729808767233588,1,2,1,2,0,2,0,2,2,1,1,1,1.3074456292117733,1.3116907349722589,0
0,0,1,1,0.43281069256250915,1,2,1,0,0,2,0,0,2,0,1,0,0.9235705221733989,0.10230330978115712,0
0,1,0,0,-1.2367242199587352,1,2,1,0,0,0,0,2,2,0,1,2,0.966777244177718,-1.0906694874848466,1
1,1,0,0,-0.13727439951791576,1,0,1,0,2,2,0,2,2,0,1,0,1.219370388202969,-0.3768979248063854,0
0,0,1,0,-0.7073594915983407,1,0,1,0,0,2,0,2,0,0,1,2,0.6493740171459885,-1.4258455996328183,1
1,0,1,1,1.3286586944031769,1,2,1,2,2,2,2,0,0,2,0,1,0.9900424021800438,0.9039725574778857,0
1,0,0,0,0.10704778280226633,1,2,1,0,0,2,2,2,0,0,0,2,1.0216165451832002,-0.15715371226071673,0
1,0,0,0,1.2879383306831464,1,0,1,2,2,0,0,2,2,1,1,1,1.1811490571991479,1.066000820222403,0
0,0,1,1,1.0436161483629645,0,1,0,0,0,2,2,2,2,2,1,1,-0.3078210549496983,-0.2694085871033234,0
0,1,0,0,-0.5851984004382496,1,0,0,0,2,0,0,0,0,0,1,1,-0.49560411596847015,1.5865033766859988,0
1,0,1,1,1.4100994218432374,1,2,1,0,2,0,0,0,2,0,1,0,0.8238627021634315,0.9955767713824657,0
1,0,1,1,1.247217966963116,1,0,2,1,1,1,1,1,1,2,1,3,-1.51594747407047,-1.5508085735142105,0
0,0,1,0,1.125056875803025,1,2,1,0,2,0,0,2,2,0,1,2,1.1645310871974868,0.8706137975010734,0
1,1,0,0,-0.9516816739185228,1,2,1,0,0,0,0,0,2,0,1,1,0.6526976111463211,1.280979495628527,1
0,0,1,1,1.5322605130033284,1,2,1,2,2,2,2,2,2,2,1,1,1.6049072922415093,1.4223570974350175,0
1,0,1,0,-0.7073594915983407,1,2,1,0,0,2,0,2,2,0,1,2,1.2077378092018058,-1.2415781635704262,1
0,0,0,1,0.6364125111626608,1,0,2,1,1,1,1,1,1,1,0,3,-1.4893587220678117,1.6685765163114896,0
1,0,1,0,-0.8295205827584317,1,0,0,0,0,2,2,2,2,0,1,2,0.31202922611226586,1.3101022225924108,0
1,1,1,0,1.5729808767233588,1,2,1,2,2,2,2,0,0,1,1,2,0.9052907551715716,1.0564697459433137,0
1,1,0,0,0.47353105628253944,1,0,1,0,0,2,0,0,0,0,0,2,0.3020584441112687,-0.2879412315348858,0
1,0,0,0,-1.2774445836787656,1,2,0,0,0,0,0,0,0,0,1,2,-0.4756625519664766,0.5137280161618428,1
1,0,1,1,0.5142514200025698,1,2,2,1,1,1,1,1,1,2,0,3,-1.3397969920528607,-1.6339407213929336,0
0,0,0,0,-0.38159658183809786,1,2,2,1,1,1,1,1,1,1,0,1,-1.328164413051698,0.9320362761885373,0
0,0,1,0,0.43281069256250915,1,2,0,0,0,0,2,2,0,1,1,0,0.0029349840813665527,-0.3949010651113318,0
1,0,0,0,0.10704778280226633,1,0,2,1,1,1,1,1,1,0,0,0,-1.462769970065154,1.2984531318068573,0
1,0,1,0,-0.9516816739185228,1,0,0,2,2,0,2,2,0,0,1,3,0.13920233809498894,0.8515516489428949,0
1,0,0,0,-0.8295205827584317,1,2,1,0,0,0,2,2,2,0,1,3,1.1695164781979852,-1.5873443582507194,1
0,1,1,0,1.3286586944031769,1,2,1,2,2,2,0,2,2,0,1,1,1.4835961112293827,1.2571518099308039,0
0,0,0,0,-1.2367242199587352,1,2,1,0,0,2,0,2,0,0,1,2,0.8853491911695783,-0.9148741174483116,1
1,0,0,0,-0.21871512695797646,1,2,0,0,0,0,0,0,0,0,0,3,-0.5238546649712943,-1.4433192358111486,0
0,0,0,0,0.3106496014024181,1,0,0,0,0,2,0,0,0,1,1,3,-0.4823097399671412,-0.8476270933680708,0
0,1,0,0,-1.1145631287986442,1,0,1,0,0,2,0,0,0,0,1,1,0.358559542116917,-0.12379495228390439,1
1,0,1,1,-0.9924020376385531,1,0,2,1,1,1,1,1,1,1,0,1,-1.491020519067978,-1.217750477872703,0
0,1,1,0,1.0436161483629645,1,2,1,0,2,0,0,2,2,1,1,0,1.0980592071908417,0.6746972706531278,0
0,0,1,1,0.7992939660427822,1,0,1,2,0,2,0,2,2,1,0,2,1.1811490571991479,0.6021552053067264,0
1,0,1,0,-1.1960038562387048,1,0,0,0,0,2,2,0,0,0,1,3,-0.29785027294870164,-1.209807915973462,0
1,0,0,1,0.35136996512244845,1,0,1,2,2,2,2,2,2,2,1,2,1.541759006235197,0.3045738861484955,0
1,0,0,0,-0.5037576729981889,1,2,1,0,0,0,2,2,2,0,1,3,1.1229861621933337,-0.8433910603551423,0
1,0,0,1,-1.2774445836787656,1,2,0,0,0,0,0,0,0,0,1,2,-0.4889569279678058,0.5116099996553786,0
1,0,0,1,-1.1552834925186746,1,2,1,0,0,0,2,0,0,0,0,1,0.53304822713436,-0.19951404239000226,1
1,0,0,0,-0.38159658183809786,1,0,2,1,1,1,1,1,1,0,0,2,-1.4594463760648215,0.392471571166763,0
0,1,0,0,-1.0738427650786138,1,0,2,1,1,1,1,1,1,0,0,0,-1.504314895069307,-1.6630634483568172,0
1,0,1,1,-0.9924020376385531,1,0,2,1,1,1,1,1,1,0,1,3,-1.5093002860698053,-1.2278110562784084,0
1,0,0,0,-0.5851984004382496,1,2,0,2,0,2,0,2,0,0,0,3,0.1574821050968162,-1.530157912576184,0
1,1,0,0,0.7992939660427822,0,1,0,2,0,0,0,2,2,0,1,1,-0.5305018529719588,-0.5532227989695364,0
1,0,0,0,-0.055833672077855064,1,0,1,0,2,0,0,2,2,0,1,2,0.9883806051798778,-0.36260131338775153,0
1,0,1,1,-0.13727439951791576,1,0,2,1,1,1,1,1,1,0,1,3,-1.4660935640654862,1.0448206551577601,0
0,0,1,0,0.14776814652229667,1,2,1,2,2,2,2,0,2,2,1,1,1.3722557122182522,0.012287608256425376,0
0,0,1,0,-0.6666391278783103,1,2,1,0,2,0,0,2,2,0,1,2,1.1711782751981514,-1.2145734531130068,1
1,0,1,0,0.3920903288424788,1,2,1,0,0,2,2,2,2,1,1,2,1.4470365772257276,0.3379326461253079,0
1,0,0,0,-1.2774445836787656,1,0,2,1,1,1,1,1,1,0,0,2,-1.4694171580658184,-0.8688072584327136,1
0,0,0,0,1.125056875803025,1,0,1,0,2,2,0,2,2,2,1,2,1.1595456961969886,0.8552581778292074,0
1,0,0,0,-1.1145631287986442,1,2,1,0,2,2,0,0,0,0,1,2,0.682609957149311,0.18967149067280853,1
1,0,1,0,-0.4223169455581282,1,2,1,2,0,0,2,2,0,0,0,1,1.0349109211845293,-0.7353722185254642,0
1,0,1,0,0.14776814652229667,1,0,2,1,1,1,1,1,1,1,0,3,-1.4876969250676457,1.0776499110079565,0
0,0,0,0,-1.1552834925186746,1,0,1,0,0,0,0,0,0,0,0,2,0.1873944510998066,-0.4346138746075369,1
1,0,0,0,-0.9516816739185228,1,0,0,2,0,0,2,0,2,0,0,3,0.006258578081699082,0.6805218160459046,0
1,0,1,1,-1.2774445836787656,1,0,1,0,2,0,0,0,0,0,0,1,0.32698539911376057,1.30480718132625,0
1,0,1,1,-0.8295205827584317,1,0,0,2,0,0,0,0,0,0,1,2,-0.5172074769706297,0.7700080134440203,0
0,0,0,0,-0.38159658183809786,1,2,0,0,0,0,2,2,2,1,1,3,0.29873485011093664,-1.047779653228945,0
1,0,0,0,1.2064976032430856,1,2,1,2,2,0,0,0,2,1,1,0,0.9152615371725683,0.7821866083561898,0
1,0,0,0,0.18848851024232702,1,2,1,0,0,0,2,2,2,0,0,0,1.1312951471941644,-0.13067850592991329,1
0,0,0,0,-0.9924020376385531,1,0,2,1,1,1,1,1,1,0,0,3,-1.5142856770703037,-1.1912752715418997,0
1,0,1,0,-0.055833672077855064,1,2,1,0,0,2,0,2,0,0,0,1,0.7939503561604415,-0.48915279964899205,0
1,0,1,1,-0.7888002190384014,1,2,1,0,0,0,0,0,0,0,1,1,0.32033821111309646,1.618803128409579,1
0,0,0,0,-0.3408762181180675,1,2,1,0,0,2,0,2,2,0,1,2,1.1296333501939984,-0.6379434592281075,1
1,0,1,1,0.5142514200025698,1,2,1,0,2,2,0,0,2,0,1,0,1.0365727181846955,0.27809867981769204,0
0,1,1,0,1.4915401492832983,1,2,1,0,2,0,2,2,2,2,0,1,1.3506523512160928,1.1872572652174826,0
1,0,0,0,-1.2367242199587352,1,0,2,1,1,1,1,1,1,0,0,3,-1.479387940066815,-0.07561007676184209,0
1,0,1,1,1.1657772395230555,1,2,1,2,2,0,0,2,2,1,1,2,1.3705939152180862,1.0453501592843761,1
1,0,0,0,0.35136996512244845,1,2,1,0,2,2,0,2,2,0,1,2,1.327387193213767,0.23044330842224583,1
0,0,0,0,0.47353105628253944,0,1,0,0,0,2,0,2,2,1,1,2,-0.5221928679711283,-0.7173690782205179,0
1,0,0,0,0.26992923768238775,0,1,0,0,0,2,2,0,0,1,0,3,-0.9708780580159815,-1.424786591379586,0
1,0,1,1,1.6137012404433893,0,1,0,2,2,2,2,2,2,2,1,1,0.011243969082197169,0.40729768671201294,0
0,1,0,0,-0.7888002190384014,1,0,1,0,0,2,0,2,2,0,1,2,1.0664850641876853,-1.4967991525993716,0
0,0,1,1,0.758573602322752,1,0,0,2,2,0,2,0,2,1,1,1,0.1657910900976468,-0.09149520056032416,0
0,1,1,0,1.5729808767233588,1,0,1,0,2,2,0,2,2,2,1,2,1.1445895231954935,1.2555632975509556,0
1,1,0,0,-0.4223169455581282,1,2,1,0,0,0,0,2,2,0,1,2,1.0614996731871873,-0.8190338705308031,1
0,0,0,0,-1.2367242199587352,1,0,0,0,2,0,2,0,0,0,1,1,-0.3227772279511935,-1.7048942743594868,1
0,0,0,0,0.9621754209229036,1,2,1,0,2,2,0,2,2,1,1,2,1.397182667220744,0.8430795829170378,0
1,0,0,0,-1.2774445836787656,1,0,0,2,0,0,0,0,0,0,0,3,-0.44907379996381874,0.552911321531432,0
0,0,1,1,-0.38159658183809786,1,0,0,2,2,0,2,0,0,1,1,3,-0.23304018994222275,-1.4517913018370057,0
0,1,1,0,1.369379058123207,1,2,0,0,2,2,0,2,0,1,1,0,0.20235062410130134,0.39670760417969153,0
0,0,0,0,-1.2774445836787656,1,0,2,1,1,1,1,1,1,0,0,3,-1.502653098069141,-0.9387018031460347,0
1,1,0,0,-0.5444780367182193,1,2,1,0,2,0,0,2,0,0,1,2,0.7789941831589463,-1.0382485789498557,1
1,0,0,0,-0.8702409464784621,1,0,1,2,0,2,0,0,0,0,1,0,0.4898415051300408,1.4493618078924368,0
0,0,1,1,-0.9924020376385531,1,0,2,1,1,1,1,1,1,1,1,3,-1.4960059100684764,-1.2839384936997118,1
0,0,1,1,0.7992939660427822,1,2,1,2,2,2,0,0,2,0,0,0,1.109691786192005,0.5100214872755303,0
1,0,0,0,-1.1960038562387048,1,0,2,1,1,1,1,1,1,0,1,2,-1.479387940066815,0.914033135883591,0
0,0,1,1,0.758573602322752,1,0,1,2,2,0,0,0,0,0,1,0,0.47820892612887816,0.09541975613514822,0
1,1,0,0,-0.7073594915983407,1,2,1,0,0,0,0,0,0,0,0,2,0.36188313611724954,-1.5772837798450141,1
1,1,1,0,1.2879383306831464,1,2,1,0,2,2,0,0,2,0,1,2,0.9800716201790471,0.9071495822375821,0
0,0,0,0,0.18848851024232702,0,1,0,0,0,2,0,0,2,0,1,1,-0.8163309370005319,-1.2606403121286047,0
1,0,0,0,-0.7888002190384014,1,0,2,1,1,1,1,1,1,2,0,3,-1.4893587220678117,-0.6247058560627058,0
1,0,1,0,0.6771328748826912,1,2,0,2,0,0,0,0,0,1,1,2,-0.31280644595019663,-0.5166870142330277,0
0,1,0,0,0.5142514200025698,1,2,1,0,0,2,0,2,2,1,1,0,1.2426355462052947,0.3956485959264594,0
0,0,0,0,-0.5851984004382496,1,0,1,0,0,0,0,0,0,0,1,2,0.21065960910213194,-1.4862090700670503,0
1,1,0,0,-1.2774445836787656,1,2,1,0,0,0,0,0,0,0,1,2,0.3303089931140931,1.305336685452866,1
1,0,1,0,1.4508197855632678,0,1,0,2,0,2,0,2,2,2,1,0,-0.3543513709543497,-0.003068011415440628,0
1,0,0,0,0.880734693482843,1,0,2,1,1,1,1,1,1,2,0,1,-1.4993295040688086,-1.7154843568918081,0
0,1,1,1,-0.38159658183809786,1,0,1,0,2,2,0,0,2,0,1,0,0.787303168159777,-0.7967946972129282,0
1,0,0,0,-0.62591876415828,1,0,1,0,0,2,0,0,0,0,1,2,0.395119076120572,-1.4200210542400415,1
1,0,1,0,1.5729808767233588,1,2,0,2,2,2,2,0,2,2,0,1,0.5197538511330312,0.7768915670900292,0
0,0,1,1,1.4100994218432374,1,0,2,1,1,1,1,1,1,2,1,0,-1.5126238800701375,-1.3697181622115149,0
0,0,1,1,-0.748079855318371,1,2,1,0,0,0,0,2,0,0,1,2,0.6659919871476498,-1.5275103919431037,0
0,1,0,0,-1.2774445836787656,0,1,0,0,0,0,0,0,0,0,1,3,-1.2949284730483754,-0.5823455259334203,1
0,0,0,1,1.247217966963116,1,0,2,1,1,1,1,1,1,2,0,1,-1.504314895069307,-1.5179793176640144,0
0,0,0,0,0.35136996512244845,1,2,0,0,0,2,2,0,2,1,1,2,0.12756975909382579,-0.41078618890981383,0
0,0,1,0,-0.62591876415828,1,2,1,0,0,0,0,2,2,0,0,2,0.925232319173565,-1.1806851890095782,0
1,0,1,0,0.9621754209229036,1,2,1,2,0,0,0,2,2,1,1,2,1.1894580421999785,0.7001134687306991,0
0,0,0,0,-1.1145631287986442,1,0,2,1,1,1,1,1,1,0,0,1,-1.4694171580658184,1.6987582515286055,0
0,0,0,0,-1.2367242199587352,0,1,0,2,2,0,0,0,2,0,1,2,-0.736564680992558,1.2523862727912591,1
0,0,1,0,-1.1960038562387048,1,0,2,1,1,1,1,1,1,0,1,3,-1.5009913010689746,0.6900528903249938,0
1,0,0,0,0.18848851024232702,1,2,0,2,2,2,2,0,0,1,0,2,0.08934842809000525,-0.6157042859102326,0
0,0,0,0,-0.13727439951791576,1,0,0,2,2,2,0,0,2,0,1,0,0.13587874409465642,-0.8915759358772046,1
1,0,0,0,-0.9924020376385531,1,0,0,0,0,0,0,0,0,0,0,3,-0.7049905379894018,-0.18627643922460055,0
0,0,0,0,1.247217966963116,1,2,1,0,2,2,2,2,2,0,1,1,1.4985522842308774,1.1989063560030362,0
0,0,1,1,-1.0331224013585834,1,0,2,1,1,1,1,1,1,0,0,3,-1.4660935640654862,-1.1790966766297302,0
0,0,0,0,-1.1960038562387048,1,0,1,0,2,0,0,2,2,0,0,2,1.0182929511828682,-0.3853699908322425,0
1,0,1,1,1.6137012404433893,1,0,2,1,1,1,1,1,1,2,0,0,-1.4544609850643233,-1.253756758482596,0
0,0,0,0,-0.5444780367182193,1,0,0,0,0,0,0,0,2,0,1,2,-0.2845558969473725,-1.6265276636203085,0
0,0,1,0,1.0843365120829946,1,0,2,1,1,1,1,1,1,2,0,0,-1.5408744290729617,-1.6667699772431297,0
1,0,1,1,-1.2367242199587352,1,0,1,0,0,2,2,0,2,0,0,1,0.8388188751649267,-0.9339362660064902,1
0,0,1,1,0.10704778280226633,1,2,2,1,1,1,1,1,1,0,1,2,-1.2965902700485417,1.603447508737713,0
1,0,0,0,-0.748079855318371,1,0,2,1,1,1,1,1,1,0,0,1,-1.5009913010689746,-0.35095222260219805,0
0,0,0,0,-0.748079855318371,1,0,1,0,0,2,0,0,0,0,0,2,0.35191235411625243,-1.6953632000803975,1
0,0,1,1,1.4915401492832983,1,0,2,1,1,1,1,1,1,2,0,1,-1.4943441130683104,-1.2987646092449616,0
1,1,1,0,-1.0331224013585834,1,2,0,2,2,0,2,0,0,0,0,2,-0.018668376920792765,0.40359115782570043,0
1,0,1,1,1.4915401492832983,1,0,0,2,2,2,2,2,0,2,1,0,0.3652067301175816,0.6482220643223243,0
0,0,1,1,1.6137012404433893,1,2,0,0,2,0,2,2,2,2,1,2,0.47156173812821356,0.7805980959763417,0
1,0,0,0,-0.9924020376385531,1,2,1,0,2,0,0,2,2,0,0,2,1.1994288242009752,1.5023122205540438,1
0,0,1,1,-1.1552834925186746,1,0,0,2,0,0,0,0,0,0,0,2,-0.4806479429669752,-0.779850565161214,0
1,0,1,1,1.247217966963116,1,0,1,0,2,2,0,0,0,0,1,1,0.5164302571326987,0.4644841323865484,0
1,0,0,0,1.6137012404433893,1,0,2,1,1,1,1,1,1,2,0,0,-1.4926823160681442,-1.2998236174981939,0
0,0,0,0,0.5549717837226001,1,0,2,1,1,1,1,1,1,2,1,2,-1.451137391063991,1.6696355245647216,0
0,0,1,0,-1.1145631287986442,1,0,1,0,0,0,0,0,0,0,0,2,0.1724382780983114,-0.20798610841585938,1
1,0,1,0,-0.0965540357978854,1,0,0,0,0,2,0,0,0,0,1,3,-0.4906187249679718,-1.262228824508453,0
1,0,0,0,1.247217966963116,1,2,1,0,2,2,0,2,2,2,1,0,1.329048990213933,1.0427026386512959,0
0,0,0,0,1.125056875803025,1,0,2,1,1,1,1,1,1,2,0,0,-1.4926823160681442,-1.5958164242765764,0
0,0,1,0,1.247217966963116,1,2,1,0,2,2,0,2,2,1,1,2,1.42044782522307,1.1459559433414293,1
1,0,1,1,-0.30015585439803716,1,0,1,0,0,0,2,2,0,0,0,2,0.7025515211513048,-0.7607884166030355,0
1,0,0,0,-1.2774445836787656,1,0,0,0,0,0,0,0,0,0,1,3,-0.62854787598176,0.300337853135567,1
1,1,1,0,-1.0738427650786138,1,2,1,0,0,2,0,0,0,0,1,2,0.53304822713436,0.33422611723899537,0
1,0,0,0,-0.4223169455581282,1,2,2,1,1,1,1,1,1,2,0,3,-1.3132082400502028,0.7535933855189221,0
0,0,1,1,-0.055833672077855064,1,2,0,0,2,0,2,2,2,2,0,0,0.5247392421335293,-0.6008781703649826,0
0,0,1,1,0.26992923768238775,1,0,1,0,0,2,2,0,0,0,1,0,0.5563133851366857,-0.29376577692766254,0
1,0,0,0,-0.2594354906780068,1,0,2,1,1,1,1,1,1,0,0,3,-1.4577845790646555,0.5746209907226908,0
0,0,1,0,0.8400143297628127,1,0,1,2,2,2,0,2,2,1,1,0,1.3739175092184182,0.7964832197748237,1
0,0,0,0,-1.2774445836787656,1,0,1,0,2,0,2,2,0,0,0,2,0.895319973170575,1.6357472604612933,1
1,0,0,0,-0.8295205827584317,1,2,0,2,2,0,2,0,0,0,1,2,0.08270124008934066,1.5298464351380794,0
0,0,0,0,-0.6666391278783103,1,2,1,0,2,2,0,0,2,0,1,1,1.0249401391835322,-1.1976293210612925,1
0,0,0,0,-1.2367242199587352,1,0,2,1,1,1,1,1,1,0,0,3,-1.4760643460664828,0.29557231599602235,0
1,0,0,1,0.26992923768238775,0,1,0,2,0,0,2,2,0,1,0,0,-0.6551366279844181,-1.0207749427715254,0
1,0,0,0,-1.2774445836787656,1,2,1,0,0,0,0,0,0,0,1,2,0.3386179781149237,1.3063956937060983,1
0,0,1,1,-1.0331224013585834,0,1,0,2,0,0,2,0,0,0,0,3,-1.0007904040189717,-0.6077617240109915,0
1,1,0,0,-1.1552834925186746,1,0,1,0,0,0,0,0,0,0,0,2,0.15249671409631763,-0.5283361050185812,0
1,1,0,0,-0.9109613101984924,1,2,1,0,0,0,0,2,2,0,1,2,1.0166311541827018,1.6203916407894272,1
0,0,0,0,0.9214550572028734,1,0,1,0,2,2,0,0,0,0,1,2,0.5579751821368518,0.30563289440172764,0
1,0,1,1,1.6137012404433893,1,0,0,0,2,2,0,2,2,2,1,0,0.35357415111641893,0.6831693366789849,0
0,0,1,0,-0.9109613101984924,1,0,0,0,0,2,0,2,2,0,1,1,0.10098100709116792,1.0405846221448316,0
1,1,0,0,-0.8702409464784621,1,2,1,0,2,2,2,2,2,0,1,2,1.5500679912360276,-1.5444545239948178,0
0,0,1,1,-0.7073594915983407,1,0,0,0,0,0,0,0,0,0,0,2,-0.613591702980265,1.0024603250284745,0
0,0,1,1,-0.38159658183809786,1,0,2,1,1,1,1,1,1,2,0,0,-1.4744025490663168,0.41524024861125397,0
1,0,0,1,-1.2774445836787656,1,0,2,1,1,1,1,1,1,0,0,3,-1.4860351280674797,-0.8741022996988743,0
0,1,0,0,-1.1960038562387048,1,0,0,0,0,0,0,0,0,0,0,2,-0.6567984249845842,-1.462381384369327,1
1,0,1,1,0.5956921474426305,1,0,1,2,2,2,0,0,2,1,1,2,1.0415581091851935,0.2500349611070404,0
0,0,0,1,-0.7073594915983407,1,0,2,1,1,1,1,1,1,1,0,3,-1.4993295040688086,-0.481210237749751,0
1,0,0,0,1.369379058123207,1,0,1,0,2,2,0,2,2,0,0,2,1.15456030519649,1.0940645389330546,1
0,1,1,0,1.4508197855632678,1,0,0,0,2,2,2,0,0,1,1,0,-0.13665596393258767,0.0752985993237376,0
0,0,1,1,-0.62591876415828,1,0,1,0,0,2,2,2,2,1,0,0,1.1246479591934997,-1.088021966851766,1
0,0,0,0,-1.0331224013585834,1,0,0,0,0,0,2,2,0,0,1,3,-0.17487729493640844,0.1541947141895319,1
1,1,1,0,-0.8295205827584317,1,0,1,0,0,0,0,0,2,0,1,2,0.5214156481331973,1.6892271772495162,1
0,1,1,0,-0.46303730927815856,1,2,0,0,2,2,0,0,2,1,0,0,0.2306011731041257,-1.2511092378495154,0
1,0,0,0,-0.46303730927815856,0,1,0,0,2,0,2,0,0,0,1,3,-0.9559218850144864,1.4075309818897674,0
0,0,1,1,0.9621754209229036,1,2,0,2,0,0,0,2,0,1,0,0,0.014567563082529699,-0.11214586149835086,0
0,0,1,1,-1.0738427650786138,1,2,0,0,0,0,0,0,0,0,1,1,-0.5255164619714603,-0.4674431304577332,0
0,1,0,0,1.3286586944031769,0,1,0,0,2,2,0,2,2,2,1,0,-0.3742929349563432,-0.11002784499188659,0
1,0,1,0,0.3920903288424788,1,2,0,2,0,0,2,2,2,1,0,1,0.5214156481331973,-0.17356834018581488,0
0,0,1,1,1.4508197855632678,1,2,1,2,0,2,2,2,2,2,1,0,1.4719635322282196,1.335518420669982,0
1,0,1,1,0.6364125111626608,1,2,2,1,1,1,1,1,1,2,0,0,-1.2783105030467143,-1.4877975824468983,0
0,1,0,0,0.7178532386027215,1,2,1,0,2,0,2,2,2,1,1,2,1.397182667220744,0.638161485916619,0
0,1,0,0,-1.0331224013585834,1,0,0,0,2,2,0,2,0,0,1,2,0.006258578081699082,0.48884132221088755,0
0,0,1,1,1.247217966963116,1,0,2,1,1,1,1,1,1,2,0,2,-1.5093002860698053,-1.470323946268568,0
1,0,0,0,-0.62591876415828,1,0,2,1,1,1,1,1,1,0,0,1,-1.451137391063991,0.020230170155666412,0
0,0,1,1,0.3920903288424788,1,0,1,0,0,0,0,2,0,0,1,1,0.4383257981248911,-0.17039131542611846,1
1,0,1,1,-1.1552834925186746,1,0,2,1,1,1,1,1,1,0,0,3,-1.5259182560714666,1.5425545341768652,0
0,0,0,1,1.2064976032430856,1,2,2,1,1,1,1,1,1,2,0,0,-1.288281285047711,-1.1372658506270605,0
1,1,0,0,-1.2367242199587352,1,0,1,0,2,0,0,0,0,0,1,2,0.3303089931140931,-1.1277347763479715,1
0,0,1,0,-1.2367242199587352,1,0,1,0,0,0,0,0,0,0,1,2,0.1857326540996401,-1.529628408449568,0
1,0,1,0,0.6364125111626608,1,2,1,2,2,2,0,2,0,2,1,0,1.068146861187852,0.28498223346370094,0
1,0,1,0,-0.21871512695797646,1,0,2,1,1,1,1,1,1,2,0,0,-1.502653098069141,0.5825635526219318,0
0,0,1,1,1.5322605130033284,1,0,0,0,2,2,2,2,2,2,1,0,0.5197538511330312,0.7731850382037166,0
1,1,0,0,-1.2774445836787656,1,2,1,0,0,2,0,2,0,0,1,2,0.7989357471609396,1.6018589963578649,1
1,0,1,0,0.5549717837226001,1,2,1,0,2,2,0,2,0,1,1,2,0.9933659961803764,0.2193237217633084,0
1,0,0,0,-0.0965540357978854,1,0,1,0,0,0,0,2,2,0,1,2,0.8471278601657574,-0.45685304792541187,1
0,0,0,0,-0.7073594915983407,1,2,0,2,0,0,0,0,2,0,1,0,-0.003712203919297562,1.726821970239257,1
1,0,1,1,1.4915401492832983,1,2,1,0,2,2,0,2,0,1,0,1,1.0299255301840309,1.036348589131903,0
1,0,0,0,1.3286586944031769,1,0,2,1,1,1,1,1,1,2,1,1,-1.502653098069141,-1.5121547722712376,0
1,1,1,1,1.6137012404433893,1,0,1,2,0,2,2,2,2,2,1,1,1.3074456292117733,1.3180447844916519,0
1,1,1,0,-0.7888002190384014,1,0,1,0,2,0,2,0,2,0,1,0,0.8072447321617703,-1.5587511354134516,1
1,0,0,0,-0.62591876415828,1,0,2,1,1,1,1,1,1,1,1,3,-1.4843733310673135,-0.44520395713985833,0
1,0,1,0,0.758573602322752,1,2,1,2,0,2,2,2,2,1,1,2,1.5550533822365258,0.775832558836797,0
1,0,1,1,0.758573602322752,1,0,0,2,2,0,2,0,0,2,0,1,-0.14164135493308597,-0.2884707356615019,0
0,0,1,0,1.6137012404433893,1,2,0,2,2,2,2,2,2,2,1,0,0.8703930181680831,1.0252290024729656,0
1,0,1,1,1.4100994218432374,1,2,1,0,2,2,0,0,0,1,0,2,0.7524054311562884,0.845197599423502,1
1,0,0,0,0.06632741908223598,1,0,2,1,1,1,1,1,1,0,0,3,-1.4976677070686424,1.106243133845224,0
1,0,1,0,1.4100994218432374,0,1,0,2,2,0,2,0,2,2,1,0,-0.4590445819648154,-0.10843933261203838,0
0,0,1,0,0.6771328748826912,1,0,2,1,1,1,1,1,1,1,1,0,-1.4860351280674797,1.6511028801331593,0
1,0,1,1,0.8400143297628127,1,0,2,1,1,1,1,1,1,2,1,3,-1.5076384890696393,-1.6122310522016745,0
1,0,0,0,-0.21871512695797646,1,2,0,0,0,2,2,0,0,0,0,2,-0.17653909193657447,-1.156857503311855,0
0,1,0,0,-0.38159658183809786,1,0,1,0,2,0,0,2,2,0,1,2,0.9966895901807084,-0.6998954420421876,1
1,0,0,0,1.4915401492832983,1,2,0,2,2,2,2,0,2,2,1,1,0.5563133851366857,0.714410080149333,0
0,0,1,1,-1.2367242199587352,0,1,0,0,0,0,2,0,0,0,0,0,-1.1869116680375775,0.2590365312595136,0
0,0,0,0,0.10704778280226633,1,2,1,0,0,0,0,2,0,0,1,2,0.720831288153132,-0.3308310657907874,1
0,0,1,0,0.5549717837226001,1,0,0,2,2,0,2,0,2,1,0,3,0.19404163910047073,-0.23710883537974317,0
0,0,0,0,0.880734693482843,1,2,1,0,2,0,0,2,2,2,1,0,1.0781176431888486,0.5619128916839051,0
0,0,1,0,0.9621754209229036,1,2,1,0,2,0,0,2,2,1,1,2,1.113015380192337,0.6964069398443866,1
0,0,1,0,-0.9516816739185228,1,0,1,0,0,2,0,0,0,0,1,0,0.3652067301175816,1.0485271840440726,1
1,0,0,0,-0.5037576729981889,1,2,0,2,0,0,2,0,0,0,0,0,-0.18484807693740507,-1.5365119620955767,0
1,0,0,0,-0.8702409464784621,1,0,1,0,2,0,0,0,0,0,1,3,0.37019212111808014,1.588091889065847,0
0,1,1,0,-0.0965540357978854,1,2,1,0,2,0,0,2,0,0,1,2,0.8404806721650927,-0.5203935431193402,0
1,0,1,0,1.4508197855632678,1,0,0,2,2,2,0,0,2,2,0,0,0.20567421810163386,0.3988256206861558,0
1,1,1,0,0.22920887396235737,1,2,1,0,2,2,0,2,2,0,1,2,1.2575917192067896,0.08641818598267505,0
0,1,1,0,-0.62591876415828,1,2,1,2,0,2,0,0,0,0,1,0,0.684271754149477,-1.271230394660926,1
1,0,0,0,0.6364125111626608,1,2,1,0,2,2,0,2,2,1,1,1,1.3739175092184182,0.5486752885185033,1
0,0,0,0,-1.2774445836787656,1,0,0,0,0,0,0,0,0,0,0,2,-0.6966815529885713,0.2124401681172995,0
1,0,1,1,1.247217966963116,0,1,0,2,2,2,0,2,2,2,0,2,-0.19149526493806968,-0.032720242505940494,0
0,0,0,0,-1.1960038562387048,1,0,0,0,0,2,0,2,2,1,1,2,0.1724382780983114,-0.7586704000965713,0
0,0,0,0,0.6364125111626608,1,2,2,1,1,1,1,1,1,1,0,0,-1.343120586053193,-1.5862853499974872,0
1,0,0,0,1.369379058123207,0,1,0,0,0,0,2,0,0,1,0,1,-1.1736172920362484,-0.8825743657247314,0
0,0,1,1,1.4508197855632678,1,2,1,0,2,2,0,0,0,2,1,1,0.6526976111463211,0.7880111537489666,0
1,1,0,0,-0.62591876415828,1,0,0,0,0,0,0,0,0,0,1,2,-0.6551366279844181,1.3837032961920444,1
0,0,1,1,-1.0331224013585834,1,0,2,1,1,1,1,1,1,1,0,3,-1.4660935640654862,-1.3988408891753987,0
1,0,1,0,1.6137012404433893,1,2,0,2,2,2,2,2,2,2,1,0,0.7424346491552913,0.9532164412531802,0
0,0,1,0,-0.13727439951791576,1,0,2,1,1,1,1,1,1,0,0,3,-1.4926823160681442,0.7784800794698774,0
1,0,1,0,0.18848851024232702,1,0,1,0,0,2,2,0,2,0,1,2,0.8504514541660894,-0.15662420813410066,0
0,0,0,0,0.06632741908223598,1,2,1,2,2,2,0,2,2,0,1,3,1.4968904872307114,-0.08037561390138671,1
0,1,0,0,0.3920903288424788,1,2,1,0,0,0,0,2,0,0,1,2,0.6610065961471517,-0.10049677071279735,1
0,0,1,1,1.0843365120829946,1,2,0,2,2,0,2,0,0,1,0,3,0.02453834508352634,0.0011680215974879248,0
1,0,1,1,-0.8702409464784621,1,0,1,0,0,0,0,2,0,0,1,0,0.4898415051300408,1.5917984179521596,1
1,1,1,1,1.125056875803025,1,2,1,2,0,0,0,0,0,0,1,2,0.5380336181348585,0.44436297557513776,0
0,0,0,0,-0.21871512695797646,1,0,0,0,2,0,2,0,0,0,1,3,-0.28621769394753876,-1.2977056009917296,0
0,0,0,0,-1.2774445836787656,1,2,1,0,0,0,0,0,2,0,0,3,0.6992279271509723,1.565323211621356,1
1,1,0,0,-1.2774445836787656,1,0,1,0,0,0,0,2,0,0,1,2,0.47654712912871167,1.4318881717141065,1
1,0,1,0,-0.62591876415828,0,1,0,2,0,2,0,0,0,0,0,3,-1.0090993890198023,0.8467861118033503,0
1,0,1,0,1.0436161483629645,1,0,2,1,1,1,1,1,1,2,0,3,-1.462769970065154,-1.5418070033617375,0
1,0,1,1,-1.2774445836787656,1,0,2,1,1,1,1,1,1,1,0,3,-1.5275800530716328,-1.0144208932521326,0
0,0,1,1,-1.1960038562387048,1,0,0,0,0,0,0,0,0,0,0,3,-0.6800635829869099,-1.3977818809221667,1
0,0,0,0,0.8400143297628127,1,2,1,2,2,2,0,0,0,0,0,2,0.8654076271675846,0.4861938015778072,0
1,0,0,0,0.10704778280226633,1,2,2,1,1,1,1,1,1,0,1,2,-1.3015756610490399,1.62674569030882,0
1,0,1,1,0.7178532386027215,1,2,1,2,0,2,0,2,2,0,0,1,1.3689321182179202,0.637631981790003,1
1,0,1,1,1.4508197855632678,1,2,0,0,2,0,2,0,2,2,0,1,0.2006888271011353,0.4454219838283699,0
1,0,1,0,0.5956921474426305,1,2,2,1,1,1,1,1,1,0,0,2,-1.3082228490497045,-1.5831083252377909,0
0,1,1,0,1.3286586944031769,1,2,1,0,2,2,0,2,2,0,1,0,1.463654547227389,1.2179685045612147,0
1,0,0,0,-1.1145631287986442,1,0,1,0,0,0,0,0,0,0,1,2,0.1657910900976468,-0.23181379411358247,1
1,0,1,0,0.758573602322752,1,2,1,0,0,0,0,2,2,0,1,2,0.9933659961803764,0.4284778517766557,1
0,0,0,0,0.5549717837226001,1,2,1,0,0,0,0,2,2,0,0,0,1.0398963121850275,0.2516234734868886,1
0,0,0,0,-0.9516816739185228,1,2,1,0,0,0,0,0,0,0,1,2,0.4017662641212361,1.0712958614885635,0
0,0,0,0,-0.9924020376385531,1,0,2,1,1,1,1,1,1,2,0,3,-1.479387940066815,-1.0620762646475788,0
1,0,0,0,-0.748079855318371,1,2,2,1,1,1,1,1,1,1,1,1,-1.328164413051698,-0.24663990965883242,0
0,0,0,0,0.5142514200025698,1,2,1,2,2,2,2,2,2,0,1,2,1.6913207362501481,0.5597948751774409,0
0,0,0,0,-0.9924020376385531,1,2,1,0,0,0,0,0,0,0,1,1,0.32698539911376057,0.6826398325523688,0
1,1,0,1,-1.2774445836787656,1,0,0,0,0,2,0,0,0,0,1,3,-0.4856333339674735,0.5126690079086107,1
1,0,1,1,1.369379058123207,1,0,1,2,2,2,0,2,2,1,1,0,1.2758714862086173,1.2057899096490452,0
1,0,1,1,1.6137012404433893,1,2,0,2,2,2,2,0,0,2,0,1,0.2438955491054544,0.5243180986941642,0
0,0,1,0,0.35136996512244845,1,2,1,2,2,2,2,2,2,0,1,0,1.6231870592433366,0.34110967088500427,1
0,0,1,1,-0.38159658183809786,1,2,2,1,1,1,1,1,1,2,0,3,-1.3181936310507012,0.9172101606432874,0
0,0,0,0,-0.13727439951791576,1,0,1,0,0,0,0,2,0,0,1,2,0.46989994112804756,-0.6548875912798217,1
0,0,0,0,-1.1552834925186746,1,2,1,2,0,0,0,0,0,0,1,2,0.5114448661322006,-0.25617098393792165,0
1,0,1,1,-1.0738427650786138,1,2,2,1,1,1,1,1,1,2,0,3,-1.3082228490497045,-1.2188094861259353,0
0,1,1,0,1.4100994218432374,1,2,1,2,2,2,2,0,2,1,1,1,1.3506523512160928,1.2068489179022772,0
1,1,0,1,-1.0331224013585834,1,0,0,0,0,0,0,0,0,0,1,3,-0.6318714699820923,-0.1476226379816275,0
1,0,1,1,0.9621754209229036,1,2,2,1,1,1,1,1,1,1,1,3,-1.3397969920528607,-1.3014121298780421,0
0,0,1,0,1.6137012404433893,1,2,2,1,1,1,1,1,1,2,0,1,-1.3215172250510334,-0.97841461264224,0
1,0,1,0,1.6137012404433893,1,2,0,2,2,2,0,2,2,2,1,2,0.6809481601491449,0.9076790863641983,0
1,0,1,1,-0.38159658183809786,1,0,2,1,1,1,1,1,1,2,0,1,-1.5009913010689746,0.19655504431881743,0
0,0,0,1,0.10704778280226633,1,2,0,0,0,0,0,0,0,0,0,3,-0.4856333339674735,-1.1203217185753465,0
1,1,1,0,-0.21871512695797646,1,0,1,0,0,0,0,0,0,0,1,2,0.19237984210030468,-0.9053430431692223,0
0,0,1,1,-0.2594354906780068,1,2,0,0,2,0,2,0,0,0,1,2,-0.15659752793458118,-1.1526214702989266,1
1,0,1,1,-0.8295205827584317,1,2,2,1,1,1,1,1,1,1,0,3,-1.2749869090463821,-0.2789396613824126,0
0,0,0,0,0.3106496014024181,1,0,2,1,1,1,1,1,1,2,0,3,-1.4827115340671475,1.471600981210312,0
1,0,1,1,-1.0331224013585834,0,1,0,2,2,2,0,2,2,0,0,3,-0.196480655938568,0.35911281118995064,0
1,0,1,1,1.5322605130033284,1,2,1,2,2,0,0,2,0,0,1,1,1.0897502221900113,1.0797679275144207,0
1,0,1,1,1.125056875803025,1,0,2,1,1,1,1,1,1,2,0,1,-1.4993295040688086,-1.5640461766796123,0
1,0,1,1,0.26992923768238775,0,1,0,0,0,0,0,0,0,1,1,1,-1.3132082400502028,1.6828731277301234,0
1,0,1,0,1.6137012404433893,1,2,1,2,2,2,2,2,2,2,0,1,1.651437608246161,1.5393775094171687,0
0,0,0,0,-1.2774445836787656,0,1,0,0,0,0,0,2,0,0,1,2,-0.9991286070188055,-0.16721429066642204,1
1,0,1,1,0.880734693482843,1,2,0,0,2,0,2,2,0,1,1,2,0.19736523310080326,-0.011540077441297734,0
1,0,0,0,-1.1960038562387048,1,2,1,0,0,0,0,0,2,0,1,2,0.682609957149311,-0.5140394935999473,1
0,0,1,1,1.247217966963116,1,0,0,2,2,2,2,2,0,2,0,1,0.358559542116917,0.3855880175207541,0
1,0,1,1,1.5729808767233588,1,2,1,0,2,0,2,0,0,2,1,2,0.6659919871476498,0.9336247885683856,0
0,0,0,0,0.3920903288424788,1,0,2,1,1,1,1,1,1,1,1,3,-1.4660935640654862,1.695581226768909,0
1,0,0,0,0.5956921474426305,1,0,2,1,1,1,1,1,1,2,0,0,-1.4727407520661506,1.678637094717195,0
0,0,1,1,1.369379058123207,1,2,1,0,2,2,0,2,2,1,1,1,1.2526063282062914,1.0691778449820992,1
0,0,1,0,-0.46303730927815856,1,2,1,2,0,2,0,2,2,0,1,0,1.3174164112127704,-0.7554933753368748,1
1,0,0,0,-0.8702409464784621,0,1,0,0,2,0,2,0,0,0,1,2,-0.9675544640156493,0.19284851543250495,0
1,0,0,1,-1.2774445836787656,1,2,1,0,0,2,0,2,2,0,1,2,1.1628692901973208,1.7225859372263286,1
0,1,1,0,0.9214550572028734,1,2,1,0,2,2,2,0,0,0,0,2,0.8537750481664219,0.538614710112798,0
1,0,0,0,1.4915401492832983,1,2,1,0,2,2,2,2,0,2,1,1,1.0930738161903437,1.1041251173387598,0
0,1,0,0,-1.1960038562387048,1,0,1,0,0,2,0,0,0,0,0,2,0.3020584441112687,-0.8963414730167492,0
1,0,0,0,-1.1552834925186746,1,0,0,0,0,2,2,2,2,0,1,2,0.32033821111309646,-0.35518825561512657,1
1,1,0,0,-0.0965540357978854,1,2,0,0,0,2,2,2,0,2,1,1,0.14418772909548702,-0.8126798210114102,0
0,0,0,0,-1.1145631287986442,1,2,1,0,0,2,2,0,0,0,1,2,0.5978583101408388,0.16319628434200506,0
0,0,1,0,1.5729808767233588,1,2,2,1,1,1,1,1,1,2,1,1,-1.341458789053027,-1.0731958513065163,0
0,0,0,0,-0.13727439951791576,1,2,0,0,2,0,0,0,0,1,1,2,-0.3161300399505289,-1.148914941412614,0
1,0,1,0,0.7992939660427822,1,2,0,0,2,0,2,0,0,0,0,0,-0.11339080593026184,-0.2678200747234752,0
1,0,0,0,1.4508197855632678,1,2,0,2,2,2,0,0,2,1,0,1,0.39844267012090406,0.5979191722937978,0
0,0,1,1,0.5549717837226001,1,0,2,1,1,1,1,1,1,2,0,3,-1.5076384890696393,1.7051123010479983,0
1,0,0,0,-0.9924020376385531,1,0,0,0,0,0,0,0,2,0,1,1,-0.3327480099521901,0.24421041571426363,0
1,0,1,0,1.6137012404433893,1,0,2,1,1,1,1,1,1,2,0,1,-1.4976677070686424,-1.315708741296676,0
0,0,0,0,-0.62591876415828,1,0,2,1,1,1,1,1,1,1,0,0,-1.491020519067978,-0.23869734775959137,0
1,0,0,0,-1.1960038562387048,1,0,1,0,2,2,2,2,2,0,1,2,1.435403998224565,-0.2625250334573145,0
0,1,0,0,-1.2367242199587352,1,0,1,0,2,0,0,2,0,0,1,0,0.6327560471443273,-1.140442875386757,0
0,0,0,0,-0.9516816739185228,1,0,1,2,0,0,0,0,0,0,1,1,0.3153528201125979,1.0029898291550907,1
0,0,0,0,0.758573602322752,0,1,0,0,2,2,0,2,2,1,1,1,-0.2779087089467081,-0.3864289990854747,0
0,0,1,1,-1.0738427650786138,1,0,2,1,1,1,1,1,1,2,0,3,-1.4843733310673135,-1.7234269187910491,0
0,0,1,0,-1.1960038562387048,1,2,1,0,0,0,0,2,2,0,0,2,1.001674981181207,-0.4679726345843493,0
0,1,0,0,-0.62591876415828,1,2,1,0,0,0,0,2,2,0,1,2,0.9784098231788811,-1.1610935363247838,0
1,0,1,0,-0.0965540357978854,1,2,0,0,0,0,0,0,0,0,0,2,-0.49394231896830415,-1.2918810555989528,0
1,0,0,0,-0.055833672077855064,1,2,0,0,2,0,2,2,0,0,1,2,0.2089978121019659,-0.7824980857942944,0
0,0,0,0,0.5142514200025698,1,0,0,2,0,2,2,2,2,2,0,0,0.5612987761371843,-0.06925602724244927,0
1,0,1,0,1.2879383306831464,1,2,1,2,2,2,0,0,0,1,0,0,0.8205391081630994,0.7636539639246275,0
1,0,0,0,-1.2774445836787656,1,2,0,0,0,0,0,2,0,0,1,2,-0.16324471593524553,0.8409615664105735,1
0,1,0,0,-1.2774445836787656,1,0,1,0,0,0,0,0,0,0,1,2,0.16080569909714826,1.159723050633447,1
1,1,1,1,1.1657772395230555,1,2,1,0,2,0,0,2,2,1,0,2,1.1379423351948288,0.8637302438550645,0
1,0,0,0,-1.2774445836787656,1,0,2,1,1,1,1,1,1,0,0,3,-1.5192710680708021,-0.9434673402855793,0
1,0,0,0,-0.9516816739185228,0,1,0,0,0,0,0,2,2,0,1,2,-0.6435040489832552,0.1679618214815497,1
1,0,1,1,1.6137012404433893,1,2,1,2,2,2,2,2,2,2,0,0,1.651437608246161,1.487486105008794,0
0,0,0,0,-1.2774445836787656,1,0,2,1,1,1,1,1,1,0,0,3,-1.504314895069307,-0.9392313072726508,1
0,0,1,0,-1.0331224013585834,1,0,0,0,0,0,0,0,0,0,1,3,-0.681725379987076,-0.2842347026485733,0
0,0,1,0,1.369379058123207,1,2,1,0,2,2,2,0,0,1,1,0,0.8570986421667539,0.9256822266691446,0
1,0,0,0,-1.2774445836787656,1,0,1,0,0,0,0,0,0,0,1,2,0.17077648109814536,1.1629000753931436,1
1,0,1,1,0.3106496014024181,1,0,2,1,1,1,1,1,1,0,1,0,-1.4744025490663168,1.3185742886182679,0
1,0,0,0,-0.6666391278783103,1,2,0,0,2,2,0,0,2,0,1,0,0.22063039110312907,-1.5200973341704787,0
0,0,0,0,-1.2367242199587352,1,0,1,0,2,0,0,2,0,0,1,0,0.7440964461554579,-0.9932407281874899,1
1,0,1,0,1.4100994218432374,1,2,2,1,1,1,1,1,1,2,0,1,-1.3265026160515319,-1.1764491559966497,0
0,0,1,0,0.35136996512244845,1,0,1,2,2,2,0,2,2,1,1,0,1.3190782082129364,0.15948975545569258,0
0,0,1,1,0.9621754209229036,1,0,2,1,1,1,1,1,1,2,1,1,-1.4943441130683104,-1.6042884903024335,0
0,0,0,0,1.6137012404433893,1,2,1,2,2,2,2,2,2,2,1,0,1.7179094882528059,1.4673649481973832,0
0,0,1,1,-1.1960038562387048,1,2,1,0,0,0,0,0,2,0,1,0,0.6643301901474837,-0.5135099894733313,1
0,0,1,0,0.880734693482843,1,0,2,1,1,1,1,1,1,2,0,1,-1.4860351280674797,-1.6191146058476835,0
1,1,0,0,0.7992939660427822,1,2,1,0,2,2,2,2,2,0,1,2,1.5284646302338678,0.8203109054725468,0
0,0,0,0,0.7178532386027215,1,0,1,0,0,2,2,0,2,2,1,0,0.82884809316393,0.21614669700361197,0
1,0,0,0,-0.748079855318371,1,2,1,0,0,0,2,2,0,0,1,2,0.8371570781647607,-1.5492200611343625,1
1,0,1,0,-0.21871512695797646,1,0,0,2,0,0,0,0,0,1,0,1,-0.533825446972291,-1.316238245423292,0
0,1,1,0,1.6137012404433893,1,2,1,2,2,2,2,0,0,2,1,0,1.0581760791868549,1.1311298277961794,0
1,0,0,0,1.2064976032430856,1,0,0,2,2,0,0,2,2,1,1,1,0.3170146171127639,0.38082248038120947,0
0,0,0,0,-0.8295205827584317,1,0,0,0,2,0,2,0,0,0,1,2,-0.3477041829536853,1.0437616469045279,0
0,1,0,0,0.47353105628253944,1,0,0,0,0,2,2,2,2,1,0,0,0.33529438411459117,-0.21910569507479682,0
1,0,1,1,0.880734693482843,1,0,1,0,2,0,2,0,0,2,1,0,0.5047976781315361,0.23732686206825473,0
0,0,0,0,1.4508197855632678,1,0,2,1,1,1,1,1,1,2,0,0,-1.4860351280674797,-1.355951054919497,0
1,0,0,0,-0.5037576729981889,1,0,2,1,1,1,1,1,1,0,0,3,-1.5076384890696393,0.15260620180968368,0
1,0,1,1,0.7178532386027215,1,2,0,0,0,2,0,0,0,1,0,0,-0.32776261895169184,-0.5267475926387329,0
1,0,0,0,1.0436161483629645,1,2,2,1,1,1,1,1,1,2,1,1,-1.3397969920528607,-1.232047089291337,0
1,0,1,1,0.10704778280226633,1,2,1,0,2,0,0,2,0,0,1,0,0.827186296163764,-0.2709970994831716,0
0,0,0,0,-1.2367242199587352,1,0,0,0,0,0,0,0,0,0,1,2,-0.6435040489832552,1.464717427564303,0
1,0,1,1,1.247217966963116,1,2,0,2,0,2,2,0,2,2,0,3,0.36354493311741554,0.3707619019755042,0
0,0,1,0,1.0436161483629645,1,2,1,2,2,2,0,2,2,1,1,1,1.5251410362335358,1.0395256138915994,0
0,0,1,1,-0.21871512695797646,1,0,2,1,1,1,1,1,1,1,1,3,-1.4694171580658184,0.8187223930926986,0
0,0,1,0,1.5729808767233588,1,2,1,2,2,2,2,2,2,2,1,1,1.6747027662484868,1.4779550307297047,0
0,0,0,0,1.247217966963116,1,0,0,0,0,2,0,0,2,1,0,1,-0.20645143793956489,-0.11532288625804728,0
1,0,1,0,1.5729808767233588,1,2,1,0,2,2,0,0,2,0,1,0,0.9468356801757247,1.0802974316410368,0
0,1,0,0,0.35136996512244845,1,2,1,2,2,2,0,2,2,0,1,2,1.609892683242008,0.37605694324166483,1
1,1,0,0,-0.7888002190384014,1,0,1,0,0,0,0,2,2,0,1,2,0.8554368451665879,-1.5285694001963357,1
1,0,0,0,-1.2367242199587352,1,0,1,0,0,0,0,2,0,0,0,2,0.4732235351283796,-1.3040596505111224,1
0,0,1,1,1.4508197855632678,1,0,2,1,1,1,1,1,1,2,1,0,-1.5093002860698053,-1.4417307234313004,0
1,0,1,1,-1.2774445836787656,1,0,0,2,0,0,0,0,0,0,1,3,-0.532163649972125,0.42106479400403074,0
1,1,0,0,1.3286586944031769,1,2,1,2,0,2,2,2,2,2,1,2,1.4719635322282196,1.227499578840304,0
1,1,1,0,1.6137012404433893,1,2,2,1,1,1,1,1,1,2,1,0,-1.3215172250510334,-1.0091258519859718,0
0,0,0,0,-0.1779947632379461,1,2,0,0,0,0,2,0,0,0,1,1,-0.32776261895169184,-1.2405191553171941,0
1,0,1,1,1.6137012404433893,1,2,2,1,1,1,1,1,1,2,0,1,-1.329826210051864,-0.9704720507429989,0
0,0,0,0,-1.2367242199587352,1,0,1,2,2,0,0,2,0,0,1,2,0.8770402061687477,-1.1054956030300964,0
0,0,0,1,-0.5851984004382496,1,0,2,1,1,1,1,1,1,1,0,0,-1.4827115340671475,0.04564636823323773,1
1,1,1,0,1.125056875803025,1,2,1,0,2,2,0,2,2,1,1,2,1.3157546142126038,0.9871047053566085,0
0,1,0,0,-0.2594354906780068,1,2,0,0,0,0,2,0,2,0,1,2,0.042818112085353605,-1.125087255714891,0
1,0,0,1,-1.2774445836787656,1,0,1,0,0,0,0,0,0,0,1,2,0.22893937610395967,1.2248520582072235,1
0,0,0,0,-1.1552834925186746,1,0,2,1,1,1,1,1,1,0,0,3,-1.4760643460664828,1.381055775558964,1
1,0,1,1,1.4508197855632678,1,2,0,2,2,2,2,2,2,2,1,1,0.9119379431722362,1.0040488374083227,0
0,0,0,0,0.22920887396235737,1,0,1,0,2,2,2,0,0,0,1,1,0.6477122201458225,-0.22069420745464502,1
0,1,1,0,0.3920903288424788,1,2,1,2,0,2,0,2,2,1,1,0,1.3440051632154282,0.34163917501162033,0
0,0,1,0,1.002895784642934,1,0,2,1,1,1,1,1,1,2,1,0,-1.5009913010689746,-1.5852263417442551,0
1,0,1,0,0.880734693482843,0,1,0,0,2,0,0,0,0,0,0,2,-1.1420431490330922,-1.1467969249061498,0
0,0,0,0,-0.8295205827584317,1,0,1,0,0,0,0,0,2,0,0,0,0.4433111891253892,1.6818141194768912,1
0,0,1,0,0.47353105628253944,1,0,0,2,2,2,0,0,0,1,1,3,-0.10840541492976351,-0.47326767585051,0
1,0,1,1,0.3920903288424788,1,2,0,2,2,0,0,2,0,0,1,0,0.15415851109648415,-0.31812296675200175,0
1,0,1,1,1.6137012404433893,1,2,2,1,1,1,1,1,1,2,0,0,-1.329826210051864,-1.039837091329704,0
0,0,1,1,1.5729808767233588,1,2,0,2,2,2,2,2,2,2,0,3,0.8737166121684152,0.9680425567984301,0
0,0,1,0,-0.5444780367182193,1,2,1,0,0,2,0,0,2,0,0,3,0.827186296163764,-1.0435436202160164,1
0,0,1,0,-0.38159658183809786,1,2,0,0,0,0,2,2,2,0,1,1,0.2954112561106046,-1.132500313487516,0
0,0,0,0,-0.0965540357978854,1,0,2,1,1,1,1,1,1,2,0,1,-1.5076384890696393,0.7996602445345201,0
1,0,0,0,0.10704778280226633,1,2,2,1,1,1,1,1,1,1,0,0,-1.2816340970470463,1.6924042020092127,0
0,0,0,0,-0.9109613101984924,1,2,1,2,0,0,0,2,2,0,1,2,1.1279715531938321,1.711466350567391,1
1,0,0,0,-1.2774445836787656,1,0,0,0,0,0,0,0,0,0,1,0,-0.6950197559884049,0.21296967224391555,0
1,0,0,0,-0.4223169455581282,1,0,1,0,0,0,0,0,0,0,1,3,0.16412929309748078,-1.2569337832422922,0
1,0,1,1,-1.0331224013585834,0,1,0,2,2,2,0,0,0,2,0,3,-0.8711702380060141,-0.4399089158736976,0
0,0,0,0,0.14776814652229667,0,1,0,2,2,2,2,0,2,2,1,3,-0.3875873109576722,-0.9302297371201776,0
0,0,1,1,0.06632741908223598,1,0,2,1,1,1,1,1,1,0,0,3,-1.4660935640654862,1.243914206765402,0
1,0,1,1,1.6137012404433893,1,2,0,2,2,2,0,0,0,2,0,1,-0.010359391919962149,0.39088305878691476,0
1,0,1,1,0.14776814652229667,1,2,2,1,1,1,1,1,1,2,0,1,-1.3181936310507012,1.6638109791719449,0
0,0,0,0,-1.2774445836787656,1,0,1,0,0,2,0,0,0,0,0,2,0.3851482941195749,1.357757593987857,1
0,0,0,0,-0.38159658183809786,1,2,1,0,2,0,0,0,0,0,1,2,0.47820892612887816,-1.109731636043025,1
1,1,1,0,-0.015113308357824713,1,2,1,0,0,0,0,0,2,0,1,2,0.6726391751483144,-0.5124509812200991,1
0,0,1,1,1.5729808767233588,1,2,1,2,2,2,2,0,0,1,1,1,1.0099839661820376,1.1125971833646169,0
0,1,0,0,-0.38159658183809786,1,2,1,0,0,2,0,0,0,0,1,3,0.48485611412954227,-0.9900637034277934,0
1,0,1,0,-0.62591876415828,1,0,1,0,0,2,0,2,2,1,1,0,1.0598378761870213,-1.1748606436168016,0
1,0,0,0,-1.2774445836787656,1,0,0,0,0,2,2,2,2,0,1,2,0.356897745116751,1.3312823876570534,0
1,0,1,1,-0.8295205827584317,1,0,2,1,1,1,1,1,1,2,0,3,-1.4976677070686424,-0.542103212310599,0
0,0,1,0,1.6137012404433893,1,0,2,1,1,1,1,1,1,2,0,1,-1.4710789550659844,-1.2426371718236584,0
1,0,0,0,-1.2774445836787656,1,0,2,1,1,1,1,1,1,0,0,3,-1.5142856770703037,-0.9418788279057312,0
1,1,1,0,1.6137012404433893,1,2,1,0,2,0,0,2,2,2,0,0,1.116338974192669,1.1697836290391523,0
1,0,1,1,1.125056875803025,1,2,1,0,0,0,0,0,0,0,0,0,0.31867641411292996,0.27651016743784385,0
0,0,1,1,1.1657772395230555,0,1,0,0,2,2,2,2,0,2,0,1,-0.44575020596348647,-0.2296957776071182,0
0,0,1,0,-1.0738427650786138,1,0,0,0,0,0,0,0,0,0,0,3,-0.6351950639824246,-0.23763833950635924,0
1,1,1,0,-0.015113308357824713,1,2,1,0,0,0,0,0,2,0,0,2,0.682609957149311,-0.4981543698014652,1
0,0,0,1,-0.055833672077855064,1,2,1,0,0,0,0,2,0,0,1,1,0.7241548821534641,-0.48385775838283135,1
1,0,0,0,-0.5444780367182193,1,0,1,0,2,0,0,0,0,0,1,1,0.3020584441112687,-1.3098841959038992,1
1,0,1,1,1.6137012404433893,1,0,2,1,1,1,1,1,1,2,0,0,-1.477726143066649,-1.3353003939814705,0
0,0,0,0,-0.015113308357824713,1,2,0,0,2,0,0,0,0,0,1,2,-0.3510277769540174,-1.064194281154043,0
1,0,1,0,1.3286586944031769,1,2,1,0,2,0,0,0,2,0,1,2,0.8604222361670865,0.852610657196127,0
0,0,1,1,0.5142514200025698,0,1,0,2,0,0,0,2,2,0,1,0,-0.4607063789649817,-0.6824218058638573,0
1,0,0,0,0.3920903288424788,1,2,2,1,1,1,1,1,1,1,0,2,-1.3198554280508674,1.6844616401099717,0
1,0,0,0,-0.9924020376385531,1,2,1,0,0,0,0,0,0,0,1,2,0.33529438411459117,0.7747735505835649,0
1,0,0,1,-0.015113308357824713,1,0,2,1,1,1,1,1,1,2,0,3,-1.4710789550659844,1.1771966868117774,0
0,1,1,0,-0.4223169455581282,1,2,0,2,2,0,2,0,0,0,1,3,-0.04027173792295256,-1.3591280796791936,0
1,1,1,0,1.002895784642934,0,1,0,0,0,0,0,2,2,0,1,2,-0.6617838159850825,-0.5442212288170633,1
1,0,0,0,-1.2774445836787656,1,0,0,2,0,0,0,0,0,0,0,2,-0.5587524019747828,0.38241099276105767,0
1,1,0,0,-1.2774445836787656,1,0,0,0,0,0,0,0,0,0,0,2,-0.6534748309842519,0.2934542994895581,1
0,0,1,0,-1.2774445836787656,1,0,0,0,0,0,0,0,0,0,1,2,-0.6567984249845842,0.2923952912363259,0
1,0,0,0,-0.3408762181180675,1,0,1,0,0,0,2,2,2,0,1,2,1.0382345151848615,-0.7983832095927764,1
1,0,0,0,-1.2774445836787656,1,0,2,1,1,1,1,1,1,0,0,0,-1.4860351280674797,-0.8741022996988743,1
1,1,0,0,0.880734693482843,1,2,1,0,2,0,0,0,2,0,1,2,0.8404806721650927,0.4899003304641197,0
0,0,0,0,-1.1552834925186746,1,2,2,1,1,1,1,1,1,2,1,1,-1.3115464430500368,-1.5656346890594606,0
1,0,1,1,1.3286586944031769,1,2,1,2,0,2,2,2,2,2,0,0,1.4586691562268908,1.1719016455456166,1
0,0,1,0,0.9621754209229036,1,2,2,1,1,1,1,1,1,1,0,2,-1.3447823830533592,-1.4713829545218002,0
1,0,0,0,0.5142514200025698,1,0,0,2,0,2,0,2,2,0,1,2,0.3718539181182462,-0.21698767856833254,0
0,0,1,1,1.5729808767233588,1,0,2,1,1,1,1,1,1,2,0,1,-1.4976677070686424,-1.3199447743096044,0
1,0,1,0,1.0843365120829946,1,0,0,2,2,2,0,2,0,1,0,1,0.05445069108651675,0.06576752504464836,0
1,0,0,0,1.4915401492832983,0,1,0,0,2,2,0,0,0,1,1,0,-0.9642308700153169,-0.5929356084657416,0
1,0,0,0,-0.5444780367182193,1,0,2,1,1,1,1,1,1,1,0,3,-1.5275800530716328,-0.4467924695197065,0
0,0,1,1,0.9214550572028734,1,0,2,1,1,1,1,1,1,2,0,1,-1.5076384890696393,-1.6371177461526298,0
0,0,0,0,0.22920887396235737,1,0,2,1,1,1,1,1,1,1,0,3,-1.5109620830699715,1.3461085032023035,0
1,0,0,0,-0.9109613101984924,1,0,0,0,0,0,0,0,0,0,1,2,-0.6385186579827569,0.09647876438838036,1
0,1,1,0,0.5956921474426305,1,2,0,2,2,2,0,0,0,0,1,1,0.08934842809000525,-0.22545974459418966,0
0,0,1,0,-1.2367242199587352,0,1,0,0,0,0,0,0,2,0,1,2,-0.9858342310174765,1.1242462741501704,1
1,0,0,0,-1.2774445836787656,1,0,0,0,0,0,0,0,0,0,0,1,-0.6169152969805971,0.3426981832648525,1
0,0,0,0,-1.2774445836787656,1,0,0,0,0,0,0,0,0,0,0,2,-0.6518130339840859,0.29398380361617416,1
1,1,0,0,-1.2774445836787656,0,1,0,0,2,2,0,0,2,0,1,2,-0.7132995229902325,0.21191066399068342,1
1,0,1,1,0.5549717837226001,1,0,2,1,1,1,1,1,1,2,1,3,-1.4843733310673135,1.6691060204381056,0
0,1,0,0,0.22920887396235737,1,0,0,2,2,0,0,0,0,0,1,1,-0.2529817539442163,-0.7247821359931428,1
0,0,1,0,1.3286586944031769,1,0,0,2,0,2,2,0,0,2,0,1,-0.19481885893840195,0.02234818666213069,0
0,0,1,0,-0.5444780367182193,1,0,1,2,0,0,0,0,0,0,1,2,0.2804550831091094,-1.293469567978801,1
1,0,0,0,0.7992939660427822,1,0,1,0,2,0,0,0,2,0,1,2,0.684271754149477,0.2277957877891655,1
1,0,1,1,1.5729808767233588,1,0,2,1,1,1,1,1,1,2,0,3,-1.505976692069473,-1.363364112692122,0
0,0,0,0,-1.2774445836787656,1,0,0,0,0,0,0,0,0,0,0,3,-0.6252242819814278,0.30086735726218305,1
0,1,0,0,0.7992939660427822,0,1,0,0,2,2,2,2,0,0,1,2,-0.4740007549663106,-0.5489867659566079,0
1,0,1,0,-1.0738427650786138,1,2,2,1,1,1,1,1,1,1,0,3,-1.3181936310507012,-1.0859039503453018,0
0,1,1,0,-0.2594354906780068,1,0,0,0,0,2,0,0,2,1,0,3,-0.1349941669324214,-1.1669180817175606,0
1,1,0,0,0.6364125111626608,1,2,1,0,2,0,0,2,2,1,1,2,1.1379423351948288,0.3993551248127719,0
0,0,1,1,1.2879383306831464,1,2,1,2,0,0,2,2,2,1,1,0,1.3174164112127704,1.098300571945983,0
0,0,0,0,-1.1960038562387048,1,0,1,0,2,0,0,2,0,0,0,2,0.6310942501441613,-0.6024666827448308,1
1,0,0,0,-1.2774445836787656,1,0,0,0,0,0,0,0,0,0,1,0,-0.6883725679877406,0.25268248174012076,0
1,0,1,1,1.6137012404433893,1,2,2,1,1,1,1,1,1,2,0,1,-1.3514295710540236,-1.0657827935338913,0
1,0,0,0,-1.2774445836787656,1,0,0,0,0,0,0,0,0,0,1,3,-0.6385186579827569,0.29716082837587054,0
0,0,1,1,0.758573602322752,1,2,1,2,2,0,0,0,2,0,1,2,0.9651154471775519,0.32098851407359363,0
0,0,1,1,0.35136996512244845,1,0,2,1,1,1,1,1,1,2,0,0,-1.4976677070686424,1.4710714770836957,0
0,0,1,1,1.6137012404433893,1,0,0,2,2,2,0,2,0,2,1,1,0.19570343610063723,0.5216705780610839,0
0,0,1,0,0.43281069256250915,1,2,0,2,2,0,2,2,2,2,0,1,0.720831288153132,-0.0856706551675474,0
1,0,1,0,1.6137012404433893,1,2,1,2,2,2,2,2,2,2,1,1,1.639805029244998,1.4790140389829367,0
1,0,1,0,0.5956921474426305,1,2,1,0,0,0,0,2,2,1,1,1,1.0116457631822036,0.3326376048591472,0
1,0,0,0,1.6137012404433893,1,2,0,2,2,2,2,2,2,2,0,1,0.7906267621601091,0.9913407383695372,0
1,0,0,0,-1.1960038562387048,1,0,2,1,1,1,1,1,1,0,1,1,-1.462769970065154,1.089828505920126,0
1,0,0,0,-1.2774445836787656,1,0,1,0,0,0,0,0,0,0,1,2,0.17576187209864347,1.188316273470715,1
1,0,0,0,-1.2367242199587352,1,2,1,0,0,0,0,0,2,0,1,2,0.7058751151516368,-1.1272052722213552,1
1,0,0,0,-0.2594354906780068,0,1,0,2,2,0,0,0,2,0,1,0,-0.6684310039857471,-1.5688117138191569,0
1,0,1,1,-0.13727439951791576,1,0,0,2,0,0,0,0,2,0,1,3,-0.15161213693408263,-0.9911227116810256,0
0,1,1,0,0.10704778280226633,1,2,1,2,2,0,2,2,0,0,1,0,1.1877962451998125,-0.05231189519073506,1
1,0,0,0,-0.21871512695797646,1,0,0,2,2,0,0,0,0,1,0,0,-0.3094828519498643,-1.2611698162552207,0
1,0,1,1,-0.3408762181180675,1,0,0,2,2,0,2,0,2,0,1,1,0.18407085709947407,-1.08749246272515,0
1,0,1,1,1.4100994218432374,1,0,0,2,0,2,2,0,0,2,1,0,-0.14496494893341827,0.06417901266480015,0
0,0,0,0,-0.6666391278783103,1,2,1,0,0,0,0,0,0,0,0,2,0.2621753161072821,-1.5333349373358802,1
0,0,0,0,-0.38159658183809786,1,0,0,0,2,2,0,0,0,1,0,0,-0.29785027294870164,-1.4099604758343363,0
1,0,0,0,-0.748079855318371,0,1,0,0,2,0,0,0,0,0,1,3,-1.1187779910307663,0.17166835036786218,0
0,0,1,1,-1.2774445836787656,1,0,2,1,1,1,1,1,1,0,1,2,-1.4544609850643233,-0.81003230037833,1
0,1,0,0,-1.2774445836787656,1,0,0,0,0,0,0,0,0,0,0,3,-0.6534748309842519,0.2934542994895581,1
1,1,0,0,-1.1552834925186746,0,1,0,0,2,0,0,2,2,0,1,1,-0.4590445819648154,-0.8285649448098924,0
1,0,0,1,-0.6666391278783103,1,2,0,2,2,0,0,0,2,0,1,2,0.14418772909548702,-1.6365882420260138,0
0,0,1,0,0.5549717837226001,0,1,0,0,0,0,0,2,2,0,1,2,-0.6916961619880726,-0.8598056882802404,0
1,0,0,1,1.4508197855632678,1,2,0,2,2,0,2,2,2,2,1,0,0.722493085153298,0.8309009880048682,0
1,0,0,0,0.22920887396235737,1,2,0,2,2,2,2,0,0,0,0,2,0.1724382780983114,-0.503449411067626,0
1,1,1,0,-0.0965540357978854,1,0,0,0,2,0,0,0,0,0,1,0,-0.4773243489666429,-1.2214570067590156,1
0,1,0,0,-1.1145631287986442,1,0,1,0,0,0,0,0,2,0,0,2,0.47156173812821356,-0.006245036175137043,1
1,0,0,0,-0.62591876415828,1,0,1,0,2,2,0,0,2,0,1,1,0.8703930181680831,-1.156327999185239,0
1,0,1,1,-1.1552834925186746,1,0,2,1,1,1,1,1,1,2,0,3,-1.491020519067978,1.3593461063677053,0
0,0,0,0,-0.8295205827584317,1,0,2,1,1,1,1,1,1,1,0,2,-1.4827115340671475,-0.534160650411358,0
1,0,1,1,1.6137012404433893,1,2,0,2,2,2,2,2,2,2,1,1,0.85876043916692,1.0188749529535728,0
1,0,0,0,-1.1960038562387048,1,0,1,0,0,0,0,2,2,0,1,2,0.9052907551715716,-0.5002723863079295,0
1,0,0,0,0.9621754209229036,1,2,1,0,2,0,2,0,2,0,1,2,0.9867188081797118,0.5592653710508247,1
0,0,0,0,0.35136996512244845,1,2,2,1,1,1,1,1,1,1,1,3,-1.3265026160515319,1.7014057721616858,0
1,0,0,0,0.3106496014024181,0,1,0,0,2,0,2,0,0,1,0,1,-0.9559218850144864,-1.3585985755525776,0
0,0,0,0,-1.0331224013585834,1,0,0,2,2,0,2,2,2,0,1,2,0.45660556512671835,0.7694785093174041,0
1,0,0,0,1.4915401492832983,1,0,2,1,1,1,1,1,1,2,0,1,-1.4893587220678117,-1.339536426994399,0
1,0,1,1,-1.0331224013585834,1,0,2,1,1,1,1,1,1,1,0,3,-1.4660935640654862,-1.247402708963203,0
0,0,1,1,-1.1145631287986442,0,1,0,0,2,0,0,0,0,0,1,2,-1.1387195550327598,-1.1144971731825697,0
0,0,1,1,1.6137012404433893,1,2,1,2,2,2,2,2,0,2,0,1,1.3739175092184182,1.3725837095331068,0
1,0,1,1,0.47353105628253944,1,0,2,1,1,1,1,1,1,1,1,0,-1.4710789550659844,1.5849148643061506,0
0,0,0,0,1.3286586944031769,1,2,1,0,2,2,0,2,0,1,1,2,1.0216165451832002,0.9341542926950017,0
0,0,0,0,-1.1960038562387048,1,2,0,0,0,0,2,2,0,0,0,2,-0.005374000919464063,-1.063664777027427,0
1,0,0,0,-0.3408762181180675,1,0,0,0,0,0,2,0,0,0,1,1,-0.45405919096431707,-1.4629108884959432,0
0,0,0,0,0.47353105628253944,1,2,1,0,2,2,0,0,0,0,1,0,0.6659919871476498,0.024466203168594967,1
0,1,1,0,1.6137012404433893,1,2,0,2,2,2,2,2,2,2,0,1,0.8089065291619363,0.9908112342429211,0
1,0,0,0,-0.3408762181180675,1,0,0,2,0,0,2,0,0,0,0,2,-0.32610082195152557,-1.3887803107696934,0
1,0,0,0,-1.2774445836787656,1,0,0,0,0,2,0,0,0,0,0,3,-0.4607063789649817,0.5179640491747713,1
1,0,1,0,-0.4223169455581282,1,0,2,1,1,1,1,1,1,0,1,0,-1.4727407520661506,0.38664702577398624,0
1,0,1,1,1.5322605130033284,1,2,0,0,2,2,2,2,2,2,1,1,0.7042133181514708,0.8531401613227431,0
1,0,1,1,-0.30015585439803716,1,2,0,0,0,0,0,2,0,0,0,2,-0.1466267459335843,-1.3331823774750062,0
1,0,1,1,0.18848851024232702,1,0,2,1,1,1,1,1,1,2,0,0,-1.4943441130683104,1.2645648677034287,0
0,1,1,1,-0.4223169455581282,1,2,1,0,0,0,0,2,0,0,0,0,0.684271754149477,-0.8942234565102849,0
0,0,1,1,1.0843365120829946,1,2,0,0,0,2,2,2,0,2,1,0,0.2438955491054544,0.1743158710009425,0
1,0,1,1,0.6771328748826912,1,2,1,0,0,2,0,2,2,0,1,2,1.1645310871974868,0.4560120663606913,1
1,0,1,1,0.5956921474426305,1,2,1,0,0,2,2,2,2,0,1,0,1.4154624342225712,0.5560883462911284,1
0,0,1,1,-0.055833672077855064,1,0,2,1,1,1,1,1,1,0,1,3,-1.502653098069141,1.0554107376900814,1
1,0,1,1,-1.2774445836787656,1,0,1,0,0,0,0,0,2,0,1,2,0.5413572121351905,1.4816615596160172,0
1,0,0,0,-1.1960038562387048,1,0,2,1,1,1,1,1,1,0,1,2,-1.4710789550659844,1.3598756104943213,0
0,0,1,0,0.8400143297628127,1,2,1,0,2,2,2,2,2,1,1,0,1.5633623672373562,0.8097208229402254,0
1,0,0,0,-1.2774445836787656,1,0,2,1,1,1,1,1,1,0,0,3,-1.481049737066981,-0.8725137873190261,0
1,0,0,0,-0.5037576729981889,1,0,2,1,1,1,1,1,1,1,1,3,-1.4976677070686424,0.15366521006291584,0
0,0,0,0,-1.1960038562387048,1,0,1,2,2,0,0,0,0,0,1,2,0.47654712912871167,-0.6082912281376076,1
0,0,0,0,0.758573602322752,1,0,2,1,1,1,1,1,1,1,1,0,-1.4926823160681442,1.7294694908723374,0
0,0,1,0,0.758573602322752,1,0,0,2,2,0,2,0,0,1,1,0,-0.14164135493308597,-0.2773511490025644,0
0,0,1,1,-0.7888002190384014,1,0,2,1,1,1,1,1,1,2,0,3,-1.502653098069141,-0.5103329647136349,0
0,0,0,0,-1.2774445836787656,1,0,2,1,1,1,1,1,1,0,0,3,-1.4577845790646555,-0.8651007295464012,0
1,0,0,1,-1.2774445836787656,1,0,2,1,1,1,1,1,1,0,1,3,-1.4527991880641573,-0.8095027962517138,0
1,0,0,0,1.247217966963116,1,2,0,2,2,2,2,0,0,1,0,2,0.22395398510346112,0.3358146296188436,0
1,0,0,0,-1.1960038562387048,1,0,0,0,0,0,0,0,2,0,0,3,-0.33607160395252245,-0.948232877425124,0
1,0,0,0,0.5549717837226001,1,0,2,1,1,1,1,1,1,2,0,1,-1.5142856770703037,1.6315112274483647,0
1,0,0,0,-1.2774445836787656,1,2,0,0,0,0,0,0,0,0,1,1,-0.4972659129686364,0.4697791736527091,0
1,0,0,1,-0.9924020376385531,0,1,0,0,0,0,0,0,0,0,0,3,-1.304899255049372,-0.7899111435669193,1
0,0,1,1,1.5729808767233588,1,0,2,1,1,1,1,1,1,2,0,0,-1.4710789550659844,-1.2436961800768904,0
1,0,1,1,0.9214550572028734,1,2,1,0,0,2,0,2,0,0,1,1,0.8521132511662559,0.5513228091515837,0
0,0,0,0,1.5322605130033284,1,2,1,0,2,2,2,0,0,1,1,0,0.8471278601657574,1.0014013167752425,0
0,0,0,0,-1.2367242199587352,1,0,1,0,0,0,0,0,2,0,0,2,0.531386430134194,-1.1711541147304891,1
1,0,1,1,1.4100994218432374,1,2,1,2,0,0,2,2,2,2,0,0,1.3240635992134344,1.1501919763543578,0
1,0,1,0,1.3286586944031769,1,2,1,0,2,0,0,2,0,0,1,0,0.9003053641710731,0.8547286737025913,1
1,0,1,0,-0.748079855318371,1,0,0,0,0,2,0,0,0,0,0,1,-0.48397153696730727,1.082944952274117,0
0,0,1,1,-0.5037576729981889,1,2,1,0,0,2,2,0,2,0,1,0,1.0216165451832002,-0.9206986628410884,0
1,0,0,1,-1.2774445836787656,1,0,1,0,2,0,0,0,0,0,1,2,0.35191235411625243,1.3302233794038214,1
1,0,0,0,-1.2774445836787656,1,2,1,0,0,0,0,0,0,0,1,2,0.35523594811658493,1.3307528835304374,1
0,0,1,1,0.6771328748826912,1,2,1,0,0,0,0,2,2,0,1,0,1.0182929511828682,0.34799322453101317,0
0,0,0,0,1.6137012404433893,1,2,1,2,2,2,0,2,0,2,1,0,1.2143849972024705,1.265094371830045,0
0,0,1,0,0.5549717837226001,1,2,0,2,0,0,0,0,0,0,0,2,-0.3875873109576722,-0.6098797405174559,0
1,0,0,0,-0.3408762181180675,1,2,1,0,2,2,0,0,0,0,1,0,0.6676537841478158,-0.8359780025825173,0
0,0,1,1,-1.1145631287986442,0,1,0,0,2,0,2,0,0,0,0,2,-1.0140847800203006,-1.1415018836399893,0
0,0,1,1,0.025607055362205634,1,2,1,0,2,2,2,0,0,0,0,1,0.7922885591602751,-0.4054911476436531,0
0,0,0,0,0.3920903288424788,1,2,0,2,2,0,0,0,0,1,1,0,-0.15327393393424887,-0.6300008973288664,0
1,0,0,0,-0.38159658183809786,1,0,1,2,0,2,0,2,2,1,1,1,1.1695164781979852,-0.7004249461688037,0
1,0,0,0,-0.9924020376385531,1,0,1,0,0,0,0,0,0,0,0,0,0.19736523310080326,0.706467518250092,0
1,0,0,0,1.369379058123207,1,0,0,2,2,0,0,0,0,1,1,3,-0.3310862129520241,-0.13703255544930612,0
1,0,0,0,-0.3408762181180675,1,0,0,2,0,0,0,0,0,0,1,0,-0.5055748979694671,-1.5211563424237107,1
1,1,0,0,-0.3408762181180675,1,2,0,0,2,0,0,0,0,0,0,1,-0.3310862129520241,-1.4438487399377646,0
1,0,0,0,1.4915401492832983,1,2,0,2,2,2,2,0,2,1,1,1,0.4599291591270504,0.6408090065496994,1
0,0,0,0,0.8400143297628127,1,0,1,0,2,2,0,2,2,1,1,3,1.1811490571991479,0.583622560875164,0
0,0,0,0,1.125056875803025,0,1,0,2,0,2,0,2,2,2,0,2,-0.3709693409560109,-0.23499081887327888,0
0,0,1,0,-1.0331224013585834,1,0,1,0,0,0,0,2,0,0,1,2,0.5430190091353566,0.7917176826352791,1
0,0,0,0,-0.5037576729981889,1,0,2,1,1,1,1,1,1,1,1,1,-1.5093002860698053,0.22567777128270122,0
0,0,1,1,-0.38159658183809786,1,2,1,0,0,0,0,0,2,0,0,2,0.6925807391503077,-0.9625294888437579,0
1,0,1,1,1.6137012404433893,1,0,0,2,0,2,2,2,2,2,1,2,0.53304822713436,0.7779505753432613,0
1,0,1,0,-0.8702409464784621,1,2,1,0,0,0,0,0,0,0,1,2,0.3386179781149237,1.512372798959749,1
1,0,0,0,-0.46303730927815856,1,0,2,1,1,1,1,1,1,2,0,3,-1.5009913010689746,0.04511686410662166,0
1,1,0,0,-1.2774445836787656,1,2,1,0,0,0,0,2,2,0,1,2,0.9568064621767214,1.6601044502856324,1
1,1,0,0,-0.055833672077855064,1,2,1,0,2,0,0,2,0,0,1,2,0.8620840331672525,-0.42296478382198344,0
0,0,0,0,1.002895784642934,1,0,0,0,2,2,2,2,0,2,0,3,0.1657910900976468,0.04088083109369311,0
0,0,1,1,0.5142514200025698,1,0,2,1,1,1,1,1,1,2,1,0,-1.4876969250676457,1.6045065169909452,0
1,0,0,0,-0.9109613101984924,1,2,1,0,2,2,0,0,2,0,1,2,1.0133075601823696,-1.7033057619796386,0
0,0,1,0,1.0436161483629645,1,2,1,0,0,2,2,2,2,0,1,1,1.2409737492051283,0.8319599962581004,1
1,0,0,1,-0.748079855318371,1,0,2,1,1,1,1,1,1,0,0,3,-1.4893587220678117,-0.4912708161554563,0
1,0,1,0,-0.21871512695797646,1,2,0,2,0,0,2,2,2,1,0,3,0.534710024134526,-0.7523163505771784,0
0,0,1,1,-0.748079855318371,1,2,1,0,2,0,0,0,2,0,1,0,0.8687312211679171,-1.4750894834081127,1
0,0,1,1,-0.8295205827584317,0,1,0,0,2,0,0,0,0,0,0,3,-1.181926277037079,-0.3048853635866,1
0,0,1,1,1.4915401492832983,1,2,1,0,2,0,2,0,2,2,1,0,0.9484974771758907,1.006166853914787,0
0,0,1,1,-0.30015585439803716,1,0,1,0,2,2,0,2,0,0,1,0,0.8105683261621028,-0.7237231277399107,1
1,1,1,0,1.0436161483629645,1,2,1,2,2,2,0,2,2,1,1,2,1.465316344227555,0.9643360279121176,1
0,0,1,1,0.10704778280226633,0,1,0,2,0,0,2,2,0,2,1,1,-0.6119299059800988,-1.1182037020688822,0
0,1,0,0,-0.6666391278783103,1,2,1,0,0,0,0,2,0,0,1,2,0.6643301901474837,-1.385603286009997,1
1,0,1,1,0.5142514200025698,1,2,0,0,2,2,0,2,2,1,0,1,0.464914550127549,-0.07349206025537781,0
0,0,0,0,-0.62591876415828,1,0,1,0,2,0,0,2,0,0,1,2,0.6244470621434968,-1.408371963454488,0
0,0,1,1,-1.2774445836787656,1,0,0,0,0,0,0,0,0,0,1,2,-0.6335332669822583,0.29874934075571874,1
1,0,0,0,-0.4223169455581282,1,0,2,1,1,1,1,1,1,1,0,3,-1.5009913010689746,0.18225843290018356,0
0,1,0,0,-1.2774445836787656,1,0,1,0,0,0,0,0,0,0,1,2,0.1724382780983114,1.1634295795197596,1
1,0,1,1,1.4100994218432374,1,0,0,2,0,2,2,0,2,2,0,3,0.10264280409133394,0.3527587616705578,0
0,0,1,1,1.4100994218432374,1,2,1,0,0,2,2,2,2,2,1,0,1.3589613362169235,1.0956530513129028,0
0,0,1,0,-1.2367242199587352,0,1,0,0,0,0,0,2,2,0,0,2,-0.6700928009859131,1.7072303175544625,1
1,0,0,0,-0.38159658183809786,1,2,1,0,0,0,0,0,0,0,1,2,0.3386179781149237,-1.0837859338388376,1
0,1,0,0,-0.9516816739185228,1,0,1,0,0,2,0,0,0,0,0,1,0.356897745116751,0.9945177631292336,0
0,0,0,0,-1.1145631287986442,1,0,2,1,1,1,1,1,1,0,0,3,-1.4827115340671475,-1.5571626230336035,0
1,0,0,0,0.880734693482843,0,1,0,2,0,0,2,2,0,2,0,1,-0.6501512369839195,-0.6056437075045272,0
0,0,0,0,1.002895784642934,1,0,1,0,0,2,0,2,2,2,1,2,1.0133075601823696,0.6784037995394403,1
1,0,0,0,-0.3408762181180675,1,2,1,0,0,2,0,2,0,0,1,3,0.8338334841644282,-0.7830275899209104,1
0,0,1,1,0.6771328748826912,1,2,1,0,2,0,0,2,2,1,0,3,1.1861344481996465,0.4930773552238161,1
1,0,0,0,-1.1145631287986442,1,2,0,0,0,0,0,0,0,0,0,2,-0.5853411539774409,-0.7396082515383927,1
1,0,0,0,-1.2367242199587352,1,0,1,0,0,0,0,0,2,0,1,2,0.5131066631323666,-1.0064783313528916,1
0,0,0,1,-1.1552834925186746,1,2,1,0,0,2,2,0,0,0,1,3,0.7424346491552913,-0.1613897452736453,1
1,0,1,1,1.5322605130033284,1,2,0,2,2,2,2,2,0,2,1,0,0.4815325201292102,0.7827161124828059,0
1,0,0,0,-1.1145631287986442,1,2,1,0,0,0,0,0,0,0,1,0,0.37019212111808014,-0.08672966342077955,1
1,0,1,1,0.8400143297628127,1,2,0,2,0,2,2,2,2,0,0,2,0.6959043331506402,0.35064074516409355,0
0,0,1,0,0.5956921474426305,1,2,1,2,2,2,0,2,0,0,1,2,1.1296333501939984,0.3183409934405133,1
0,0,0,1,-0.055833672077855064,1,0,2,1,1,1,1,1,1,1,0,1,-1.4843733310673135,0.8330190045113325,0
1,0,1,1,-0.7888002190384014,1,0,0,0,2,2,2,0,0,0,0,0,-0.09843463292876686,1.334988916543366,0
0,0,1,1,-0.1779947632379461,1,2,0,0,0,0,0,0,0,0,0,3,-0.49394231896830415,-1.3273578320822295,0
0,0,0,0,-0.9109613101984924,1,2,1,0,0,0,0,0,2,0,0,2,0.720831288153132,1.5245513938719186,1
1,0,1,0,0.22920887396235737,1,0,2,1,1,1,1,1,1,2,0,0,-1.4744025490663168,1.3153972638585714,0
0,0,0,0,-1.2774445836787656,1,0,0,0,0,0,0,0,0,0,1,3,-0.6468276429835875,0.29557231599602235,1
1,0,1,0,1.4100994218432374,1,2,1,0,2,2,0,2,2,1,0,2,1.3074456292117733,1.2089669344087415,1
1,0,1,0,0.7992939660427822,1,0,0,2,2,0,0,2,2,1,1,3,0.35357415111641893,0.024995707295211035,0
1,0,1,1,1.2064976032430856,1,0,1,2,2,2,2,2,2,2,0,3,1.4420511862252297,1.1306003236695634,0
0,0,0,0,-0.6666391278783103,1,0,1,0,2,0,0,0,2,0,1,2,0.7141841001524675,-1.3956638644157024,0
0,1,1,0,-1.1145631287986442,1,2,1,0,2,0,0,0,0,0,1,2,0.5396954151350245,-0.03060222599947622,1
1,0,0,0,-0.8295205827584317,1,0,1,0,0,2,0,2,2,1,0,2,1.0282637331838649,-1.5428660116149695,0
0,0,1,1,1.6137012404433893,1,2,1,2,2,2,2,2,2,2,1,0,1.7312038642541347,1.5589691621019632,0
1,1,0,0,1.5729808767233588,1,2,1,0,2,0,2,2,2,1,0,0,1.3622849302172555,1.2958056111737768,0
0,0,1,0,-0.3408762181180675,1,0,2,1,1,1,1,1,1,1,0,3,-1.4827115340671475,0.3321081007325311,0
0,0,0,0,-0.7073594915983407,1,0,2,1,1,1,1,1,1,2,0,3,-1.5009913010689746,-0.20269106714969867,0
1,0,1,0,1.4100994218432374,1,0,1,2,2,0,0,0,2,1,1,1,0.85876043916692,0.8965594997052607,1
1,0,0,1,-1.2367242199587352,1,2,0,2,2,0,0,0,0,0,0,0,-0.12668518193159078,-1.3972523767955505,0
0,0,1,1,-1.1145631287986442,0,1,0,0,0,0,0,0,0,0,0,3,-1.3198554280508674,-1.4840910535605858,0
0,0,1,0,-0.7073594915983407,1,0,1,0,0,0,0,2,2,0,0,2,0.7773323861587803,-1.34747898889364,1
1,0,0,0,-1.2774445836787656,1,0,2,1,1,1,1,1,1,0,1,3,-1.481049737066981,-0.8725137873190261,1
1,0,1,1,0.35136996512244845,1,0,0,2,2,2,0,0,0,1,1,0,-0.14828854293375057,-0.5754619722874114,0
0,0,0,1,0.43281069256250915,1,0,0,2,2,0,0,0,2,0,1,2,-0.02697736192162338,-0.4647956098246529,0
1,1,1,0,-1.2774445836787656,1,2,1,0,0,0,0,0,0,0,0,2,0.3170146171127639,1.3021596606931698,0
0,1,0,0,-1.2774445836787656,1,0,1,0,0,0,0,0,0,0,1,3,0.19404163910047073,1.1941408188634917,0
0,0,1,1,-0.2594354906780068,1,0,1,0,0,0,0,2,2,0,1,2,0.8654076271675846,-0.6670661861919913,1
1,0,0,0,-0.4223169455581282,1,2,1,0,2,0,0,0,0,0,1,2,0.48485611412954227,-1.0694893224202038,1
1,0,1,0,1.5729808767233588,1,2,0,2,2,2,2,2,2,2,0,0,0.8570986421667539,1.0077553662946352,0
1,0,0,0,-1.0331224013585834,1,0,2,1,1,1,1,1,1,2,0,3,-1.505976692069473,-1.1282642804745875,0
0,1,0,0,-0.1779947632379461,1,2,0,0,2,2,2,0,0,0,0,0,-0.010359391919962149,-0.96358849709699,0
1,1,0,0,-0.6666391278783103,1,0,1,0,0,0,0,0,0,0,0,2,0.16246749609731476,-1.6810665886617635,0
1,0,0,0,-1.0331224013585834,1,0,2,1,1,1,1,1,1,1,0,3,-1.504314895069307,-1.453379814216854,0
0,0,0,0,1.4915401492832983,1,2,1,0,2,2,2,2,2,2,1,0,1.5201556452330371,1.3191037927448839,0
0,0,0,1,-1.2774445836787656,0,1,0,0,0,0,0,0,0,0,0,3,-1.33148800705203,-0.6437680046208842,0
1,0,0,0,-1.1960038562387048,1,0,0,2,0,2,0,2,2,0,1,2,0.4200460311230638,-0.8328009778228209,0
1,1,0,0,-0.46303730927815856,1,0,1,0,0,2,0,2,2,0,1,0,1.0648232671875193,-0.8444500686083745,1
0,0,1,0,1.4915401492832983,1,2,1,0,2,2,0,0,0,0,1,0,0.6859335511496436,0.8271944591185557,0
0,0,1,0,1.5729808767233588,0,1,0,2,2,2,2,0,0,2,1,0,-0.5703849809759457,-0.17303883605919881,0
0,0,1,1,1.4915401492832983,1,0,2,1,1,1,1,1,1,2,0,3,-1.5076384890696393,-1.3908983272761577,0
0,0,0,0,0.6364125111626608,1,2,1,0,0,2,2,2,2,0,1,2,1.2991366442109427,0.4936068593504322,0
1,0,1,0,0.5956921474426305,1,2,1,0,2,2,0,0,0,0,1,0,0.6177998741428321,0.11554091294655885,1
0,0,0,0,-1.2367242199587352,1,2,0,0,0,0,0,0,0,0,1,2,-0.5105602889699654,-1.6635929524834334,1
1,0,0,0,0.5142514200025698,1,2,1,2,0,2,2,2,2,0,1,1,1.4520219682262263,0.4989019006165929,0
1,0,0,0,0.758573602322752,1,2,1,0,2,0,0,0,0,0,0,0,0.5396954151350245,0.12030645008610347,0
0,0,1,0,-0.4223169455581282,1,2,0,2,0,0,2,2,2,0,1,2,0.47987072312904416,-1.0578402316346502,1
1,0,0,0,1.6137012404433893,1,2,0,2,2,2,2,2,2,2,0,0,0.7274784761537967,0.9516279288733319,0
1,0,1,1,0.18848851024232702,1,2,1,0,2,2,0,2,0,0,1,2,0.9368648981747281,-0.15821272051394888,0
1,0,1,1,1.5729808767233588,1,2,0,2,2,2,2,2,2,2,0,2,0.8504514541660894,0.9812801599638318,0
1,0,1,1,-1.0331224013585834,1,0,0,0,0,2,0,0,0,0,0,2,-0.533825446972291,-0.16562577828657385,1
0,0,0,0,1.369379058123207,1,2,2,1,1,1,1,1,1,2,1,1,-1.3165318340505352,-1.101259570017168,0
1,0,1,1,0.758573602322752,1,0,0,2,0,0,2,2,2,1,1,0,0.3868100911197414,0.07000355805757691,0
0,0,1,1,-0.0965540357978854,1,0,2,1,1,1,1,1,1,1,0,0,-1.502653098069141,0.90609057398435,0
0,0,0,0,0.06632741908223598,1,2,1,0,0,0,0,2,0,0,0,2,0.684271754149477,-0.4012551146307246,0
1,0,1,1,1.2879383306831464,1,2,2,1,1,1,1,1,1,2,1,3,-1.328164413051698,-1.2315175851647209,0
1,1,1,0,1.3286586944031769,1,2,1,0,2,2,0,2,2,1,1,0,1.2758714862086173,1.120539745263858,0
1,0,0,0,0.5956921474426305,1,2,1,2,2,0,2,2,0,0,0,3,1.1961052302006432,0.3654668607093435,0
0,0,0,0,-1.2774445836787656,1,0,1,2,0,0,0,2,2,0,1,2,1.0249401391835322,1.687638664869668,1
0,0,0,0,0.6771328748826912,1,2,0,2,2,0,0,0,0,0,1,1,-0.16656830993557784,-0.38166346194593004,1
0,0,1,1,1.4100994218432374,1,2,1,0,2,0,2,2,0,2,0,1,0.9750862291785486,0.9738671021912069,0
1,0,0,1,0.26992923768238775,1,0,2,1,1,1,1,1,1,1,0,0,-1.5093002860698053,1.4011769323703747,0
1,0,0,0,-0.748079855318371,1,0,2,1,1,1,1,1,1,0,0,3,-1.491020519067978,-0.43090734572122447,0
0,1,0,0,0.43281069256250915,1,0,1,2,2,0,2,2,2,0,1,1,1.4420511862252297,0.3458752080245489,1
1,1,0,0,0.9621754209229036,1,2,1,0,0,2,0,2,2,0,1,2,1.2060760122016398,0.7260591709348865,0
0,0,0,0,-0.748079855318371,1,0,0,0,0,0,2,0,2,1,0,1,-0.18817167093773737,1.3884688333315889,0
0,0,0,0,-1.2774445836787656,1,0,1,0,0,0,0,0,0,0,0,2,0.21896859410296257,1.2237930499539915,1
1,0,1,1,-0.6666391278783103,1,0,0,2,2,0,0,0,0,1,1,3,-0.29618847594853537,1.5769723024069096,0
1,0,1,1,1.5322605130033284,1,2,1,2,2,0,0,2,2,0,1,2,1.3722557122182522,1.3482265197087677,0
1,1,1,0,1.6137012404433893,1,2,0,2,2,2,0,2,2,2,1,1,0.642726829145324,0.8695547892478412,0
0,0,1,1,-0.38159658183809786,1,0,1,0,0,2,0,0,0,0,1,1,0.3502505571160864,-1.0885514709783823,0
1,0,0,1,-0.46303730927815856,1,2,2,1,1,1,1,1,1,0,0,3,-1.33148800705203,0.36599636483595954,0
0,0,0,0,-1.2774445836787656,1,0,2,1,1,1,1,1,1,0,1,3,-1.4827115340671475,-0.8730432914456422,1
1,0,0,1,-1.2774445836787656,1,0,1,0,0,0,0,0,0,0,0,0,0.1657910900976468,1.1613115630132953,1
0,1,1,0,-0.015113308357824713,1,2,1,0,0,0,0,2,2,0,1,2,0.9451738831755587,-0.38325197432577823,1
1,0,1,1,-0.62591876415828,1,0,1,0,0,0,0,2,0,0,0,2,0.534710024134526,-1.3358298981080865,1
0,0,0,0,-1.1552834925186746,0,1,0,2,2,0,0,0,0,0,1,2,-1.034026344022294,-1.3718361787179791,1
0,0,0,0,0.14776814652229667,1,2,0,0,0,2,0,0,0,1,0,2,-0.29785027294870164,-0.9064020514224546,0
0,0,0,0,0.7178532386027215,0,1,0,0,2,2,2,0,0,2,0,1,-0.8329489070021932,-0.9122265968152312,0
0,0,1,1,0.6364125111626608,0,1,0,0,0,0,2,0,0,0,1,1,-1.1719554950360824,-1.3135907247902117,0
0,0,0,1,0.7178532386027215,1,0,2,1,1,1,1,1,1,2,0,1,-1.4827115340671475,1.7098778381875428,0
1,0,1,0,1.6137012404433893,1,2,0,2,2,2,2,0,2,2,0,1,0.4915033021302069,0.8113093353200737,0
1,0,0,1,-0.9109613101984924,1,2,2,1,1,1,1,1,1,0,0,1,-1.328164413051698,-0.7374902350319285,0
0,0,0,0,-0.5851984004382496,1,0,2,1,1,1,1,1,1,0,0,3,-1.4993295040688086,0.04829388886631807,0
1,0,0,0,-1.2774445836787656,1,0,1,0,0,0,0,2,0,0,1,2,0.5047976781315361,1.4387717253601155,1
0,0,0,0,-1.2774445836787656,1,0,2,1,1,1,1,1,1,0,0,2,-1.5109620830699715,-0.9408198196524991,1
1,0,0,0,-0.9516816739185228,1,0,1,0,0,2,0,2,2,0,1,2,0.9734244321783826,1.488545113262026,0
1,0,0,0,-1.2367242199587352,1,2,1,2,0,0,0,0,2,0,0,3,0.8637458301674186,-1.0610172563943467,0
0,0,1,0,0.3106496014024181,1,2,1,0,0,0,2,0,0,0,1,1,0.46823814412788106,-0.28635271915503757,0
1,0,1,0,1.4915401492832983,1,2,1,0,0,2,0,2,2,1,0,0,1.15456030519649,1.1369543731889562,0
0,0,1,0,0.18848851024232702,1,2,1,2,0,2,2,0,2,1,1,2,1.1445895231954935,-0.017364622834074493,1
1,0,0,1,-0.5851984004382496,1,2,1,0,0,2,0,0,0,0,1,1,0.5247392421335293,-1.331593865095158,0
1,1,1,0,-0.8702409464784621,1,0,1,0,0,0,0,0,0,0,1,2,0.18074726309914202,1.5351414764042401,0
0,0,1,0,-0.9924020376385531,1,2,1,0,0,0,0,0,2,0,1,1,0.6792863631489789,0.9616885072790373,1
0,0,0,0,-1.1960038562387048,1,2,1,0,0,0,0,0,0,0,0,2,0.3485887601159204,-0.6326484179619468,1
1,0,1,1,0.9214550572028734,1,0,0,2,0,0,0,0,2,1,0,1,-0.17653909193657447,-0.274174124242868,0
1,0,1,0,0.025607055362205634,1,2,1,0,2,2,0,0,2,0,1,2,0.9501592741760567,-0.30117883470028756,0
0,0,0,0,0.5549717837226001,1,0,0,0,0,0,0,0,0,0,0,0,-0.6584602219847502,-0.7819685816676782,0
1,0,0,0,0.06632741908223598,1,2,2,1,1,1,1,1,1,2,0,0,-1.2849576910473786,1.717820400086784,0
0,0,0,0,-1.1960038562387048,1,0,2,1,1,1,1,1,1,0,0,2,-1.481049737066981,1.0321125561189746,0
1,0,1,1,-0.0965540357978854,1,0,2,1,1,1,1,1,1,2,0,3,-1.4461520000634926,1.228558587093536,0
0,0,0,0,0.025607055362205634,1,2,0,2,0,0,2,0,0,1,0,2,-0.17820088893674074,-0.9011070101562938,0
1,0,1,1,0.5142514200025698,1,2,1,0,2,2,0,0,2,1,1,1,1.0049985751815391,0.23891537444810296,0
1,0,0,0,0.3106496014024181,1,0,0,2,2,0,2,0,0,0,1,3,-0.09511103892843457,-0.511921477093483,0
0,0,0,0,1.5729808767233588,1,2,1,2,2,2,2,2,2,2,1,2,1.7910285562601154,1.5584396579753472,0
1,0,0,0,-1.2774445836787656,1,2,0,0,0,2,0,0,0,0,0,2,-0.34604238595351905,0.6508695849554047,1
0,0,1,1,1.6137012404433893,0,1,0,2,2,2,2,2,2,2,0,0,-0.010359391919962149,0.31622297693404905,0
0,0,1,1,-0.4223169455581282,1,0,1,0,0,0,0,0,2,0,1,2,0.5114448661322006,-1.0202454386449094,0
1,0,1,1,0.5549717837226001,1,0,2,1,1,1,1,1,1,1,1,0,-1.481049737066981,1.5536741208358025,0
0,0,1,1,0.9214550572028734,1,0,2,1,1,1,1,1,1,2,0,3,-1.4544609850643233,-1.521685846550327,0
1,0,0,0,-1.2774445836787656,1,0,2,1,1,1,1,1,1,0,0,3,-1.4727407520661506,-0.8698662666859457,0
0,0,0,0,-0.8295205827584317,1,2,0,0,0,0,2,2,2,1,1,3,0.36853032411791364,1.5695592446342845,0
1,0,0,0,-0.055833672077855064,1,2,1,0,2,0,0,0,0,0,1,2,0.5214156481331973,-0.6252353601893218,0
1,0,1,0,-1.1145631287986442,0,1,0,0,0,0,0,0,0,0,1,2,-1.3231790220511994,-1.7228974146644331,1
0,0,1,1,1.4100994218432374,1,2,0,2,0,0,0,2,2,2,1,2,0.356897745116751,0.5936831392808692,0
1,0,0,0,-1.2774445836787656,1,0,0,0,0,0,0,0,0,0,0,3,-0.6750781919864114,0.2563890106264332,0
1,0,1,0,0.3106496014024181,0,1,0,2,2,2,0,0,0,1,1,2,-0.7448736659933887,-1.078490892572677,1
1,0,1,1,0.35136996512244845,1,2,0,2,2,2,0,2,0,0,1,1,0.32532360211359457,-0.33453759467709987,0
1,0,0,0,-1.2774445836787656,1,2,1,0,0,0,0,0,0,0,1,2,0.3502505571160864,1.3296938752772054,1
1,0,0,0,0.758573602322752,1,2,1,2,2,0,0,2,0,1,1,2,0.9983513871808745,0.4369499178025128,1
1,0,1,1,0.3920903288424788,0,1,0,2,0,2,2,2,0,2,0,1,-0.5521052139741185,-0.8428615562285262,0
1,0,1,1,-0.38159658183809786,1,0,2,1,1,1,1,1,1,1,0,3,-1.4993295040688086,0.2362678538150226,0
0,1,0,0,-1.2774445836787656,1,0,1,0,0,0,0,0,0,0,1,2,0.19237984210030468,1.1936113147368754,1
0,0,0,0,-1.2774445836787656,1,0,2,1,1,1,1,1,1,0,0,3,-1.4827115340671475,-0.8730432914456422,0
0,0,0,0,0.9621754209229036,1,2,1,2,2,0,0,2,2,0,1,1,1.3905354792200795,0.8351370210177967,0
1,0,0,1,-0.7073594915983407,1,2,1,0,2,0,0,2,0,0,1,2,0.8720548151682491,-1.3030006422578904,0
1,0,1,1,-0.8295205827584317,1,2,2,1,1,1,1,1,1,2,1,0,-1.3082228490497045,-0.28529371090180544,0
0,0,1,1,0.880734693482843,1,0,0,2,0,2,2,0,2,2,0,0,0.1724382780983114,0.029231740308139586,0
0,0,0,0,-1.0331224013585834,1,0,0,0,0,0,0,2,2,0,1,2,0.06940686408801149,0.3374031419986918,0
0,0,1,1,0.025607055362205634,1,2,1,0,0,0,0,0,2,0,0,1,0.7108605061521354,-0.4621480891915725,1
1,0,1,1,-0.6666391278783103,1,0,2,1,1,1,1,1,1,0,0,2,-1.4827115340671475,-0.16191924940026137,0
0,0,0,1,-0.46303730927815856,1,0,0,2,0,2,0,0,2,1,0,3,0.0029349840813665527,-1.4020179139350952,0
1,1,1,0,-0.0965540357978854,1,2,0,0,0,2,0,2,2,2,0,2,0.33529438411459117,-0.7734965156418212,0
1,0,0,0,-1.1960038562387048,1,0,0,0,0,0,2,0,0,0,1,3,-0.4740007549663106,-1.2659353533947655,0
1,0,0,0,-0.8702409464784621,1,0,1,0,0,2,0,0,0,0,0,2,0.2704843011081128,1.5001942040475795,0
0,0,0,0,1.2064976032430856,1,2,1,2,2,2,2,2,2,1,1,1,1.6713791722481544,1.2386191654992413,0
1,0,0,0,-0.5851984004382496,1,0,2,1,1,1,1,1,1,0,0,2,-1.5209328650709681,-0.12803098529683293,0
1,0,0,1,-1.0738427650786138,1,0,2,1,1,1,1,1,1,0,0,3,-1.502653098069141,-1.453379814216854,0
0,0,0,0,0.5549717837226001,1,2,1,0,0,2,0,2,2,1,1,2,1.2077378092018058,0.369702893722272,0
1,0,0,0,-0.46303730927815856,1,2,1,0,0,0,0,0,2,0,1,2,0.642726829145324,-1.0652532894072753,0
1,0,0,0,1.4508197855632678,1,2,2,1,1,1,1,1,1,2,1,0,-1.3497677740538576,-1.2479322130898192,0
0,0,0,0,-1.2774445836787656,1,2,0,0,0,0,0,0,0,0,1,2,-0.48729513096763954,0.5121395037819946,0
0,0,1,0,-0.30015585439803716,1,0,1,0,0,2,0,0,0,0,1,2,0.32698539911376057,-1.0165389097585968,0
0,0,0,1,-0.3408762181180675,1,0,2,1,1,1,1,1,1,2,0,3,-1.4960059100684764,0.5047264460093697,0
0,0,1,0,-0.0965540357978854,1,2,1,0,0,0,0,0,2,0,1,2,0.6726391751483144,-0.5225115596258044,1
0,0,0,0,-1.2367242199587352,1,0,1,0,0,0,0,0,2,0,0,2,0.5247392421335293,-0.986357174541481,1
1,0,1,0,0.758573602322752,1,2,1,0,2,2,0,2,2,1,1,0,1.397182667220744,0.6879348738185296,0
0,0,1,1,1.002895784642934,1,2,0,2,0,2,2,2,2,2,1,2,0.6560212051466532,0.438538430182361,0
0,0,0,0,-0.7073594915983407,1,2,2,1,1,1,1,1,1,2,0,0,-1.3198554280508674,-0.0411923085317976,0
0,0,1,1,1.6137012404433893,1,0,0,2,2,2,2,2,2,2,1,0,0.6294324531439953,0.9119151193771268,0
0,0,0,0,-1.2367242199587352,1,0,1,0,0,2,0,0,0,0,1,2,0.36686852711774764,-1.1658590734643284,1
1,0,1,0,-0.1779947632379461,1,2,1,0,2,2,0,2,0,0,0,1,1.0581760791868549,-0.488623295522376,0
1,1,1,0,-0.13727439951791576,1,2,1,0,0,2,0,2,2,0,1,2,1.1213243651931677,-0.3477751978425016,1
1,0,1,1,1.5322605130033284,1,0,1,2,2,2,2,2,0,2,1,1,1.2077378092018058,1.1861982569642506,0
0,0,0,0,-0.7888002190384014,1,0,2,1,1,1,1,1,1,1,0,3,-1.481049737066981,-0.4674431304577332,0
0,1,1,0,1.0843365120829946,1,2,1,2,2,2,2,0,0,1,1,2,0.9734244321783826,0.6842283449322171,0
1,1,1,0,-0.7888002190384014,1,2,1,0,0,0,0,2,2,0,1,2,1.0133075601823696,-1.4983876649792198,1
1,1,1,0,-1.0331224013585834,1,2,1,0,0,0,0,0,0,0,1,3,0.32033821111309646,0.6106272713325834,1
0,0,1,0,1.2064976032430856,1,0,0,2,0,2,2,2,2,2,0,3,0.5396954151350245,0.5079034707690661,0
0,0,0,0,-0.46303730927815856,1,0,0,2,0,2,2,0,0,1,1,2,-0.1499503399339166,-1.4761484916613448,0
0,0,0,0,-1.2367242199587352,1,0,0,0,0,2,0,0,2,0,0,2,-0.13000877593192306,-1.6138195645815228,0
0,0,0,0,-1.2774445836787656,1,0,0,0,0,0,0,0,0,0,0,1,-0.6916961619880726,0.21349917637053165,0
1,0,0,0,-1.1552834925186746,1,0,1,0,0,2,0,0,2,0,0,2,0.7075369121518029,-0.3101804048527607,0
0,0,0,0,-0.5444780367182193,1,0,2,1,1,1,1,1,1,1,0,1,-1.479387940066815,0.011228600003193237,0
0,0,0,0,-0.0965540357978854,1,0,1,0,0,0,2,2,0,0,0,2,0.677624566148813,-0.5526932948429204,1
1,0,1,1,1.4100994218432374,1,0,2,1,1,1,1,1,1,2,1,1,-1.5076384890696393,-1.4512617977103897,0
1,1,1,0,1.6137012404433893,1,2,1,2,2,2,0,0,2,2,1,1,1.259253516206956,1.3471675114555355,0
1,0,1,0,0.8400143297628127,1,0,2,1,1,1,1,1,1,2,0,1,-1.491020519067978,-1.6127605563282907,0
0,0,0,0,-1.1145631287986442,1,0,2,1,1,1,1,1,1,1,0,2,-1.502653098069141,1.7220564330997126,0
1,1,1,0,1.5729808767233588,1,0,1,0,2,2,2,0,2,2,1,1,1.0216165451832002,1.0935350348064385,0
0,0,1,1,0.7178532386027215,1,2,0,0,2,2,2,2,2,1,1,1,0.6443886261454905,0.16001925958230864,0
1,0,1,1,0.9621754209229036,1,2,1,0,0,2,2,2,2,2,1,2,1.2775332832087833,0.8298419797516361,0
1,0,0,0,-1.2367242199587352,1,0,0,0,0,0,2,0,0,0,1,1,-0.48397153696730727,-1.6328817131397013,0
0,1,0,0,-1.2367242199587352,1,2,1,0,0,2,0,0,2,0,1,2,0.7906267621601091,-1.0234224634046059,1
1,0,1,1,-0.3408762181180675,1,2,0,2,0,0,0,0,0,0,0,2,-0.3327480099521901,-1.399899897428631,1
1,0,1,1,0.5549717837226001,1,0,2,1,1,1,1,1,1,2,0,1,-1.4893587220678117,1.581737839546454,0
1,0,1,0,1.5729808767233588,1,2,1,2,2,2,2,2,2,2,1,2,1.7112623002521414,1.5748542859004453,0
0,0,0,0,-0.13727439951791576,0,1,0,0,0,0,2,0,0,0,1,2,-1.115454397030434,1.6532208966396236,0
1,0,1,1,1.4915401492832983,1,2,2,1,1,1,1,1,1,2,0,0,-1.3397969920528607,-1.0779613884460608,0
1,0,1,0,1.5729808767233588,1,2,0,0,2,2,2,2,2,2,0,1,0.6460504231456565,0.8589647067155198,0
0,1,0,0,-1.2774445836787656,1,0,1,0,0,0,0,2,2,0,1,2,0.8820255971692458,1.634158748081445,1
1,1,1,0,0.9621754209229036,1,0,0,2,2,2,2,2,2,2,1,0,0.6942425361504742,0.4332433889162003,0
1,0,0,1,0.9621754209229036,1,0,2,1,1,1,1,1,1,1,1,3,-1.4478137970636586,-1.493622127839675,0
1,0,0,0,-1.2774445836787656,1,0,1,0,0,0,0,2,0,0,1,2,0.4898415051300408,1.435065196473803,1
0,0,1,0,-0.1779947632379461,1,2,2,1,1,1,1,1,1,1,0,3,-1.303237458049206,1.0967120595661348,0
0,0,1,1,-0.5444780367182193,1,0,2,1,1,1,1,1,1,0,0,3,-1.481049737066981,0.006992566990264685,0
1,0,1,0,1.369379058123207,1,2,0,0,0,0,2,0,2,0,0,2,-0.030300955921955676,0.19973206907851385,0
0,0,1,1,-0.62591876415828,1,2,0,0,0,2,2,0,0,1,1,3,-0.09344924192826831,-1.6508848534446476,0
1,0,1,1,0.7992939660427822,1,2,2,1,1,1,1,1,1,2,0,3,-1.2965902700485417,-1.3914278314027737,0
0,0,0,0,-0.5444780367182193,1,0,0,0,2,0,0,2,0,1,0,2,-0.21808401694072754,-1.6789485721552992,0
0,0,0,0,0.14776814652229667,1,0,0,2,2,2,2,2,2,1,0,0,0.7008897241511383,-0.34830470196911767,0
1,1,1,0,-1.0331224013585834,1,0,1,0,0,0,0,0,0,0,1,3,0.1774236690988095,0.36705537308919167,1
1,0,1,1,1.6137012404433893,1,2,1,2,2,2,2,0,2,1,1,1,1.3340343812144315,1.3408134619361427,0
1,0,1,1,1.4100994218432374,1,2,1,2,2,2,0,2,2,1,1,2,1.5467443972356951,1.3259873463908929,1
1,1,0,0,0.06632741908223598,1,0,1,0,2,2,0,2,2,1,1,2,1.1661928841976528,-0.18892395985768087,0
1,1,1,0,1.002895784642934,1,2,1,0,2,2,0,0,2,0,1,0,1.0133075601823696,0.6614596674877261,1
0,0,1,0,-1.0331224013585834,1,0,1,0,0,2,0,2,0,0,1,2,0.7141841001524675,0.8277239632451718,1
0,1,1,0,-1.2774445836787656,1,2,1,0,0,2,0,2,2,0,1,2,1.1977670272008092,-1.722367910537817,1
1,0,1,0,-0.9924020376385531,1,0,2,1,1,1,1,1,1,0,1,0,-1.502653098069141,-1.1605640321981676,0
0,0,0,0,1.4915401492832983,1,2,1,0,0,2,2,2,2,2,0,2,1.304122035211441,1.204201397269197,0
0,0,1,0,0.7178532386027215,1,2,1,2,0,2,0,2,2,1,1,3,1.3174164112127704,0.5973896681671818,0
1,0,0,0,-0.9109613101984924,1,0,2,1,1,1,1,1,1,1,0,3,-1.504314895069307,-0.7253116401197589,0
0,0,1,1,-0.8295205827584317,1,2,2,1,1,1,1,1,1,2,0,1,-1.3132082400502028,-0.46373660157142077,0
0,0,0,0,-0.748079855318371,1,0,1,0,2,0,0,0,2,0,1,2,0.7158458971526335,-1.546043036374666,1
0,0,1,0,1.5322605130033284,0,1,0,2,0,2,2,0,2,2,1,0,-0.49560411596847015,-0.17568635669227917,0
0,1,0,0,1.2879383306831464,1,2,1,2,0,2,2,2,2,0,1,0,1.4686399382278874,1.2301470994733843,0
0,0,1,1,1.369379058123207,1,2,0,2,2,2,2,2,2,2,0,1,0.8354952811645946,0.860023714968752,0
0,0,1,1,1.5729808767233588,1,0,0,2,0,2,2,2,2,2,1,1,0.572931355138347,0.8743203263873859,0
1,1,0,0,-0.5037576729981889,1,0,1,0,0,0,0,2,2,0,0,2,0.8371570781647607,-1.1298527928544357,0
1,0,1,0,1.6137012404433893,1,0,0,2,2,0,2,2,2,2,1,0,0.48485611412954227,0.7901291702554308,0
0,0,1,1,1.5729808767233588,1,0,0,2,2,2,2,0,0,2,0,1,-0.023653767921291324,0.2908067788564777,0
1,0,1,1,0.22920887396235737,1,2,1,0,0,2,0,2,2,0,1,1,1.2093996062019723,0.06523802091803228,0
0,0,0,0,-0.1779947632379461,1,2,1,0,2,0,0,0,2,0,1,2,0.8371570781647607,-0.5214525513725723,1
1,1,1,0,-0.62591876415828,1,0,1,0,2,0,0,0,0,0,1,2,0.3884718881199074,-1.4989171691058358,1
1,0,0,0,0.025607055362205634,0,1,0,0,2,0,0,2,0,1,1,2,-0.8528904710041867,-1.4253160955062023,0
0,0,1,1,-0.38159658183809786,0,1,0,2,0,0,2,0,0,2,0,3,-1.0024522010191377,1.4933106504015707,0
1,0,1,1,1.0436161483629645,1,0,2,1,1,1,1,1,1,1,1,2,-1.502653098069141,-1.614878572834755,0
0,1,1,0,1.5322605130033284,1,2,1,0,2,0,2,2,2,2,1,0,1.3190782082129364,1.289981065781,0
1,0,1,0,-1.1552834925186746,1,0,1,0,0,0,0,0,0,0,0,2,0.19071804510013865,-0.3795454454394658,0
1,0,1,1,0.5142514200025698,1,0,2,1,1,1,1,1,1,2,0,3,-1.4760643460664828,1.656927425525936,0
1,0,0,0,-0.9109613101984924,1,0,1,0,0,0,0,0,0,0,1,2,0.17410007509847744,1.3069251978327143,1
1,0,1,1,0.14776814652229667,1,0,2,1,1,1,1,1,1,2,0,1,-1.505976692069473,1.341872470189375,0
1,0,0,0,0.880734693482843,1,0,0,2,2,0,2,2,0,0,1,3,0.17077648109814536,0.03399727744768421,0
1,0,1,1,-0.38159658183809786,1,2,0,0,2,0,2,0,0,2,0,3,-0.16823010693574386,-1.323121799069301,0
0,0,1,1,0.35136996512244845,1,2,0,2,2,2,0,2,0,1,1,1,0.4516201741262198,-0.24452189315236814,0
1,1,0,0,-1.1145631287986442,1,0,1,0,0,0,0,0,0,0,1,3,0.2222921881032951,-0.03113173012609229,0
1,0,1,1,-0.21871512695797646,0,1,0,0,2,2,0,0,2,1,1,1,-0.62854787598176,-1.4867385741936663,0
0,0,0,0,-1.2774445836787656,1,0,1,0,0,0,2,2,2,0,1,2,1.0332491241843629,1.6886976731229002,0
0,0,1,1,1.4100994218432374,0,1,0,2,0,0,2,0,0,2,0,1,-0.9658926670154829,-0.5616948649953936,0
0,1,1,1,1.6137012404433893,1,2,0,2,2,2,2,2,2,2,1,1,0.8238627021634315,1.020463465333421,0
0,0,1,1,0.9621754209229036,1,2,2,1,1,1,1,1,1,2,1,1,-1.3231790220511994,-1.2680533699012297,0
1,0,1,1,0.47353105628253944,1,2,2,1,1,1,1,1,1,1,0,2,-1.3265026160515319,-1.708071299119183,0
0,1,1,0,1.369379058123207,1,2,1,0,2,0,0,2,2,0,1,2,1.1977670272008092,1.0877104894136618,0
0,0,0,0,0.06632741908223598,1,2,0,2,2,0,2,0,0,1,1,3,-0.012021188920128179,-0.8163863498977227,1
0,0,1,0,1.4915401492832983,1,2,1,0,0,2,2,2,2,2,0,0,1.3489905542159264,1.2608583388171164,0
0,0,1,1,-1.2774445836787656,1,2,1,2,0,2,0,2,2,0,1,2,1.2526063282062914,-1.7059532826127188,1
0,0,0,0,0.3106496014024181,1,0,2,1,1,1,1,1,1,2,0,1,-1.4993295040688086,1.5229628814920706,0
1,0,1,1,-0.0965540357978854,1,2,0,2,0,0,0,0,0,0,1,0,-0.3427187919531868,-1.1743311394901854,0
0,0,0,0,-0.8702409464784621,1,0,0,0,0,0,2,2,2,0,0,3,0.19071804510013865,1.519785856732374,0
0,0,0,0,-0.7073594915983407,1,0,2,1,1,1,1,1,1,1,0,1,-1.4843733310673135,-0.3377146194367963,0
1,0,0,0,-0.8702409464784621,1,0,0,0,0,2,0,2,2,0,1,2,0.15249671409631763,1.2327946201064646,0
0,0,1,1,1.2879383306831464,1,0,2,1,1,1,1,1,1,1,0,0,-1.4943441130683104,-1.4025474180617112,0
1,1,1,0,1.6137012404433893,1,0,0,2,2,2,2,2,0,2,0,0,0.32033821111309646,0.6429270230561637,0
1,1,1,0,1.6137012404433893,1,2,1,2,2,2,2,0,0,2,1,0,0.9401884921750601,1.1025366049589116,0
0,0,0,1,-1.2774445836787656,1,0,0,2,0,0,0,0,0,0,0,3,-0.4507355969639848,0.5523818174048158,0
0,0,0,1,-0.7073594915983407,1,0,0,2,2,2,2,0,0,1,0,1,0.0278619390838584,-1.7123073321321116,0
0,0,0,0,1.125056875803025,1,2,0,0,0,2,2,2,2,1,0,1,0.5247392421335293,0.43906793430897706,0
1,0,0,0,0.9621754209229036,1,0,0,2,0,2,0,0,0,1,0,3,-0.4008816869590011,-0.33877362769002844,0
0,0,0,0,-0.9924020376385531,1,0,2,1,1,1,1,1,1,2,0,3,-1.4594463760648215,-1.1589755198183194,0
0,0,0,0,-1.1960038562387048,1,0,1,0,0,2,2,0,0,0,0,1,0.5097830691320341,-0.7782620527813658,1
0,0,1,0,0.6771328748826912,1,2,0,0,0,0,0,0,0,0,1,1,-0.4191614539608286,-0.5415737081839829,0
0,0,0,0,-1.2367242199587352,1,0,1,0,0,0,0,2,0,0,1,2,0.5131066631323666,-1.277584444180319,1
0,0,0,0,-1.0738427650786138,1,0,1,2,2,2,2,0,2,0,1,0,1.109691786192005,0.7557114020253863,1
1,0,0,0,1.5322605130033284,1,2,1,2,2,2,2,2,2,2,1,0,1.6680555782478224,1.3852918085718926,0
1,0,0,0,-0.8295205827584317,1,2,1,0,2,2,2,2,2,0,1,3,1.6015836982411773,-1.3575395672993453,1
1,1,1,0,0.7992939660427822,1,0,1,2,0,2,2,2,2,1,1,0,1.3190782082129364,0.683698840805601,0
0,0,1,0,1.6137012404433893,1,2,1,2,2,2,2,2,2,2,1,1,1.624848856243503,1.4906631297684902,0
0,0,0,0,0.3106496014024181,1,0,2,1,1,1,1,1,1,2,1,0,-1.4677553610656522,1.5150203195928296,0
0,0,0,0,-1.2774445836787656,1,0,1,0,0,0,0,0,0,0,0,3,0.20401242110146783,1.197317843623188,1
0,1,0,0,-1.1960038562387048,1,0,1,0,0,2,0,2,0,0,1,2,0.7341256641544608,-0.7560228794634909,1
0,1,0,0,0.3106496014024181,1,0,1,0,0,0,0,2,2,0,1,2,0.8903345821700764,-0.04754635805119043,0
1,0,0,1,-1.2774445836787656,1,0,0,0,0,2,0,0,0,0,1,2,-0.49560411596847015,0.47030867777932517,0
1,0,1,0,-0.0965540357978854,1,0,2,1,1,1,1,1,1,1,0,1,-1.4943441130683104,0.7917176826352791,0
1,0,1,1,-0.38159658183809786,1,0,1,2,0,0,2,2,2,0,1,2,1.1661928841976528,-0.6834808141170894,1
1,0,1,1,-1.2774445836787656,1,2,1,0,0,0,0,0,0,0,1,2,0.3236618051134285,1.304277677199634,1
0,1,1,0,0.47353105628253944,1,2,1,0,0,2,2,2,2,0,0,2,1.3091074262119398,0.29186578710970984,0
1,0,0,0,1.3286586944031769,1,2,1,0,2,2,2,2,2,0,1,2,1.475287126228552,1.1724311496722328,1
0,1,0,0,-1.0331224013585834,1,0,0,2,0,0,0,0,0,0,1,2,-0.5504434169739522,-0.16509627415995778,0
1,1,0,0,1.6137012404433893,1,2,2,1,1,1,1,1,1,2,1,1,-1.3181936310507012,-1.0239519675312219,0
0,1,0,0,-0.9924020376385531,1,2,1,0,0,0,2,2,2,0,1,1,1.1761636661986499,1.6320407315749808,0
0,0,0,0,-0.6666391278783103,1,2,0,0,0,2,0,0,2,0,1,1,0.014567563082529699,-1.6805370845351475,1
1,1,1,1,1.369379058123207,1,2,1,0,0,2,0,2,2,0,1,1,1.15456030519649,1.1295413154163312,1
1,0,0,0,-1.2774445836787656,1,0,1,0,0,0,0,0,0,0,1,3,0.22561578210362715,1.2243225540806075,1
1,0,0,1,-1.1960038562387048,1,0,0,2,0,2,0,0,0,0,0,3,-0.29452667894836937,-1.185450726149123,0
1,0,1,0,0.8400143297628127,1,2,1,2,0,2,0,0,2,0,0,2,0.9684390411778845,0.5296131399603249,1
1,1,1,0,-0.9924020376385531,1,0,0,0,0,2,2,0,2,0,1,1,-0.012021188920128179,0.8102503270668415,0
1,1,1,0,1.4915401492832983,1,2,1,0,2,2,2,2,2,2,1,0,1.4503601712260603,1.280449991501911,1
0,0,0,0,-1.1145631287986442,1,0,1,0,2,0,0,2,0,0,1,3,0.682609957149311,0.17696339163402286,0
0,0,1,1,1.6137012404433893,1,2,1,2,0,2,2,2,2,2,0,3,1.4187860282229037,1.3529920568483123,0
0,0,1,0,-0.7888002190384014,0,1,0,0,0,2,0,2,2,0,1,0,-0.532163649972125,0.98286867234368,1
0,0,0,0,-1.1552834925186746,1,2,1,0,0,0,0,2,0,0,1,2,0.6942425361504742,-0.2471694137854485,1
0,0,1,1,0.880734693482843,1,2,0,2,2,2,2,2,2,2,0,1,0.8820255971692458,0.49943140474320896,0
1,0,1,0,1.6137012404433893,1,2,0,0,2,2,2,2,2,2,0,0,0.7042133181514708,0.9325657803151535,0
1,0,0,0,-0.8295205827584317,1,2,1,0,2,2,0,2,2,0,1,2,1.393859073220412,-1.4787960122944253,1
1,0,0,0,-1.2774445836787656,0,1,0,0,0,0,0,0,0,0,1,2,-1.3165318340505352,-0.5865815589463488,1
1,1,0,0,-1.2774445836787656,1,0,0,0,0,0,0,0,0,0,0,2,-0.6501512369839195,0.2945133077427902,0
0,0,1,0,0.880734693482843,1,2,1,0,2,2,2,2,2,1,0,2,1.5151702542325387,0.8340780127645646,1
1,0,1,1,1.4915401492832983,1,2,1,0,0,2,0,0,0,2,1,1,0.47987072312904416,0.6598711551078779,0
0,0,0,0,0.6364125111626608,1,0,0,2,2,0,0,0,0,2,0,1,-0.3078210549496983,-0.519864038992724,0
0,0,1,1,0.6364125111626608,1,2,1,2,2,0,0,2,2,1,1,1,1.2791950802089493,0.5343786770998695,1
0,0,1,0,-0.9924020376385531,1,2,1,0,0,0,2,0,2,0,1,2,0.8471278601657574,1.3159267679851876,0
1,0,1,1,1.5729808767233588,1,2,0,2,2,2,2,2,2,2,1,3,0.8803638001690798,1.058587762449778,0
1,0,0,0,-1.2367242199587352,1,0,0,2,0,0,0,0,0,0,1,2,-0.5637377929752814,1.6468668471202308,1
1,0,1,0,1.4100994218432374,1,0,1,2,2,0,0,2,2,1,1,1,1.2010906212011416,1.1020071008322956,0
1,0,1,1,0.06632741908223598,1,2,1,0,2,0,0,2,2,0,1,0,1.0947356131905097,-0.16033073702041314,0
0,0,0,0,-1.1960038562387048,1,0,1,0,0,0,0,0,0,0,1,2,0.16911468409797886,-0.8799268450916511,0
0,0,1,1,-0.9516816739185228,1,0,0,0,2,0,2,2,0,1,1,3,0.0278619390838584,0.8499631365630467,0
1,0,1,1,1.5729808767233588,1,0,1,2,2,2,0,2,2,1,1,0,1.325725396213601,1.2703894130962055,0
1,0,0,0,1.002895784642934,1,2,1,0,0,0,2,2,0,2,1,1,0.8537750481664219,0.5942126434074854,0
1,0,0,0,1.6137012404433893,0,1,0,2,2,2,2,2,2,2,1,0,-0.035286346922454,0.2823347128306206,0
0,1,1,1,0.6364125111626608,1,0,1,2,0,2,2,2,2,0,1,2,1.3207400052131024,0.5444392555055748,0
1,0,0,0,-0.5851984004382496,1,0,2,1,1,1,1,1,1,1,0,3,-1.4843733310673135,0.08853620248913932,0
1,0,1,1,0.43281069256250915,1,2,1,0,0,2,2,2,2,1,1,1,1.3140928172124378,0.2759806633112278,0
0,0,1,1,1.6137012404433893,1,2,0,2,2,2,2,2,2,2,1,0,0.9468356801757247,1.0850629687805813,0
1,0,1,1,0.10704778280226633,1,2,0,0,0,0,2,2,2,1,1,0,0.28876406810994004,-0.4981543698014652,0
1,0,0,0,-1.1552834925186746,1,0,2,1,1,1,1,1,1,0,0,3,-1.46443176706532,1.273566437855902,0
0,0,1,1,0.6771328748826912,1,2,2,1,1,1,1,1,1,2,0,3,-1.3132082400502028,-1.5206268382970947,0
0,0,1,1,1.5729808767233588,1,2,1,2,2,2,0,2,0,2,0,0,1.1877962451998125,1.205260405522429,0
1,0,1,1,-0.8702409464784621,1,0,1,0,0,0,0,2,2,0,0,2,0.85876043916692,-1.7043647702328706,0
1,0,1,1,1.247217966963116,1,2,0,2,2,2,2,2,2,2,1,1,0.8188773111629334,0.7271181791881186,0
0,1,0,0,1.3286586944031769,1,2,1,0,2,2,0,2,0,0,1,0,1.0199547481830342,0.9505689206200998,0
0,0,0,1,0.6771328748826912,1,0,2,1,1,1,1,1,1,2,0,1,-1.4727407520661506,-1.6974812165868618,0
0,0,0,0,-0.13727439951791576,1,2,1,0,0,2,0,2,2,0,1,1,1.1246479591934997,-0.38272247019916217,1
0,1,1,0,-0.7073594915983407,1,2,1,0,0,2,2,0,0,0,1,2,0.6078290921418354,-1.476677995787961,1
0,0,1,1,-1.1552834925186746,1,0,2,1,1,1,1,1,1,0,1,2,-1.4893587220678117,1.5065482535669723,0
0,0,1,0,1.6137012404433893,1,2,1,0,2,2,2,2,2,1,0,1,1.475287126228552,1.4006474282437587,0
0,1,1,0,-0.2594354906780068,1,0,1,0,0,2,0,2,0,0,1,1,0.6959043331506402,-0.8296239530631245,0
0,1,1,0,0.10704778280226633,1,2,1,0,0,2,0,2,2,0,0,0,1.2393119522049623,-0.14285710084208286,0
0,0,0,0,1.002895784642934,1,2,1,0,2,0,2,0,2,1,0,2,0.9950277931805424,0.6794628077926724,0
1,0,1,1,-0.1779947632379461,1,2,0,0,2,0,0,0,2,0,0,2,-0.012021188920128179,-1.009655356112588,0
0,0,1,0,-0.30015585439803716,1,2,2,1,1,1,1,1,1,1,1,3,-1.261692533045053,1.2846860245148395,0
0,0,1,0,0.5956921474426305,1,0,0,2,0,2,0,2,0,1,1,1,0.042818112085353605,-0.335596602930332,0
0,0,1,1,1.002895784642934,1,2,0,2,2,0,2,0,0,0,0,0,0.014567563082529699,-0.04278082091164581,0
1,1,1,0,-0.6666391278783103,1,2,1,0,0,0,0,2,0,0,1,1,0.6743009721484804,-1.346419980640408,0
1,0,0,0,-1.1145631287986442,1,0,0,2,0,2,0,0,0,0,1,3,-0.29785027294870164,-0.46426610569803684,0
1,0,1,0,-0.62591876415828,1,0,1,0,0,0,0,0,0,0,1,0,0.1873944510998066,-1.5185088217906304,1
0,1,0,0,0.9621754209229036,1,2,1,0,2,2,0,2,2,1,1,0,1.329048990213933,0.699054460477467,1
1,0,1,1,1.6137012404433893,1,0,2,1,1,1,1,1,1,2,0,0,-1.4893587220678117,-1.4136670047206488,0
0,1,0,0,-0.46303730927815856,1,2,1,0,0,0,0,2,2,0,1,2,0.9800716201790471,-0.8894579193707403,1
0,0,1,1,0.6364125111626608,0,1,0,2,0,2,0,0,2,1,0,1,-0.6567984249845842,-0.7629064331094998,0
0,0,1,0,1.4508197855632678,1,2,1,2,2,2,2,2,2,2,0,0,1.6663937812476561,1.4154735437890085,0
0,0,0,0,-0.0965540357978854,1,2,1,2,0,0,2,2,2,0,0,0,1.3838882912194153,-0.24399238902575207,0
0,0,1,0,-1.1960038562387048,1,0,0,0,0,0,0,0,0,0,1,3,-0.6202388909809294,-1.4353766739119076,0
0,1,0,0,-0.748079855318371,0,1,0,2,0,2,2,0,0,2,0,3,-0.8329489070021932,1.167665612532688,0
0,0,0,1,-1.1552834925186746,1,0,2,1,1,1,1,1,1,0,1,0,-1.4860351280674797,1.5637346992415078,0
0,0,1,1,1.5729808767233588,1,2,1,0,2,2,0,0,2,2,1,1,1.0299255301840309,1.1385428855688045,0
1,0,1,1,-0.9924020376385531,1,2,2,1,1,1,1,1,1,1,0,3,-1.341458789053027,-0.8449795727349905,0
1,0,1,1,1.1657772395230555,0,1,0,2,0,2,0,0,0,0,0,0,-1.03568814102246,-0.8015602343524728,0
1,0,1,1,1.6137012404433893,1,2,1,0,2,2,2,0,0,2,0,0,0.8537750481664219,1.051704208803769,0
0,0,0,0,-1.1145631287986442,1,2,1,0,0,0,0,2,0,0,1,2,0.6394032351449919,0.19126000305265672,0
0,0,0,0,0.6771328748826912,1,0,0,2,2,2,2,0,0,2,0,0,0.0876866310898392,-0.20480908365616296,0
1,0,0,0,-0.9924020376385531,1,0,2,1,1,1,1,1,1,0,1,0,-1.4976677070686424,-1.1039070906502484,0
1,0,0,0,-1.1960038562387048,1,0,1,0,0,0,0,0,2,0,1,2,0.5180920541328647,-0.5691079227680185,0
1,0,1,1,-0.9516816739185228,1,0,2,1,1,1,1,1,1,2,0,3,-1.5009913010689746,-0.8926349441304368,0
1,0,1,1,1.4100994218432374,1,0,0,2,2,0,0,0,0,2,1,0,-0.3510277769540174,0.013876120636273583,0
1,0,0,0,0.5549717837226001,1,0,0,0,0,0,0,0,0,0,1,1,-0.6501512369839195,-0.8312124654429727,0
0,0,1,0,1.4100994218432374,1,2,0,2,2,2,0,0,2,1,0,3,0.3436033691154218,0.5428507431257266,0
0,0,1,0,0.9214550572028734,1,0,2,1,1,1,1,1,1,1,0,2,-1.4976677070686424,-1.5809903087313266,0
1,0,1,0,0.025607055362205634,1,2,0,2,2,2,0,2,0,0,1,0,0.2654989101076142,-0.6146452776570004,0
1,0,1,1,1.2064976032430856,1,0,2,1,1,1,1,1,1,2,0,1,-1.4860351280674797,-1.469794442141952,0
0,0,0,1,-1.2774445836787656,1,0,0,0,0,0,0,0,0,0,0,3,-0.6252242819814278,0.30086735726218305,1
1,0,1,1,0.6771328748826912,0,1,0,2,0,0,0,0,2,0,1,2,-0.8495668770038544,-0.9874161827947131,0
1,0,0,0,-1.2774445836787656,1,0,0,0,0,0,0,0,0,0,1,2,-0.6651074099854147,0.2590365312595136,0
1,0,1,0,-0.748079855318371,1,2,1,0,2,2,0,0,0,0,1,2,0.5945347161405068,-1.5423365074883535,0
1,1,0,0,-0.5851984004382496,1,2,1,0,0,2,2,2,0,0,0,0,0.9684390411778845,-1.055722215128186,0
0,1,0,0,-1.2774445836787656,1,0,1,0,0,0,0,0,0,0,1,2,0.179085466098976,1.189375281723947,1
0,0,0,0,-1.2774445836787656,1,0,1,0,0,2,0,2,0,0,1,1,0.6909189421501416,1.564264203368124,1
0,0,1,0,1.6137012404433893,1,2,1,2,2,2,2,2,2,2,1,1,1.7411746462551319,1.5679707322544363,0
1,0,0,0,1.2879383306831464,1,2,1,2,0,2,2,0,2,2,0,1,1.1462513201956595,1.0464091675376084,0
1,0,1,0,1.4915401492832983,1,2,1,2,2,2,2,2,2,2,1,0,1.5882893222398482,1.410708006649464,0
0,0,0,0,-1.2774445836787656,1,2,2,1,1,1,1,1,1,0,1,2,-1.2982520670487077,-0.5834045341866524,0
1,0,1,1,1.5729808767233588,1,2,0,2,2,2,2,2,2,2,0,1,0.8487896571659234,0.9648655320387337,0
0,0,1,1,1.369379058123207,1,0,0,0,0,0,2,0,0,1,1,1,-0.5105602889699654,-0.22598924872080572,0
1,0,0,0,-1.2367242199587352,1,0,2,1,1,1,1,1,1,0,0,3,-1.5076384890696393,0.515316528541691,0
0,1,1,0,1.5729808767233588,1,0,1,2,2,2,2,2,2,2,1,0,1.4935668932303794,1.4408897418665798,0
1,0,0,0,-0.8702409464784621,1,0,0,0,2,0,0,2,0,1,1,2,-0.11671439993059413,1.2709189172228217,0
1,0,0,1,0.5956921474426305,1,0,0,2,2,0,0,0,0,0,1,2,-0.31446824295036285,-0.5060969317007062,0
0,0,1,0,0.10704778280226633,1,0,1,0,0,0,0,0,0,0,1,2,0.18407085709947407,-0.634236930341795,1
1,1,1,0,-0.015113308357824713,1,2,1,0,2,2,0,2,2,0,0,0,1.3822264942192488,-0.10896883673865444,1
1,0,1,1,1.125056875803025,1,2,1,0,2,0,2,2,2,0,1,0,1.2958130502106107,0.8647892521082966,0
1,0,0,0,-0.8702409464784621,1,0,2,1,1,1,1,1,1,1,0,3,-1.504314895069307,-0.7205461029802143,0
0,0,0,0,-0.13727439951791576,0,1,0,2,2,0,2,0,0,1,0,1,-0.8395960950028577,-1.638176754405862,0
1,0,1,1,-0.46303730927815856,0,1,0,0,0,0,0,0,0,0,1,2,-1.286619488047545,0.7514753690124578,0
1,1,1,0,0.6364125111626608,1,2,1,0,0,2,0,0,2,0,1,1,0.8737166121684152,0.24050388682795115,0
0,0,0,1,-1.1960038562387048,0,1,0,0,2,0,0,0,0,0,0,3,-1.166970104035584,1.6219801531692755,0
0,0,1,1,0.43281069256250915,1,0,0,0,2,0,0,0,0,0,0,3,-0.48397153696730727,-0.7814390775410622,0
1,0,0,0,-1.1145631287986442,1,2,1,0,2,2,0,2,2,0,0,2,1.3473287572157604,0.6948184274645385,0
0,0,0,0,-1.2774445836787656,1,0,0,0,0,0,0,0,2,0,1,2,-0.3094828519498643,0.691641402704842,0
1,0,1,1,1.5729808767233588,1,2,0,2,0,2,2,2,2,1,0,2,0.6875953481498096,0.9728080939379747,0
0,0,1,1,-0.9924020376385531,1,0,2,1,1,1,1,1,1,1,0,2,-1.4943441130683104,-1.1663885775909444,0
1,0,0,0,-0.9924020376385531,1,2,0,0,0,0,0,2,0,0,1,2,-0.18318627993723904,0.23573834968840654,0
1,0,0,0,-0.5037576729981889,1,2,1,0,0,2,0,2,0,0,1,1,0.8620840331672525,-1.0303060170506146,0
0,0,1,1,0.025607055362205634,1,2,1,2,0,2,0,2,2,1,1,3,1.2941512532104444,-0.13650305132269003,1
1,0,0,0,1.5729808767233588,1,2,1,0,2,0,0,0,0,1,1,1,0.4748853321285456,0.7138805760227169,0
0,1,1,0,-0.055833672077855064,1,2,1,0,0,2,0,2,0,1,1,2,0.8620840331672525,-0.4287893292147602,0
0,1,1,0,0.22920887396235737,1,2,1,2,2,0,0,0,2,1,0,1,1.0049985751815391,-0.07825759739492244,0
1,0,0,0,-1.2774445836787656,1,0,1,0,0,0,0,2,2,0,1,2,0.7839795741594444,1.6013294922312487,1
0,0,1,1,-1.2367242199587352,0,1,0,0,2,0,0,0,0,0,1,3,-1.1470285400335904,0.9712195815581265,0
0,0,1,0,-0.8295205827584317,0,1,0,0,0,2,0,2,2,0,1,0,-0.49560411596847015,0.9373313174546981,0
0,0,0,1,-0.9516816739185228,1,0,1,2,0,2,2,0,2,0,0,0,0.9385266951748941,1.5944459385852399,0
1,1,0,1,-0.8702409464784621,1,0,0,0,2,0,2,0,0,0,1,2,-0.3393951979528547,0.8801448717801627,0
1,0,0,1,-1.0738427650786138,1,0,2,1,1,1,1,1,1,0,0,3,-1.4976677070686424,-1.6132900604549067,0
0,0,1,0,1.5729808767233588,1,0,0,2,2,2,2,2,2,1,1,0,0.6659919871476498,0.8923234666923322,0
0,0,1,1,0.3920903288424788,1,2,1,2,2,0,0,2,0,1,1,1,0.9867188081797118,0.053588930132478764,0
0,0,1,1,-0.9924020376385531,1,0,1,0,0,2,0,2,2,0,1,2,0.9784098231788811,1.3979999076106782,1
0,0,0,0,-1.1145631287986442,1,0,1,0,2,0,0,2,2,0,1,2,1.0465435001856922,0.5571473545443605,1
0,0,1,0,-1.2367242199587352,1,0,1,0,0,0,0,0,0,0,1,2,0.19736523310080326,-1.3300053527153097,1
0,0,1,1,0.5142514200025698,1,0,2,1,1,1,1,1,1,2,0,3,-1.4594463760648215,1.6150965995232665,0
1,0,1,1,-0.1779947632379461,0,1,0,0,2,2,2,2,2,1,1,1,-0.1582593249347472,-1.1023185782704001,0
0,0,1,0,0.43281069256250915,1,2,1,0,2,0,0,0,0,0,0,2,0.5214156481331973,-0.16827329891965417,0
1,0,0,1,1.125056875803025,1,2,0,2,0,2,2,2,2,2,1,2,0.6709773781481484,0.5073739666424499,0
0,0,1,0,0.3920903288424788,0,1,0,0,2,0,2,0,0,1,0,3,-1.0373499380226265,-1.2871155184594083,1
1,0,1,1,-1.0331224013585834,0,1,0,2,0,2,2,0,2,2,0,1,-0.5022513039691348,-0.32129999151169814,0
0,0,1,0,-0.30015585439803716,1,0,2,1,1,1,1,1,1,1,1,0,-1.481049737066981,0.5460277678854231,0
0,1,1,1,0.3106496014024181,1,2,1,0,0,0,0,2,2,0,1,1,0.9900424021800438,-0.06025445708997609,1
1,0,0,0,-0.21871512695797646,1,2,1,0,0,2,0,2,2,1,1,0,1.1877962451998125,-0.49338883266192063,0
1,0,0,0,-0.9109613101984924,0,1,0,0,2,0,2,0,0,0,0,2,-0.9642308700153169,0.0392923187138449,0
0,1,0,0,-0.21871512695797646,1,2,1,0,2,2,0,0,0,0,1,0,0.720831288153132,-0.6411204839878039,0
0,0,0,0,-0.8702409464784621,1,0,0,0,0,2,2,0,0,1,0,0,-0.3643221529553466,1.0352895808786708,0
1,0,1,1,-1.1552834925186746,0,1,0,2,0,0,0,2,0,0,0,1,-0.8711702380060141,-1.193393288048364,0
1,0,0,0,1.4508197855632678,0,1,0,0,0,2,0,0,2,0,1,0,-0.8263017190015288,-0.442556436506778,0
1,1,0,0,-1.2774445836787656,1,0,1,0,0,0,0,0,0,0,1,2,0.17576187209864347,1.188316273470715,0
0,0,0,0,-0.5851984004382496,1,0,2,1,1,1,1,1,1,1,0,3,-1.4843733310673135,0.11712942532640706,0
0,0,0,0,1.002895784642934,1,2,1,2,2,2,0,2,2,2,1,0,1.6015836982411773,1.0246994983463495,1
1,0,0,0,-0.2594354906780068,1,0,2,1,1,1,1,1,1,0,1,2,-1.477726143066649,0.5550293380378962,0
0,0,1,0,-0.62591876415828,0,1,0,0,2,2,0,0,0,0,1,1,-0.9675544640156493,1.0225814818398853,0
1,0,0,0,-1.2774445836787656,0,1,0,0,0,0,0,0,2,0,0,2,-0.9592454790148186,-0.11744090276451155,1
1,0,0,1,0.22920887396235737,1,2,1,0,0,2,0,2,2,0,1,0,1.1462513201956595,-0.008892556808217388,1
1,1,1,0,1.0843365120829946,1,0,1,2,2,2,0,0,0,1,1,1,0.6045054981415035,0.4740152066656376,0
1,0,0,0,-0.0965540357978854,1,0,0,2,0,2,0,0,0,2,1,3,-0.3028356639492,-1.1234987433350427,0
1,1,0,0,-1.2367242199587352,0,1,0,0,0,0,0,0,0,0,1,3,-1.3397969920528607,0.38135198450782554,1
0,1,1,0,0.7178532386027215,1,2,2,1,1,1,1,1,1,1,0,2,-1.3148700370503688,-1.4274341120126666,0
1,0,0,0,-0.9516816739185228,0,1,0,2,0,2,2,0,2,1,0,3,-0.46402997296531395,0.35487677817702207,0
0,0,1,1,-1.1960038562387048,1,0,2,1,1,1,1,1,1,0,0,3,-1.4993295040688086,0.8764383428938501,0
0,0,0,1,-0.748079855318371,1,0,0,0,0,2,0,2,0,0,1,1,-0.16490651293541178,1.5091957742000528,0
0,1,0,0,-0.055833672077855064,1,0,1,2,0,0,0,0,0,0,1,1,0.2920876621102721,-0.8121503168847942,0
0,0,0,0,-1.0331224013585834,1,0,0,2,2,2,0,0,0,0,0,2,-0.11172900893009581,0.24579892809411186,0
0,0,0,0,-0.9924020376385531,1,2,1,2,0,0,2,2,2,0,1,0,1.2825186742092813,1.556851145595499,1
1,0,1,1,-0.62591876415828,1,0,2,1,1,1,1,1,1,1,0,0,-1.491020519067978,-0.212751645555404,0
1,0,1,1,-0.015113308357824713,1,0,2,1,1,1,1,1,1,0,1,1,-1.505976692069473,1.1030661090855278,0
0,1,0,0,-1.2367242199587352,1,0,1,0,0,0,0,2,0,0,0,3,0.5563133851366857,-1.1494444455392303,0
1,1,0,0,-1.0331224013585834,1,2,1,0,0,0,0,2,0,0,1,2,0.6659919871476498,0.676815287159592,1
0,0,1,1,1.6137012404433893,1,2,1,2,2,2,0,2,2,2,0,1,1.4885815022298807,1.4287111469544103,0
0,1,0,0,-0.055833672077855064,1,2,1,0,2,0,0,2,2,0,1,2,1.1695164781979852,-0.25881850457100203,1
0,0,1,1,-0.21871512695797646,1,0,1,2,0,0,0,0,0,0,0,3,0.32033821111309646,-0.8899874234973564,0
0,0,0,0,-0.5851984004382496,1,2,1,0,2,0,0,2,0,0,1,1,0.8388188751649267,-1.2219865108856316,1
1,0,0,0,-1.0331224013585834,1,0,1,0,0,2,0,0,0,0,1,2,0.33695618111475767,0.47189719015917336,0
0,1,0,0,-0.748079855318371,1,2,1,0,2,2,0,2,2,0,1,2,1.332372584214265,-1.216691469619471,1
1,0,1,1,-0.8702409464784621,1,0,0,0,0,2,0,2,0,0,1,0,-0.1698919039359101,1.1316593319227954,0
0,0,1,1,1.6137012404433893,1,2,1,2,0,2,2,2,2,2,1,0,1.5184938482328711,1.4747780059700082,0
1,0,1,1,-0.1779947632379461,1,2,1,2,2,0,0,2,2,1,0,2,1.3739175092184182,-0.4219057755687513,1
1,1,0,0,-0.7073594915983407,1,2,1,0,0,0,0,0,0,0,1,1,0.31369102311243185,-1.5857558458708712,1
0,1,0,0,-1.1552834925186746,1,2,1,0,0,0,0,0,0,0,1,2,0.32200000811326246,-0.3790159413128497,0
0,0,0,0,1.5729808767233588,1,2,2,1,1,1,1,1,1,2,0,2,-1.3364733980525287,-1.0763728760662128,0
0,0,0,0,-1.1145631287986442,1,0,1,0,2,0,2,0,2,0,1,2,0.8172155141627669,0.3474637204043971,1
1,0,1,1,0.5956921474426305,1,2,2,1,1,1,1,1,1,2,0,3,-1.3364733980525287,-1.5651051849328446,0
1,1,1,0,1.002895784642934,1,0,1,0,2,2,0,2,0,1,1,2,0.8604222361670865,0.5793865278622354,0
1,1,1,0,0.7178532386027215,1,2,1,2,0,2,0,2,2,2,1,1,1.3390197722149297,0.5714439659629943,0
1,0,0,0,-0.9924020376385531,1,0,2,1,1,1,1,1,1,0,1,1,-1.4727407520661506,-1.1505034537924623,0
0,0,1,1,0.6364125111626608,1,0,2,1,1,1,1,1,1,2,0,3,-1.502653098069141,1.6039770128643291,0
0,0,0,0,1.5322605130033284,1,0,2,1,1,1,1,1,1,1,0,0,-1.4976677070686424,-1.3951343602890862,0
1,0,0,1,-1.2774445836787656,1,0,0,2,2,0,2,0,2,0,1,0,0.18905624809997262,1.1925523064836434,0
1,0,1,0,-0.9924020376385531,1,2,1,0,0,0,0,0,2,0,1,0,0.6942425361504742,1.05964677070301,0
0,0,0,0,-1.2774445836787656,1,2,1,0,0,0,0,0,0,0,1,2,0.4117370461222332,1.3805262714323479,1
1,0,0,0,-1.2774445836787656,0,1,0,0,0,0,0,0,2,0,1,0,-0.9808488400169781,-0.1200884233975919,1
1,0,1,1,1.125056875803025,1,0,2,1,1,1,1,1,1,2,0,3,-1.4694171580658184,-1.5264513836898714,0
1,0,1,1,0.6771328748826912,1,2,1,0,0,0,2,2,2,1,1,2,1.1030445981913404,0.4824872726914947,0
1,0,1,0,-1.1552834925186746,0,1,0,0,2,0,0,2,2,0,1,2,-0.5388108379727895,-0.8592761841536244,1
0,0,0,0,-0.13727439951791576,1,0,2,1,1,1,1,1,1,1,0,3,-1.4876969250676457,0.8727318140075376,0
0,0,1,0,1.4100994218432374,1,2,2,1,1,1,1,1,1,2,1,1,-1.3132082400502028,-1.0673713059137395,0
0,0,1,0,0.8400143297628127,1,2,1,0,2,0,0,2,2,0,1,1,1.1180007711928355,0.5661489246968336,1
1,0,1,0,1.4100994218432374,1,2,0,2,2,2,2,0,0,2,0,1,0.20401242110146783,0.37129140610212025,0
0,0,1,1,-1.0738427650786138,1,0,2,1,1,1,1,1,1,0,0,3,-1.4926823160681442,-1.538629978602041,0
0,0,0,0,0.5956921474426305,1,2,1,0,2,2,0,2,2,0,1,2,1.3822264942192488,0.4401269425622092,0
0,0,0,0,0.8400143297628127,1,0,1,2,2,2,2,0,2,2,0,3,1.15456030519649,0.660400659234494,0
1,0,1,0,1.4915401492832983,1,0,0,2,2,2,2,2,2,2,1,3,0.6626683931473177,0.8303714838782521,0
1,0,0,0,-1.1960038562387048,1,0,1,2,0,0,0,0,2,0,1,3,0.7075369121518029,-0.6178223024166969,0
1,0,0,0,-1.1552834925186746,1,0,0,0,0,0,0,0,0,0,0,3,-0.6717545979860794,-0.757081887716723,0
1,0,1,1,0.9621754209229036,1,2,0,2,2,0,2,0,2,2,1,1,0.36853032411791364,0.1970845484454335,0
1,1,1,0,1.0843365120829946,1,2,1,0,0,0,0,2,2,0,1,0,0.966777244177718,0.7202346255421097,1
1,1,1,0,1.1657772395230555,1,2,2,1,1,1,1,1,1,2,0,0,-1.3215172250510334,-1.2431666759502744,0
0,0,1,0,-1.2367242199587352,1,0,0,0,0,0,0,0,0,0,1,2,-0.6567984249845842,1.6124490788901862,0
1,1,1,1,0.5549717837226001,1,2,1,2,2,2,0,2,0,0,1,2,1.1944434332004772,0.3241655388332901,1
1,0,1,1,-0.8295205827584317,1,0,2,1,1,1,1,1,1,0,0,3,-1.4710789550659844,-0.5574588319824649,0
0,0,0,0,-0.748079855318371,1,2,1,0,0,2,0,0,0,0,1,2,0.5214156481331973,-1.6492963410647994,1
0,0,1,1,-0.1779947632379461,1,2,1,0,0,0,2,0,2,1,1,2,0.8537750481664219,-0.5796980053003399,0
1,0,0,0,-0.3408762181180675,1,0,0,2,2,0,2,0,0,0,0,0,-0.143303151933252,-1.293999072105417,0
1,0,0,0,-0.055833672077855064,1,0,0,0,0,2,2,0,0,0,1,2,-0.3161300399505289,-1.079020396699293,1
0,0,1,1,1.4508197855632678,1,2,0,2,2,2,2,0,2,1,1,2,0.45494376812655235,0.6360434694101548,0
1,0,0,1,0.26992923768238775,1,2,1,0,0,0,2,2,2,2,0,3,1.1894580421999785,0.04141033522030917,0
0,0,1,0,0.3920903288424788,1,0,2,1,1,1,1,1,1,0,0,1,-1.4760643460664828,1.5928574262053916,0
1,0,1,0,-0.7888002190384014,0,1,0,2,0,0,2,2,2,0,1,2,-0.3427187919531868,1.21320296742167,1
0,0,1,0,-1.0738427650786138,1,2,1,0,2,0,0,0,2,0,1,2,0.8637458301674186,0.5566178504177444,0
1,0,0,0,0.10704778280226633,1,2,1,0,0,0,0,0,0,0,0,1,0.35191235411625243,-0.5156280059797955,1
0,0,1,0,0.22920887396235737,1,0,2,1,1,1,1,1,1,1,1,1,-1.479387940066815,1.4943696586548028,0
1,0,0,0,-0.5851984004382496,1,0,2,1,1,1,1,1,1,2,0,1,-1.4860351280674797,0.032408765067836,0
0,0,1,0,-1.1552834925186746,1,0,2,1,1,1,1,1,1,0,0,3,-1.5009913010689746,1.6595749461590164,0
1,0,1,0,-0.21871512695797646,1,0,0,0,2,0,2,0,0,0,1,2,-0.3643221529553466,-1.3506560136533365,0
1,0,0,1,0.35136996512244845,1,0,0,2,2,2,0,2,0,1,0,3,0.18074726309914202,-0.4028436270105728,0
1,0,1,1,0.7178532386027215,1,0,0,2,0,0,2,2,2,1,0,2,0.356897745116751,0.09859678089484464,0
1,0,1,1,1.6137012404433893,1,0,2,1,1,1,1,1,1,2,0,2,-1.4760643460664828,-1.385073781883381,0
0,0,0,0,1.5322605130033284,1,2,2,1,1,1,1,1,1,1,0,1,-1.286619488047545,-0.9731195713760792,0
1,0,1,1,0.47353105628253944,1,0,2,1,1,1,1,1,1,1,0,0,-1.4677553610656522,1.6526913925130073,0
1,0,0,0,-1.2367242199587352,1,0,1,2,0,0,0,0,0,0,1,2,0.36354493311741554,-0.9477033732985078,1
0,0,1,1,0.06632741908223598,1,0,2,1,1,1,1,1,1,1,1,0,-1.4843733310673135,1.128482307163099,0
0,1,1,0,1.6137012404433893,1,2,2,1,1,1,1,1,1,2,0,0,-1.3447823830533592,-1.0340125459369272,0
1,0,1,0,1.5729808767233588,1,2,2,1,1,1,1,1,1,2,1,2,-1.3381351950526947,-0.9995947777068827,0
0,0,0,0,1.2879383306831464,1,2,1,0,2,2,2,2,2,2,1,1,1.5201556452330371,1.2142619756749022,0
0,0,1,0,1.6137012404433893,1,2,2,1,1,1,1,1,1,2,1,0,-1.3132082400502028,-0.9831801497817846,0
1,0,0,0,-1.2774445836787656,1,2,1,0,0,0,0,0,0,0,1,3,0.3153528201125979,1.3016301565665536,1
1,1,1,0,-0.13727439951791576,1,0,1,2,0,2,0,0,2,1,0,0,0.8421424691652587,-0.503978915194242,0
0,0,1,0,-0.38159658183809786,1,0,0,2,0,2,2,0,2,1,1,0,0.13255515009432434,-1.0975530411308554,0
1,0,1,1,0.7992939660427822,1,0,2,1,1,1,1,1,1,2,0,3,-1.5142856770703037,-1.6699470020028262,0
0,1,0,0,-0.30015585439803716,1,2,1,0,2,0,0,0,2,0,1,2,0.82884809316393,-0.7703194908821247,1
0,0,0,0,1.2879383306831464,1,2,1,2,2,2,2,2,2,2,1,0,1.6730409692483204,1.2862745368946877,0
0,1,0,0,-0.6666391278783103,1,2,1,0,0,0,0,2,2,0,1,2,1.0515288911861906,-1.178037668376498,1
1,1,0,0,-1.2774445836787656,1,0,1,0,0,0,0,0,0,0,1,0,0.1574821050968162,1.158664042380215,1
1,0,0,0,-0.3408762181180675,1,2,1,0,2,0,0,2,2,0,1,0,1.1595456961969886,-0.6395319716079557,0
1,0,1,0,-1.2367242199587352,1,2,1,0,0,2,0,2,0,0,1,2,0.8870109881697443,-1.0848449420920698,0
0,0,1,1,0.06632741908223598,1,0,0,2,2,2,2,2,2,2,0,3,0.6643301901474837,-0.4266713127082959,0
1,1,1,0,0.14776814652229667,1,2,1,0,0,0,0,0,2,0,1,1,0.6809481601491449,-0.28211668614210905,1
1,0,1,1,0.8400143297628127,1,2,0,0,0,2,2,2,2,1,1,3,0.464914550127549,0.058883971398639455,0
0,0,1,1,0.5956921474426305,1,0,2,1,1,1,1,1,1,2,0,1,-1.479387940066815,1.5960344509650881,0
1,0,0,1,1.6137012404433893,1,0,2,1,1,1,1,1,1,2,0,1,-1.491020519067978,-1.2198684943791673,0
1,0,1,1,1.6137012404433893,1,2,1,2,2,0,2,0,2,2,1,1,1.0963974101906757,1.1840802404577864,0
1,0,0,0,-1.2774445836787656,1,0,2,1,1,1,1,1,1,0,0,3,-1.5076384890696393,-0.9402903155258829,1
0,0,0,0,-0.9516816739185228,1,2,1,0,0,0,0,0,2,0,1,2,0.6161380771426661,1.4694829647038474,1
0,0,0,0,-0.9924020376385531,1,0,1,0,0,0,0,2,0,0,1,0,0.5097830691320341,1.1184217287573937,1
1,1,0,0,0.5142514200025698,1,0,0,2,0,2,0,0,2,1,0,1,-0.06852228692577646,-0.44361544476001014,1
0,0,0,0,-1.0331224013585834,1,0,1,0,0,2,2,2,2,0,1,2,1.1844726511994805,1.2412666861323218,0
0,0,1,0,1.5729808767233588,1,2,2,1,1,1,1,1,1,2,1,1,-1.3397969920528607,-1.1028480823970161,0
0,1,0,0,0.35136996512244845,1,0,1,0,0,2,2,2,2,1,1,0,1.2077378092018058,0.09171322724883574,0
1,0,1,1,1.4100994218432374,0,1,0,2,0,0,0,2,2,2,0,1,-0.4607063789649817,-0.21434015793525218,0
1,0,1,0,1.4915401492832983,1,2,1,2,2,2,2,0,2,1,1,1,1.4104770432220732,1.2799204873752947,0
0,1,1,0,1.5322605130033284,1,2,0,2,2,2,2,2,2,2,1,0,0.9119379431722362,1.0278765231060458,0
1,0,0,0,-0.30015585439803716,1,2,2,1,1,1,1,1,1,1,0,0,-1.3115464430500368,1.1088906544783044,1
1,0,0,0,1.6137012404433893,1,2,1,2,2,2,2,2,2,2,0,0,1.6165398712426726,1.497017179287883,0
1,0,1,1,0.06632741908223598,0,1,0,0,0,0,2,2,0,2,1,2,-0.8046983579993692,-1.4126079964674165,0
0,0,1,1,1.3286586944031769,1,2,2,1,1,1,1,1,1,2,0,1,-1.288281285047711,-1.1208512227019625,0
0,0,0,0,1.5322605130033284,1,2,1,2,2,2,2,2,2,2,1,1,1.5683477582378549,1.4022359406236067,0
0,0,1,1,1.6137012404433893,0,1,0,2,0,2,0,2,2,2,1,1,-0.3643221529553466,0.06259050028495194,0
1,0,0,1,0.10704778280226633,1,0,0,0,0,0,2,2,2,1,1,3,0.2438955491054544,-0.5918766002125094,0
1,0,0,0,-0.7888002190384014,1,2,1,2,0,0,0,2,2,0,0,3,1.109691786192005,-1.5020941938655323,1
0,0,1,0,-0.8295205827584317,1,2,0,2,0,2,0,2,2,1,0,2,0.46823814412788106,1.5992114757247844,0
0,0,1,1,1.2064976032430856,1,0,0,2,0,2,2,2,0,1,1,0,0.19902703010096928,0.19814355669866562,0
0,0,0,0,-0.30015585439803716,1,0,0,2,0,0,2,2,2,0,1,1,0.37850110611891075,-0.8772793244585707,0
0,0,0,0,0.7992939660427822,0,1,0,2,2,0,2,0,0,2,0,3,-0.8528904710041867,-0.8836333739779635,0
1,1,0,0,-0.9924020376385531,1,0,1,0,0,0,0,0,0,0,1,1,0.1724382780983114,0.7398262782269043,0
1,0,0,0,-1.2367242199587352,1,0,2,1,1,1,1,1,1,0,0,3,-1.4860351280674797,-0.2090451166690915,0
0,0,1,1,0.9621754209229036,1,0,2,1,1,1,1,1,1,2,0,3,-1.4860351280674797,-1.630234192506621,0
0,0,0,0,-0.8295205827584317,1,0,2,1,1,1,1,1,1,0,0,0,-1.505976692069473,-0.7157805658406696,0
0,0,1,0,0.5956921474426305,1,2,2,1,1,1,1,1,1,1,0,2,-1.2583689390447208,-1.4825025411807378,0
1,1,0,0,-1.2367242199587352,1,0,2,1,1,1,1,1,1,0,0,2,-1.5142856770703037,-0.036426771392252984,0
0,0,0,0,-0.5851984004382496,1,0,0,0,0,2,0,0,0,0,1,3,-0.4906187249679718,1.6161556077764987,0
0,0,0,0,-0.9924020376385531,1,0,0,2,0,0,0,2,0,0,1,2,-0.1582593249347472,0.45283504160099486,0
1,0,1,0,0.5142514200025698,1,2,1,2,0,2,0,0,0,0,1,3,0.6576830021468192,-0.029543217746244084,0
1,0,0,0,-1.1960038562387048,1,0,0,0,0,0,0,0,0,0,0,3,-0.641842251983089,-1.3278873362088455,0
0,0,0,0,0.22920887396235737,1,0,2,1,1,1,1,1,1,1,0,3,-1.4860351280674797,1.1136561916178491,0
1,0,1,0,1.6137012404433893,1,2,1,2,2,2,2,2,2,2,1,2,1.6879971422498155,1.5510266002027222,0
1,0,0,0,0.5549717837226001,1,2,1,2,2,0,0,0,2,0,1,2,0.9617918531772199,0.15525372244276403,1
0,0,1,1,1.5729808767233588,1,2,1,2,2,2,0,2,0,2,1,1,1.1379423351948288,1.2137324715482862,0
1,0,1,1,1.369379058123207,0,1,0,0,0,0,2,2,2,2,0,0,-0.47233895796614456,-0.17939288557859165,0
1,1,0,0,-0.30015585439803716,1,2,1,0,2,2,0,2,2,0,0,3,1.3689321182179202,-0.5055674275740902,1
1,0,0,0,-0.5851984004382496,1,2,0,0,0,2,2,2,2,1,1,1,0.572931355138347,-1.307766179397435,1
0,0,1,1,-0.7888002190384014,1,2,2,1,1,1,1,1,1,2,1,0,-1.3215172250510334,-0.1989845382633862,0
0,0,1,1,1.3286586944031769,1,2,0,2,2,2,2,2,2,2,0,0,0.8903345821700764,0.8621417314752163,0
1,0,1,0,1.125056875803025,1,2,1,0,2,2,0,2,0,0,1,2,1.0299255301840309,0.7853636331158863,1
1,0,1,1,-0.7073594915983407,1,0,2,1,1,1,1,1,1,2,0,3,-1.5093002860698053,-0.4494399901527869,0
0,0,1,0,1.6137012404433893,1,2,2,1,1,1,1,1,1,2,0,1,-1.3265026160515319,-0.9598819682106775,0
1,0,1,0,-0.0965540357978854,1,2,1,0,0,0,0,2,2,0,1,1,0.9734244321783826,-0.41608123017597454,1
0,0,1,1,0.3920903288424788,1,0,1,0,0,2,2,2,2,2,1,2,1.1844726511994805,0.21508768875037984,0
0,0,1,0,1.5729808767233588,1,2,2,1,1,1,1,1,1,2,0,0,-1.3215172250510334,-1.0493681656087932,0
0,0,0,0,-1.2774445836787656,1,0,0,0,0,0,0,0,2,0,1,3,-0.3327480099521901,0.652987601461869,1
1,1,0,0,0.26992923768238775,1,2,1,0,0,0,0,2,2,0,1,0,1.0266019361836989,-0.015776110454226288,1
0,0,0,0,0.10704778280226633,1,0,2,1,1,1,1,1,1,0,0,0,-1.5126238800701375,0.9383903257079302,0
0,0,1,1,0.8400143297628127,1,0,1,0,2,2,2,2,2,0,1,0,1.4453747802255617,0.8536696654493592,0
0,0,0,0,-1.2774445836787656,1,2,1,0,0,0,0,2,2,0,1,2,0.9917041991802098,1.6765190782107307,1
0,1,1,1,-0.055833672077855064,1,0,1,0,0,2,2,2,2,0,1,2,1.1346187411944968,-0.3922535444782514,1
1,0,0,0,0.6364125111626608,1,0,2,1,1,1,1,1,1,2,0,1,-1.4827115340671475,1.718879408340016,0
0,1,0,1,-0.0965540357978854,1,2,1,0,0,0,2,2,2,0,1,2,1.2143849972024705,-0.36418982576759973,0
1,0,0,0,-0.9109613101984924,1,0,2,1,1,1,1,1,1,0,0,1,-1.4876969250676457,-0.8846923822311957,0
0,0,0,1,-0.8295205827584317,1,2,1,0,2,2,0,2,2,0,1,2,1.3473287572157604,-1.4570863431031664,0
0,1,0,0,1.002895784642934,1,0,0,2,0,2,2,2,0,2,0,0,0.16911468409797886,0.08535917772944292,0
0,0,1,0,1.0436161483629645,1,0,0,2,2,0,0,2,0,0,1,1,0.016229360082695727,-0.003597515542056697,0
0,0,0,0,0.18848851024232702,1,0,2,1,1,1,1,1,1,2,0,3,-1.4943441130683104,1.4927811462749545,0
0,0,1,1,0.47353105628253944,1,0,2,1,1,1,1,1,1,0,0,3,-1.5009913010689746,1.4085899901429997,0
1,0,0,1,-0.21871512695797646,1,0,2,1,1,1,1,1,1,1,0,1,-1.4860351280674797,0.7032904934903955,0
0,0,0,0,-0.9924020376385531,1,0,0,0,0,0,2,0,0,0,0,2,-0.5105602889699654,0.11871793770625526,0
1,1,0,0,-1.1960038562387048,1,2,1,0,0,0,0,0,0,0,1,2,0.37517751211857825,-0.6940708966494108,1
0,1,1,0,-0.30015585439803716,1,0,1,0,2,2,0,0,2,0,0,0,0.785641371159611,-0.7666129619958123,0
0,0,1,1,1.002895784642934,1,2,1,0,2,0,0,2,2,0,1,2,1.1911198392001445,0.7361197493405919,0
0,0,0,0,-0.8295205827584317,1,0,2,1,1,1,1,1,1,0,0,3,-1.505976692069473,-0.6093502363908397,0
0,0,1,1,1.2064976032430856,1,0,2,1,1,1,1,1,1,2,0,0,-1.477726143066649,-1.4396127069248361,0
0,0,1,0,1.3286586944031769,1,2,1,0,2,2,2,2,2,2,1,0,1.4254332162235683,1.2190275128144468,0
0,0,1,0,1.5729808767233588,1,2,0,0,0,2,2,2,2,2,1,0,0.5214156481331973,0.7546523937721542,0
0,0,1,1,-0.46303730927815856,1,0,0,0,2,0,0,2,0,1,1,1,-0.196480655938568,-1.5174498135373982,0
1,0,1,0,1.5729808767233588,1,2,1,2,2,2,0,2,2,1,1,2,1.4902432992300467,1.419180072675321,0
0,0,0,0,-1.0331224013585834,1,0,1,0,0,2,0,0,0,0,1,2,0.34526516611558833,0.6026847094333424,0
0,0,0,0,1.6137012404433893,1,0,0,2,2,2,2,0,2,2,1,1,0.27380789510844483,0.6079797506995032,0
0,0,0,0,-1.2774445836787656,1,0,1,0,0,0,0,0,0,0,0,2,0.1774236690988095,1.188845777597331,0
0,0,1,1,1.6137012404433893,1,2,1,0,2,2,2,0,2,2,1,0,1.1263097561936661,1.2343831324863128,0
0,0,1,1,1.2879383306831464,1,2,1,0,2,2,2,2,2,1,1,2,1.5517297882361936,1.2666828842098932,0
0,0,0,0,1.6137012404433893,1,2,1,2,2,2,2,2,2,2,1,2,1.6663937812476561,1.5605576744818115,0
0,0,0,0,-0.13727439951791576,1,2,1,0,0,2,0,2,2,0,0,0,1.1894580421999785,-0.40919767652996564,0
0,0,0,0,-0.7888002190384014,1,0,2,1,1,1,1,1,1,2,1,3,-1.4744025490663168,-0.5288656091451972,0
0,0,0,0,-0.055833672077855064,1,2,1,2,2,0,0,2,2,0,0,2,1.3157546142126038,-0.24981693441852884,0
1,1,0,0,-1.2774445836787656,1,0,1,0,0,0,0,0,0,0,1,2,0.1657910900976468,1.1613115630132953,1
1,0,1,1,-1.0331224013585834,0,1,0,2,0,0,2,0,0,0,1,2,-1.0057757950194701,-0.44626296539309046,1
1,0,1,0,1.1657772395230555,1,2,1,0,2,2,0,2,2,0,1,2,1.3556377422165908,0.9632770196588855,1
0,0,0,1,0.26992923768238775,0,1,0,0,0,2,0,0,0,0,0,1,-1.152013931034089,-1.5889328706305677,1
1,0,1,0,-0.9109613101984924,1,0,1,0,0,0,0,0,0,0,1,2,0.18407085709947407,1.2947466029205448,1
0,0,1,1,-0.748079855318371,1,2,0,0,2,0,2,2,2,0,0,1,0.5214156481331973,-1.584167333491023,0
0,0,0,0,-1.2774445836787656,1,2,1,0,2,0,0,0,0,0,1,3,0.5131066631323666,1.4604813945513744,1
0,0,1,1,1.4100994218432374,1,2,1,2,0,0,2,0,2,1,1,1,0.9833952141793793,0.9876342094832247,1
0,0,0,0,1.6137012404433893,1,2,0,2,2,2,2,2,2,2,1,0,0.8836873941694119,1.0887694976668938,0
1,0,1,1,-1.0738427650786138,1,0,0,0,0,0,0,0,0,0,1,0,-0.6700928009859131,-0.5336311462847418,1
0,0,0,0,-1.2774445836787656,1,0,2,1,1,1,1,1,1,0,1,3,-1.5009913010689746,-0.9381722990194187,1
1,0,1,1,-0.30015585439803716,1,0,2,1,1,1,1,1,1,1,0,2,-1.491020519067978,0.5391442142394142,0
0,1,0,0,0.025607055362205634,1,2,1,0,2,2,2,2,2,0,1,2,1.5184938482328711,-0.051782391064118985,1
1,0,0,0,-0.5851984004382496,1,0,0,2,0,2,2,2,0,0,1,2,0.11926077409299518,-1.4364356821651396,0
1,0,1,0,1.5729808767233588,1,0,0,0,2,2,2,2,2,2,1,1,0.47654712912871167,0.7170576007824133,0
1,1,1,1,-0.1779947632379461,1,2,0,0,0,0,0,0,0,1,1,2,-0.4573827849646494,-1.3591280796791936,0
0,0,0,1,-1.2367242199587352,1,2,1,2,0,0,0,0,0,0,0,1,0.5247392421335293,-0.955645935197749,0
1,0,1,1,-0.62591876415828,1,2,0,0,2,2,2,0,0,0,1,3,0.06442147308751339,-1.6466488204317191,0
1,0,0,0,0.9621754209229036,1,2,1,2,2,0,0,0,0,0,1,2,0.719169491152966,0.4867233057044233,0
0,0,1,0,1.125056875803025,0,1,0,2,2,2,0,0,2,1,0,2,-0.4889569279678058,-0.3917240403516353,0
0,0,0,0,0.025607055362205634,1,2,2,1,1,1,1,1,1,2,0,1,-1.2982520670487077,1.5139613113395973,0
0,0,0,0,-1.2774445836787656,1,0,1,2,2,0,2,0,0,0,1,3,0.6194616711429987,1.5219038732388384,0
1,0,0,0,-1.2367242199587352,1,0,1,0,0,0,0,0,0,0,0,1,0.19736523310080326,-1.3379479146145508,1
1,0,1,0,1.247217966963116,1,2,1,2,0,0,2,0,0,2,1,1,0.6610065961471517,0.6461040478158601,0
1,1,1,0,-1.0331224013585834,1,2,1,0,0,2,0,2,2,0,1,2,1.1462513201956595,1.0755318945014922,1
0,0,0,0,0.9214550572028734,1,0,0,0,2,2,0,0,2,2,1,3,-0.00038860991896550476,-0.06978553136906533,0
0,0,1,0,1.3286586944031769,1,2,1,2,2,0,2,2,0,1,1,0,1.1761636661986499,1.075002390374876,0
1,0,1,0,-1.2774445836787656,1,0,1,0,0,0,2,2,0,0,1,2,0.6659919871476498,1.5462610630631775,1
1,0,0,0,1.247217966963116,1,2,2,1,1,1,1,1,1,2,0,3,-1.3132082400502028,-1.194452296301596,0
0,1,1,0,1.5322605130033284,1,2,1,2,2,2,2,2,2,2,1,1,1.6032454952413433,1.4557158574118296,0
0,0,1,1,0.14776814652229667,0,1,0,2,0,2,2,0,0,2,0,1,-0.801374763999037,-1.2045128747073015,0
1,0,0,0,0.7992939660427822,1,0,1,0,2,2,2,2,2,1,1,0,1.3373579752147637,0.66093016336111,1
1,0,0,0,-0.4223169455581282,1,2,0,2,0,0,0,0,0,0,1,2,-0.3427187919531868,-1.5963459284031924,1
1,0,0,0,-0.4223169455581282,1,0,1,0,2,2,2,0,2,0,1,0,1.003336778181373,-0.7920291600733835,0
0,1,0,0,-1.1145631287986442,1,0,0,2,2,0,2,0,0,0,0,1,-0.1615829189350795,-0.4129042054162781,0
0,0,1,0,0.5956921474426305,1,0,1,0,0,2,0,0,2,0,1,2,0.682609957149311,0.10706884692070175,1
0,0,0,0,0.025607055362205634,1,2,1,0,0,0,0,0,2,0,1,2,0.6177998741428321,-0.45632354379879575,1
1,0,0,0,-0.5851984004382496,0,1,0,0,2,2,0,0,0,0,1,1,-1.0390117350227925,0.8769678470204663,1
0,0,0,0,-1.2774445836787656,1,0,2,1,1,1,1,1,1,0,0,1,-1.4943441130683104,-0.9360542825129544,0
1,0,0,0,0.9621754209229036,1,0,0,0,2,2,2,2,2,2,1,1,0.5662841671376824,0.31940000169374544,0
0,0,0,0,-1.2367242199587352,1,0,2,1,1,1,1,1,1,0,1,3,-1.4876969250676457,0.08377066534959471,0
1,0,0,0,0.10704778280226633,1,2,0,2,0,2,0,0,0,0,1,2,-0.17155370093607614,-0.8116208127581781,0
0,0,1,0,1.2879383306831464,1,2,2,1,1,1,1,1,1,2,0,1,-1.3215172250510334,-1.1759196518700337,0
0,0,0,0,-0.7073594915983407,1,2,1,2,0,2,0,0,0,0,1,1,0.6510358141461546,-1.4306111367723628,0
1,0,0,0,-0.3408762181180675,1,0,1,0,0,0,0,2,2,0,1,2,0.8504514541660894,-0.7337837061456159,1
1,0,0,0,-1.2774445836787656,1,0,0,0,0,0,0,0,2,0,0,3,-0.30615925794953225,0.6921709068314581,0
0,0,1,1,1.5322605130033284,1,0,0,2,0,0,2,2,2,2,0,1,0.35191235411625243,0.6678137170071189,0
1,0,1,0,-1.2774445836787656,1,0,1,0,0,0,0,2,2,0,1,2,0.8637458301674186,1.6246276738023557,1
0,0,0,1,-1.1552834925186746,1,2,1,0,2,0,0,2,0,0,0,3,0.8255244991635975,-0.05442991169719933,1
0,0,0,0,0.26992923768238775,1,0,0,0,0,0,2,0,2,1,0,2,-0.18152448293707302,-0.7507278381973302,0
0,0,0,0,-0.13727439951791576,1,2,0,2,0,0,0,0,2,0,1,2,0.04447990908551963,-0.9233461834741687,0
0,0,1,1,-0.748079855318371,1,0,2,1,1,1,1,1,1,2,0,3,-1.5275800530716328,-0.5569293278558489,0
0,0,0,0,1.1657772395230555,1,2,0,2,0,2,2,2,2,2,0,1,0.720831288153132,0.5740914865960747,0
1,0,0,1,-0.7888002190384014,1,0,0,2,0,0,0,0,0,0,1,1,-0.4208232509609946,1.0914170182999743,0
0,0,0,0,1.369379058123207,0,1,0,2,2,2,2,0,0,2,1,3,-0.5770321689766102,-0.2641135458371627,0
1,0,0,0,-1.2367242199587352,0,1,0,0,0,2,0,2,2,0,1,2,-0.5155456799704636,1.6230391614225075,1
0,0,1,0,1.0843365120829946,1,2,1,2,2,2,0,2,2,1,1,1,1.475287126228552,1.0495861922973047,0
1,0,1,1,1.2064976032430856,1,2,1,2,2,0,0,2,0,1,1,1,1.003336778181373,0.8038962775474486,0
1,1,1,0,0.025607055362205634,1,0,1,2,2,0,2,0,2,1,1,2,0.9568064621767214,-0.3191819750052339,0
1,0,0,1,1.369379058123207,1,0,0,0,2,2,2,2,2,2,1,1,0.4898415051300408,0.5788570237356193,0
0,0,0,0,1.6137012404433893,1,2,1,2,2,2,2,2,2,2,0,1,1.6713791722481544,1.548379079569642,0
1,0,0,1,-1.2774445836787656,1,0,2,1,1,1,1,1,1,0,0,3,-1.4960059100684764,-0.9365837866395704,1
0,0,0,0,-0.5444780367182193,1,2,1,2,2,0,0,0,2,0,1,2,1.0099839661820376,-1.0250109757844539,1
0,0,1,1,0.758573602322752,1,2,1,2,0,0,2,2,0,1,1,3,1.0099839661820376,0.5190230574280035,0
1,0,0,0,1.247217966963116,1,2,1,0,2,0,2,2,2,0,0,2,1.3506523512160928,1.0945940430596706,0
1,0,0,0,-0.21871512695797646,1,0,2,1,1,1,1,1,1,1,0,0,-1.4843733310673135,0.7392967741002883,0
1,0,0,0,-0.4223169455581282,1,2,1,2,0,0,0,2,2,0,1,0,1.2160467942026365,-0.6914233760163304,1
0,1,0,0,-1.1552834925186746,1,0,2,1,1,1,1,1,1,0,0,3,-1.4860351280674797,1.6352177563346773,0
1,0,1,1,0.3920903288424788,1,0,2,1,1,1,1,1,1,2,0,3,-1.46443176706532,1.5181973443525258,0
0,0,0,0,-0.13727439951791576,1,0,2,1,1,1,1,1,1,1,0,3,-1.4760643460664828,0.9378608215813141,0
0,0,0,0,-1.1552834925186746,1,0,1,0,0,0,0,0,0,0,1,1,0.17576187209864347,-0.49974288218131346,1
1,0,0,0,-0.0965540357978854,1,0,2,1,1,1,1,1,1,1,0,3,-1.4976677070686424,0.9569229701394927,0
1,0,1,0,-1.1552834925186746,1,2,1,0,0,0,0,0,0,0,1,2,0.32864719611392706,-0.3445981730828052,1
1,0,1,1,1.5729808767233588,1,0,0,2,2,2,2,2,2,2,0,0,0.6875953481498096,0.8870284254261716,0
1,0,1,0,0.5549717837226001,0,1,0,2,0,2,2,0,0,2,0,1,-0.8096837489998675,-0.9821211415285523,0
1,0,0,0,-1.1552834925186746,1,2,0,0,0,0,0,0,0,0,0,3,-0.4773243489666429,-0.8322714736962048,1
0,0,0,0,-1.0331224013585834,1,2,1,2,0,0,0,0,0,0,1,3,0.4948268961305394,0.8907349543124841,1
1,0,0,0,1.4915401492832983,1,2,1,0,2,0,2,2,2,1,1,0,1.3440051632154282,1.296864619427009,0
0,0,1,0,1.6137012404433893,1,2,1,2,2,2,0,2,0,2,0,0,1.1927816362003112,1.2862745368946877,0
1,1,0,0,-0.5444780367182193,1,2,1,0,0,2,0,0,0,0,1,2,0.5014740841312035,-1.2638173368883012,1
1,0,0,0,-0.1779947632379461,1,0,1,0,0,2,2,0,2,0,0,2,0.8720548151682491,-0.5209230472459562,0
1,0,1,0,-1.1145631287986442,1,2,1,0,2,0,0,0,0,0,1,2,0.464914550127549,0.13460306150473733,1
0,1,1,0,1.6137012404433893,1,2,1,2,2,2,2,2,2,2,1,1,1.7278802702538025,1.5166088319726776,0
1,1,1,1,-0.9924020376385531,1,0,1,0,0,0,0,2,0,0,1,1,0.5214156481331973,0.8192518972193147,1
0,0,0,0,-1.0331224013585834,1,0,0,2,0,0,0,0,2,1,1,2,-0.18817167093773737,-0.040133300278565466,0
0,0,0,0,-0.4223169455581282,1,0,0,2,0,0,0,0,0,0,1,2,-0.4972659129686364,-1.6752420432689867,0
1,0,0,0,1.6137012404433893,1,0,2,1,1,1,1,1,1,2,0,0,-1.5109620830699715,-1.3215332866894527,0
1,0,1,1,-0.9924020376385531,1,0,2,1,1,1,1,1,1,0,0,1,-1.4993295040688086,-1.0954350246243911,0
1,0,1,0,0.7992939660427822,1,2,0,2,2,2,2,0,2,1,1,1,0.5529897911363537,0.2346793414351744,0
0,0,0,0,1.4508197855632678,0,1,0,2,0,2,2,0,0,2,0,3,-0.8595376590048512,-0.4764447006102064,0
0,0,1,0,1.5729808767233588,1,2,0,2,2,2,2,2,2,2,0,0,0.7706851981581158,0.9923997466227693,0
1,0,0,0,-1.2367242199587352,1,0,2,1,1,1,1,1,1,0,0,3,-1.4926823160681442,0.553440825658048,0
0,1,0,0,0.06632741908223598,1,2,1,0,2,0,2,2,0,0,1,2,1.0498670941860242,-0.2556414798113056,0
0,0,0,0,0.10704778280226633,0,1,0,0,0,0,0,0,0,0,0,2,-1.3497677740538576,1.4901336256418742,0
0,0,1,1,1.1657772395230555,1,0,2,1,1,1,1,1,1,1,0,1,-1.517609271070636,-1.5804608046047104,0
1,0,0,0,-1.2774445836787656,1,0,0,0,0,0,0,0,0,0,0,2,-0.6900343649879066,0.2521529776135047,0
0,0,0,0,-1.2774445836787656,1,2,0,0,0,0,0,0,0,0,1,3,-0.48729513096763954,0.5121395037819946,1
0,0,1,1,0.8400143297628127,1,0,0,0,0,2,0,0,2,1,0,1,-0.1383177609327537,-0.2106336290489397,0
0,0,1,0,1.6137012404433893,1,2,2,1,1,1,1,1,1,2,0,0,-1.2999138640488739,-0.9508803980582043,0
1,0,1,0,-1.2367242199587352,1,0,1,0,0,2,0,0,0,0,0,2,0.3868100911197414,-1.2341651057978014,1
1,0,0,0,-1.1960038562387048,1,0,1,0,0,2,2,2,2,0,1,2,1.1279715531938321,-0.38431098257901036,1
0,1,0,0,-0.7888002190384014,1,2,1,2,0,0,0,2,2,0,1,2,1.1977670272008092,-1.4263751037594343,1
1,1,1,0,0.35136996512244845,0,1,0,0,2,2,0,2,2,0,1,2,-0.35933676195484804,-0.7449032928045535,0
0,0,1,0,-0.3408762181180675,1,0,2,1,1,1,1,1,1,1,0,1,-1.4744025490663168,0.43112537240973603,0
0,0,1,1,-0.1779947632379461,1,0,1,0,0,0,0,2,2,1,1,0,0.8421424691652587,-0.5352196586645901,1
1,0,0,0,-0.9924020376385531,0,1,0,2,0,0,0,0,0,0,0,3,-1.1769408860365806,-0.7851456064273746,0
1,0,0,0,-1.2774445836787656,1,0,2,1,1,1,1,1,1,0,1,3,-1.4727407520661506,-0.8698662666859457,0
0,0,0,0,0.880734693482843,1,2,1,0,0,2,2,0,2,2,1,0,1.0083221691818711,0.5433802472523427,0
1,0,0,0,0.35136996512244845,1,2,2,1,1,1,1,1,1,0,1,0,-1.3132082400502028,1.7284104826191053,0
0,0,1,0,-0.5444780367182193,1,0,0,0,0,0,0,0,0,0,0,3,-0.6601220189849164,1.541495525923633,0
0,0,1,1,1.6137012404433893,1,2,0,2,2,2,2,2,2,2,0,0,0.9268941161737314,1.1014775967056796,0
1,0,0,0,1.2064976032430856,0,1,0,2,2,2,2,0,0,2,1,0,-0.7000051469889033,-0.5262180885121169,0
0,1,1,1,0.9621754209229036,1,0,0,2,0,0,2,2,2,2,1,1,0.2605135191071156,0.1197769459594874,0
1,0,0,0,-0.7073594915983407,1,2,0,0,0,0,0,0,0,0,0,2,-0.43910301796282214,1.3720542054064908,1
1,1,0,0,-0.9109613101984924,1,0,1,0,0,0,0,0,2,0,1,2,0.4815325201292102,1.4451257748795083,1
1,0,1,1,-0.015113308357824713,1,0,2,1,1,1,1,1,1,2,0,3,-1.5225946620711341,0.9246232184159124,0
1,0,0,0,-0.46303730927815856,1,0,2,1,1,1,1,1,1,0,0,1,-1.4710789550659844,0.09700826851499643,0
1,0,1,1,1.2064976032430856,1,0,2,1,1,1,1,1,1,1,0,0,-1.4893587220678117,-1.4883270865735145,0
0,0,0,0,-1.2367242199587352,0,1,0,0,0,0,0,0,0,0,0,2,-1.3381351950526947,0.3442866956447007,0
1,0,0,1,-0.21871512695797646,1,0,2,1,1,1,1,1,1,2,0,3,-1.4677553610656522,0.8107798311934575,0
1,0,0,0,-1.1145631287986442,1,2,1,0,0,0,0,2,2,0,1,0,1.0000131841810405,0.3516997534173257,1
0,0,0,0,-0.30015585439803716,0,1,0,2,2,2,0,2,2,1,0,2,-0.12336158793125872,-1.2071603953403818,0
0,0,0,0,-1.2367242199587352,1,2,1,0,0,0,0,0,2,0,1,2,0.6959043331506402,-1.0949055204977751,1
1,0,0,0,0.6771328748826912,1,2,1,0,2,0,2,2,2,1,1,0,1.392197276220246,0.5730324783428425,0
0,0,0,0,1.247217966963116,1,2,1,2,2,2,0,2,2,0,0,1,1.4453747802255617,1.1157742081243134,0
0,0,0,1,-1.1552834925186746,1,0,2,1,1,1,1,1,1,0,0,1,-1.4744025490663168,1.6754600699574984,0
0,0,1,0,-1.2774445836787656,1,0,0,0,0,0,0,2,0,0,1,3,-0.31446824295036285,0.6905823944516098,0
1,0,0,0,-0.8702409464784621,1,0,2,1,1,1,1,1,1,0,0,3,-1.479387940066815,-0.8222108952904995,0
1,1,0,0,0.7992939660427822,1,2,1,0,0,0,0,0,0,0,1,0,0.2721460981082788,0.010169591749961099,0
0,1,1,0,1.125056875803025,1,2,1,0,2,0,0,0,2,0,0,2,0.8205391081630994,0.6190993373584406,0
1,0,0,0,1.2879383306831464,1,2,1,0,0,2,2,2,2,1,1,1,1.325725396213601,1.15125098460759,0
0,0,1,1,0.43281069256250915,1,0,0,2,0,2,0,2,2,2,0,0,0.3469269631157543,-0.22493024046757357,0
0,0,1,0,1.1657772395230555,1,2,1,0,0,0,2,2,2,1,0,0,1.2093996062019723,1.0008718126486265,0
0,0,0,0,-1.2774445836787656,1,0,0,0,0,0,0,0,0,0,0,3,-0.6767399889865777,0.25585950649981715,1
1,1,0,0,-1.1145631287986442,1,0,1,0,0,0,0,2,2,0,1,2,0.8222009051632655,0.4136517362314058,1
1,0,0,0,1.369379058123207,1,2,0,2,2,2,2,0,0,2,0,0,0.13255515009432434,0.2722741344249153,0
1,0,1,0,1.4100994218432374,1,0,1,2,2,2,2,2,2,2,1,2,1.5384354122348645,1.282038503881759,0
0,0,1,0,0.3920903288424788,1,0,1,0,0,2,2,2,2,2,1,1,1.1379423351948288,0.14360463165721052,0
1,1,1,0,-1.2774445836787656,1,2,1,0,0,0,0,2,0,0,1,2,0.7075369121518029,1.5790903189133738,1
0,0,1,1,-0.055833672077855064,1,0,2,1,1,1,1,1,1,2,0,3,-1.4544609850643233,1.1793147033182416,0
1,0,0,0,-1.0331224013585834,1,0,2,1,1,1,1,1,1,0,1,3,-1.5076384890696393,-1.1044365947768644,0
1,0,0,0,-1.1552834925186746,0,1,0,0,0,0,0,2,2,0,1,2,-0.6717545979860794,-1.063135272900811,1
1,0,1,1,0.06632741908223598,1,2,0,0,0,2,0,2,2,1,0,0,0.4133988431223993,-0.45844156030526007,0
1,0,0,0,-1.1960038562387048,1,0,2,1,1,1,1,1,1,1,1,3,-1.505976692069473,1.1570755300003668,0
0,0,1,1,-0.5444780367182193,0,1,0,0,0,0,0,0,0,0,1,3,-1.3265026160515319,0.2293843001690137,0
1,0,1,1,-0.055833672077855064,0,1,0,2,0,0,2,0,0,0,0,0,-0.9758634490164798,-1.646119316305103,1
0,0,0,0,-1.2774445836787656,1,2,1,0,0,0,0,2,2,0,0,3,1.0266019361836989,1.688168168996284,1
1,0,0,0,-1.1960038562387048,0,1,0,2,0,2,2,0,0,0,0,3,-0.7781096059967111,-1.653532374077728,0
1,0,1,0,0.5549717837226001,1,0,2,1,1,1,1,1,1,0,0,2,-1.5009913010689746,1.565852715747972,0
0,0,0,0,-1.2774445836787656,1,0,2,1,1,1,1,1,1,0,0,3,-1.4561227820644893,-0.864571225419785,1
0,0,1,1,1.4915401492832983,1,2,1,2,0,2,0,0,0,1,0,0,0.6543594081464871,0.8240174343588593,0
1,0,0,0,-1.1145631287986442,1,0,2,1,1,1,1,1,1,0,0,3,-1.479387940066815,-1.630763696633237,0
1,0,0,0,-1.2774445836787656,1,0,2,1,1,1,1,1,1,0,0,0,-1.4993295040688086,-0.9376427948928026,0
1,0,0,0,-0.2594354906780068,1,0,2,1,1,1,1,1,1,1,1,1,-1.4660935640654862,0.8573761943356717,0
0,1,0,0,-0.9109613101984924,0,1,0,0,0,0,0,0,2,0,1,2,-0.9991286070188055,-0.21222214142878792,1
1,0,0,0,-0.30015585439803716,1,0,1,0,0,2,2,2,2,2,0,0,1.1479131171958254,-0.5738734599075631,0
1,0,1,1,1.2879383306831464,1,0,1,2,2,0,0,0,0,0,0,2,0.5413572121351905,0.5629718999371373,0
1,0,1,1,-0.0965540357978854,1,2,0,2,2,2,2,0,0,0,0,2,0.09433381909050333,-0.8635122171665529,0
1,0,0,0,-0.7888002190384014,1,0,1,0,0,0,0,0,0,0,1,2,0.179085466098976,1.6648699874251771,0
0,0,1,0,1.2879383306831464,1,2,1,2,2,2,2,2,2,1,1,2,1.6697173752479884,1.2989826359334733,0
0,0,0,1,0.5549717837226001,1,2,1,0,0,2,2,0,0,0,1,0,0.6659919871476498,0.06682653329788049,0
0,0,0,0,-0.8295205827584317,1,0,2,1,1,1,1,1,1,1,0,3,-1.4976677070686424,-0.5331016421581258,0
0,0,0,0,-0.7073594915983407,1,0,2,1,1,1,1,1,1,0,0,0,-1.4960059100684764,-0.3668373464006801,1
1,0,1,1,-0.62591876415828,1,2,1,0,0,0,0,2,2,0,1,2,0.9235705221733989,-1.2309880810381049,1
0,0,1,1,-0.7888002190384014,1,0,0,2,0,2,0,0,2,0,1,3,-0.05356611392428149,1.496487675161267,0
0,0,1,1,1.4100994218432374,1,2,0,2,2,0,2,2,0,2,0,1,0.3070438351117673,0.4507170250945306,0
1,0,1,0,-0.3408762181180675,0,1,0,0,0,2,0,0,0,0,0,2,-1.1852498710374113,1.1475444557212775,0
1,0,0,0,-1.0738427650786138,1,0,0,0,0,0,2,0,0,0,0,3,-0.4889569279678058,-0.4070796600235014,0
1,1,1,0,0.8400143297628127,1,2,0,2,0,0,2,0,0,1,1,2,-0.15659752793458118,-0.23922685188620746,1
1,1,1,0,-0.6666391278783103,1,0,1,0,2,0,0,0,0,0,1,1,0.3170146171127639,-1.5497495652609785,1
1,0,0,0,-0.9109613101984924,1,0,2,1,1,1,1,1,1,0,0,2,-1.4876969250676457,-0.9768261002623917,0
0,0,0,0,-0.7888002190384014,1,0,1,0,2,0,0,0,0,1,1,3,0.32864719611392706,1.7040532927947663,0
1,0,0,0,-0.9516816739185228,1,2,1,0,0,0,0,2,0,0,1,2,0.684271754149477,1.3540510651015445,1
0,0,0,0,-0.30015585439803716,1,0,0,2,2,2,2,2,0,1,0,3,0.3170146171127639,-0.9657065136034543,1
1,1,0,0,-1.0331224013585834,0,1,0,0,2,0,2,0,2,0,1,2,-0.6767399889865777,-0.5082149482071705,0
1,0,1,1,0.22920887396235737,1,2,0,2,0,2,2,2,2,2,1,0,0.6859335511496436,-0.2106336290489397,0
0,0,1,0,0.43281069256250915,1,2,1,2,2,0,0,0,2,0,1,2,0.9750862291785486,0.12613099547888024,0
0,0,0,1,-1.1552834925186746,1,0,1,0,0,2,2,2,2,0,1,0,1.1080299891918384,0.06894454980434477,1
0,0,0,0,-0.30015585439803716,1,2,1,0,2,2,2,2,2,2,0,2,1.4669781412277214,-0.435143378734153,0
1,0,0,1,-0.21871512695797646,1,0,0,2,2,0,0,0,0,1,0,3,-0.2845558969473725,-1.185980230275739,0
1,0,1,1,1.6137012404433893,1,2,2,1,1,1,1,1,1,2,0,3,-1.2849576910473786,-0.9747080837559274,0
1,0,0,1,1.5729808767233588,1,2,1,2,2,0,0,0,0,1,1,1,0.6875953481498096,0.8859694171729394,0
0,0,0,0,-0.3408762181180675,1,2,1,0,0,2,0,2,0,0,1,1,0.8039211381614382,-0.825917424176812,0
0,0,0,0,0.7178532386027215,1,2,1,2,2,0,2,2,2,2,1,2,1.4919050962302134,0.7128215677694848,1
1,0,0,0,1.002895784642934,1,0,0,2,0,2,0,2,2,2,1,0,0.31867641411292996,0.21985322588992445,0
0,0,0,0,-0.7073594915983407,1,0,0,0,2,0,0,0,0,0,0,2,-0.5288400559717926,1.2915695781608483,0
1,0,0,0,-1.1552834925186746,1,2,1,2,0,0,0,0,0,0,1,2,0.5097830691320341,-0.1815109020850559,0
0,0,0,0,-0.1779947632379461,1,0,0,2,2,0,0,0,0,0,0,2,-0.28954128794787104,-1.224634031518712,0
0,1,0,0,-0.9516816739185228,1,2,1,0,0,0,0,0,0,0,1,2,0.32532360211359457,0.9500394164934838,1
0,0,1,0,0.9214550572028734,1,2,1,2,0,0,0,2,0,0,1,0,0.8321716871642622,0.4978428923633607,0
1,0,0,0,-1.1960038562387048,1,2,1,0,0,2,0,2,2,0,1,2,1.2027524182013078,-0.21169263730217186,1
1,0,0,0,-0.9109613101984924,1,0,1,0,0,2,0,2,2,0,1,2,1.001674981181207,-1.675771547395603,1
1,0,0,1,0.9214550572028734,1,0,2,1,1,1,1,1,1,1,0,0,-1.517609271070636,-1.7207793981579689,0
0,0,1,1,-0.5037576729981889,1,0,2,1,1,1,1,1,1,0,0,3,-1.4760643460664828,0.26486107665229036,0
0,0,1,1,1.2064976032430856,1,2,1,0,2,0,2,2,2,1,1,1,1.3722557122182522,1.0924760265532063,0
1,1,1,0,-0.015113308357824713,1,2,1,0,0,2,2,2,2,0,1,2,1.3340343812144315,-0.18415842271813626,1
0,0,0,0,0.43281069256250915,1,0,2,1,1,1,1,1,1,2,1,0,-1.4993295040688086,1.4017064364969907,0
1,0,1,0,-0.9516816739185228,0,1,0,0,0,0,0,0,0,1,0,0,-1.3514295710540236,-0.5378671792976705,1
0,0,1,0,1.125056875803025,1,0,0,2,2,0,2,0,0,2,0,0,-0.16324471593524553,-0.12591296879036865,0
1,0,1,0,1.0436161483629645,1,2,0,2,2,2,0,2,2,2,1,2,0.7091987091519689,0.4628956200067002,0
1,0,0,1,-1.0331224013585834,1,0,2,1,1,1,1,1,1,1,0,3,-1.505976692069473,-1.3781902282373721,0
1,0,1,1,-1.2367242199587352,1,0,1,2,0,0,0,2,2,0,0,2,1.074794049188516,-0.9858276704148649,0
1,1,0,0,0.18848851024232702,0,1,0,0,2,2,0,0,0,0,0,2,-0.9343185240123267,-1.4194915501134255,0
0,1,1,1,1.3286586944031769,1,2,1,0,0,2,2,2,2,1,1,0,1.300798441211109,1.1104791668581526,0
0,0,1,1,0.26992923768238775,1,0,2,1,1,1,1,1,1,2,0,3,-1.4960059100684764,1.3524625527216962,0
1,0,1,0,1.369379058123207,1,2,1,0,2,0,2,2,2,1,1,2,1.3057838322116073,1.1533690011140543,1
1,0,0,0,1.4508197855632678,1,2,2,1,1,1,1,1,1,2,0,3,-1.3364733980525287,-1.1197922144487304,0
0,0,1,1,1.2064976032430856,0,1,0,2,2,0,2,2,0,2,0,0,-0.533825446972291,-0.34565718133603734,0
1,0,0,0,-1.1960038562387048,1,0,1,0,0,2,2,2,0,0,1,3,0.7839795741594444,-0.5246295761322687,1
0,0,1,0,1.6137012404433893,1,2,1,2,2,2,0,2,2,2,1,2,1.4885815022298807,1.4975466834144993,0
0,0,1,0,0.35136996512244845,1,0,2,1,1,1,1,1,1,2,0,1,-1.4660935640654862,1.5981524674715524,0
1,0,1,1,-0.13727439951791576,1,0,1,2,0,0,0,2,2,0,0,1,0.9933659961803764,-0.5108624688402509,1
0,0,0,0,-1.1552834925186746,1,0,0,2,2,0,0,0,0,0,0,2,-0.31779183695069496,-0.7576113918433391,0
1,0,0,0,0.8400143297628127,1,2,2,1,1,1,1,1,1,1,0,0,-1.3530913680541898,-1.431140640898979,0
1,1,1,0,-1.2774445836787656,1,2,1,0,0,0,0,0,0,0,1,2,0.32033821111309646,1.3032186689464018,1
0,0,1,1,0.35136996512244845,1,2,0,2,2,2,2,0,2,0,0,1,0.50313588113137,-0.19633701763030584,1
1,0,1,0,0.26992923768238775,1,0,2,1,1,1,1,1,1,2,1,0,-1.4727407520661506,1.4393012294867316,0
1,0,1,0,1.247217966963116,1,0,2,1,1,1,1,1,1,2,0,3,-1.5126238800701375,-1.4952106402195233,0
1,0,0,0,-0.7073594915983407,1,2,2,1,1,1,1,1,1,0,1,2,-1.2766487060465481,-0.005715532048520973,0
0,0,1,0,-0.7888002190384014,1,0,0,0,0,0,0,0,0,1,0,2,-0.6966815529885713,0.8462566076767342,0
1,0,0,0,-1.2774445836787656,1,0,0,0,2,0,0,0,0,0,1,3,-0.4856333339674735,0.5126690079086107,0
1,0,0,0,-1.2774445836787656,1,0,2,1,1,1,1,1,1,2,0,3,-1.4727407520661506,-0.8698662666859457,0
1,1,0,0,-0.9924020376385531,1,0,1,0,0,0,0,0,0,0,1,2,0.16412929309748078,0.7308247080744311,1
1,0,0,0,1.125056875803025,1,0,0,2,2,2,0,0,0,2,0,2,-0.11172900893009581,-0.06131346534320823,0
0,1,1,0,-0.8295205827584317,1,2,1,0,2,2,0,2,0,0,1,2,1.1080299891918384,-1.661474935976969,1
1,0,1,0,0.3106496014024181,1,2,0,0,2,0,2,2,0,1,0,1,0.19902703010096928,-0.3874880073387068,0
0,0,0,0,1.369379058123207,1,0,0,2,2,2,0,0,0,2,1,0,-0.12003799393092641,0.09383124375530001,0
1,0,1,1,0.3920903288424788,1,0,2,1,1,1,1,1,1,1,0,3,-1.479387940066815,1.5706182528875168,0
0,1,0,0,1.369379058123207,1,2,0,2,2,0,2,0,0,1,1,1,-0.030300955921955676,0.16372578846862113,0
1,0,0,0,0.6771328748826912,1,2,1,0,2,0,0,2,2,0,0,2,1.1279715531938321,0.4851347933245751,0
0,0,0,0,-1.2774445836787656,1,0,2,1,1,1,1,1,1,0,0,3,-1.4710789550659844,-0.8693367625593297,1
0,0,0,0,0.35136996512244845,1,0,2,1,1,1,1,1,1,2,0,3,-1.4876969250676457,1.4848385843757135,0
0,0,1,1,0.35136996512244845,1,0,2,1,1,1,1,1,1,2,0,0,-1.5109620830699715,1.3879393292049729,0
0,0,1,1,-0.38159658183809786,1,0,1,2,2,0,2,0,0,0,0,3,0.6526976111463211,-0.9111675885619991,0
1,0,0,0,-1.1960038562387048,0,1,0,0,0,0,0,0,0,0,0,2,-1.3181936310507012,1.4377127171068833,0
0,0,0,0,-1.1552834925186746,0,1,0,2,0,2,2,0,2,0,0,3,-0.5487816199737862,-0.8508041181277672,0
0,0,1,1,0.7992939660427822,1,0,2,1,1,1,1,1,1,2,0,3,-1.4926823160681442,-1.6514143575712636,0
0,1,1,0,-1.1552834925186746,1,2,1,2,0,0,0,2,2,0,1,2,1.157883899196822,-0.13491453894284183,1
0,0,0,0,-0.8702409464784621,1,0,1,0,2,2,2,0,2,0,1,2,0.9784098231788811,1.7326465156320339,0
0,0,1,0,-1.2367242199587352,1,0,0,2,0,0,0,0,2,0,1,3,-0.08680205392760396,-1.5936984077701122,0
0,0,1,0,-0.2594354906780068,1,2,1,0,2,0,0,0,0,0,0,0,0.4831943171293762,-0.8545106470140797,0
1,0,1,1,-0.3408762181180675,1,0,0,2,0,2,0,0,0,1,1,1,-0.28289409994720643,-1.2797024606867833,0
0,0,0,0,-0.8295205827584317,1,0,2,1,1,1,1,1,1,0,0,3,-1.477726143066649,-0.6072322198843755,0
1,1,1,0,1.125056875803025,1,2,1,0,0,0,2,2,2,0,1,2,1.1379423351948288,0.883321896539859,0
0,0,1,1,1.2879383306831464,1,2,0,2,2,2,2,2,2,2,1,3,0.85876043916692,0.81448636007977,0
1,0,1,0,1.369379058123207,1,0,0,2,2,2,2,2,2,2,1,0,0.7025515211513048,0.7265886750615026,0
0,0,0,0,1.125056875803025,1,2,1,0,0,2,0,0,0,1,1,0,0.47987072312904416,0.41153371972494146,0
1,0,1,1,-0.62591876415828,1,2,0,2,0,2,0,2,0,1,1,0,0.1857326540996401,-1.5280398960697197,0
1,0,1,1,0.3920903288424788,1,0,2,1,1,1,1,1,1,2,0,3,-1.5093002860698053,1.5896804014456951,0
1,0,0,0,-1.2774445836787656,1,2,0,0,0,0,0,0,0,0,1,2,-0.4856333339674735,0.5126690079086107,0
0,0,1,1,0.5956921474426305,1,0,0,0,2,0,2,0,2,2,0,0,-0.03196275292212194,-0.3467161895892695,0
0,0,1,0,-0.9109613101984924,1,0,2,1,1,1,1,1,1,0,1,3,-1.4694171580658184,-0.5712259392744827,0
1,1,1,0,1.5322605130033284,1,2,0,2,2,2,2,2,2,2,1,1,0.7906267621601091,0.974926110444439,0
1,1,0,0,1.4100994218432374,1,2,1,0,0,2,0,2,2,0,1,1,1.217708591202803,1.135365860809108,0
0,0,0,0,-1.2774445836787656,1,0,1,0,0,0,0,0,2,0,1,2,0.5712695581381809,1.4837795761224815,1
1,0,1,0,-1.0331224013585834,1,0,1,0,0,0,0,0,0,0,1,2,0.15249671409631763,0.3061623985283437,1
1,0,0,0,-1.2774445836787656,1,0,0,0,0,0,0,0,0,0,0,3,-0.6700928009859131,0.25744801887966534,0
1,0,0,0,-1.1552834925186746,1,0,0,0,2,0,2,2,0,0,1,0,-0.033624549922287965,-0.7221346153600625,0
0,0,1,1,1.369379058123207,1,2,1,2,2,2,0,2,2,2,0,0,1.478610720228884,1.2184980086878308,0
0,0,0,0,-0.8295205827584317,1,0,1,0,2,0,0,0,2,0,1,2,0.6593447991469852,-1.7064827867393348,0
0,0,0,0,-0.3408762181180675,1,0,2,1,1,1,1,1,1,1,0,1,-1.4727407520661506,0.6095682630793513,0
1,0,0,0,-0.2594354906780068,1,0,1,0,2,0,0,2,0,0,1,2,0.6975661301508063,-0.7909701518201514,0
0,0,0,0,-1.0738427650786138,1,0,1,0,0,0,0,2,2,0,1,2,0.8753784091685812,0.3289310759728347,1
1,0,1,0,1.002895784642934,1,2,1,0,0,2,2,2,2,2,0,2,1.435403998224565,0.8642597479816806,0
1,0,1,0,-0.748079855318371,1,2,1,0,0,0,0,2,0,0,1,2,0.7091987091519689,-1.4967991525993716,1
0,0,1,1,0.3920903288424788,1,2,2,1,1,1,1,1,1,2,0,2,-1.3896509020578445,-1.707541794992567,0
1,0,0,0,-0.30015585439803716,1,2,1,0,0,0,0,2,2,0,1,0,0.9950277931805424,-0.6665366820653752,1
0,0,1,0,1.2879383306831464,1,0,2,1,1,1,1,1,1,2,0,1,-1.505976692069473,-1.5058007227518446,0
1,0,1,0,-0.4223169455581282,1,2,1,0,0,0,0,0,2,0,1,2,0.6759627691486464,-0.9588229599574454,1
1,0,0,0,-0.5444780367182193,1,0,2,1,1,1,1,1,1,1,1,1,-1.4976677070686424,0.023407194915362826,0
0,0,1,1,1.1657772395230555,1,2,1,0,2,0,0,2,2,0,1,2,1.1429277261953275,0.8817333841600108,1
1,0,1,0,-0.4223169455581282,1,0,1,0,0,2,0,2,0,0,1,0,0.7391110551549593,-0.9752375878825434,0
1,1,1,0,1.5322605130033284,1,2,1,0,2,2,0,2,2,0,1,2,1.2692242982079527,1.2259110664604558,1
1,0,0,0,-0.8295205827584317,1,0,1,0,0,0,0,0,2,0,1,0,0.5047976781315361,-1.6800075804085315,0
0,0,1,0,-0.055833672077855064,1,0,0,2,0,0,2,0,2,1,1,2,-0.025315564921457354,-0.9244051917274009,0
0,0,0,0,-0.8702409464784621,1,0,0,0,0,0,0,2,2,0,1,2,0.004596781081533054,1.243384702638786,0
1,0,1,1,1.4508197855632678,1,2,2,1,1,1,1,1,1,2,0,3,-1.2965902700485417,-1.0996710576373196,0
0,1,1,1,1.6137012404433893,1,2,0,2,2,2,2,2,2,2,1,0,0.8438042661654253,1.0951235471862866,0
1,1,0,0,1.4100994218432374,1,2,1,2,2,2,2,2,2,2,1,1,1.7062769092516428,1.4128260231559282,0
0,0,0,0,1.125056875803025,1,0,1,2,0,2,2,2,2,0,1,0,1.3356961782145975,0.9537459453797962,0
1,0,0,0,-1.2774445836787656,1,0,0,0,0,0,0,0,0,0,1,3,-0.6551366279844181,0.292924795362942,1
0,1,0,1,-1.2774445836787656,1,0,1,0,0,0,0,0,0,0,1,2,0.2073360151017999,1.221145529320911,1
1,0,1,1,1.0436161483629645,0,1,0,2,2,2,0,2,0,1,0,3,-0.4906187249679718,-0.38960602384517107,0
0,1,1,1,0.5956921474426305,1,0,1,0,0,0,0,0,0,0,0,0,0.19237984210030468,-0.2042795795295469,1
0,0,0,0,-1.2774445836787656,1,0,1,0,0,0,0,0,2,0,1,2,0.4964886931307054,1.4371832129802673,1
1,0,0,0,-1.2774445836787656,1,0,2,1,1,1,1,1,1,0,0,3,-1.4727407520661506,-0.8698662666859457,0
1,0,0,0,-0.4223169455581282,1,2,0,2,2,0,0,0,0,0,0,2,-0.19149526493806968,-1.4782665081678092,1
0,0,0,0,0.6364125111626608,1,0,0,2,0,2,2,0,0,1,1,1,-0.1466267459335843,-0.40231412288395674,1
0,0,1,0,0.18848851024232702,1,0,2,1,1,1,1,1,1,1,1,0,-1.4926823160681442,1.2455027191452503,0
1,0,0,0,-0.7888002190384014,1,0,2,1,1,1,1,1,1,1,1,2,-1.4893587220678117,-0.5691079227680185,0
1,0,0,0,0.43281069256250915,1,2,2,1,1,1,1,1,1,2,0,0,-1.2733251120462157,-1.6127605563282907,0
0,0,0,0,-1.0738427650786138,0,1,0,2,2,2,2,2,2,2,1,3,-0.04525712892345088,-0.12803098529683293,0
1,0,0,0,1.5729808767233588,0,1,0,2,2,2,2,2,0,2,0,0,-0.35933676195484804,0.037174302207380626,0
0,1,1,1,-1.2774445836787656,1,0,1,0,0,0,0,0,0,0,1,2,0.14917312009598557,1.1570755300003668,1
0,0,1,1,1.6137012404433893,1,2,1,2,2,0,0,2,0,2,1,2,1.0083221691818711,1.1374838773155722,0
0,1,0,0,-1.0738427650786138,1,0,1,2,0,0,0,0,0,0,1,2,0.31036742911209936,0.3029853737686473,0
1,0,1,1,-0.8295205827584317,0,1,0,0,2,0,2,0,0,0,0,3,-0.9725398550161476,0.2209122341431566,0
1,0,0,0,-0.30015585439803716,1,0,1,0,0,0,0,0,0,0,0,3,0.20567421810163386,-1.04036659545632,1
0,0,1,0,-0.46303730927815856,1,0,1,0,0,2,2,0,0,1,0,2,0.47987072312904416,-1.0588992398878825,0
0,0,1,1,-1.0738427650786138,1,0,0,0,0,0,2,0,0,0,1,3,-0.5305018529719588,-0.36630784227406404,0
1,0,1,0,-0.5037576729981889,1,0,1,0,0,0,0,2,2,0,1,3,0.8055829351616043,-0.9974767612004184,1
1,0,1,0,-0.5851984004382496,1,2,1,2,0,0,0,2,2,0,1,2,1.1512367111961581,-1.0573107275080342,1
0,0,0,0,0.43281069256250915,1,0,0,0,2,0,2,0,0,1,0,2,-0.3094828519498643,-0.6151747817836165,0
0,0,1,1,0.10704778280226633,1,2,2,1,1,1,1,1,1,2,1,1,-1.3082228490497045,1.6839321359833554,0
0,0,0,0,-1.2774445836787656,1,0,1,0,0,2,0,0,0,0,0,0,0.29042586511010604,1.2751549502357502,1
1,1,1,0,-0.015113308357824713,1,2,1,0,2,2,0,0,2,0,1,2,0.9551446651765553,-0.3652488340208319,0
1,0,0,0,0.7992939660427822,0,1,0,2,2,2,2,2,2,2,0,1,-0.028639158921789646,-0.19263048874399336,0
1,0,0,0,-0.015113308357824713,1,0,0,0,0,0,0,2,2,1,1,0,0.0029349840813665527,-0.856628663520544,0
0,0,1,1,1.6137012404433893,0,1,0,2,2,2,2,2,2,2,1,0,-0.03196275292212194,0.3734094226085845,0
1,0,0,0,0.758573602322752,0,1,0,2,0,0,2,0,2,0,1,1,-0.6750781919864114,-0.7740260197684372,0
1,0,1,1,1.4508197855632678,1,0,2,1,1,1,1,1,1,2,1,0,-1.4893587220678117,-1.4300816326457468,0
1,1,1,0,-0.9924020376385531,0,1,0,0,2,2,0,0,2,0,1,3,-0.7116377259900661,-0.03166123425270836,0
1,0,1,0,0.6771328748826912,0,1,0,0,2,0,0,2,2,2,0,1,-0.5022513039691348,-0.6374139551014915,0
0,0,1,0,1.6137012404433893,1,0,0,2,2,2,2,2,2,2,0,3,0.6759627691486464,0.9346837968216177,0
1,0,0,0,-0.9516816739185228,1,2,1,0,0,0,0,2,2,0,1,2,1.0216165451832002,1.519256352605758,1
0,0,1,0,-0.1779947632379461,1,0,1,2,0,0,0,2,2,0,1,3,0.9169233341727343,-0.5325721380315097,1
1,0,0,0,0.880734693482843,1,0,1,2,0,2,0,2,0,0,0,3,0.8321716871642622,0.3649373565827274,0
1,0,0,0,-0.8702409464784621,1,0,1,0,2,0,0,0,0,0,1,2,0.32532360211359457,1.5086662700734366,1
0,0,1,1,0.7178532386027215,1,0,1,0,0,2,2,2,2,1,0,3,1.2725478922082847,0.5682669412032979,0
0,0,1,0,1.4915401492832983,1,2,1,2,2,2,2,2,2,2,1,2,1.7029533152513108,1.5012532123008118,0
1,0,0,0,-1.2774445836787656,1,0,1,0,0,0,0,0,0,0,1,2,0.17077648109814536,1.1629000753931436,0
1,0,1,1,1.4508197855632678,1,0,1,2,2,0,2,0,2,2,0,0,1.0083221691818711,1.0834744564007333,0
1,0,0,1,0.3106496014024181,0,1,0,2,2,0,2,0,0,1,0,3,-0.8146691400003658,-1.1891572550354355,0
1,0,1,1,-0.055833672077855064,1,2,2,1,1,1,1,1,1,2,0,3,-1.2965902700485417,1.3466380073289195,0
0,1,0,1,0.025607055362205634,1,2,1,0,2,2,0,2,2,0,1,0,1.3489905542159264,-0.13756205957592219,0
1,1,1,0,0.9214550572028734,1,2,1,0,2,2,2,2,2,2,1,2,1.6231870592433366,0.9664540444185818,0
1,0,1,1,1.4508197855632678,1,2,2,1,1,1,1,1,1,2,1,0,-1.3547531650543558,-1.116615189689034,0
0,0,1,1,-0.8295205827584317,1,0,2,1,1,1,1,1,1,0,0,0,-1.5076384890696393,-0.88681039873766,0
1,0,1,0,1.5729808767233588,1,0,0,2,2,2,2,2,2,2,1,0,0.7091987091519689,0.8917939625657162,0
1,0,0,0,0.3106496014024181,1,2,1,0,2,2,0,2,2,0,1,3,1.259253516206956,0.1266604996054963,0
0,0,1,1,1.2879383306831464,1,2,1,0,2,2,0,0,2,1,1,2,0.9335413041743955,0.8690252851212252,0
1,0,1,0,0.8400143297628127,1,2,1,0,2,0,2,0,2,1,0,0,1.0963974101906757,0.538085205986182,0
1,1,0,0,-0.8295205827584317,1,0,1,0,2,2,2,0,0,0,1,3,0.6327560471443273,-1.692186175320701,1
1,1,0,0,0.8400143297628127,0,1,0,0,2,2,0,2,2,0,1,2,-0.3427187919531868,-0.419787759062287,1
1,0,1,0,1.6137012404433893,1,2,1,2,2,2,0,2,0,2,1,1,1.1030445981913404,1.2317356118532325,0
1,0,0,0,0.5549717837226001,1,0,2,1,1,1,1,1,1,2,0,2,-1.4893587220678117,1.6309817233217485,0
1,0,0,0,0.3106496014024181,1,2,2,1,1,1,1,1,1,2,1,3,-1.3348116010523623,1.7141138712004715,0
1,0,0,0,-0.8295205827584317,0,1,0,2,2,0,2,2,0,0,1,0,-0.4590445819648154,0.8944414831987965,0
1,0,0,0,-0.9516816739185228,1,0,1,2,0,0,0,0,0,0,0,2,0.36022133911708304,1.0675893326022512,0
0,0,1,1,0.758573602322752,1,2,1,0,0,0,2,0,0,0,1,2,0.531386430134194,0.1335440532515052,0
1,0,1,1,0.6771328748826912,1,0,1,0,2,2,0,2,0,0,1,1,0.8521132511662559,0.2913362829830938,0
1,1,1,0,0.35136996512244845,1,2,1,0,0,2,0,2,2,0,1,2,1.1645310871974868,0.19549603606558527,1
0,0,0,0,0.9621754209229036,1,0,0,2,0,2,2,0,0,1,1,1,-0.1499503399339166,-0.21381065380863612,0
1,0,0,0,-1.1552834925186746,1,0,2,1,1,1,1,1,1,0,1,2,-1.481049737066981,0.6927004109580742,0
1,0,1,0,-0.5037576729981889,1,0,0,2,0,0,2,0,2,1,1,3,-0.020330173920958795,-1.4581453513563984,0
0,0,1,1,-0.2594354906780068,1,0,2,1,1,1,1,1,1,0,1,1,-1.479387940066815,0.4893708263375036,0
0,0,1,1,-0.5037576729981889,1,2,1,0,2,2,0,2,2,0,1,0,1.3656085242175875,-0.7327246978923838,1
0,0,0,0,-1.0331224013585834,1,2,1,0,0,0,0,0,0,0,0,3,0.35523594811658493,0.42265330638387894,1
1,0,0,0,-1.0331224013585834,1,2,1,0,0,0,0,2,2,0,1,2,0.966777244177718,0.9892227218630729,1
1,0,0,0,0.758573602322752,1,0,1,0,2,2,0,2,2,0,1,2,1.1379423351948288,0.5349081812264855,0
0,0,0,0,-1.1552834925186746,1,2,1,0,2,0,0,0,0,0,1,3,0.5164302571326987,-0.2334023064934307,0
0,0,0,0,-1.2774445836787656,1,0,2,1,1,1,1,1,1,0,0,1,-1.502653098069141,-0.9387018031460347,0
1,0,1,1,-0.21871512695797646,1,2,1,2,2,0,2,2,0,0,0,2,1.1961052302006432,-0.44308594063339407,0
1,0,0,0,-0.4223169455581282,1,2,1,2,0,0,0,2,2,0,1,2,1.1961052302006432,-0.8110913086315621,1
1,0,0,0,-0.8295205827584317,1,0,0,0,2,0,2,0,0,0,1,3,-0.3659839499555126,1.028935531359278,0
0,0,1,1,-1.1960038562387048,0,1,0,0,0,0,2,0,0,0,1,3,-1.1221015850310987,1.6855206483632037,1
0,0,1,1,0.06632741908223598,1,2,2,1,1,1,1,1,1,1,1,1,-1.3015756610490399,1.642630814107302,0
1,0,1,0,-0.3408762181180675,1,2,0,2,0,0,2,0,0,1,1,2,-0.2130986259402292,-1.3898393190229257,0
1,0,0,0,0.758573602322752,1,2,1,0,0,2,0,0,0,0,0,1,0.5064594751317021,0.1917895071792728,1
0,1,0,0,-0.748079855318371,0,1,0,0,0,0,0,2,2,0,1,2,-0.6119299059800988,1.097771067819367,0
1,0,1,0,1.0843365120829946,1,2,1,2,2,2,2,2,2,2,0,2,1.6281724502438353,1.0501156964239209,0
1,0,0,0,-1.1960038562387048,1,0,1,0,2,2,0,0,2,0,0,2,0.8521132511662559,-0.49074131202884025,0
0,0,1,1,1.3286586944031769,1,2,1,2,0,2,2,2,2,2,0,2,1.48027251722905,1.2868040410213037,0
1,1,0,0,-1.1145631287986442,1,0,1,0,0,0,0,0,0,0,1,3,0.18240906009930805,-0.20163205889646654,1
0,0,1,1,1.0843365120829946,1,2,0,2,2,2,2,2,2,2,0,1,0.8487896571659234,0.5783275196090032,0
1,0,1,1,1.6137012404433893,0,1,0,2,2,2,2,2,2,2,1,1,0.016229360082695727,0.2860412417169331,0
0,0,1,1,1.2064976032430856,1,0,1,0,2,2,0,2,2,0,1,2,1.1761636661986499,0.9638065237855016,1
1,0,0,0,-0.1779947632379461,1,2,1,2,2,0,0,0,2,0,1,1,0.9883806051798778,-0.5018608986877777,1
1,0,0,0,-1.1960038562387048,1,0,0,0,0,0,2,0,2,0,0,3,-0.13665596393258767,-0.895282464763517,0
1,0,0,1,-0.5444780367182193,1,2,2,1,1,1,1,1,1,0,1,1,-1.3514295710540236,0.24791694460057612,0
1,0,0,0,-1.2774445836787656,1,0,2,1,1,1,1,1,1,0,1,3,-1.504314895069307,-0.9392313072726508,0
1,0,0,0,-0.3408762181180675,1,0,1,0,2,2,2,0,0,0,1,2,0.7042133181514708,-0.8052667632387853,0
1,1,0,0,1.002895784642934,1,0,0,0,0,2,2,0,0,1,1,2,-0.3742929349563432,-0.32818354515770704,0
0,0,0,0,1.6137012404433893,1,2,2,1,1,1,1,1,1,2,0,1,-1.3065610520495383,-0.964118001223606,0
1,0,0,0,1.4100994218432374,1,0,2,1,1,1,1,1,1,2,0,0,-1.4710789550659844,-1.3019416340046581,0
1,0,1,1,0.7992939660427822,1,0,2,1,1,1,1,1,1,1,1,1,-1.4594463760648215,-1.6498258451914156,0
1,0,1,1,1.5729808767233588,1,2,0,2,2,2,2,2,2,2,0,1,0.8354952811645946,1.022051977713269,0
0,0,1,0,-0.2594354906780068,1,2,2,1,1,1,1,1,1,1,0,3,-1.288281285047711,1.1332478443026437,0
0,0,0,0,0.10704778280226633,1,2,1,2,2,2,2,2,2,2,1,3,1.609892683242008,0.04988240124616628,0
0,0,1,1,0.9214550572028734,1,0,1,0,0,0,0,0,0,2,1,1,0.142525932095321,0.01599413714273786,0
0,0,1,1,0.025607055362205634,1,0,2,1,1,1,1,1,1,2,0,3,-1.4843733310673135,1.090887514173358,0
1,0,1,0,1.6137012404433893,1,2,1,2,2,2,0,2,2,2,1,2,1.4919050962302134,1.426593130447946,0
1,0,0,1,-1.2774445836787656,1,0,2,1,1,1,1,1,1,0,1,3,-1.5142856770703037,-0.9418788279057312,0
1,0,0,0,-0.9109613101984924,0,1,0,0,0,0,0,0,2,0,1,3,-1.0257173590214634,-0.3604832968812873,1
0,1,1,0,0.18848851024232702,1,0,1,0,0,2,2,2,0,0,0,2,0.8388188751649267,-0.174627348439047,0
1,0,0,0,-0.8295205827584317,0,1,0,0,2,0,2,0,0,0,0,3,-1.0223937650211312,0.26433157252567424,0
1,0,1,1,-1.2774445836787656,1,0,2,1,1,1,1,1,1,1,0,3,-1.4744025490663168,-0.8703957708125618,0
1,0,1,0,1.2064976032430856,0,1,0,2,2,0,2,0,0,2,1,1,-0.8695084410058479,-0.6760677563444645,0
0,0,0,0,-1.2774445836787656,0,1,0,0,0,0,0,0,0,0,0,0,-1.3132082400502028,-0.5855225506931167,0
0,0,0,0,-0.5851984004382496,1,2,0,2,0,2,0,0,0,0,1,3,-0.1383177609327537,-1.569341217945773,0
1,1,1,0,1.4915401492832983,1,2,1,0,2,0,0,2,0,0,1,2,0.8371570781647607,0.9293887555554571,1
1,0,0,0,-1.2367242199587352,1,0,1,0,2,0,0,0,0,0,1,2,0.3319707901142591,-1.2950580803586493,0
1,0,1,1,-0.5444780367182193,1,0,2,1,1,1,1,1,1,0,0,3,-1.4677553610656522,0.147311160543523,0
1,0,0,0,-0.8295205827584317,1,2,1,0,0,0,0,2,0,0,1,2,0.6543594081464871,-1.6646519607366654,1
1,0,0,0,-0.9516816739185228,1,0,2,1,1,1,1,1,1,0,0,3,-1.4744025490663168,-1.0038308107198113,0
1,0,0,0,-0.21871512695797646,1,0,0,2,0,2,2,2,2,1,0,2,0.5629605731373504,-0.7464918051844016,0
1,0,0,1,-0.21871512695797646,1,2,1,0,0,0,2,0,0,0,1,2,0.4898415051300408,-0.7745555238950533,1
1,0,1,1,-1.2774445836787656,1,0,1,0,0,0,0,2,2,0,0,3,0.8105683261621028,1.6092720541304897,1
0,1,0,0,-0.3408762181180675,1,0,2,1,1,1,1,1,1,0,1,3,-1.477726143066649,0.3395211585051561,0
1,1,0,0,-0.748079855318371,1,2,1,0,0,0,0,0,0,0,1,2,0.3386179781149237,-1.684773117548076,1
0,1,0,0,-0.015113308357824713,1,0,1,0,2,0,0,0,0,0,1,2,0.32033821111309646,-0.7115445328277411,1
0,0,0,0,-0.8702409464784621,1,0,2,1,1,1,1,1,1,1,0,3,-1.4876969250676457,-0.8036782508589371,0
1,0,0,0,-1.2774445836787656,1,2,2,1,1,1,1,1,1,0,1,3,-1.3215172250510334,-0.588170071326197,0
1,1,0,1,0.22920887396235737,1,2,1,2,0,0,0,0,0,0,1,3,0.5214156481331973,-0.2704675953565555,0
0,0,1,1,-0.9516816739185228,1,0,2,1,1,1,1,1,1,2,0,3,-1.4960059100684764,-0.8079142838718657,0
1,0,1,1,0.880734693482843,1,2,0,2,2,0,2,0,0,2,1,1,0.0295237360840249,-0.08937718405385989,0
0,0,0,0,-0.13727439951791576,1,2,0,0,0,0,0,2,2,1,1,1,0.2073360151017999,-0.8195633746574191,0
1,1,1,0,0.47353105628253944,1,2,1,0,0,2,0,2,0,0,1,2,0.8122301231622688,0.10495083041423747,0
1,0,1,1,1.0843365120829946,1,0,0,2,2,2,2,2,2,2,1,2,0.7308020701541287,0.5762095031025389,0
0,0,0,0,-1.1960038562387048,1,0,0,0,0,0,0,0,2,0,1,2,-0.31446824295036285,-0.8974004812699813,1
0,0,1,1,-0.5851984004382496,1,0,0,2,2,0,2,0,0,1,1,3,-0.10840541492976351,-1.6349997296461656,0
1,1,0,0,1.4100994218432374,1,2,2,1,1,1,1,1,1,2,0,1,-1.3181936310507012,-1.1118496525494894,0
0,0,1,1,-0.4223169455581282,1,0,0,0,2,0,2,0,0,0,0,2,-0.3194536339508612,-1.5253923754366392,1
1,0,0,1,0.025607055362205634,0,1,0,2,0,0,2,0,0,1,0,1,-1.0207319680209652,-1.6090540274419782,0
1,0,0,0,-1.1145631287986442,1,0,2,1,1,1,1,1,1,0,0,3,-1.4893587220678117,-1.6545913823309601,0
0,0,0,0,-1.2367242199587352,1,0,2,1,1,1,1,1,1,0,0,3,-1.4893587220678117,-0.0014794990355924207,0
1,0,1,1,1.6137012404433893,1,2,0,2,2,2,2,2,2,2,0,1,0.82884809316393,0.9865752012299925,0
1,0,0,1,-0.9516816739185228,1,0,2,1,1,1,1,1,1,0,0,3,-1.4744025490663168,-0.986357174541481,0
1,0,1,1,1.4100994218432374,1,2,2,1,1,1,1,1,1,2,0,3,-1.2783105030467143,-1.0980825452574716,0
0,0,1,0,-0.6666391278783103,1,2,1,0,0,0,0,2,0,0,1,2,0.6709773781481484,-1.363893616818738,1
0,0,0,0,-0.9924020376385531,1,0,2,1,1,1,1,1,1,0,1,3,-1.46443176706532,-1.3723656828445954,0
1,0,0,0,-1.1145631287986442,0,1,0,2,2,2,2,0,0,0,1,3,-0.7149613199903985,-0.7687309785022766,1
1,0,1,1,-0.38159658183809786,1,2,0,0,0,0,0,0,0,1,1,1,-0.5454580259734538,-1.6567093988374244,1
1,0,0,0,-1.2774445836787656,1,0,1,0,0,0,0,2,0,0,1,2,0.4915033021302069,1.435594700600419,1
0,1,1,0,0.7178532386027215,1,0,1,0,0,0,0,0,0,0,1,2,0.2089978121019659,-0.14497511734854715,1
1,0,0,0,-0.62591876415828,1,0,2,1,1,1,1,1,1,2,0,1,-1.505976692069473,-0.041721812658413675,0
0,0,1,0,1.4508197855632678,1,2,1,2,2,2,0,2,2,2,1,0,1.5301264272340338,1.3476970155821517,0
1,0,0,0,-1.2774445836787656,1,2,1,0,0,0,0,2,0,0,0,2,0.6560212051466532,1.5441430465567132,1
0,1,1,0,-0.30015585439803716,1,0,1,0,0,0,0,0,0,0,1,2,0.1508349170961516,-1.002242298339963,0
1,0,0,0,1.4100994218432374,0,1,0,2,0,2,2,2,0,1,1,0,-0.5122220859701314,-0.19686652175692193,0
1,0,0,0,-0.015113308357824713,1,0,2,1,1,1,1,1,1,1,0,1,-1.4760643460664828,1.2153209839281343,0
0,1,1,0,1.4100994218432374,1,2,1,2,2,0,0,2,2,1,1,2,1.3572995392167568,1.2306766036000003,0
1,1,1,0,1.6137012404433893,0,1,0,2,2,2,2,2,2,2,1,1,-0.010359391919962149,0.35752429881010245,0
1,0,1,0,1.5729808767233588,1,2,1,0,2,2,2,2,2,2,1,1,1.4570073592267243,1.3799967673057318,1
1,0,0,1,-1.2774445836787656,1,0,0,0,2,0,0,0,0,0,1,2,-0.49394231896830415,0.47083818190594123,0
1,0,0,0,0.5549717837226001,0,1,0,0,2,0,0,0,0,0,0,0,-1.1453667430334245,-1.3607165920590418,1
0,1,0,0,-1.2367242199587352,0,1,0,0,0,2,0,0,0,0,1,2,-1.1420431490330922,1.4048834612566872,1
0,0,0,0,-1.2774445836787656,1,0,0,0,0,0,0,0,0,0,1,3,-0.6435040489832552,0.2966313242492545,1
0,0,1,0,0.6364125111626608,1,0,0,0,2,2,0,0,2,1,1,2,0.0295237360840249,-0.2995903223204393,0
0,0,1,0,1.1657772395230555,1,2,1,0,0,2,2,2,2,1,1,0,1.2808568772091153,1.037407597385135,0
0,0,1,0,-0.015113308357824713,1,0,1,0,2,0,0,0,2,0,0,0,0.6443886261454905,-0.5410442040573669,1
0,0,0,0,-1.2367242199587352,1,0,0,0,0,0,0,0,0,0,0,2,-0.6750781919864114,1.5054892453137403,0
0,0,0,0,-1.1960038562387048,1,0,2,1,1,1,1,1,1,0,0,2,-1.4960059100684764,0.8076028064337611,1
0,0,0,0,-1.1145631287986442,1,0,1,0,0,0,2,0,2,0,1,1,0.6859335511496436,0.193378019559121,1
0,0,1,1,1.5729808767233588,1,2,0,2,2,2,2,2,2,2,0,0,0.8354952811645946,0.9881637136098407,0
1,0,1,0,0.18848851024232702,1,2,0,2,0,0,0,0,0,0,1,3,-0.3227772279511935,-0.8439205644817583,0
1,0,1,1,1.3286586944031769,1,2,1,0,0,2,2,2,2,2,1,0,1.3074456292117733,1.0919465224265903,0
0,0,0,1,1.4100994218432374,1,2,1,0,2,0,2,2,2,1,1,0,1.3905354792200795,1.2613878429437324,0
1,0,0,1,0.6771328748826912,1,2,1,0,0,0,0,0,0,0,0,1,0.3469269631157543,-0.046487349797958294,1
1,0,1,1,0.7178532386027215,1,2,0,2,0,0,2,2,0,2,1,1,0.19071804510013865,-0.12538346466375258,0
1,0,1,1,-0.30015585439803716,1,0,2,1,1,1,1,1,1,1,0,2,-1.5009913010689746,0.12771950785872843,0
0,0,0,1,-0.62591876415828,1,2,0,0,0,2,0,0,0,1,1,3,-0.29618847594853537,1.6701650286913376,1
0,0,1,1,1.2879383306831464,1,2,2,1,1,1,1,1,1,2,1,3,-1.3530913680541898,-1.1955113045548282,0
1,0,1,0,-0.30015585439803716,0,1,0,0,0,2,0,2,0,1,1,1,-0.8861264110075091,1.7082893258076948,0
1,1,0,0,-0.38159658183809786,1,2,1,0,2,2,0,2,2,0,1,2,1.3838882912194153,-0.5966421373520541,1
1,1,1,0,-0.3408762181180675,0,1,0,0,0,2,2,0,0,0,0,3,-1.0140847800203006,1.5176678402259098,0
0,0,0,0,0.18848851024232702,1,2,1,0,0,2,0,2,2,0,1,2,1.1728400721983174,0.005404054610416478,0
0,0,0,0,-0.46303730927815856,1,0,1,0,0,0,0,0,0,0,1,2,0.12923155609399228,-1.254815766735828,0
1,0,0,0,-1.2774445836787656,1,0,0,0,0,0,0,0,0,0,1,3,-0.6302096729819263,0.29980834900895087,0
0,0,0,0,-0.9109613101984924,1,2,1,0,0,0,0,0,0,0,1,3,0.3652067301175816,1.3979999076106782,0
1,0,0,0,-1.0738427650786138,1,0,1,0,2,0,0,0,2,0,1,2,0.6526976111463211,0.7154690884025652,1
1,0,1,0,0.758573602322752,1,2,1,2,2,0,0,0,2,1,1,1,1.0515288911861906,0.47772173555195013,0
0,0,0,0,-0.9109613101984924,1,0,2,1,1,1,1,1,1,0,1,3,-1.4694171580658184,-0.9619999847171418,0
0,0,0,0,-1.0738427650786138,0,1,0,2,2,0,2,0,2,0,0,1,-0.4590445819648154,-0.312298421359225,0
1,0,1,1,0.5956921474426305,1,2,0,2,2,2,2,2,2,2,1,3,0.8554368451665879,0.22038273001654052,0
0,0,1,1,1.1657772395230555,1,2,0,2,2,2,2,0,2,1,1,2,0.48651791112970877,0.43218438066296816,0
0,0,0,0,0.7992939660427822,0,1,0,2,2,2,0,2,2,2,1,0,-0.19980424993890028,-0.3271245369044749,0
0,0,1,1,0.10704778280226633,1,2,0,2,2,0,0,0,0,0,1,1,-0.17653909193657447,-0.79520618483308,0
1,0,1,0,1.5729808767233588,1,2,1,0,2,2,0,2,2,1,1,0,1.3606231332170895,1.3243988340110446,0
0,0,0,0,-1.0738427650786138,1,0,0,2,2,0,0,0,0,0,0,2,-0.28289409994720643,0.03770380633399669,1
1,0,1,0,0.5142514200025698,1,0,0,2,0,2,0,0,0,2,0,1,-0.3809401229570078,-0.6993659379155714,0
0,1,0,0,-1.2367242199587352,1,2,1,0,0,0,0,2,0,0,1,2,0.6909189421501416,-0.9614704805905256,1
0,0,0,0,-1.1552834925186746,1,0,0,0,2,0,0,2,2,0,1,0,0.12923155609399228,-0.5293951132718133,1
1,0,0,0,-1.2367242199587352,0,1,0,0,0,0,0,0,0,0,0,3,-1.3447823830533592,-0.00042049078236028255,0
1,0,0,0,-1.1552834925186746,1,0,1,0,0,0,0,2,0,0,0,2,0.4350022041245586,-0.35677676799497476,1
1,0,0,0,0.758573602322752,1,2,0,2,0,0,2,0,0,1,0,1,-0.1615829189350795,-0.3255360245246267,0
1,0,1,1,1.125056875803025,1,2,2,1,1,1,1,1,1,1,0,1,-1.3564149620545218,-1.2378716346841139,0
1,0,0,0,-0.9516816739185228,1,0,2,1,1,1,1,1,1,1,1,3,-1.4827115340671475,-1.140442875386757,0
1,0,0,0,-1.1960038562387048,1,2,1,0,2,2,0,2,2,0,1,0,1.3489905542159264,-0.2381678436329753,1
1,0,0,0,-0.62591876415828,1,2,1,0,0,2,2,0,2,0,1,0,1.0266019361836989,-1.1340888258673643,0
0,0,0,0,-0.9924020376385531,1,2,1,0,0,0,0,2,0,0,1,2,0.7407728521551253,1.3646411476338658,1
1,0,1,1,0.5549717837226001,1,0,0,2,0,2,2,2,2,2,0,3,0.5396954151350245,0.01705314539597,0
0,0,0,0,1.4508197855632678,1,0,0,2,2,2,2,2,2,2,1,1,0.5878875281398422,0.7498868566326097,0
1,0,0,0,-1.2774445836787656,1,0,0,0,0,0,0,2,0,0,1,3,-0.3742929349563432,0.621746857991521,1
0,0,1,0,-1.1552834925186746,1,0,2,1,1,1,1,1,1,1,0,0,-1.4710789550659844,1.4313586675874905,0
0,0,0,0,-1.2774445836787656,0,1,0,0,0,0,0,0,0,0,1,3,-1.3181936310507012,-0.5871110630729648,1
1,0,0,1,-0.1779947632379461,1,0,0,0,2,0,2,0,0,1,1,1,-0.34438058895335305,-1.2304585769114889,0
0,0,0,0,0.26992923768238775,1,0,0,0,2,0,0,2,0,1,1,1,-0.2047896409393986,-0.741196763918241,0
1,0,0,0,-0.8702409464784621,1,0,1,0,0,2,0,0,2,0,0,2,0.6659919871476498,1.6066245334974094,0
0,0,1,0,1.5729808767233588,0,1,0,0,2,2,2,2,2,2,1,1,-0.11172900893009581,0.21879421763669232,0
1,0,0,1,-1.2367242199587352,1,0,2,1,1,1,1,1,1,0,0,3,-1.4744025490663168,0.17590438338079073,0
1,1,1,0,-0.0965540357978854,1,0,1,0,2,2,0,0,0,0,1,3,0.4948268961305394,-0.6654776738121431,1
0,0,0,0,-0.62591876415828,1,0,2,1,1,1,1,1,1,1,0,3,-1.4827115340671475,-0.10526230785234196,0
0,0,1,0,0.9214550572028734,1,2,1,0,2,2,0,2,0,0,1,1,0.9867188081797118,0.5481457843918873,0
0,0,0,0,1.0436161483629645,1,2,1,2,0,0,0,0,0,0,1,0,0.4998122871310375,0.3151639686808169,0
0,0,0,0,-1.1145631287986442,1,0,0,2,0,0,2,0,0,0,0,2,-0.3510277769540174,-0.30965090072614465,1
0,1,0,0,-1.2774445836787656,1,0,2,1,1,1,1,1,1,0,1,2,-1.505976692069473,-0.9397608113992668,1
1,1,0,0,-0.9516816739185228,1,2,1,0,0,0,0,0,0,0,1,2,0.3087056321119333,1.1141856957444651,0
1,0,0,0,-0.2594354906780068,1,0,0,0,0,0,2,0,0,0,0,0,-0.518869273970796,-1.4957401443461393,0
0,0,0,0,0.7178532386027215,1,0,2,1,1,1,1,1,1,2,0,1,-1.5076384890696393,-1.6985402248400938,0
0,0,1,0,1.6137012404433893,1,2,1,2,2,2,2,2,2,2,1,0,1.624848856243503,1.5007237081741955,0
0,0,0,1,0.43281069256250915,1,0,1,2,2,0,2,2,2,1,1,1,1.3705939152180862,0.31781148931389724,0
1,0,0,0,0.9621754209229036,1,2,2,1,1,1,1,1,1,2,1,0,-1.289943082047877,-1.2887040308392563,0
0,0,0,0,-1.2774445836787656,1,0,2,1,1,1,1,1,1,0,0,3,-1.517609271070636,-0.9429378361589633,0
1,0,1,1,1.6137012404433893,1,2,1,0,2,2,0,2,2,2,1,2,1.284180471209448,1.2936875946673125,1
1,0,1,0,1.6137012404433893,1,2,1,2,2,0,2,0,2,2,1,0,1.1894580421999785,1.2836270162616072,0
1,0,1,0,0.14776814652229667,1,2,1,0,0,0,0,2,2,0,1,2,1.0182929511828682,-0.13173751418314542,0
1,0,0,0,-1.1145631287986442,1,0,0,0,0,2,2,2,2,0,0,0,0.34526516611558833,0.052000417752630555,0
0,0,0,0,-0.7888002190384014,1,2,1,0,2,2,0,0,0,0,1,2,0.6543594081464871,-1.6651814648632814,1
0,1,0,0,0.47353105628253944,1,0,1,0,2,2,0,0,2,1,0,1,0.8105683261621028,0.08006413646328223,0
0,1,1,1,1.5322605130033284,1,2,1,0,2,2,2,2,2,1,1,2,1.433742201224399,1.3254578422642767,0
1,0,0,0,0.47353105628253944,1,0,2,1,1,1,1,1,1,1,0,1,-1.504314895069307,1.5372594929107044,0
0,1,1,0,-0.015113308357824713,1,2,1,0,0,0,0,2,0,0,1,1,0.7042133181514708,-0.519334534866108,1
0,0,1,0,1.4915401492832983,1,2,2,1,1,1,1,1,1,2,1,1,-1.3231790220511994,-1.0774318843194448,0
0,1,0,0,-0.6666391278783103,1,0,0,0,0,0,2,2,0,0,0,2,-0.17820088893674074,-1.69906972896671,1
1,1,1,1,1.4508197855632678,1,0,2,1,1,1,1,1,1,1,0,0,-1.504314895069307,-1.5338644414624965,0
1,0,0,0,-0.6666391278783103,1,0,1,0,0,0,0,0,0,0,1,1,0.1724382780983114,-1.5259218795632554,0
1,0,1,1,1.4508197855632678,1,0,0,2,2,0,2,2,2,2,0,0,0.6011819041411709,0.798601236281288,0
1,0,0,0,-1.1552834925186746,1,0,2,1,1,1,1,1,1,0,0,3,-1.5209328650709681,1.4059424695099192,0
0,0,1,1,-0.2594354906780068,0,1,0,2,2,0,2,0,0,0,0,1,-0.8611994560050172,-1.6958927042070135,0
0,0,0,0,-0.13727439951791576,0,1,0,0,2,0,0,0,0,0,1,2,-1.1353959610324276,1.573265773520597,1
1,0,0,1,-1.1145631287986442,1,0,2,1,1,1,1,1,1,0,0,1,-1.4760643460664828,-1.5110957640180054,0
1,0,1,0,1.5322605130033284,1,2,1,0,2,2,0,2,0,1,1,0,1.0049985751815391,1.0649418119691707,0
1,0,1,0,-0.3408762181180675,1,0,0,2,0,0,2,2,2,1,0,0,0.32033821111309646,-1.0821974214589896,0
0,1,1,0,1.6137012404433893,1,2,0,2,2,2,2,0,2,2,0,0,0.45494376812655235,0.760476939164931,0
1,0,0,0,-1.2774445836787656,1,0,1,0,0,0,2,0,0,0,1,3,0.3170146171127639,1.3021596606931698,0
1,0,1,0,1.5322605130033284,0,1,0,0,2,2,2,0,2,1,1,0,-0.45572098796448335,-0.061842969469824295,0
0,0,1,1,0.14776814652229667,1,0,2,1,1,1,1,1,1,0,0,0,-1.5142856770703037,1.203671893142581,0
0,1,0,0,0.22920887396235737,1,2,1,0,0,0,2,2,2,0,1,2,1.156222102196656,-0.023189168226851253,1
0,0,0,0,-0.62591876415828,1,0,1,0,0,0,0,0,0,0,1,2,0.17410007509847744,-1.5799313004780944,1
0,0,1,1,0.35136996512244845,1,2,1,0,2,2,2,2,2,1,1,0,1.4736253292283856,0.2770396715644599,0
0,0,0,0,-1.2774445836787656,1,0,0,0,0,0,0,0,0,0,1,2,-0.6468276429835875,0.29557231599602235,1
1,0,0,0,-1.2367242199587352,0,1,0,0,0,0,2,0,0,0,0,0,-1.1603229160349193,1.3323413959102857,1
1,0,0,0,-0.748079855318371,1,0,1,0,0,2,0,0,0,0,0,2,0.3884718881199074,-1.6058770026822817,0
1,1,0,0,-1.2367242199587352,1,0,1,0,2,2,2,0,2,0,1,1,1.0083221691818711,-1.0128323808722843,1
1,0,0,0,-1.2774445836787656,1,0,2,1,1,1,1,1,1,0,0,3,-1.4943441130683104,-0.9360542825129544,1
1,0,1,1,-0.7888002190384014,1,2,0,0,2,2,2,2,0,0,1,2,0.2671607071077802,1.6616929626654806,0
1,0,0,0,-1.0738427650786138,1,0,2,1,1,1,1,1,1,0,0,3,-1.5225946620711341,-1.6201736141009158,0
0,0,0,0,-1.1552834925186746,1,0,1,0,2,0,0,0,0,0,1,0,0.395119076120572,-0.19474850525045764,1
0,0,1,1,-1.1145631287986442,1,0,1,0,2,0,2,2,2,0,1,3,1.1429277261953275,0.3580538029367185,1
0,0,1,0,-0.7073594915983407,1,0,1,2,0,2,0,2,2,0,0,2,1.2293411702039656,-1.1150266773091857,0
0,0,0,0,0.5956921474426305,1,0,1,2,0,0,0,0,0,0,0,1,0.35523594811658493,-0.09890825833294914,0
0,0,0,0,-0.9924020376385531,1,0,0,0,0,2,2,0,2,0,0,3,-0.021991970921125294,0.5359671894797177,0
1,0,0,0,-0.62591876415828,0,1,0,0,0,0,0,0,0,0,1,3,-1.2999138640488739,0.26115454776597785,0
1,0,1,1,-0.7073594915983407,1,0,1,2,0,0,0,0,0,0,0,3,0.3436033691154218,-1.5725182427054694,0
0,0,0,0,-0.2594354906780068,1,0,1,2,0,2,2,0,2,1,1,0,1.0332491241843629,-0.5998191621117505,0
0,0,0,0,-0.38159658183809786,1,2,0,2,0,0,0,0,0,0,0,2,-0.34438058895335305,-1.485150061813818,0
0,1,0,0,-1.1552834925186746,1,0,1,0,2,0,0,0,0,0,0,2,0.2654989101076142,-0.26676106647024306,0
1,0,0,1,-0.13727439951791576,1,0,2,1,1,1,1,1,1,1,0,3,-1.4926823160681442,0.6392204941698512,0
0,0,0,0,-0.30015585439803716,1,0,2,1,1,1,1,1,1,0,0,3,-1.5192710680708021,0.34693421627778104,0
1,0,0,0,-0.9516816739185228,1,0,0,0,0,0,0,0,0,0,0,3,-0.6584602219847502,0.21826471351007626,1
1,0,1,0,-0.5851984004382496,1,0,0,0,0,2,0,0,0,0,1,3,-0.5055748979694671,1.6002704839780166,1
1,1,0,0,-1.1960038562387048,1,2,1,0,0,0,0,2,2,0,1,2,1.0000131841810405,-0.1852174309713684,0
0,0,1,1,1.4915401492832983,0,1,0,2,2,2,2,0,0,2,0,0,-0.6152534999804311,-0.28900023978811795,0
1,0,0,0,-0.748079855318371,1,0,2,1,1,1,1,1,1,1,0,3,-1.5093002860698053,-0.2312842899869664,0
1,0,0,0,-0.5444780367182193,1,2,0,0,0,0,0,2,2,0,0,3,0.16080569909714826,-1.3443019641339438,0
1,1,0,0,0.26992923768238775,1,2,1,0,2,0,0,0,2,0,0,2,0.8620840331672525,-0.15927172876718101,0
1,0,0,0,-0.055833672077855064,1,0,1,0,2,2,0,2,2,0,1,2,1.217708591202803,-0.2778806531291805,0
1,0,1,1,-0.3408762181180675,1,0,2,1,1,1,1,1,1,1,0,3,-1.479387940066815,0.24844644872719218,0
1,0,1,0,-0.748079855318371,1,0,0,0,0,0,2,0,0,0,0,0,-0.5305018529719588,1.073943382121644,0
0,0,1,0,1.2879383306831464,1,0,0,2,2,2,2,0,2,2,1,3,0.31867641411292996,0.40835669496524507,0
0,0,0,0,0.7178532386027215,1,0,2,1,1,1,1,1,1,1,1,3,-1.5093002860698053,-1.6879501423077725,0
1,0,1,1,0.7992939660427822,1,0,0,0,2,2,2,2,0,1,1,2,0.13255515009432434,-0.12644247291698474,0
1,0,0,0,-0.1779947632379461,1,2,1,0,2,0,0,2,2,1,0,2,1.1778254631988159,-0.4870347831425278,0
0,0,0,0,-0.46303730927815856,1,0,2,1,1,1,1,1,1,2,1,1,-1.4594463760648215,0.23256132492871012,0
1,0,0,1,-0.30015585439803716,1,0,1,0,2,0,0,2,2,0,1,2,1.0349109211845293,-0.6130567652771522,1
0,0,1,0,-0.62591876415828,1,0,2,1,1,1,1,1,1,1,0,3,-1.5093002860698053,-0.3133574296124571,0
1,0,1,0,1.0436161483629645,0,1,0,0,0,0,0,2,2,1,1,1,-0.6567984249845842,-0.48597577488929566,0
1,1,1,0,-0.62591876415828,1,0,1,0,0,0,0,0,2,0,0,0,0.5563133851366857,-1.407842459327872,1
0,0,1,0,0.758573602322752,1,2,2,1,1,1,1,1,1,2,0,3,-1.304899255049372,-1.4523208059636217,0
1,0,1,1,1.6137012404433893,0,1,0,2,0,2,2,2,0,2,0,3,-0.5271782589716266,-0.10738032435880623,0
1,0,1,0,0.7992939660427822,1,0,1,2,0,0,0,2,0,0,0,2,0.642726829145324,0.231502316675478,1
0,0,0,0,-0.21871512695797646,1,0,2,1,1,1,1,1,1,2,1,3,-1.5009913010689746,0.7340017328341275,0
0,0,0,0,-1.1960038562387048,1,0,2,1,1,1,1,1,1,0,0,3,-1.4876969250676457,0.9706900774315105,0
0,0,1,0,1.2879383306831464,1,2,0,2,2,2,2,0,2,2,1,3,0.5496661971360212,0.561383387557289,0
0,0,1,0,0.5142514200025698,1,0,1,0,0,0,2,2,2,2,1,1,1.0116457631822036,0.20608611859790665,0
1,1,1,0,-1.1960038562387048,0,1,0,0,0,0,0,2,0,0,1,3,-0.9409657120129912,1.6606339544122484,1
0,0,1,0,1.5729808767233588,1,2,0,0,2,2,2,2,2,2,1,1,0.6161380771426661,0.8356665251444129,0
0,1,0,0,-1.2774445836787656,0,1,0,0,0,0,0,0,0,0,0,3,-1.3198554280508674,-0.5876405671995809,1
0,0,1,1,1.0436161483629645,1,0,2,1,1,1,1,1,1,2,0,1,-1.477726143066649,-1.5645756808062283,0
1,0,1,1,0.06632741908223598,1,0,1,0,2,2,0,2,0,0,1,2,0.8338334841644282,-0.3017083388269036,0
0,0,0,0,-0.9924020376385531,1,0,0,2,0,0,0,0,0,0,1,2,-0.49560411596847015,-0.0549594158238154,1
0,0,1,1,-0.7073594915983407,1,0,2,1,1,1,1,1,1,0,0,3,-1.4943441130683104,-0.47379717997712606,0
1,0,1,1,1.369379058123207,0,1,0,0,0,2,2,2,2,2,0,0,-0.33607160395252245,-0.06290197772305643,0
1,1,0,0,-0.8295205827584317,0,1,0,0,2,0,0,0,0,0,1,1,-1.1769408860365806,0.004345046357184339,0
1,0,0,0,1.0436161483629645,1,0,2,1,1,1,1,1,1,2,1,0,-1.51594747407047,-1.6863616299279243,0
0,0,1,1,-1.1960038562387048,1,0,2,1,1,1,1,1,1,2,0,3,-1.517609271070636,0.5799160319888514,0
0,1,1,0,0.43281069256250915,0,1,0,0,2,2,0,2,2,0,0,1,-0.30615925794953225,-0.6781857728509287,1
0,0,0,0,-0.9516816739185228,1,0,1,0,2,2,0,0,0,0,0,2,0.5247392421335293,1.0416436303980636,0
0,0,0,0,-1.1960038562387048,1,0,2,1,1,1,1,1,1,1,0,3,-1.479387940066815,1.2227340417007593,0
0,0,1,1,-0.4223169455581282,1,0,0,0,2,0,0,2,2,1,1,0,0.1574821050968162,-1.2500502295962834,1
1,0,1,0,0.3106496014024181,1,2,1,0,2,2,0,2,2,1,1,0,1.3705939152180862,0.16478479672185328,0
0,0,0,0,1.4508197855632678,1,2,2,1,1,1,1,1,1,2,0,0,-1.304899255049372,-0.9958882488205701,0
1,0,1,0,0.880734693482843,1,2,1,0,2,2,0,2,2,0,1,2,1.3140928172124378,0.6127452878390477,1
0,0,0,0,0.7178532386027215,1,2,0,0,2,0,2,2,2,2,1,3,0.4931650991303729,0.0975377726416125,0
1,0,0,0,-1.2774445836787656,1,0,0,0,0,0,0,0,2,0,1,2,-0.3161300399505289,0.6900528903249938,0
0,0,1,0,1.6137012404433893,1,2,0,2,2,2,2,2,2,2,0,0,0.7740087921584478,1.0384666056383673,0
1,0,0,1,0.3106496014024181,1,0,2,1,1,1,1,1,1,1,1,0,-1.4744025490663168,1.5706182528875168,0
0,0,1,1,1.6137012404433893,1,2,1,2,2,2,2,2,2,2,1,0,1.7561308192566265,1.5256104021251509,0
0,0,0,0,-1.0738427650786138,1,0,2,1,1,1,1,1,1,0,0,3,-1.4876969250676457,-1.6334112172663173,0
0,0,0,0,-1.1145631287986442,1,0,2,1,1,1,1,1,1,0,1,1,-1.4993295040688086,1.6458078388669986,0
1,0,1,0,0.6364125111626608,1,2,0,0,2,2,0,0,2,1,1,1,0.19237984210030468,-0.1545061916276364,0
0,0,0,0,-1.2774445836787656,1,2,1,0,0,0,0,2,2,0,1,2,0.966777244177718,1.6611634585388646,1
0,0,1,1,1.2879383306831464,1,0,0,2,0,0,2,2,0,1,0,3,0.034509127084522986,0.11607041707317492,0
0,0,0,0,-0.62591876415828,1,0,2,1,1,1,1,1,1,1,0,1,-1.4860351280674797,-0.17621586081889523,0
1,0,1,0,0.3106496014024181,1,0,1,0,2,2,0,0,0,0,1,2,0.5064594751317021,-0.26834957885009125,0
0,0,1,1,0.35136996512244845,0,1,0,2,0,2,0,0,0,1,0,1,-0.9758634490164798,-1.3247103114491492,0
1,1,0,0,0.758573602322752,1,2,1,0,2,0,0,0,0,1,1,0,0.4931650991303729,0.07423959107050546,0
1,0,1,0,0.35136996512244845,1,2,1,0,2,0,0,0,0,0,1,2,0.5147684601325326,-0.14815214210824357,0
0,0,1,1,-1.2774445836787656,1,0,0,0,0,2,0,0,0,0,0,3,-0.4756625519664766,0.5137280161618428,1
0,0,0,0,-1.2367242199587352,1,0,2,1,1,1,1,1,1,0,1,3,-1.4727407520661506,0.1748453751275586,0
1,0,0,0,1.4508197855632678,1,0,1,0,2,2,0,0,0,1,0,1,0.4931650991303729,0.6778742954128242,0
0,0,1,1,-0.3408762181180675,1,2,2,1,1,1,1,1,1,2,0,3,-1.33148800705203,0.7710670216972524,0
1,0,1,0,1.5322605130033284,1,2,0,2,0,2,2,0,2,2,0,1,0.4167224371227313,0.6874053696919135,0
1,0,0,0,-1.1960038562387048,0,1,0,0,0,0,2,0,0,0,1,2,-1.1636465100352518,1.7003467639084537,0
1,0,0,0,-1.2367242199587352,1,0,0,0,0,0,0,0,0,0,0,0,-0.6601220189849164,-1.614349068708139,0
1,0,1,0,-1.1960038562387048,0,1,0,0,2,0,0,0,0,0,0,1,-1.1619847130350858,1.6744010617042662,0
0,0,0,0,-1.0331224013585834,1,2,0,0,0,0,2,2,2,0,1,2,0.32864719611392706,0.5852110732550121,1
0,0,0,0,-0.7888002190384014,1,0,0,2,0,0,0,2,2,0,1,2,0.23891015810495633,1.6521618883863913,0
1,0,0,0,-1.0331224013585834,1,0,2,1,1,1,1,1,1,0,0,3,-1.462769970065154,-1.330534856841926,0
1,0,1,1,-0.8295205827584317,1,0,0,0,0,0,0,2,0,0,1,3,-0.28123230294704044,0.9627475155322694,0
1,0,1,1,0.8400143297628127,1,2,1,0,2,2,0,2,2,1,1,2,1.3456669602155942,0.7207641296687258,0
0,0,0,0,-0.8295205827584317,1,2,1,0,0,0,0,2,2,0,1,2,0.9784098231788811,-1.6784190680286832,1
1,0,1,1,1.247217966963116,1,0,2,1,1,1,1,1,1,2,0,3,-1.502653098069141,-1.4872680783202823,0
0,0,0,0,-0.7073594915983407,1,0,0,2,2,2,2,2,2,0,0,3,0.6543594081464871,-1.4486142770773092,0
1,0,1,1,0.14776814652229667,1,0,0,2,2,0,0,0,0,1,0,3,-0.3693075439558449,-0.9090495720555348,0
1,1,1,0,-1.1552834925186746,0,1,0,0,0,2,0,0,0,0,1,2,-1.1586611190347533,-1.5481610528811303,0
0,0,1,1,-0.3408762181180675,1,0,2,1,1,1,1,1,1,2,0,3,-1.4976677070686424,0.3114574397945044,0
0,0,0,0,1.1657772395230555,0,1,0,2,2,2,2,0,0,1,0,1,-0.7000051469889033,-0.4843872625094474,0
1,0,0,0,-0.6666391278783103,1,2,0,0,2,0,0,0,0,0,0,2,-0.31446824295036285,1.5976229633449364,0
1,0,1,1,1.3286586944031769,1,0,2,1,1,1,1,1,1,2,1,1,-1.4926823160681442,-1.4660879132556395,0
0,0,1,1,-0.2594354906780068,1,0,2,1,1,1,1,1,1,2,0,1,-1.4993295040688086,0.492018346970584,0
1,0,0,0,-0.6666391278783103,1,0,0,0,0,0,2,0,0,0,1,3,-0.5088984919697991,1.4562453615384459,0
0,0,1,0,0.880734693482843,1,2,1,2,2,0,0,2,2,1,0,0,1.3888736822199135,0.7948947073949755,1
1,0,0,0,-1.2774445836787656,1,0,2,1,1,1,1,1,1,0,0,3,-1.4843733310673135,-0.8735727955722582,1
1,0,0,1,-1.1145631287986442,1,0,2,1,1,1,1,1,1,2,0,3,-1.4727407520661506,-1.6620044401035852,0
0,0,0,0,-0.5444780367182193,0,1,0,0,2,0,0,0,2,0,1,2,-0.8329489070021932,1.2253815623338398,0
1,0,0,0,-0.9109613101984924,1,2,0,2,0,0,0,0,0,0,1,1,-0.3410569949530208,0.7583589226584667,0
0,0,1,1,-0.38159658183809786,1,0,1,0,2,2,2,0,0,0,0,2,0.6327560471443273,-0.9318182495000258,1
1,0,0,0,-1.1960038562387048,1,0,0,0,0,0,0,2,0,0,0,3,-0.3194536339508612,-1.1732721312369534,1
0,0,0,0,1.6137012404433893,1,2,1,0,2,2,2,2,2,2,1,0,1.5567151792366918,1.4668354440707672,0
1,1,1,0,-0.9109613101984924,1,2,1,0,0,0,0,0,2,0,1,2,0.7274784761537967,1.5743247817738293,1
0,0,1,1,-0.9109613101984924,1,0,0,0,2,2,0,0,0,0,1,3,-0.30615925794953225,0.6974659480976187,0
1,0,1,0,-0.8702409464784621,1,0,2,1,1,1,1,1,1,1,1,3,-1.4694171580658184,-0.9842391580350167,0
0,1,0,0,0.18848851024232702,1,2,1,2,2,0,0,2,2,0,1,0,1.395520870220578,0.11077537580701423,1
1,0,1,1,-0.62591876415828,1,2,0,2,0,0,2,0,0,1,1,3,-0.08846385092776998,-1.622821134733996,0
0,0,1,1,0.14776814652229667,1,2,1,2,0,2,0,2,2,0,1,1,1.3207400052131024,-0.04436933329149402,0
1,1,0,0,-0.62591876415828,1,0,1,0,2,2,0,2,2,0,1,2,1.2310029672041316,-1.0509566779886415,0
0,1,1,1,1.369379058123207,1,2,1,2,2,0,2,2,2,1,1,1,1.5234792392333694,1.2550337934243396,0
1,0,1,1,1.1657772395230555,1,0,0,2,2,2,2,2,2,1,0,0,0.6693155811479823,0.6069207424462709,0
1,0,0,0,-0.4223169455581282,1,0,1,0,2,0,0,2,2,0,1,3,0.9451738831755587,-0.787263622933839,0
1,0,0,0,-1.2774445836787656,0,1,0,0,0,0,0,0,0,0,1,2,-1.341458789053027,-0.6453565170007325,0
0,0,0,0,-1.0738427650786138,1,0,1,0,0,0,0,0,0,0,0,1,0.19237984210030468,0.2262072754093173,0
1,0,0,0,-0.055833672077855064,1,0,1,0,2,0,2,0,0,0,1,2,0.45494376812655235,-0.6215288313030093,1
0,0,1,1,1.4508197855632678,1,0,0,2,2,2,2,2,2,2,1,1,0.6726391751483144,0.7329427245808954,0
0,0,1,1,0.06632741908223598,1,2,1,0,0,2,0,2,0,0,0,2,0.7540672281564545,-0.41184519716304596,1
0,0,1,1,0.7992939660427822,1,0,1,0,2,2,2,0,0,0,0,0,0.6992279271509723,0.2690971096652189,0
0,0,0,1,-0.9109613101984924,1,0,1,0,0,2,2,2,0,0,1,2,0.8753784091685812,1.702994284541534,0
1,0,1,1,-0.13727439951791576,1,0,1,0,0,0,0,0,0,0,1,2,0.19902703010096928,-0.8889284152441242,1
0,0,1,1,1.6137012404433893,1,0,2,1,1,1,1,1,1,2,0,0,-1.4843733310673135,-1.2738779152940065,0
1,0,1,1,0.5956921474426305,1,0,2,1,1,1,1,1,1,1,0,3,-1.4860351280674797,1.6902861855027485,0
1,0,1,1,-0.3408762181180675,1,2,0,2,0,0,0,2,2,1,0,3,0.33363258711442517,-0.9964177529471863,0
1,0,0,0,1.3286586944031769,1,2,2,1,1,1,1,1,1,1,0,1,-1.328164413051698,-1.1637410569578641,0
0,0,0,0,-1.1552834925186746,1,2,1,0,0,0,2,2,2,0,1,3,1.1994288242009752,0.07794611995681794,0
1,1,1,0,-0.8295205827584317,1,2,1,0,2,0,0,2,2,0,1,2,1.2160467942026365,-1.5126842763978536,1
1,0,0,0,-1.2774445836787656,1,2,1,2,0,0,0,0,0,0,1,2,0.5629605731373504,1.4832500719958652,1
1,0,0,0,0.025607055362205634,1,0,1,0,0,0,0,0,0,0,0,2,0.11593718009266311,-0.7777325486547497,1
0,0,0,0,0.06632741908223598,1,0,1,0,2,2,2,2,2,0,1,2,1.3406815692150957,-0.06237247359644037,0
0,0,1,0,-0.748079855318371,1,0,2,1,1,1,1,1,1,2,0,3,-1.4744025490663168,-0.389076519718555,0
0,0,0,0,-1.1552834925186746,1,0,1,0,0,0,0,0,2,0,1,2,0.47820892612887816,-0.2672905705968591,1
1,0,1,1,-0.7888002190384014,1,0,2,1,1,1,1,1,1,1,0,3,-1.4876969250676457,-0.7750850280216693,0
0,0,1,1,1.3286586944031769,1,2,0,0,2,0,2,2,2,2,1,0,0.48651791112970877,0.5476162802652712,0
1,0,1,1,-0.38159658183809786,1,0,0,2,0,0,2,0,0,1,0,1,-0.25131995694405,-1.3125317165369794,0
1,0,1,0,0.9214550572028734,1,0,0,2,2,2,0,0,0,2,0,2,-0.2047896409393986,-0.31441643786568924,0
1,0,1,0,0.6771328748826912,1,0,1,0,2,0,0,2,2,2,1,2,0.9983513871808745,0.3787044638747452,0
1,0,1,0,1.125056875803025,1,2,1,0,2,2,0,2,2,1,0,0,1.2542681252064576,0.9352133009482338,0
0,0,1,1,1.4915401492832983,1,0,2,1,1,1,1,1,1,1,1,1,-1.4760643460664828,-1.2897630390924886,0
1,0,0,0,0.3106496014024181,1,2,1,0,0,0,0,2,0,0,1,2,0.6693155811479823,-0.17727486907212736,0
1,0,1,0,1.4100994218432374,1,0,0,2,2,0,2,0,2,2,1,1,0.14751132309581955,0.36864388546903987,0
1,1,0,0,0.10704778280226633,1,2,1,0,0,0,0,2,2,0,1,2,1.0199547481830342,-0.13226701830976148,1
1,0,1,1,-0.5444780367182193,1,2,1,0,0,0,2,2,2,1,1,2,1.2027524182013078,-0.9567049434509811,1
0,0,1,1,-0.7888002190384014,1,0,2,1,1,1,1,1,1,2,0,3,-1.4594463760648215,-0.4743266841037421,0
0,0,0,1,0.35136996512244845,1,2,1,0,2,0,0,2,0,0,1,0,0.788964965159943,-0.05919544883674395,0
0,0,0,0,-1.1552834925186746,0,1,0,2,0,2,0,0,0,0,0,3,-0.9891578250178088,-1.3861327901366132,0
0,0,1,1,-0.3408762181180675,1,0,0,2,0,0,2,0,0,0,0,2,-0.3194536339508612,-1.4173735336069613,0
0,0,0,0,-1.1145631287986442,0,1,0,0,2,0,0,2,2,0,1,1,-0.4590445819648154,-0.7036019709285001,0
0,0,0,0,-1.1145631287986442,1,2,0,0,2,0,0,0,2,0,1,2,-0.025315564921457354,-0.03589726726563691,0
0,0,1,1,-1.2774445836787656,1,0,1,0,0,0,0,0,0,0,1,3,0.14418772909548702,1.1554870176205185,1
0,0,1,1,1.6137012404433893,1,2,0,2,2,2,2,2,0,2,0,0,0.5131066631323666,0.7721260299504845,0
0,0,0,0,-0.3408762181180675,1,0,0,0,0,2,0,0,0,0,1,1,-0.5138838829702976,-1.4994466732324518,0
0,0,1,0,0.3920903288424788,1,2,0,2,0,2,2,2,2,2,0,1,0.6510358141461546,-0.08620015929416347,0
0,0,0,0,-1.1552834925186746,1,0,2,1,1,1,1,1,1,0,0,3,-1.4860351280674797,1.5213743691122223,0
1,0,0,0,1.4508197855632678,1,2,1,2,2,2,2,2,2,1,1,1,1.7428364432552979,1.4705419729570797,0
0,0,1,1,0.025607055362205634,1,0,2,1,1,1,1,1,1,1,0,3,-1.4843733310673135,0.8028372692942165,0
0,1,0,0,-1.2774445836787656,1,0,1,0,0,0,0,0,0,0,1,2,0.16080569909714826,1.159723050633447,1
1,0,0,0,-0.055833672077855064,1,2,1,0,2,2,0,2,2,1,1,2,1.285842268209614,-0.3154754461189214,1
0,0,0,0,-1.1552834925186746,1,2,1,0,2,0,0,0,0,0,0,0,0.4383257981248911,-0.32129999151169814,1
1,1,1,0,1.4915401492832983,1,2,1,0,2,2,2,2,2,2,1,2,1.5018758782312098,1.3688771806467943,0
1,1,0,0,0.22920887396235737,1,2,1,0,0,0,0,2,2,0,0,2,0.9966895901807084,-0.05284139931735112,0
0,0,1,1,-1.1960038562387048,1,0,1,0,2,0,2,0,0,0,1,2,0.5064594751317021,-0.6368844509748753,0
0,0,1,1,0.6364125111626608,1,2,0,0,2,0,2,2,2,2,0,2,0.4948268961305394,0.028702236181523517,0
0,0,1,0,-0.7073594915983407,1,2,2,1,1,1,1,1,1,2,0,3,-1.3148700370503688,0.02764322792829138,0
0,0,0,0,-0.30015585439803716,1,0,2,1,1,1,1,1,1,1,0,1,-1.491020519067978,0.6100977672059674,0
0,1,0,0,-1.2774445836787656,1,0,1,0,0,0,0,2,0,0,0,2,0.45494376812655235,1.404353957130071,1
0,0,0,0,0.6364125111626608,0,1,0,2,2,0,0,2,0,0,1,2,-0.6634456129852487,-0.8068552756186336,0
1,0,0,0,-1.2774445836787656,1,0,2,1,1,1,1,1,1,0,0,3,-1.477726143066649,-0.8714547790657939,0
1,0,0,0,-1.2774445836787656,1,0,2,1,1,1,1,1,1,0,0,2,-1.5142856770703037,-0.9418788279057312,0
0,0,0,0,0.18848851024232702,1,0,1,0,2,2,0,0,0,1,0,2,0.5081212721318681,-0.34036214006987664,0
1,1,1,0,1.369379058123207,1,2,1,0,2,2,2,2,2,1,1,0,1.4154624342225712,1.211614455041822,0
0,0,1,0,-0.2594354906780068,0,1,0,2,2,2,0,2,0,1,0,0,-0.562075995975115,-1.5370414662221927,0
1,0,1,0,1.247217966963116,1,0,0,2,2,0,2,2,0,1,0,1,0.2006888271011353,0.27333314267814746,0
1,0,0,0,-0.9109613101984924,0,1,0,0,0,2,0,0,0,0,0,3,-1.1719554950360824,-0.5585178402356971,1
0,0,0,0,-1.2367242199587352,1,0,0,2,0,0,0,2,2,0,1,2,0.19902703010096928,-1.2749369235472385,1
1,1,1,0,-0.5851984004382496,1,0,0,2,0,0,0,0,2,0,1,1,-0.18817167093773737,-1.7117778280054956,0
0,0,1,0,1.2879383306831464,1,2,2,1,1,1,1,1,1,2,0,3,-1.303237458049206,-1.0806089090791413,0
0,1,0,0,-0.9516816739185228,1,2,1,0,0,0,0,0,2,0,1,2,0.6543594081464871,1.366229660013714,1
0,0,0,1,-0.1779947632379461,1,0,2,1,1,1,1,1,1,0,0,3,-1.479387940066815,0.6397499982964673,0
0,0,0,0,-1.2774445836787656,1,0,1,0,0,2,0,0,0,0,0,2,0.358559542116917,1.3318118917836697,0
1,0,0,0,-1.1552834925186746,1,2,1,0,0,0,0,0,2,0,1,2,0.6942425361504742,-0.1714503236793506,1
1,1,0,0,0.22920887396235737,1,0,0,0,2,2,2,2,0,1,1,1,0.179085466098976,-0.5897585837060452,1
1,0,1,0,1.369379058123207,1,2,1,0,2,2,0,0,2,1,0,2,1.0149693571825356,0.9622180114056533,0
0,0,0,0,-1.2774445836787656,1,0,1,0,0,0,0,0,0,0,1,2,0.18240906009930805,1.1904342899771791,0
0,0,1,0,-0.5851984004382496,1,0,0,0,0,0,2,0,0,0,1,3,-0.4806479429669752,1.6325702357015968,0
1,1,0,0,0.758573602322752,1,2,1,0,0,2,0,2,2,0,1,2,1.0980592071908417,0.47878074380518226,1
1,0,1,1,-1.318164947398796,1,0,2,1,1,1,1,1,1,2,0,3,-1.4926823160681442,-1.7250154311708974,0
1,0,0,0,-1.2774445836787656,1,0,0,0,0,0,0,0,0,0,0,3,-0.613591702980265,0.3432276873914686,1
1,0,0,1,-0.8295205827584317,1,0,2,1,1,1,1,1,1,2,0,0,-1.5093002860698053,-0.7999717219726247,0
0,0,0,0,0.35136996512244845,1,2,1,0,2,2,0,2,2,0,1,2,1.3805646972190828,0.27121512617168314,1
1,0,0,0,-0.8295205827584317,1,2,2,1,1,1,1,1,1,0,0,2,-1.3215172250510334,-0.27364462011625196,0
0,0,1,1,0.9214550572028734,1,0,2,1,1,1,1,1,1,2,0,3,-1.477726143066649,-1.6440012997986388,0
0,0,0,0,-1.0331224013585834,1,2,1,0,0,0,0,0,0,0,1,2,0.35191235411625243,0.7482983442527614,0
0,0,0,0,-0.8295205827584317,1,0,1,0,0,2,2,0,2,0,1,2,0.8188773111629334,-1.6244096471138443,1
0,0,1,1,1.4508197855632678,1,2,0,2,2,2,2,2,2,2,0,1,0.7723469951582818,0.936272309201466,0
0,1,0,0,-1.1145631287986442,1,2,1,0,0,0,0,2,0,0,1,1,0.611152686142168,0.28021669632415636,1
0,1,0,0,0.6771328748826912,1,0,0,0,0,0,0,0,0,0,0,3,-0.6966815529885713,-0.8063257714920175,0
1,0,0,0,0.3106496014024181,0,1,0,2,2,2,0,2,2,1,0,1,-0.09012564792793624,-0.5749324681607952,0
0,0,0,0,-0.6666391278783103,1,0,2,1,1,1,1,1,1,1,0,0,-1.4843733310673135,-0.2625250334573145,0
1,0,0,0,-0.9109613101984924,1,2,1,0,0,0,0,0,0,0,1,3,0.31202922611226586,1.489074617388642,1
0,0,1,0,1.6137012404433893,1,2,1,0,2,2,0,2,2,1,1,2,1.2160467942026365,1.2830975121349912,0
0,1,0,0,-1.2367242199587352,1,2,1,0,0,0,0,0,2,0,1,2,0.641065032145158,-0.9688835383631507,0
1,0,1,1,-0.38159658183809786,1,0,2,1,1,1,1,1,1,2,0,3,-1.4577845790646555,0.3220475223268258,0
0,1,0,0,1.5729808767233588,1,2,1,0,2,2,0,2,2,1,1,2,1.3672703212177542,1.3386954454296784,0
0,0,1,0,-0.8702409464784621,1,2,1,0,0,2,0,2,2,0,1,2,1.15456030519649,-1.668358489622978,1
1,0,0,0,-1.2774445836787656,1,0,0,0,0,0,0,0,0,0,1,3,-0.6850489739874083,0.2537414899933529,1
0,0,0,0,-0.6666391278783103,1,0,0,0,2,0,2,0,0,0,1,3,-0.36099855895501426,1.534082468151008,1
0,0,0,0,-1.2774445836787656,1,2,1,0,0,0,0,0,2,0,1,3,0.6875953481498096,1.5632051951148918,1
1,0,1,0,-0.8295205827584317,1,0,1,0,2,0,0,0,2,0,1,1,0.6743009721484804,1.7321170115054179,0
0,0,0,0,0.880734693482843,0,1,0,2,0,0,2,0,2,1,0,0,-0.6867107709875744,-0.6633596573056788,0
0,0,1,0,1.4508197855632678,1,2,1,0,2,2,2,0,0,2,0,1,0.8454660631655913,0.9691015650516622,0
0,0,1,1,-1.1552834925186746,1,2,0,0,0,0,0,0,0,0,0,3,-0.4623681759651477,-0.6517105665201253,1
0,0,0,1,-1.2774445836787656,1,0,0,0,0,2,0,0,2,0,0,2,-0.18484807693740507,0.8388435499041093,1
1,0,0,0,-0.21871512695797646,1,0,0,2,0,0,2,0,0,0,0,3,-0.37595473195650925,-1.2728189070407743,0
1,0,0,0,-0.46303730927815856,1,0,2,1,1,1,1,1,1,0,1,3,-1.4893587220678117,0.15843074720246045,0
1,0,0,0,-0.7888002190384014,1,0,1,0,0,2,0,2,0,0,1,2,0.612814483142334,-1.660945431850353,1
0,1,0,0,1.2879383306831464,1,2,0,0,2,2,2,0,2,0,0,1,0.32864719611392706,0.45124652922114666,0
0,0,0,0,-1.2774445836787656,1,0,0,2,2,0,0,0,0,0,1,2,-0.32776261895169184,0.6535171055884851,1
1,0,1,0,1.002895784642934,0,1,0,0,2,2,2,2,2,2,1,0,-0.24134917494305336,-0.22016470332802895,0
0,0,1,0,-0.46303730927815856,1,2,1,2,0,2,0,2,2,0,1,2,1.300798441211109,-0.7242526318665268,1
1,0,0,0,-0.5444780367182193,1,0,2,1,1,1,1,1,1,2,0,3,-1.4993295040688086,-0.0840821427876992,0
1,0,1,0,-0.055833672077855064,1,0,1,0,0,2,0,2,2,1,1,2,0.9651154471775519,-0.38007494956608184,0
1,0,0,0,0.7992939660427822,1,2,0,2,2,2,2,2,2,2,1,3,0.8138919201624348,0.3601718194431828,0
0,0,0,0,0.5549717837226001,1,2,1,0,2,2,0,0,2,1,1,2,0.9767480261787151,0.26221355601921,0
0,1,0,0,-0.8702409464784621,1,2,0,2,0,0,0,0,0,0,1,2,-0.304497460949366,0.8091913188136094,0
0,0,1,1,0.8400143297628127,0,1,0,2,2,2,0,0,2,0,1,0,-0.533825446972291,-0.5913470960858934,0
0,0,1,1,-0.8702409464784621,1,0,2,1,1,1,1,1,1,0,1,3,-1.5126238800701375,-1.0123028767456683,1
1,1,0,0,1.002895784642934,1,2,1,0,2,0,2,2,2,0,1,0,1.3340343812144315,0.8425500787904218,0
0,1,0,0,-1.2367242199587352,1,2,1,0,0,0,0,0,0,0,1,3,0.35523594811658493,-1.1796261807563462,1
0,1,0,0,-1.2367242199587352,1,0,0,2,2,0,0,0,0,0,0,3,-0.32942441595185784,-1.683184605168228,1
0,0,1,1,1.5729808767233588,1,0,2,1,1,1,1,1,1,2,0,0,-1.491020519067978,-1.3517150219065686,0
0,0,1,1,-1.2774445836787656,1,0,2,1,1,1,1,1,1,0,1,3,-1.5076384890696393,-0.9402903155258829,0
1,0,1,0,1.4508197855632678,1,2,2,1,1,1,1,1,1,2,0,1,-1.3198554280508674,-1.1425608918932213,0
1,0,1,0,1.6137012404433893,1,0,0,2,2,2,2,2,2,2,0,3,0.6543594081464871,0.8880874336794037,0
0,0,0,0,-1.2367242199587352,1,0,2,1,1,1,1,1,1,0,0,3,-1.5109620830699715,0.25585950649981715,0
1,1,1,0,-1.2774445836787656,1,2,1,0,0,0,0,2,2,0,1,2,1.0083221691818711,1.6860501524898197,1
0,0,0,0,0.35136996512244845,1,0,0,2,0,2,2,2,2,1,1,0,0.5014740841312035,-0.197396025883538,0
1,0,1,1,1.6137012404433893,1,2,2,1,1,1,1,1,1,2,0,1,-1.303237458049206,-0.9630589929703739,0
1,0,1,0,-1.0738427650786138,1,2,1,0,0,0,0,0,0,0,1,2,0.356897745116751,0.24368091158764757,1
0,0,1,1,-1.1552834925186746,1,0,1,0,0,2,0,0,0,0,1,2,0.29873485011093664,-0.22757776110065392,1
1,0,0,0,-0.8295205827584317,1,2,1,0,0,0,0,2,2,0,1,2,1.0398963121850275,-1.5751657633385499,1
0,0,1,0,1.0436161483629645,1,2,0,2,0,0,2,0,2,1,1,2,0.12092257109316168,0.07265107869065725,0
0,0,0,0,-1.0331224013585834,1,0,2,1,1,1,1,1,1,0,0,3,-1.4660935640654862,-1.201335849947605,0
0,0,1,0,1.3286586944031769,1,0,0,2,0,2,0,0,0,0,1,3,-0.3194536339508612,-0.0480758621778065,0
1,0,0,0,-1.2774445836787656,1,0,1,0,0,0,0,0,0,0,1,3,0.19404163910047073,1.1941408188634917,0
1,0,1,0,0.9621754209229036,1,0,2,1,1,1,1,1,1,1,0,1,-1.4893587220678117,-1.5974049366564247,0
1,0,0,0,-1.1552834925186746,1,0,2,1,1,1,1,1,1,0,0,3,-1.5209328650709681,1.2746254461091342,0
0,0,1,1,1.0436161483629645,1,0,0,0,0,0,0,0,0,1,1,3,-0.6867107709875744,-0.6363549468482592,0
1,0,1,0,1.2064976032430856,1,2,1,0,0,2,2,2,2,2,1,0,1.423771419223402,1.16607710015284,0
1,0,0,0,-0.2594354906780068,1,2,0,2,2,0,0,0,0,1,0,2,-0.10674361792959748,-1.177508164249882,0
1,0,0,0,1.2064976032430856,1,2,1,2,2,2,0,0,0,0,0,0,0.8620840331672525,0.7234116503018062,0
0,0,1,1,1.0436161483629645,1,0,1,2,2,0,0,2,2,1,0,1,1.1462513201956595,0.8234879302322432,0
0,0,1,0,1.4508197855632678,1,2,0,2,2,2,2,2,2,2,1,2,0.895319973170575,1.013579911687412,0
0,0,1,1,1.1657772395230555,1,2,1,2,2,2,0,0,2,1,1,1,1.1944434332004772,0.8838514006664752,0
0,0,0,0,0.3920903288424788,1,2,0,0,0,2,2,2,2,2,1,1,0.45494376812655235,-0.17409784431243094,0
1,0,0,0,-0.5851984004382496,1,2,1,0,0,0,0,2,0,0,0,0,0.6493740171459885,-1.2129849407331585,0
0,0,0,0,0.9621754209229036,1,0,2,1,1,1,1,1,1,2,1,0,-1.502653098069141,-1.63976526678571,0
0,0,0,0,-1.1552834925186746,1,2,1,0,2,0,0,0,2,0,1,2,0.8039211381614382,-0.09626073769986879,1
0,0,0,0,-1.1552834925186746,1,0,2,1,1,1,1,1,1,0,0,1,-1.4727407520661506,1.5060187494403563,0
0,0,0,1,0.10704778280226633,1,0,0,2,2,0,0,0,0,1,0,1,-0.304497460949366,-0.8534516387608476,0
0,0,1,1,1.2879383306831464,1,2,1,2,0,0,2,0,0,0,1,0,0.7324638671542947,0.6318074363972263,0
0,0,0,0,-0.055833672077855064,1,0,2,1,1,1,1,1,1,1,0,3,-1.4561227820644893,1.1316593319227954,0
0,1,1,0,1.4100994218432374,1,0,2,1,1,1,1,1,1,2,1,0,-1.4860351280674797,-1.4708534503951842,0
0,0,0,0,-1.1552834925186746,1,0,0,0,2,0,0,0,0,0,0,1,-0.467353566965646,-1.2357536181776494,1
0,1,1,0,1.5322605130033284,1,2,1,2,2,2,2,2,2,2,1,2,1.624848856243503,1.3868803209517409,0
1,0,0,0,-1.1960038562387048,1,0,0,0,0,0,0,2,0,0,0,1,-0.3776165289566755,-0.9551164310711329,1
1,1,1,0,0.8400143297628127,1,2,1,0,2,0,0,2,2,0,1,2,1.2343265612044643,0.7112330553896365,1
1,0,1,1,-1.2367242199587352,1,0,0,2,2,0,2,0,0,2,0,3,-0.17487729493640844,-1.4343176656586754,0
0,0,1,1,-0.13727439951791576,1,0,1,0,0,0,0,2,2,0,1,1,0.7656998071576172,-0.5235705678790366,0
0,0,0,0,0.5956921474426305,0,1,0,2,0,2,2,0,0,2,0,3,-0.7598298389948839,-0.9572344475775971,0
0,0,1,1,1.4508197855632678,1,2,1,0,0,0,0,2,0,1,1,2,0.6061672951416694,0.7615359474181631,1
1,0,0,1,-0.8295205827584317,1,0,0,2,0,0,0,2,2,0,1,3,0.16911468409797886,1.5383185011639364,0
0,0,1,1,-0.9924020376385531,1,0,0,0,2,0,2,0,0,0,0,0,-0.28123230294704044,0.08800669836252326,0
1,0,1,0,0.880734693482843,1,2,1,2,2,2,0,2,2,0,0,2,1.4885815022298807,0.9193281771497518,0
1,0,1,1,1.4915401492832983,1,0,1,0,2,0,2,2,0,2,1,3,0.9102761461720702,1.029465035485894,0
0,0,0,0,-0.2594354906780068,1,2,0,2,2,0,0,2,0,0,1,0,0.1574821050968162,-1.011243868492436,0
0,0,1,0,1.6137012404433893,1,2,1,2,2,2,2,0,0,2,1,0,1.071470455188184,1.2264405705870718,0
0,0,0,0,1.5322605130033284,0,1,0,2,0,2,2,2,2,2,1,0,-0.2130986259402292,0.18014041639371928,0
1,0,0,1,-1.2774445836787656,1,0,0,2,0,0,0,0,0,0,0,3,-0.47067716096597834,0.515316528541691,1
1,0,0,0,-0.9109613101984924,1,0,1,0,0,0,0,2,2,0,1,2,0.8222009051632655,1.5822673436730703,1
0,0,1,1,-0.1779947632379461,1,0,1,0,0,0,0,0,0,1,1,0,0.1873944510998066,-0.878867836838419,0
1,0,0,0,-1.2774445836787656,1,0,1,0,0,0,0,0,0,0,1,2,0.16745288709781284,1.1618410671399113,1
0,0,1,0,-0.46303730927815856,1,2,1,0,0,0,0,2,2,0,1,2,0.9817334171792131,-0.9048135390426063,0
1,1,1,0,0.758573602322752,1,2,1,2,0,2,0,2,0,0,1,0,0.9651154471775519,0.4062386784587808,1
0,0,1,1,0.8400143297628127,1,0,2,1,1,1,1,1,1,1,0,0,-1.502653098069141,-1.7165433651450401,0
1,0,0,1,0.8400143297628127,1,0,1,2,2,2,0,0,2,1,0,2,1.0365727181846955,0.5338491729732534,0
1,0,1,0,-0.3408762181180675,1,2,1,0,0,2,0,2,2,0,1,2,1.2060760122016398,-0.649592550013661,1
0,0,1,0,1.5322605130033284,1,2,0,2,2,2,2,2,2,2,1,1,0.9983513871808745,1.1422494144551167,0
1,0,0,0,1.1657772395230555,1,2,1,2,2,2,0,2,2,1,1,2,1.4287568102239003,1.0389961097649834,0
0,0,0,0,-0.8702409464784621,1,0,0,2,0,0,2,0,0,1,1,3,-0.33773340095268845,0.9389198298345462,0
1,0,0,0,-1.2367242199587352,1,0,1,0,0,0,0,0,0,0,1,1,0.21730679710279655,-1.1843917178958907,0
1,0,0,0,-0.30015585439803716,1,0,2,1,1,1,1,1,1,1,1,0,-1.504314895069307,0.5703849577097622,0
0,0,0,0,0.35136996512244845,1,2,0,0,2,0,0,0,0,1,1,1,-0.28123230294704044,-0.6660071779387592,0
1,0,1,0,-0.5851984004382496,1,2,1,0,0,0,0,2,2,0,1,2,0.9950277931805424,-1.0986120493840876,1
1,1,1,0,1.6137012404433893,1,2,1,0,2,2,0,2,2,2,1,0,1.3091074262119398,1.3789377590524998,1
0,0,1,1,1.5729808767233588,1,2,0,2,2,2,2,2,2,2,1,1,0.8570986421667539,0.9548049536330284,0
0,0,1,1,0.06632741908223598,1,0,0,2,2,2,0,0,0,1,1,3,-0.13167057293208934,-0.8386255232155977,0
1,0,0,0,-0.13727439951791576,1,0,1,0,0,2,2,2,2,0,1,1,1.1312951471941644,-0.43620238698738517,0
1,1,1,0,0.3106496014024181,1,0,1,2,2,2,2,2,0,1,1,1,1.109691786192005,0.13301454912488914,0
1,0,1,0,0.14776814652229667,0,1,0,2,0,2,0,0,0,1,0,3,-0.9775252460166459,-1.4179030377335773,0
0,0,1,0,0.5549717837226001,1,2,1,0,2,0,2,2,2,1,1,2,1.2758714862086173,0.3405801667583882,0
0,0,0,0,1.0436161483629645,1,2,1,2,2,2,0,2,2,1,1,2,1.4287568102239003,0.9849866888501443,0
1,0,0,0,0.26992923768238775,1,2,1,0,2,0,0,0,0,1,0,1,0.5529897911363537,-0.243462884899136,0
1,0,1,1,-1.1552834925186746,1,0,0,0,0,0,2,0,2,0,0,1,-0.11006721192992953,-0.702542962675268,1
0,0,1,1,0.7992939660427822,1,2,1,0,2,2,0,2,0,1,1,1,1.0282637331838649,0.5036674377561375,0
1,1,1,0,1.5322605130033284,1,2,1,0,2,2,0,2,2,1,1,2,1.330710787214099,1.2788614791220627,0
1,1,1,0,1.3286586944031769,1,0,1,0,0,0,0,0,0,1,1,0,0.20567421810163386,0.331049092479299,0
1,0,0,0,-1.2774445836787656,1,0,0,0,0,0,0,0,0,0,1,3,-0.6584602219847502,0.2606250436393618,0
0,0,1,0,1.5322605130033284,1,2,1,0,0,2,0,2,2,1,1,2,1.0930738161903437,1.181962223951322,0
0,1,1,1,-0.13727439951791576,0,1,0,0,2,2,0,0,0,0,1,3,-0.9675544640156493,-1.6958927042070135,0
1,0,0,0,-1.2774445836787656,1,0,1,0,0,0,0,2,2,0,1,2,0.8570986421667539,1.6235686655491237,1
0,0,0,0,1.4100994218432374,1,2,0,2,0,2,2,2,2,2,1,3,0.6809481601491449,0.7721260299504845,0
0,0,0,0,-1.2774445836787656,1,0,2,1,1,1,1,1,1,0,1,3,-1.504314895069307,-0.9392313072726508,0
0,0,0,0,-0.2594354906780068,1,0,1,0,0,0,0,2,2,0,1,0,0.7989357471609396,-0.7136625493342054,1
0,0,1,1,-0.0965540357978854,1,2,2,1,1,1,1,1,1,2,1,3,-1.3181936310507012,1.4297701552076423,0
0,0,1,0,0.6364125111626608,1,0,1,0,0,2,2,2,2,0,1,1,1.1728400721983174,0.43642041367589673,0
0,0,1,1,0.9214550572028734,1,0,0,2,2,0,0,0,0,0,0,2,-0.3011738669490337,-0.2826461902687251,0
1,0,0,0,-1.0331224013585834,1,2,1,0,0,0,0,0,2,0,1,3,0.6792863631489789,0.8849104089197073,1
1,0,0,0,0.18848851024232702,1,2,1,2,0,0,0,2,0,0,1,2,0.8770402061687477,-0.1767453649455113,0
0,0,1,0,-0.055833672077855064,1,0,1,0,2,0,0,0,2,0,1,0,0.6344178441444933,-0.49285932853530456,0
1,0,0,0,-1.1552834925186746,1,0,0,0,0,0,0,0,0,0,1,2,-0.626886078981594,-0.8804563492182671,0
1,0,1,1,1.6137012404433893,1,2,2,1,1,1,1,1,1,2,1,1,-1.3181936310507012,-1.0197159345182933,0
1,1,0,0,-1.1145631287986442,1,0,1,0,0,0,0,2,2,0,1,2,0.8853491911695783,0.29027727472986165,1
1,0,1,1,-1.2774445836787656,1,0,2,1,1,1,1,1,1,0,0,3,-1.4976677070686424,-0.9371132907661865,0
0,1,0,0,-0.7073594915983407,1,0,1,0,0,0,0,2,2,0,1,2,0.8886727851699104,-1.3368889063613187,0
1,0,1,1,-0.9924020376385531,1,0,0,2,0,0,0,0,0,0,1,1,-0.44741200296365274,0.12930802023857665,0
0,0,0,0,0.10704778280226633,1,0,2,1,1,1,1,1,1,1,0,3,-1.451137391063991,1.3095727184657946,0
0,1,0,0,0.9621754209229036,1,2,1,0,2,2,0,2,2,0,0,2,1.329048990213933,0.8224289219790111,0
1,0,1,0,0.3920903288424788,1,2,1,0,0,2,2,2,2,0,1,0,1.3755793062185846,0.30775091090819195,1
1,1,1,1,1.3286586944031769,1,2,1,2,2,0,0,0,0,0,1,2,0.6975661301508063,0.7631244597980114,0
0,0,1,1,-1.2367242199587352,1,0,2,1,1,1,1,1,1,1,0,3,-1.477726143066649,-0.29588379343412685,0
1,1,1,0,1.3286586944031769,1,2,1,2,0,0,0,2,2,1,1,2,1.1961052302006432,1.081885944020885,0
0,0,0,0,-0.5851984004382496,1,2,1,0,0,0,0,0,0,0,1,2,0.31202922611226586,-1.39195733552939,0
0,0,0,0,-0.38159658183809786,1,2,0,2,0,2,0,2,2,1,1,2,0.4582673621268844,-0.9810621332753202,0
0,0,0,0,-1.1552834925186746,1,0,0,0,0,0,0,0,0,0,1,3,-0.6468276429835875,-0.894752960636901,1
1,0,1,0,1.5322605130033284,1,0,2,1,1,1,1,1,1,2,0,1,-1.4926823160681442,-1.3003531216248099,0
0,0,0,0,-1.1552834925186746,1,2,0,0,0,0,0,0,0,0,0,2,-0.467353566965646,-0.7930881683266158,0
1,0,0,0,-0.5444780367182193,1,0,0,0,0,0,0,0,0,0,1,0,-0.6567984249845842,1.5875623849392309,0
0,0,0,0,-0.5851984004382496,1,0,1,0,2,2,0,0,0,0,0,2,0.43334040712439253,-1.3818967571236846,0
0,1,1,0,0.22920887396235737,1,0,1,2,0,0,0,0,2,0,1,2,0.6211234681431647,-0.2762921407493323,0
1,0,0,0,-1.2367242199587352,1,2,1,0,0,0,0,0,0,0,1,1,0.28211688010927544,-1.42425708725297,1
1,0,0,0,0.5956921474426305,1,2,1,2,2,0,0,2,0,1,0,0,0.9983513871808745,0.32045900994697757,0
0,0,1,1,0.7992939660427822,1,0,2,1,1,1,1,1,1,2,0,0,-1.4843733310673135,-1.6450603080518709,0
1,0,0,0,-0.9516816739185228,1,2,0,0,0,0,0,0,2,0,0,3,-0.1615829189350795,0.6593416509812619,0
0,0,1,0,-0.2594354906780068,1,2,0,2,2,2,2,2,2,1,1,1,0.8421424691652587,-0.6930118883961787,0
1,0,1,1,-0.9924020376385531,1,0,0,0,0,2,0,0,0,0,1,2,-0.45572098796448335,0.15154719355645155,1
1,0,1,0,0.47353105628253944,1,0,0,0,2,2,2,2,0,1,1,2,0.20567421810163386,-0.22704825697403785,0
0,0,0,0,-1.1960038562387048,0,1,0,0,2,0,0,0,0,0,0,3,-1.181926277037079,1.7172908959601678,0
1,0,0,0,-1.2367242199587352,1,0,0,0,0,0,0,0,0,0,1,0,-0.6036209209792681,1.5939164344586239,0
0,0,1,1,-0.9516816739185228,1,2,1,0,0,0,0,2,0,0,1,0,0.684271754149477,1.342401974315991,1
1,1,0,0,-1.2774445836787656,1,2,1,0,0,0,0,0,0,0,1,2,0.35191235411625243,1.3302233794038214,1
1,0,0,0,-0.30015585439803716,1,0,1,2,0,0,0,0,0,0,0,0,0.3170146171127639,-0.9016365142829099,0
0,1,1,0,-1.2367242199587352,1,0,1,0,0,0,0,0,0,0,1,2,0.1508349170961516,-1.2182799819993193,0
1,0,0,0,0.43281069256250915,1,0,1,2,0,0,0,0,0,0,1,2,0.3469269631157543,-0.2540529674314574,1
0,0,0,0,-1.2774445836787656,1,0,2,1,1,1,1,1,1,0,0,3,-1.4577845790646555,-0.8651007295464012,1
0,0,1,0,1.0436161483629645,1,2,1,0,2,2,0,0,2,1,1,2,0.9817334171792131,0.7345312369607436,0
0,0,1,1,1.0843365120829946,1,2,0,2,0,2,2,2,0,2,1,3,0.3884718881199074,0.3098689274146562,0
1,0,0,0,0.47353105628253944,0,1,0,2,0,2,0,2,2,1,1,2,-0.357674964954682,-0.6167632941634648,0
1,0,0,0,1.369379058123207,1,2,1,0,2,0,2,2,2,1,1,2,1.3124310202122718,1.143837926834965,0
1,0,1,1,1.4508197855632678,1,0,2,1,1,1,1,1,1,2,0,0,-1.4893587220678117,-1.3644231209453543,0
1,0,0,0,-0.9516816739185228,0,1,0,0,0,0,0,0,0,0,1,2,-1.3231790220511994,-0.9328772577532579,0
1,0,0,0,-0.5444780367182193,1,2,1,2,0,2,0,0,0,0,1,2,0.6643301901474837,-1.1261462639681232,0
1,0,0,0,-1.1552834925186746,1,0,2,1,1,1,1,1,1,0,0,3,-1.4960059100684764,1.403824453003455,0
0,0,0,0,1.5322605130033284,1,2,1,2,2,2,2,2,2,2,1,0,1.624848856243503,1.4467142872593566,0
1,0,0,0,-1.2774445836787656,1,0,0,0,0,0,0,0,0,0,1,3,-0.6601220189849164,0.2600955395127457,0
0,0,0,0,-0.9924020376385531,1,2,1,0,0,0,0,0,0,0,1,2,0.3485887601159204,0.7922471867618952,0
1,0,0,0,0.8400143297628127,1,2,2,1,1,1,1,1,1,2,0,3,-1.3348116010523623,-1.45390931834347,0
1,1,0,0,0.758573602322752,1,2,2,1,1,1,1,1,1,1,0,0,-1.3215172250510334,-1.4735009710282645,0
1,0,1,1,-0.8702409464784621,1,0,2,1,1,1,1,1,1,0,0,0,-1.4561227820644893,-0.4949773450417688,0
1,0,1,1,1.125056875803025,1,2,1,2,0,2,2,2,2,2,1,2,1.5234792392333694,1.0575287541965457,0
1,0,0,0,-0.62591876415828,1,0,0,2,2,0,0,0,0,0,1,1,-0.3078210549496983,1.6669880039316414,0
1,0,0,0,-1.1960038562387048,1,0,0,0,0,0,0,0,0,0,1,2,-0.7132995229902325,-1.5031532021187644,1
1,0,1,0,1.5322605130033284,1,0,1,2,2,2,2,2,2,1,1,0,1.4869197052297147,1.3402839578095267,1
1,0,0,0,-1.2774445836787656,1,0,2,1,1,1,1,1,1,0,0,3,-1.505976692069473,-0.9397608113992668,0
1,1,0,0,0.43281069256250915,1,2,1,0,0,0,0,2,0,0,1,2,0.6676537841478158,-0.05813644058351181,0
0,0,1,0,-0.6666391278783103,1,0,2,1,1,1,1,1,1,0,0,3,-1.5009913010689746,-0.28052817376226086,0
0,0,1,1,1.002895784642934,1,0,0,2,2,0,0,0,0,1,0,2,-0.37595473195650925,-0.31971147913184994,0
1,0,1,1,0.18848851024232702,1,0,2,1,1,1,1,1,1,1,0,1,-1.4943441130683104,1.1110086709847689,0
0,0,1,0,1.6137012404433893,1,2,1,2,2,2,2,2,2,2,0,1,1.5733331492383529,1.450950320272285,0
0,1,0,0,-0.8702409464784621,1,2,1,0,0,0,0,0,2,0,1,1,0.6659919871476498,1.6304522191951325,1
0,1,1,0,0.7178532386027215,1,2,1,0,2,2,0,2,0,0,1,2,1.0066603721817051,0.4607776035002359,1
1,1,0,0,-1.1145631287986442,1,0,0,0,0,2,0,0,0,0,0,2,-0.47898614596680894,-0.6623006490524467,1
1,0,1,0,-1.2774445836787656,1,2,1,0,0,0,0,0,0,0,1,0,0.32698539911376057,1.30480718132625,1
1,0,0,0,-0.6666391278783103,1,0,2,1,1,1,1,1,1,0,1,3,-1.4976677070686424,-0.15503569575425247,1
1,1,1,0,-1.2367242199587352,1,0,1,0,0,2,0,0,0,0,1,2,0.31369102311243185,-1.339006922867783,0
0,0,0,0,-0.62591876415828,1,2,0,0,0,2,2,2,0,0,1,3,0.14086413509515497,-1.6164670852146032,0
0,0,0,0,-0.6666391278783103,1,0,2,1,1,1,1,1,1,1,0,1,-1.5093002860698053,-0.37636842067976933,0
0,0,0,0,-0.7073594915983407,1,0,0,0,0,2,0,0,2,0,1,2,-0.17653909193657447,1.6156261036498827,1
0,0,0,0,-0.9109613101984924,1,0,2,1,1,1,1,1,1,1,1,3,-1.4943441130683104,-0.8862808946110439,0
0,0,0,1,0.5549717837226001,1,0,1,2,2,0,2,2,2,1,1,0,1.3440051632154282,0.4327138847895842,1
1,0,1,1,1.2879383306831464,1,2,1,0,2,2,2,2,2,2,1,1,1.476948923228718,1.1035956132121438,0
0,0,0,0,-1.2774445836787656,1,2,1,0,2,0,0,0,0,0,1,3,0.47820892612887816,1.4324176758407228,0
1,0,1,1,-0.30015585439803716,1,0,0,0,2,2,0,0,0,1,0,3,-0.3693075439558449,-1.384014773630149,0
1,0,1,1,1.5729808767233588,1,0,1,2,2,2,2,2,0,2,0,1,1.1778254631988159,1.2545042892977234,0
1,0,0,0,-0.9924020376385531,1,0,0,0,0,0,0,0,0,0,1,3,-0.6518130339840859,0.2452694239674958,1
0,0,1,1,1.6137012404433893,1,0,1,2,2,2,2,2,2,2,1,0,1.4586691562268908,1.3900573457114371,0
0,0,1,0,0.6771328748826912,0,1,0,2,0,0,0,2,0,0,0,0,-0.801374763999037,-0.826446928303428,0
1,0,1,1,-0.13727439951791576,0,1,0,2,2,2,2,0,2,1,1,1,-0.31280644595019663,-1.1388543630069088,0
1,0,1,0,1.6137012404433893,1,2,1,2,2,2,2,0,2,2,0,0,1.3572995392167568,1.3545805692281605,0
1,0,1,0,-0.055833672077855064,1,2,1,0,2,2,0,2,0,0,0,2,0.9651154471775519,-0.3393031318166445,1
0,0,0,0,0.7178532386027215,1,2,1,0,0,0,0,2,2,0,1,2,1.0282637331838649,0.39194206704014695,0
1,0,1,0,1.5729808767233588,1,2,0,2,0,2,2,2,2,2,0,2,0.612814483142334,0.921446193656216,0
1,1,1,0,1.5322605130033284,1,2,0,2,2,2,2,2,2,2,0,1,0.8404806721650927,0.9855161929767604,0
1,0,0,0,1.5729808767233588,1,2,1,2,0,0,2,0,2,1,0,1,1.0930738161903437,1.0840039605273493,0
1,0,1,1,1.1657772395230555,1,0,0,2,2,2,2,0,0,2,1,0,0.10928999209199854,0.15684223482261225,0
1,0,0,0,-0.015113308357824713,1,0,1,0,0,0,2,2,2,0,1,2,1.044881703185526,-0.25987751282423416,1
0,0,0,1,-1.2774445836787656,1,0,1,0,0,0,0,0,2,0,1,2,0.4931650991303729,1.4361242047270353,1
1,0,0,0,1.4508197855632678,1,2,1,2,2,2,0,0,2,2,1,0,1.2409737492051283,1.2407371820057056,0
1,0,0,0,1.2064976032430856,1,2,2,1,1,1,1,1,1,2,0,0,-1.3746947290563494,-1.3051186587643546,0
0,0,0,1,-1.0331224013585834,1,0,1,0,0,0,0,0,0,0,1,2,0.2089978121019659,0.3903535546602987,0
1,0,0,0,-0.5037576729981889,1,2,1,0,0,0,0,2,0,0,1,2,0.6809481601491449,-1.0663122976605073,1
1,0,1,1,-1.0738427650786138,1,0,2,1,1,1,1,1,1,1,0,3,-1.505976692069473,-1.5926393995168802,0
0,1,0,0,0.025607055362205634,0,1,0,2,2,2,0,2,2,0,1,0,-0.17653909193657447,-0.9529984145646686,0
1,0,1,1,-0.1779947632379461,1,2,1,0,0,0,0,2,2,1,0,0,0.9119379431722362,-0.5479277577033758,0
1,0,0,0,-0.21871512695797646,1,0,2,1,1,1,1,1,1,2,0,1,-1.4926823160681442,0.38294049688767373,0
1,0,0,0,-1.0331224013585834,1,0,0,0,0,0,0,0,0,0,0,3,-0.6933579589882389,-0.44996949427940297,0
1,0,0,0,-0.2594354906780068,1,2,1,0,0,0,2,0,0,0,1,2,0.5230774451333633,-0.8158568457711067,1
1,1,0,0,-1.1145631287986442,1,2,1,0,2,0,0,0,2,0,1,2,0.8321716871642622,0.5259066110740124,1
1,1,0,0,-0.0965540357978854,1,2,1,2,0,0,0,0,2,0,1,1,0.8554368451665879,-0.5368081710444382,0
1,0,0,0,1.247217966963116,1,2,1,0,2,0,0,0,2,1,0,1,0.8537750481664219,0.8171338807128504,0
1,0,0,0,-1.2774445836787656,1,0,0,0,2,0,0,0,0,0,1,2,-0.46569176996548,0.5169050409215392,1
0,0,0,1,0.8400143297628127,1,2,0,0,2,2,2,2,2,1,1,2,0.6593447991469852,0.2738626468047635,0
0,0,1,1,-0.748079855318371,1,0,1,0,2,0,2,0,2,0,1,1,0.827186296163764,-1.5238038630567912,1
0,0,0,0,-0.46303730927815856,1,0,1,0,2,0,2,2,2,0,1,0,1.1429277261953275,-0.9000480019030617,0
1,0,0,0,-0.62591876415828,1,0,2,1,1,1,1,1,1,1,0,3,-1.4893587220678117,-0.2953542893075108,0
1,0,1,1,-0.6666391278783103,1,0,2,1,1,1,1,1,1,2,0,3,-1.4710789550659844,-0.39701908161779603,0
0,0,0,0,0.10704778280226633,1,0,0,0,0,2,0,0,2,0,1,2,-0.08846385092776998,-0.810561804504946,0
0,1,0,0,-0.015113308357824713,1,0,1,0,0,0,0,0,2,0,1,2,0.4898415051300408,-0.4970953615482331,0
0,0,1,1,-0.1779947632379461,1,0,2,1,1,1,1,1,1,0,1,0,-1.502653098069141,0.6625186757409582,0
0,0,0,0,-1.2774445836787656,1,0,2,1,1,1,1,1,1,0,1,3,-1.4760643460664828,-0.8709252749391779,0
1,0,0,0,1.0843365120829946,0,1,0,0,0,0,2,2,2,0,1,2,-0.43411762696232353,-0.34724569371588554,0
0,0,1,1,1.6137012404433893,1,2,2,1,1,1,1,1,1,1,1,0,-1.3780183230566818,-1.1457379166529178,0
1,0,0,0,0.14776814652229667,1,0,0,0,2,0,2,0,2,1,1,3,0.021214751083194285,-0.5892290795794292,1
0,0,0,0,0.3106496014024181,1,0,0,2,2,0,0,2,0,0,0,3,0.011243969082197169,-0.5405146999307507,0
1,0,1,1,0.3106496014024181,1,2,1,0,0,2,0,0,0,0,1,2,0.5463426031356892,-0.2111631331755558,0
0,0,0,1,-0.9516816739185228,1,0,0,0,0,2,2,2,2,0,1,3,0.2704843011081128,1.0342305726254388,1
1,0,1,1,1.247217966963116,1,0,0,2,2,2,2,2,0,2,0,1,0.3236618051134285,0.37023239784888806,0
0,0,0,0,-1.1960038562387048,1,0,1,0,0,0,0,2,0,0,1,2,0.5230774451333633,-0.6898348636364823,0
1,0,1,1,0.3106496014024181,0,1,0,0,2,2,2,2,2,1,0,3,-0.14828854293375057,-0.6135862694037683,0
1,0,1,0,-0.9924020376385531,1,0,1,2,0,0,0,0,0,0,1,3,0.3402797751150897,1.0548812335634654,0
1,1,1,0,0.06632741908223598,1,0,1,2,0,0,2,2,0,1,0,3,0.8438042661654253,-0.2858232150284215,0
1,0,0,0,-1.1145631287986442,0,1,0,2,0,2,2,0,0,0,0,3,-0.8229781250011965,-0.7390787474117767,1
1,1,0,0,-0.9516816739185228,1,2,1,0,2,0,0,2,2,0,1,1,1.1528985081963241,1.6452783347403825,1
1,0,1,0,-0.9516816739185228,1,2,0,0,2,2,0,0,2,0,1,1,0.142525932095321,1.0421731345246799,0
1,0,1,1,-0.055833672077855064,1,2,0,0,0,0,0,0,2,0,0,0,-0.16823010693574386,-0.994829240567338,0
0,0,1,0,0.7178532386027215,1,0,2,1,1,1,1,1,1,1,1,0,-1.4926823160681442,1.679166598843811,0
0,0,0,0,-1.2367242199587352,1,0,1,2,2,0,2,0,0,0,1,2,0.7141841001524675,-1.0048898189730433,1
0,0,0,0,-1.2774445836787656,1,0,0,0,0,0,0,0,0,0,1,2,-0.6351950639824246,0.2982198366291027,1
1,0,0,0,-0.9924020376385531,1,0,1,0,0,0,0,0,0,0,1,3,0.1774236690988095,0.6979954522242349,1
0,0,0,0,-0.9516816739185228,0,1,0,0,2,0,0,0,2,0,0,2,-0.7980511699987046,-0.07931660564815458,0
0,1,0,0,-1.2367242199587352,1,0,1,0,0,0,0,0,0,0,1,0,0.18074726309914202,-1.5735772509587016,1
0,0,0,0,-1.1960038562387048,1,0,0,2,2,0,0,0,0,0,0,2,-0.31280644595019663,-1.1287937846012035,1
1,0,1,0,-0.30015585439803716,1,0,1,0,0,0,2,2,2,0,1,1,1.0282637331838649,-0.6808332934840091,0
1,1,0,0,-1.2774445836787656,1,0,0,0,0,0,0,0,0,0,0,2,-0.613591702980265,0.3432276873914686,0
0,0,1,1,0.5142514200025698,1,2,0,2,2,2,2,2,0,0,0,3,0.5496661971360212,-0.10102627483941341,0
1,1,1,1,0.758573602322752,1,2,1,0,2,2,0,0,0,0,1,2,0.6460504231456565,0.15048818530321942,1
0,0,1,1,0.9214550572028734,1,0,2,1,1,1,1,1,1,0,0,1,-1.4876969250676457,-1.6355292337727816,0
0,0,0,0,0.22920887396235737,1,2,0,2,2,2,0,0,0,0,1,0,0.046141706085686136,-0.5706964351478667,0
1,0,0,0,-1.2367242199587352,1,0,0,0,0,0,0,0,0,0,0,3,-0.62854787598176,1.481132055489401,1
1,0,1,1,0.22920887396235737,1,0,2,1,1,1,1,1,1,0,0,2,-1.5009913010689746,1.2449732150186343,0
1,0,0,0,0.06632741908223598,1,0,0,0,2,0,0,0,0,0,1,2,-0.4972659129686364,-1.0668418017871235,0
0,0,1,0,1.5322605130033284,1,2,1,0,0,2,0,2,2,1,1,2,1.2293411702039656,1.2147914798015182,0
0,0,0,0,-0.7888002190384014,1,0,0,2,0,0,2,0,0,1,0,3,-0.3194536339508612,1.312749743225491,0
1,0,0,0,0.26992923768238775,1,2,1,0,0,0,0,0,0,0,0,2,0.3485887601159204,-0.3408916441964927,1
0,0,0,0,1.1657772395230555,1,2,1,0,2,2,0,2,2,1,1,2,1.302460238211275,1.01252090343418,0
0,0,0,0,-0.8295205827584317,1,2,1,0,0,2,0,2,2,0,1,0,1.1761636661986499,-1.562457664299764,1
1,0,0,0,0.35136996512244845,1,0,1,0,2,0,2,2,2,2,1,1,1.1595456961969886,0.18384694528003176,0
1,0,0,0,-0.46303730927815856,1,2,1,0,0,0,0,0,0,0,1,2,0.29707305311077065,-1.1960408086814442,0
1,1,0,0,0.9214550572028734,0,1,0,0,0,2,0,2,2,1,1,0,-0.4889569279678058,-0.46320709744480465,0
1,0,1,0,1.4915401492832983,0,1,0,2,0,2,2,2,2,2,0,0,-0.1499503399339166,0.11024587168039816,0
1,1,1,1,-0.2594354906780068,1,2,1,0,2,2,0,2,2,0,0,2,1.3622849302172555,-0.4785627171166707,1
0,1,1,0,1.4915401492832983,1,0,1,2,2,0,0,0,2,1,0,1,0.749081837155956,0.8960299955786447,0
0,1,1,0,-0.5851984004382496,0,1,0,0,0,2,0,2,2,0,1,2,-0.5454580259734538,1.4858975926289457,1
1,0,1,1,0.5956921474426305,1,2,0,0,2,0,0,0,0,0,0,2,-0.3493659799538514,-0.5643423856284738,0
0,0,1,1,1.6137012404433893,1,0,0,2,2,2,2,2,2,2,0,0,0.682609957149311,0.9230347060360642,0
1,1,1,0,0.025607055362205634,0,1,0,0,2,2,2,2,0,0,1,2,-0.4906187249679718,-1.0514861821152575,0
0,0,1,1,-1.2367242199587352,0,1,0,0,0,0,0,0,0,0,1,3,-1.341458789053027,-0.07613958088845817,1
0,0,1,1,1.6137012404433893,1,2,0,2,2,2,2,2,2,2,0,1,0.8703930181680831,1.0760613986281082,0
1,1,1,0,0.18848851024232702,1,0,1,0,0,0,0,0,0,0,1,0,0.24888094010595296,-0.5436917246904471,0
0,1,1,1,1.2064976032430856,1,2,1,0,2,2,0,0,2,0,1,1,1.0415581091851935,0.8843809047930912,0
0,0,1,0,1.5729808767233588,1,0,2,1,1,1,1,1,1,2,0,1,-1.4926823160681442,-1.36230510443889,0
1,0,0,1,-0.38159658183809786,1,0,0,0,2,0,2,0,0,0,1,0,-0.31446824295036285,-1.4512617977103897,0
0,0,0,0,-0.6666391278783103,1,0,2,1,1,1,1,1,1,1,0,3,-1.4843733310673135,-0.3721323876668408,0
1,0,0,0,-0.9516816739185228,1,0,0,2,0,2,2,2,0,0,1,3,0.1574821050968162,1.0411141262714476,0
1,0,1,1,-0.62591876415828,1,2,2,1,1,1,1,1,1,2,1,3,-1.3165318340505352,0.13619157388458555,0
0,0,0,0,-1.1552834925186746,1,0,2,1,1,1,1,1,1,0,0,0,-1.4561227820644893,1.5637346992415078,1
0,1,1,0,-1.2774445836787656,1,0,0,2,0,0,0,0,0,0,1,2,-0.5055748979694671,0.4676611571462448,1
0,0,1,0,-0.3408762181180675,1,2,1,0,0,2,0,0,0,0,1,3,0.4948268961305394,-0.917521638081392,0
0,1,0,0,-1.2774445836787656,1,0,1,0,0,0,0,0,0,0,1,2,0.21564500010263052,1.2232635458273755,0
1,1,0,0,1.6137012404433893,1,2,1,2,2,2,2,2,2,2,0,0,1.6298342472440013,1.4160030479156245,0
0,0,1,0,1.6137012404433893,1,2,2,1,1,1,1,1,1,2,0,2,-1.3364733980525287,-1.0520156862418735,0
0,0,0,1,-0.8702409464784621,1,0,2,1,1,1,1,1,1,0,0,1,-1.4976677070686424,-0.7856751105539908,0
1,0,0,0,-0.9516816739185228,1,0,2,1,1,1,1,1,1,0,0,3,-1.479387940066815,-1.032424033557079,1
0,1,1,0,-1.2367242199587352,1,0,0,0,2,0,0,0,0,0,0,1,-0.4856333339674735,-1.5741067550853176,1
0,1,1,0,1.125056875803025,1,2,1,0,0,2,0,2,2,1,1,1,1.1877962451998125,0.8864989212995554,0
1,1,1,0,-0.13727439951791576,1,2,1,0,2,2,0,0,2,0,1,2,1.0349109211845293,-0.4626775933181886,1
0,0,0,0,0.6771328748826912,1,0,0,0,0,2,2,2,2,2,1,0,0.32200000811326246,-0.027425201239779807,0
0,1,0,0,-0.0965540357978854,1,2,1,0,2,2,0,2,2,0,1,2,1.3074456292117733,-0.289529743914734,0
0,0,1,0,0.8400143297628127,1,0,2,1,1,1,1,1,1,1,0,1,-1.5192710680708021,1.7241744496061768,0
1,0,0,1,0.26992923768238775,1,2,2,1,1,1,1,1,1,2,0,3,-1.3215172250510334,-1.7197203899047366,0
0,0,0,0,-0.9516816739185228,1,0,2,1,1,1,1,1,1,0,0,3,-1.5192710680708021,-1.184921222022507,0
1,0,0,0,0.26992923768238775,1,0,1,0,0,2,2,0,0,1,0,2,0.5696077611380149,-0.24187437251928778,0
1,1,0,0,-0.9924020376385531,1,0,1,0,0,0,0,0,0,0,1,2,0.16412929309748078,0.7753030547101809,0
0,0,1,1,0.758573602322752,1,2,1,0,0,2,0,0,2,1,1,2,0.8438042661654253,0.3305195883526829,0
1,0,1,1,1.5729808767233588,1,2,2,1,1,1,1,1,1,2,0,1,-1.3098846460498705,-0.9794736208954721,0
1,1,0,0,1.5729808767233588,1,2,2,1,1,1,1,1,1,2,1,3,-1.3331498040521963,-1.0408960995829362,0
0,1,1,0,1.5322605130033284,1,0,2,1,1,1,1,1,1,2,1,1,-1.502653098069141,-1.2722894029141583,0
0,1,0,0,-1.2774445836787656,0,1,0,0,0,0,0,0,0,0,0,2,-1.3132082400502028,-0.5855225506931167,1
1,0,1,0,0.22920887396235737,0,1,0,2,2,0,2,2,2,2,1,0,-0.1582593249347472,-0.764494945489348,0
0,0,1,0,-0.1779947632379461,1,0,1,0,2,2,0,0,2,0,0,1,0.8354952811645946,-0.6231173436828575,0
0,0,1,0,-0.015113308357824713,1,0,2,1,1,1,1,1,1,0,0,0,-1.5076384890696393,1.0088143745478675,0
1,1,1,0,0.6771328748826912,1,0,0,0,2,0,0,0,0,2,0,3,-0.4972659129686364,-0.6480040376338128,0
0,0,1,1,0.18848851024232702,1,2,2,1,1,1,1,1,1,2,1,0,-1.3514295710540236,1.581208335419838,0
0,0,0,0,-0.9109613101984924,1,0,0,0,0,2,2,0,0,0,0,2,-0.3493659799538514,0.8181928889660826,0
1,0,1,0,1.4100994218432374,1,2,1,2,2,2,0,2,2,1,0,1,1.5002140812310438,1.2857450327680715,0
1,0,0,0,-1.0331224013585834,0,1,0,0,0,2,2,0,0,1,1,1,-0.9725398550161476,-0.5945241208455898,0
0,0,0,0,0.758573602322752,1,0,1,0,0,0,0,2,2,1,0,1,0.7573908221567865,0.285511737590317,0
0,0,0,0,-0.9516816739185228,1,0,0,0,0,0,0,0,0,0,0,2,-0.6518130339840859,0.1589602513290765,1
0,0,0,0,-0.9516816739185228,1,0,1,0,0,0,0,2,2,0,1,3,0.785641371159611,1.4255341221947138,0
1,0,0,0,-1.1552834925186746,1,0,0,0,0,0,2,0,0,0,1,3,-0.46402997296531395,-0.8502746140011512,0
1,0,1,0,1.5729808767233588,1,2,1,2,2,2,0,2,0,2,1,2,1.1379423351948288,1.1856687528376344,0
0,0,1,1,0.7178532386027215,1,2,1,0,0,0,0,2,0,0,1,0,0.6526976111463211,0.13248504499827307,1
0,1,1,1,-0.3408762181180675,1,0,1,0,0,2,0,2,2,2,1,2,1.0565142821866886,-0.718957590600366,0
1,0,1,0,-0.4223169455581282,1,0,0,2,0,0,0,2,0,1,1,0,-0.16656830993557784,-1.3676001457050506,0
1,0,0,0,0.47353105628253944,1,2,1,2,2,2,0,2,2,0,1,2,1.5533915852363596,0.48036925618503046,0
0,0,1,1,0.025607055362205634,1,2,2,1,1,1,1,1,1,0,0,0,-1.3464441800535252,1.5399070135437847,0
0,0,0,0,-1.2774445836787656,1,2,1,0,0,0,0,0,0,0,1,2,0.3436033691154218,1.3291643711505892,1
0,0,1,0,0.880734693482843,1,2,0,0,0,0,0,2,2,1,1,1,0.179085466098976,-0.029013713619628016,1
1,0,0,0,0.3920903288424788,1,2,1,0,2,0,0,2,2,0,1,2,1.2293411702039656,0.2018500855849781,1
0,0,0,0,-1.2774445836787656,1,0,0,0,0,0,0,0,0,0,0,2,-0.6302096729819263,0.29980834900895087,1
0,0,0,0,-1.2774445836787656,1,0,2,1,1,1,1,1,1,0,0,3,-1.4710789550659844,-0.8693367625593297,0
1,0,0,0,-0.0965540357978854,1,0,0,2,2,0,2,2,0,1,0,2,0.1873944510998066,-0.8375665149623656,0
0,0,0,0,-1.2774445836787656,0,1,0,0,0,0,2,0,0,0,0,3,-1.1370577580325938,-0.3514817267288141,0
1,0,1,1,-0.6666391278783103,1,2,0,2,2,0,2,2,2,0,0,2,0.6693155811479823,-1.3405954352476313,0
1,0,0,0,-1.2774445836787656,1,0,2,1,1,1,1,1,1,0,1,3,-1.4843733310673135,-0.8735727955722582,1
1,0,1,0,-0.9516816739185228,0,1,0,0,0,0,2,2,0,0,0,3,-0.801374763999037,-0.21486966206186828,1
1,1,1,0,0.5549717837226001,1,2,1,0,0,2,0,2,2,0,1,2,1.2044142152014738,0.3723504143553524,1
1,0,0,0,-1.2774445836787656,1,0,1,0,0,0,0,0,0,0,1,2,0.14418772909548702,1.1554870176205185,1
1,0,1,0,1.5729808767233588,1,0,0,2,0,0,2,0,0,2,0,0,-0.3410569949530208,-0.007304044428369181,0
1,0,0,0,0.43281069256250915,1,2,1,0,0,0,0,0,0,0,1,1,0.35191235411625243,-0.27152660360978764,0
1,0,1,0,0.7178532386027215,0,1,0,2,0,0,2,2,0,1,1,0,-0.6750781919864114,-0.7697899867555087,0
0,0,0,0,-0.7888002190384014,1,2,1,0,0,0,0,0,0,0,1,3,0.3402797751150897,1.7315875073788018,1
1,0,1,1,-0.5444780367182193,1,0,1,0,2,0,2,2,2,1,0,0,1.1711782751981514,-0.9492918856783561,1
0,0,0,0,0.35136996512244845,1,2,1,0,0,2,0,2,2,0,0,0,1.1063681921916724,0.07953463233666615,0
0,1,0,0,-1.2774445836787656,1,0,1,0,0,0,0,0,0,0,1,2,0.21232140610229844,1.2222045375741433,1
0,0,0,0,-0.3408762181180675,0,1,0,0,2,2,0,2,2,0,1,1,-0.35268957395418365,-1.4915041113332108,1
0,0,1,0,0.3106496014024181,1,2,0,0,2,0,0,2,0,1,0,0,-0.028639158921789646,-0.5161575101064115,0
0,0,1,1,-1.1960038562387048,1,2,0,0,2,2,0,2,0,0,1,0,0.14584952609565352,-0.6734202357113841,0
0,0,0,0,0.18848851024232702,1,2,0,2,0,0,0,2,0,1,0,0,-0.003712203919297562,-0.6755382522178484,0
0,0,1,1,1.4100994218432374,1,2,1,2,0,2,2,2,2,2,1,1,1.461992750227223,1.2417961902589378,1
0,0,1,1,-0.015113308357824713,1,2,1,0,2,0,0,2,2,0,1,2,1.1329569441943304,-0.3054148677132161,0
0,0,1,0,-1.0738427650786138,1,0,0,0,0,0,2,0,0,0,1,2,-0.518869273970796,-0.4801512294965189,1
0,0,1,1,-0.015113308357824713,1,2,1,2,0,0,0,2,0,0,0,2,0.8255244991635975,-0.39648957749117997,0
0,0,0,0,1.0843365120829946,1,2,1,0,2,2,0,0,0,0,1,2,0.6144762801425001,0.4951953717302804,0
0,0,1,0,-0.0965540357978854,1,0,0,0,2,2,2,0,2,1,0,0,0.18240906009930805,-0.7613179207296515,0
1,0,0,1,-0.5037576729981889,1,0,2,1,1,1,1,1,1,0,1,2,-1.5076384890696393,-0.02107115172038698,1
0,0,1,1,-0.21871512695797646,1,2,2,1,1,1,1,1,1,2,0,2,-1.3381351950526947,1.3619936270007855,0
0,1,0,0,-0.5037576729981889,1,2,1,2,0,0,0,0,0,0,1,2,0.47820892612887816,-1.225693039771944,1
1,0,0,1,-0.9516816739185228,1,0,2,1,1,1,1,1,1,1,0,3,-1.4843733310673135,-0.9328772577532579,0
0,0,1,1,1.4508197855632678,1,2,0,2,2,2,0,2,0,1,1,1,0.27380789510844483,0.5709144618363783,0
0,0,1,1,1.4915401492832983,1,2,0,2,0,0,2,0,0,2,0,1,-0.11172900893009581,0.11183438406024637,0
1,0,0,0,-0.2594354906780068,1,2,1,0,0,2,2,0,0,0,1,3,0.6493740171459885,-0.7078380039414286,0
1,0,1,1,1.4915401492832983,1,0,2,1,1,1,1,1,1,2,0,0,-1.491020519067978,-1.3829557653769167,0
1,0,0,0,-0.8702409464784621,1,0,2,1,1,1,1,1,1,2,0,3,-1.4744025490663168,-0.6946004007760269,0
1,0,0,0,-1.2774445836787656,1,2,0,0,0,0,0,0,0,0,0,3,-0.46569176996548,0.5169050409215392,0
1,0,1,1,-0.9109613101984924,1,0,2,1,1,1,1,1,1,1,0,3,-1.4727407520661506,-0.6315894097087147,0
0,0,1,1,0.9214550572028734,1,2,0,2,2,0,2,0,2,1,1,0,0.3652067301175816,0.19920256495189778,0
1,0,0,0,0.47353105628253944,1,0,0,2,0,0,2,2,0,1,0,2,0.021214751083194285,-0.4510285025326351,0
1,1,1,0,0.5549717837226001,1,0,1,0,0,0,0,0,2,0,1,2,0.5197538511330312,-0.07243305200214568,1
1,0,1,1,1.4915401492832983,1,0,0,2,2,2,0,0,0,2,1,0,-0.16656830993557784,0.11659992119979098,0
1,1,0,0,-0.8702409464784621,1,0,1,0,0,0,0,0,2,0,1,2,0.45660556512671835,1.5965639550917041,0
0,0,1,0,-0.8702409464784621,1,2,1,0,2,0,0,2,2,0,1,2,1.2376501552047963,-1.5788722922248624,1
1,0,0,0,-0.13727439951791576,1,0,0,0,0,2,0,0,0,0,0,0,-0.5255164619714603,-1.4131375005940325,0
0,0,1,0,1.002895784642934,1,2,1,2,0,0,0,2,2,0,1,2,1.1595456961969886,0.6868758655652974,0
1,0,0,0,-0.1779947632379461,1,0,2,1,1,1,1,1,1,1,0,1,-1.5458598200734601,0.6371024776633869,0
0,0,0,0,0.3920903288424788,1,0,0,2,0,2,0,0,0,0,0,1,-0.3393951979528547,-0.6104092446440719,0
0,0,0,0,-1.2367242199587352,1,0,2,1,1,1,1,1,1,0,0,3,-1.4660935640654862,0.00010901334425578654,1
1,0,0,1,-0.38159658183809786,0,1,0,2,2,0,2,0,0,1,0,0,-0.801374763999037,1.6823436236035074,0
0,0,1,1,-0.5851984004382496,1,0,2,1,1,1,1,1,1,0,0,3,-1.4727407520661506,-0.08884767992724382,0
1,0,1,1,1.2064976032430856,1,2,2,1,1,1,1,1,1,1,0,0,-1.328164413051698,-1.261699320381837,0
0,0,0,0,-1.2774445836787656,1,0,1,0,0,0,0,0,0,0,1,3,0.2006888271011353,1.196258835369956,1
1,0,0,0,-0.6666391278783103,1,2,1,0,0,0,2,0,2,0,1,1,0.8072447321617703,-1.2849975019529438,1
0,0,0,0,-1.1960038562387048,1,2,1,0,0,0,0,2,2,0,1,2,1.0581760791868549,-0.39278304860486746,1
1,0,0,0,1.4100994218432374,1,2,0,2,2,2,2,2,2,1,1,0,0.7989357471609396,0.8420205746638056,0
1,0,0,0,1.2064976032430856,1,0,2,1,1,1,1,1,1,2,1,1,-1.4860351280674797,-1.5280398960697197,0
0,0,1,0,1.002895784642934,1,2,1,0,2,2,0,2,2,0,1,1,1.3207400052131024,0.8473156159299663,1
1,0,0,0,-1.2367242199587352,1,0,1,0,0,0,0,0,0,0,1,2,0.16745288709781284,-1.2754664276738548,0
0,0,1,1,-0.38159658183809786,1,2,0,2,0,2,2,2,0,2,1,0,0.4117370461222332,-1.0461911408490967,0
0,0,0,1,-0.30015585439803716,0,1,0,2,0,0,2,0,0,2,0,0,-0.9874960280176428,1.5520856084559542,0
0,1,0,0,1.6137012404433893,1,2,1,0,2,2,2,2,2,2,1,0,1.440389389225063,1.3990589158639104,0
0,0,1,0,-1.2367242199587352,1,2,1,0,0,0,0,2,0,0,1,2,0.641065032145158,-1.3988408891753987,0
0,0,0,0,-0.9924020376385531,1,0,2,1,1,1,1,1,1,1,1,0,-1.481049737066981,-1.3374184104879348,0
0,0,0,0,-1.1145631287986442,1,2,0,0,0,0,0,0,0,0,1,3,-0.47067716096597834,-0.5939946167189737,1
1,0,0,0,0.10704778280226633,0,1,0,0,0,2,0,2,2,0,0,2,-0.5172074769706297,-1.0890809751049984,0
1,0,0,0,-0.3408762181180675,1,2,2,1,1,1,1,1,1,1,0,2,-1.3348116010523623,0.8462566076767342,0
0,0,1,1,-1.2367242199587352,1,0,1,0,0,0,0,0,0,0,1,2,0.22893937610395967,-1.3861327901366132,0
1,0,1,1,1.6137012404433893,1,2,1,2,2,2,2,0,2,2,1,1,1.3340343812144315,1.3916458580912854,0
0,0,0,0,0.35136996512244845,1,2,1,2,2,2,2,2,0,0,1,2,1.3872118852197473,0.2039681020914424,0
1,0,0,1,-1.1552834925186746,1,0,0,2,0,0,0,0,0,0,0,2,-0.5122220859701314,-0.7671424661224283,1
1,0,0,0,-0.2594354906780068,1,0,1,0,2,0,0,0,0,1,0,0,0.356897745116751,-0.8529221346342315,0
1,0,0,0,-1.0331224013585834,1,0,1,0,2,0,0,2,2,0,1,2,0.9800716201790471,1.0861219770338135,1
0,0,1,0,-1.2774445836787656,1,0,1,0,0,0,0,0,0,0,1,2,0.13920233809498894,1.1253052824034027,1
0,0,1,1,-1.1552834925186746,1,2,0,0,2,0,2,0,0,0,1,3,-0.2081132349397309,-0.7311361855125357,0
1,0,0,0,0.6364125111626608,1,0,0,0,2,2,2,2,2,2,0,1,0.46989994112804756,-0.011010573314681665,0
1,1,0,0,-1.2367242199587352,1,2,1,0,0,0,0,2,2,0,1,2,0.966777244177718,-0.8958119688901331,1
0,1,1,0,-0.8295205827584317,1,0,0,2,0,2,2,2,2,1,1,2,0.47987072312904416,1.679696102970427,0
1,0,1,0,1.125056875803025,1,2,1,2,0,2,2,2,2,0,1,0,1.4852579082295487,1.0532927211836172,0
1,0,0,0,0.9214550572028734,1,0,0,2,0,2,2,0,0,2,1,2,-0.18484807693740507,-0.26464304996377874,0
1,0,0,0,-1.2774445836787656,0,1,0,0,0,0,2,0,0,0,0,3,-1.1835880740372453,-0.39966660225087636,0
1,0,0,0,-1.2774445836787656,1,0,2,1,1,1,1,1,1,0,0,3,-1.4860351280674797,-0.8741022996988743,0
1,0,0,0,-1.1552834925186746,1,2,1,0,0,0,0,0,0,0,1,2,0.37517751211857825,-0.2619955293306984,1
1,0,0,0,-1.2774445836787656,0,1,0,0,0,0,0,0,0,0,1,3,-1.3397969920528607,-0.6448270128741164,1
0,0,0,0,0.3920903288424788,1,0,0,0,0,2,2,0,2,2,0,1,0.05777428508684881,-0.45473503141894756,0
0,0,0,0,-1.2774445836787656,1,0,0,2,0,0,0,0,0,0,0,0,-0.5055748979694671,0.4676611571462448,0
1,0,0,0,-1.0331224013585834,1,2,1,0,0,2,0,2,0,0,1,1,0.8172155141627669,0.9765146228242872,1
1,0,0,0,-1.1960038562387048,1,0,1,0,0,2,0,0,0,0,1,1,0.2937494591104381,-0.6887758553832501,0
0,0,1,0,1.6137012404433893,1,2,0,2,2,2,0,2,2,2,1,1,0.5945347161405068,0.8457271035501182,0
1,0,0,0,-0.7073594915983407,1,2,0,0,0,0,0,0,0,0,1,2,-0.5238546649712943,1.326516850517509,0
1,0,1,0,-1.1552834925186746,1,0,1,0,0,0,0,2,0,0,1,2,0.5180920541328647,-0.31282792548584104,1
0,0,0,0,-0.8702409464784621,1,2,2,1,1,1,1,1,1,1,0,2,-1.3148700370503688,-0.6125272611505361,0
0,0,0,0,-1.1145631287986442,1,2,2,1,1,1,1,1,1,0,0,3,-1.3065610520495383,-1.3961933685423185,0
0,1,0,0,-1.2774445836787656,1,0,0,2,0,2,0,0,0,0,1,2,-0.29785027294870164,0.6932299150846902,1
1,0,1,0,1.6137012404433893,1,2,1,2,0,2,2,2,2,2,1,1,1.5334500212343665,1.5097252783266688,0
0,0,1,0,0.9214550572028734,1,2,1,0,2,0,0,0,0,0,1,1,0.43167861012422654,0.20079107733174598,0
0,0,1,1,0.3106496014024181,1,2,2,1,1,1,1,1,1,0,1,2,-1.2816340970470463,-1.646119316305103,0
0,0,1,0,1.002895784642934,1,0,2,1,1,1,1,1,1,2,0,0,-1.491020519067978,-1.606406506808898,0
1,0,0,0,-1.2774445836787656,1,0,1,0,0,0,0,2,0,0,1,2,0.4748853321285456,1.4313586675874905,1
1,0,1,0,-1.2774445836787656,1,0,1,2,0,0,0,2,2,0,1,2,1.0049985751815391,1.6849911442365877,1
0,0,0,0,-1.2774445836787656,0,1,0,0,0,0,0,0,0,0,0,3,-1.3148700370503688,-0.5860520548197327,1
1,1,1,1,0.7992939660427822,1,2,0,0,2,2,0,2,2,1,1,2,0.534710024134526,0.1181884335796392,0
1,1,0,0,0.35136996512244845,1,2,1,0,0,2,0,2,2,0,1,2,1.1180007711928355,0.16902082973478183,1
1,0,1,0,0.43281069256250915,1,0,0,0,0,0,0,2,0,1,1,3,-0.27957050594687416,-0.650122054140277,0
0,0,1,1,0.5956921474426305,1,0,2,1,1,1,1,1,1,2,0,0,-1.5109620830699715,1.6140375912700344,0
1,0,0,0,-1.1960038562387048,1,2,0,0,0,0,0,0,0,0,0,0,-0.4773243489666429,-1.3728951869712114,0
1,1,1,1,1.369379058123207,1,2,0,2,2,2,2,2,0,2,0,1,0.48651791112970877,0.56932594945653,1
1,0,1,1,0.9214550572028734,1,0,0,0,0,2,2,0,0,2,1,1,-0.3161300399505289,-0.29058875216796615,0
1,0,0,0,-0.13727439951791576,1,0,2,1,1,1,1,1,1,1,0,3,-1.517609271070636,0.6159223125987442,0
0,0,0,1,-0.8295205827584317,1,2,1,0,0,0,0,2,0,0,1,2,0.641065032145158,1.7045827969213823,0
0,0,1,0,1.369379058123207,1,2,1,0,2,2,0,2,2,0,1,2,1.3440051632154282,1.1713721414190006,0
1,1,0,0,0.10704778280226633,1,2,1,0,0,2,0,2,2,0,1,2,1.217708591202803,-0.12220643990405618,1
1,1,1,0,-0.9109613101984924,1,2,1,0,0,2,0,0,2,0,1,2,0.8321716871642622,1.6389242852209895,1
1,0,1,1,-0.21871512695797646,1,2,1,0,0,0,0,0,0,0,1,0,0.3652067301175816,-0.9169921339547759,0
0,0,0,0,1.0436161483629645,1,0,1,0,0,0,2,2,2,0,1,2,1.0149693571825356,0.8150158642063862,0
1,0,1,0,0.880734693482843,1,0,1,2,2,2,2,2,2,2,0,0,1.4952286902305454,0.9182691688965195,1
1,0,0,0,-0.9516816739185228,1,0,2,1,1,1,1,1,1,0,0,3,-1.4926823160681442,-1.0313650253038469,0
1,0,0,0,-1.2367242199587352,1,0,2,1,1,1,1,1,1,1,0,1,-1.5109620830699715,-0.4404384200003137,1
1,0,0,0,-1.0738427650786138,1,0,1,0,0,0,0,0,0,0,1,2,0.14418772909548702,0.23203182080209406,0
0,1,0,0,-0.2594354906780068,1,0,1,0,0,0,0,2,2,0,1,2,0.8803638001690798,-0.6691842026984556,1
0,0,0,0,-0.9516816739185228,1,0,2,1,1,1,1,1,1,0,0,3,-1.479387940066815,-0.9683540342365345,0
1,0,1,0,-0.9924020376385531,1,0,0,0,2,2,0,0,0,0,1,3,-0.3327480099521901,0.27492165505799565,0
1,0,0,0,-0.8295205827584317,1,0,1,0,0,0,0,2,0,0,1,2,0.5546515881365197,1.6373357728411415,0
0,0,0,0,-0.7073594915983407,1,2,0,0,0,0,0,0,0,0,1,2,-0.520531070970962,1.1189512328840099,1
1,0,1,0,0.43281069256250915,1,2,0,2,0,2,0,2,2,1,1,2,0.5131066631323666,-0.08143462215461886,0
1,0,0,0,0.3920903288424788,1,2,1,0,0,0,2,2,2,0,1,2,1.1811490571991479,0.18437644940664782,0
0,0,0,0,-0.055833672077855064,1,2,0,2,0,2,2,0,0,0,0,1,0.016229360082695727,-0.8751613079521064,1
0,0,0,1,1.369379058123207,1,2,1,2,0,2,2,0,0,2,1,1,0.8703930181680831,0.8520811530695109,0
0,1,0,0,-0.5851984004382496,1,2,1,0,2,0,2,0,0,0,1,2,0.6875953481498096,-1.238930642937346,1
1,0,0,0,-1.2774445836787656,1,0,2,1,1,1,1,1,1,0,0,3,-1.4876969250676457,-0.8746318038254903,0
1,0,1,0,1.1657772395230555,1,2,1,0,2,0,2,2,0,2,1,2,0.9750862291785486,0.7461803277462972,1
1,0,0,0,-0.9109613101984924,1,2,1,0,2,0,0,0,0,0,0,2,0.5014740841312035,1.4530683367787494,0
1,1,0,0,-1.2774445836787656,1,0,1,0,0,0,0,0,0,0,1,2,0.22893937610395967,1.2248520582072235,1
0,1,0,0,-0.5851984004382496,1,0,1,0,2,0,0,0,0,0,1,2,0.2920876621102721,-1.3803082447438364,0
1,0,1,0,-0.3408762181180675,1,2,1,0,2,2,0,2,2,0,1,2,1.325725396213601,-0.5622243691220096,1
0,0,1,1,-1.1960038562387048,1,0,2,1,1,1,1,1,1,0,0,3,-1.5109620830699715,0.652458097335253,0
1,0,0,0,0.7178532386027215,1,0,2,1,1,1,1,1,1,1,0,1,-1.4827115340671475,1.7204679207198643,0
1,0,1,1,-1.2774445836787656,1,0,0,0,0,0,0,0,0,0,0,2,-0.6717545979860794,0.2569185147530493,0
1,0,0,0,-1.2367242199587352,1,0,0,2,0,0,2,0,0,0,1,3,-0.3427187919531868,1.5933869303320076,0
1,0,0,0,-0.62591876415828,1,0,2,1,1,1,1,1,1,1,1,0,-1.4993295040688086,-0.113204869751583,0
1,0,1,1,1.4915401492832983,1,2,1,0,2,2,0,2,2,2,1,2,1.3373579752147637,1.2719779254760537,0
1,0,1,0,1.6137012404433893,1,2,0,2,2,2,2,2,2,2,1,1,0.7956121531606076,0.9733375980645907,0
0,0,0,0,-1.1960038562387048,1,2,1,0,0,0,0,0,0,0,1,2,0.3153528201125979,-0.8084437879984817,1
1,1,1,1,0.7178532386027215,1,2,0,2,2,2,0,0,2,2,1,0,0.34526516611558833,0.008051575243496823,0
0,0,0,0,0.8400143297628127,1,0,2,1,1,1,1,1,1,2,0,3,-1.479387940066815,-1.676301051522219,0
0,0,1,0,1.0436161483629645,1,2,1,2,2,0,2,2,2,2,1,1,1.4736253292283856,1.004578341534939,0
1,0,0,0,0.5549717837226001,0,1,0,2,0,0,0,0,0,1,1,0,-1.1304105700319294,-1.2585222956221405,0
1,1,1,0,1.6137012404433893,1,2,1,2,2,2,2,2,2,0,1,1,1.5999219012410113,1.4758370142232404,0
0,1,0,0,-1.2774445836787656,1,2,1,0,0,0,0,0,0,0,1,2,0.31369102311243185,1.3011006524399376,1
0,0,1,1,-1.0738427650786138,1,2,1,0,2,2,0,2,0,0,1,3,0.9734244321783826,0.5751504948493068,0
1,0,1,0,1.6137012404433893,1,2,0,2,2,2,2,0,2,2,0,0,0.46823814412788106,0.7943652032683595,0
1,0,0,0,-1.1552834925186746,1,0,0,0,0,0,0,0,2,0,1,3,-0.31446824295036285,-0.6564761036596699,0
0,0,1,1,0.7992939660427822,1,0,2,1,1,1,1,1,1,2,0,3,-1.5093002860698053,-1.6895386546876208,0
1,0,1,1,-1.318164947398796,1,2,2,1,1,1,1,1,1,2,0,3,-1.3098846460498705,-1.7250154311708974,0
0,0,0,0,-1.2367242199587352,1,0,2,1,1,1,1,1,1,1,0,3,-1.4727407520661506,-0.16615528241318991,0
0,0,1,0,1.3286586944031769,1,0,2,1,1,1,1,1,1,2,0,0,-1.5093002860698053,-1.416844029480345,0
1,1,1,0,0.43281069256250915,1,2,1,0,2,0,0,2,2,0,1,2,1.2044142152014738,0.24738744047396005,1
1,0,1,0,-1.1552834925186746,1,2,1,0,2,0,0,2,2,0,1,2,1.1778254631988159,0.1764338875074068,1
1,1,1,0,-0.30015585439803716,1,2,1,2,0,0,0,0,2,1,1,2,0.8072447321617703,-0.7766735404015176,1
0,0,1,0,0.758573602322752,1,2,0,0,2,0,2,2,2,1,1,1,0.4615909561272169,0.06206099615833587,0
1,0,0,0,-0.8295205827584317,1,2,0,0,0,2,0,2,2,0,0,0,0.3319707901142591,1.5144908154662133,0
0,0,1,1,1.002895784642934,1,0,0,2,0,0,0,2,2,1,1,0,0.1774236690988095,0.04935289711955021,1
0,0,1,1,-0.3408762181180675,1,0,2,1,1,1,1,1,1,1,0,3,-1.491020519067978,0.6339254529036905,0
0,0,1,0,1.2879383306831464,1,2,0,0,0,2,2,0,0,1,0,0,-0.2130986259402292,-0.016305614580842356,0
0,0,0,0,-1.1552834925186746,1,0,1,0,2,2,2,2,2,1,1,2,1.3589613362169235,0.2685676055386028,1
0,0,0,0,-0.2594354906780068,1,2,1,0,0,2,0,2,2,0,1,0,1.1877962451998125,-0.534690154537974,0
0,0,1,1,-0.7073594915983407,1,0,2,1,1,1,1,1,1,0,0,3,-1.4860351280674797,-0.4250828003284477,0
1,1,1,0,1.2879383306831464,1,2,2,1,1,1,1,1,1,2,0,1,-1.2999138640488739,-1.0594287440144985,0
1,1,1,0,0.14776814652229667,1,2,1,0,2,0,0,2,2,0,1,2,1.0548524851865226,-0.14974065448809176,1
0,0,1,0,-0.21871512695797646,1,2,1,0,0,0,0,2,2,0,0,1,1.0049985751815391,-0.6051142033779112,0
1,1,1,0,-1.2774445836787656,1,0,1,0,0,0,0,0,0,0,0,3,0.20235062410130134,1.196788339496572,1
0,0,0,0,0.10704778280226633,1,2,0,2,0,2,2,2,2,1,1,1,0.7042133181514708,-0.29217726454781434,1
1,0,0,0,-1.1552834925186746,1,0,1,0,0,2,0,0,0,0,1,2,0.30372024111143525,-0.43832040349384943,1
0,0,1,1,-0.9924020376385531,1,0,0,0,0,0,0,0,0,0,1,2,-0.641842251983089,0.12983752436519272,0
1,0,0,0,-0.9109613101984924,1,0,2,1,1,1,1,1,1,0,1,1,-1.4876969250676457,-0.8852218863578117,0
0,0,0,0,-1.2367242199587352,1,0,0,0,2,0,0,0,0,0,0,3,-0.5172074769706297,-1.691127167067469,0
0,0,1,0,1.0436161483629645,1,2,1,2,2,2,0,2,2,2,1,0,1.4852579082295487,0.9299182596820731,1
1,0,1,0,0.758573602322752,1,0,0,2,2,2,2,2,2,2,1,1,0.6144762801425001,0.12136545833933561,0
0,0,1,1,0.5549717837226001,1,0,2,1,1,1,1,1,1,2,1,3,-1.5126238800701375,1.5827968477996863,0
1,0,0,0,-1.2774445836787656,1,0,2,1,1,1,1,1,1,0,1,0,-1.4993295040688086,-0.9376427948928026,0
1,0,0,0,0.5549717837226001,1,2,1,0,0,0,0,0,0,0,0,0,0.2671607071077802,-0.22810726522726998,0
0,0,1,0,0.7178532386027215,1,2,1,2,2,0,2,2,2,0,1,0,1.4919050962302134,0.6556351220949493,0
1,0,1,1,0.8400143297628127,1,0,0,0,2,0,2,2,0,0,0,1,0.00792037508186511,-0.1799223897052077,0
1,0,1,0,1.1657772395230555,1,2,1,0,2,2,2,2,2,0,1,2,1.639805029244998,1.2370306531193933,0
1,0,0,0,-1.1145631287986442,1,0,2,1,1,1,1,1,1,0,0,0,-1.4660935640654862,1.6601044502856324,0
1,0,0,0,0.5956921474426305,1,0,0,2,2,2,2,2,2,1,1,0,0.7374492581547932,0.14625215229029087,0
0,0,0,0,0.880734693482843,1,2,1,0,2,2,0,2,0,1,1,0,0.9966895901807084,0.5582063627975926,0
1,0,0,1,-0.5444780367182193,0,1,0,0,0,0,0,0,0,0,1,1,-1.3098846460498705,0.7530638813923061,0
0,0,0,1,-0.2594354906780068,1,0,1,0,2,2,2,2,2,2,1,2,1.3523141482162588,-0.47803321299005463,0
1,0,1,1,1.5322605130033284,1,2,2,1,1,1,1,1,1,2,0,3,-1.3082228490497045,-1.0292470087973826,0
1,0,1,0,-0.62591876415828,1,2,1,0,2,2,0,2,2,0,1,2,1.2559299222066236,-1.0583697357612663,0
0,0,0,0,-0.0965540357978854,1,2,1,0,2,0,0,2,2,0,1,2,1.1778254631988159,-0.3588947845014391,1
0,0,0,1,-1.2774445836787656,1,2,2,1,1,1,1,1,1,0,0,3,-1.3547531650543558,-0.6474745335071967,0
0,0,1,1,-0.5444780367182193,1,2,2,1,1,1,1,1,1,2,0,3,-1.3015756610490399,0.44171545494205744,0
0,0,1,0,-0.2594354906780068,1,0,0,0,2,2,0,2,2,2,1,1,0.29042586511010604,-0.9281117206137134,0
0,0,1,1,-0.46303730927815856,1,0,1,0,2,0,0,0,0,0,1,0,0.3087056321119333,-1.1880982467822032,1
1,0,1,0,0.7178532386027215,1,2,1,0,2,0,0,2,2,1,1,2,1.113015380192337,0.4438334714485217,0
0,0,1,0,1.4508197855632678,0,1,0,2,0,2,0,2,2,1,1,2,-0.34438058895335305,-0.02689569711316374,0
1,0,0,0,-1.1960038562387048,1,2,1,0,0,2,0,2,2,0,1,0,1.222693982203301,-0.36101280100790334,1
1,0,1,1,-0.9516816739185228,1,0,1,0,0,2,2,2,2,0,0,2,1.2742096892084507,1.7088188299343108,0
0,0,1,1,0.758573602322752,0,1,0,2,0,0,2,0,0,2,0,0,-1.0157465770204666,-1.0297765129239986,0
0,0,0,0,-0.9516816739185228,1,0,0,0,0,0,0,0,0,0,1,2,-0.6983433499887373,0.10865735930054995,0
1,1,1,1,0.35136996512244845,1,2,1,0,2,2,2,2,2,1,1,2,1.5683477582378549,0.3199295058203615,1
1,0,0,0,-0.4223169455581282,1,2,1,0,2,0,0,2,2,0,1,2,1.1927816362003112,-0.6352959385950271,0
0,0,1,1,-0.46303730927815856,0,1,0,2,0,2,0,2,2,1,1,2,-0.2928648819482031,-1.5682822096925408,1
1,0,1,1,1.5729808767233588,1,2,1,2,2,2,2,2,2,2,1,0,1.7046151122514768,1.5208448649856063,0
1,0,0,0,-1.2774445836787656,1,0,0,0,0,0,0,0,0,0,0,2,-0.6318714699820923,0.2992788448823348,1
1,0,1,1,-0.2594354906780068,1,2,0,0,0,2,2,2,2,1,1,1,0.572931355138347,-0.818504366404187,0
1,0,1,0,1.5729808767233588,1,2,0,2,2,0,2,0,0,2,0,0,0.012905766082363669,0.37287991848196844,0
1,0,0,0,-1.1552834925186746,1,0,0,0,0,0,0,0,0,0,1,1,-0.6634456129852487,-1.0451321325958647,0
0,0,0,0,-0.8295205827584317,1,2,1,2,0,0,0,0,0,0,1,2,0.4998122871310375,-1.7213089022845849,0
0,0,1,0,-0.5851984004382496,1,2,1,0,0,0,2,2,0,0,1,2,0.8005975441611056,-1.1695656023506409,0
0,0,0,0,-1.1960038562387048,1,2,1,0,0,0,0,0,0,0,1,2,0.3386179781149237,-0.7994422178460086,0
0,1,1,0,1.6137012404433893,1,2,1,2,2,0,0,2,2,1,1,0,1.39884446422091,1.3762902384194193,0
1,0,0,0,-0.8702409464784621,1,0,1,0,2,0,0,0,0,0,0,2,0.3386179781149237,1.4948991627814188,1
0,0,0,0,-1.2774445836787656,1,0,1,0,0,0,0,0,2,0,0,1,0.5114448661322006,1.4599518904247584,1
1,0,0,0,-0.7888002190384014,1,0,2,1,1,1,1,1,1,1,0,1,-1.5109620830699715,-0.5383966834242865,0
0,0,1,0,1.6137012404433893,1,2,1,0,2,2,2,2,2,1,1,2,1.478610720228884,1.48801560913541,1
1,0,1,0,0.3920903288424788,1,2,0,2,0,0,0,0,0,1,0,1,-0.28787949094770476,-0.6543580871532056,0
0,0,0,0,-0.62591876415828,1,0,2,1,1,1,1,1,1,0,0,1,-1.4976677070686424,-0.16509627415995778,0
0,1,0,0,-1.0331224013585834,1,0,0,0,2,0,0,0,0,0,1,3,-0.44741200296365274,0.17060934211463002,0
0,0,1,0,1.4508197855632678,1,2,1,2,2,2,2,2,2,2,0,3,1.789366759259949,1.4573043697916779,0
1,0,1,1,0.9621754209229036,1,2,2,1,1,1,1,1,1,2,0,0,-1.3497677740538576,-1.3342413857282382,0
0,0,1,1,0.22920887396235737,1,0,2,1,1,1,1,1,1,1,0,3,-1.477726143066649,1.327046354644125,0
0,0,1,1,1.6137012404433893,1,2,1,2,2,2,2,2,2,2,1,2,1.6863353452496495,1.5504970960761062,0
0,0,0,0,0.6364125111626608,1,2,2,1,1,1,1,1,1,1,0,1,-1.3198554280508674,-1.555044606527139,0
0,1,1,0,0.7992939660427822,1,2,1,2,2,2,0,2,2,0,1,2,1.4736253292283856,0.7504163607592257,0
0,0,1,1,0.10704778280226633,1,0,2,1,1,1,1,1,1,1,0,3,-1.4993295040688086,1.2174390004345987,0
1,0,1,0,1.4100994218432374,1,2,1,0,2,2,2,2,2,2,1,0,1.5467443972356951,1.3514035444684642,0
0,0,0,0,-1.2774445836787656,0,1,0,2,0,0,0,0,0,0,0,3,-1.1586611190347533,-0.39807808987102816,0
1,0,0,0,0.8400143297628127,1,0,1,0,2,0,2,0,0,0,1,3,0.5264010391336954,0.2309728125488619,0
1,0,1,1,0.06632741908223598,1,0,2,1,1,1,1,1,1,0,0,3,-1.461108173064988,0.9897522259896889,0
0,0,0,0,-1.1960038562387048,0,1,0,0,0,0,0,2,0,0,0,1,-0.9825106370171443,-1.6402947709123263,1
0,0,1,0,-1.2774445836787656,1,0,1,0,0,0,0,2,0,0,0,2,0.466576347127715,1.4054129653833032,1
1,0,0,0,-0.5444780367182193,1,0,1,0,0,2,2,2,0,0,0,3,0.8371570781647607,-1.101789074143784,0
0,1,1,0,1.125056875803025,1,2,1,2,2,2,2,2,2,2,1,0,1.7046151122514768,1.1692541249125363,0
1,0,0,0,-0.8702409464784621,1,0,2,1,1,1,1,1,1,2,0,1,-1.502653098069141,-0.7396082515383927,0
0,0,0,0,0.5956921474426305,1,2,1,0,2,2,0,2,2,0,1,2,1.3838882912194153,0.560853883430673,1
1,0,0,0,-0.5851984004382496,1,0,0,2,0,0,0,0,0,0,0,2,-0.5105602889699654,1.5970934592183201,1
0,0,1,1,1.125056875803025,1,2,1,2,2,2,2,2,2,2,0,1,1.6780263602488188,1.1078316462250724,0
1,0,1,0,1.6137012404433893,1,2,2,1,1,1,1,1,1,2,0,1,-1.328164413051698,-0.9582934558308293,0
1,0,0,0,0.26992923768238775,1,0,2,1,1,1,1,1,1,1,0,3,-1.491020519067978,1.4414192459931958,0
0,0,1,0,1.0843365120829946,1,0,1,2,0,2,0,0,0,1,1,1,0.5480044001358552,0.3569947946834864,0
1,0,1,1,-1.2367242199587352,1,0,1,0,0,0,0,0,0,0,0,3,0.1724382780983114,-1.3035301463845064,0
1,1,0,0,-1.2774445836787656,1,0,1,0,0,0,0,0,0,0,0,2,0.14418772909548702,1.1554870176205185,1
1,0,1,1,-0.5037576729981889,1,0,1,0,0,0,0,2,2,0,1,2,0.8454660631655913,-1.0366600665700074,1
0,0,0,0,-1.0738427650786138,1,2,1,0,0,0,0,2,2,0,1,0,0.9568064621767214,0.6423975189295476,1
1,0,0,0,1.5729808767233588,1,2,1,0,0,2,2,0,0,2,1,1,0.719169491152966,0.9399788380877785,0
0,0,1,0,-0.3408762181180675,1,2,0,2,2,2,0,0,0,0,0,3,0.051127097086184216,-1.19392279217498,0
1,1,1,0,1.4100994218432374,1,2,1,0,0,0,0,2,2,0,1,1,0.9933659961803764,0.9045020616045019,0
1,0,0,0,-1.2774445836787656,1,0,1,0,0,0,0,0,2,0,1,3,0.534710024134526,1.464187923437687,1
0,0,1,1,0.6364125111626608,1,2,1,0,0,0,0,0,2,1,1,3,0.574593152138513,0.09965578914807678,1
0,0,1,0,0.18848851024232702,1,2,0,0,2,0,2,0,2,1,0,3,0.2438955491054544,-0.5029199069410099,0
1,0,0,0,-0.8702409464784621,0,1,0,0,2,2,0,0,0,0,0,3,-0.9991286070188055,0.010699095876577169,0
1,0,1,0,-1.1960038562387048,1,0,2,1,1,1,1,1,1,0,1,1,-1.4694171580658184,0.5518523132781998,1
0,0,1,0,-0.5851984004382496,1,0,1,0,0,2,0,2,2,0,1,1,1.0365727181846955,-1.054663206874954,0
1,0,1,1,0.7178532386027215,1,0,0,0,0,0,0,0,0,1,1,0,-0.6634456129852487,-0.7369607309053124,0
0,0,1,1,1.4100994218432374,1,2,1,2,0,2,2,2,2,1,1,2,1.4835961112293827,1.2688009007163574,0
0,0,1,0,-0.30015585439803716,1,0,0,2,2,0,2,0,2,0,1,3,0.2089978121019659,-0.9884751910479452,0
0,1,0,0,-1.2367242199587352,1,2,1,0,0,2,0,0,0,0,1,2,0.4582673621268844,-1.2574632873689082,1
1,0,0,0,-0.9516816739185228,1,0,2,1,1,1,1,1,1,0,0,1,-1.4976677070686424,-1.0117733726190523,0
0,0,0,1,-0.9109613101984924,0,1,0,2,2,0,2,0,0,1,0,3,-0.8146691400003658,0.1287785161119606,0
0,0,1,0,1.5322605130033284,1,0,2,1,1,1,1,1,1,2,0,1,-1.4926823160681442,-1.408901467581104,0
1,0,0,0,-0.9516816739185228,1,0,0,2,0,2,2,0,2,0,1,0,0.11593718009266311,0.7927766908885112,0
0,0,0,0,-1.1552834925186746,1,0,2,1,1,1,1,1,1,0,1,1,-1.4827115340671475,1.1226577617703222,0
0,0,0,0,-1.2367242199587352,1,0,0,2,0,0,0,0,0,0,0,3,-0.4590445819648154,-1.5036827062453804,0
0,0,0,1,-1.2774445836787656,1,0,1,0,0,0,0,0,2,0,0,2,0.4615909561272169,1.4048834612566872,1
1,0,0,0,-0.5444780367182193,0,1,0,0,0,0,0,0,0,0,1,0,-1.3165318340505352,0.3718209102287363,0
1,0,1,1,-1.0331224013585834,1,0,2,1,1,1,1,1,1,0,1,0,-1.479387940066815,-1.0615467605209628,0
1,0,0,0,-1.2774445836787656,1,0,0,0,0,0,0,0,0,0,1,2,-0.7265938989915613,0.17590438338079073,1
1,1,0,0,-1.2774445836787656,1,0,0,0,0,0,0,0,0,0,0,2,-0.6900343649879066,0.2521529776135047,0
0,0,1,1,-0.9516816739185228,1,0,2,1,1,1,1,1,1,1,0,3,-1.479387940066815,-1.0758433719395966,0
0,0,0,0,-1.1960038562387048,0,1,0,2,0,0,2,0,0,0,0,3,-1.0140847800203006,-1.3490675012734883,1
0,0,0,0,-0.9516816739185228,0,1,0,2,0,2,2,2,2,0,0,3,-0.2081132349397309,0.6487515684489404,1
0,0,0,0,-1.1145631287986442,1,0,0,2,0,2,0,0,0,0,0,1,-0.29785027294870164,-0.35095222260219805,0
0,0,1,1,0.9621754209229036,1,0,1,0,0,0,0,2,2,1,0,0,0.8022593411612722,0.500490412996441,0
0,0,0,1,-0.5851984004382496,1,2,0,2,0,0,0,0,0,0,0,3,-0.23636378394255506,1.725762961986025,0
1,1,0,0,0.6771328748826912,1,2,1,0,0,0,0,2,2,0,1,2,1.044881703185526,0.3887650422804505,1
1,0,1,0,1.5322605130033284,1,2,0,2,2,2,2,2,0,2,0,3,0.47820892612887816,0.7075265265033241,0
0,0,0,0,1.6137012404433893,1,2,1,0,2,2,2,2,2,2,1,1,1.438727592224897,1.41123751077608,0
0,1,0,0,-1.0738427650786138,1,0,1,0,0,2,0,0,0,0,0,2,0.32033821111309646,0.22832529191578158,1
1,1,1,0,-0.62591876415828,1,2,1,0,0,0,0,2,2,0,1,2,0.9983513871808745,-1.1902162632886675,0
1,0,1,0,-0.13727439951791576,0,1,0,0,0,0,0,2,2,0,1,2,-0.626886078981594,-1.4067834510746398,0
0,0,1,0,-1.0738427650786138,1,2,1,0,2,2,0,2,2,0,1,2,1.3473287572157604,0.6731087582732797,1
1,0,1,0,1.247217966963116,1,2,1,0,0,2,0,2,2,2,0,2,1.2575917192067896,0.9685720609250462,0
1,0,1,0,-0.6666391278783103,1,2,1,0,0,0,0,0,0,0,1,0,0.3020584441112687,-1.4512617977103897,1
1,0,0,0,1.0843365120829946,1,0,0,0,0,2,0,0,2,1,1,0,-0.11339080593026184,-0.058665944710127885,0
0,0,0,0,-1.1960038562387048,1,0,0,0,0,2,0,2,0,0,0,2,-0.23968737794288733,-1.1600345280715516,0
0,0,0,0,-0.9924020376385531,0,1,0,0,2,0,0,0,0,0,1,3,-1.1802644800369129,-0.7200165988535981,0
0,1,1,0,-1.0331224013585834,1,2,1,0,0,0,0,0,2,0,1,2,0.6576830021468192,1.0231109859665013,1
0,0,0,0,1.4508197855632678,1,0,2,1,1,1,1,1,1,2,0,1,-1.5009913010689746,-1.2929400638521849,0
0,0,1,1,1.4508197855632678,1,2,1,2,0,2,2,2,2,2,0,1,1.5617005702371902,1.3365774289232142,0
0,1,1,0,0.7992939660427822,1,2,1,0,2,2,0,2,2,1,1,2,1.3872118852197473,0.7403557823535204,0
1,0,1,1,1.6137012404433893,1,2,1,2,2,0,2,2,2,2,1,1,1.4270950132237343,1.443007758373044,0
0,0,1,0,-0.015113308357824713,1,0,2,1,1,1,1,1,1,1,0,3,-1.5109620830699715,0.8494336324364307,0
0,0,1,0,1.6137012404433893,1,0,2,1,1,1,1,1,1,2,0,0,-1.4860351280674797,-1.3120022124103634,0
1,0,1,1,-1.2774445836787656,1,0,1,0,0,0,0,0,0,0,1,1,0.1724382780983114,1.1634295795197596,0
1,0,1,1,0.3920903288424788,1,0,0,2,0,0,2,0,2,1,0,1,-0.035286346922454,-0.4536760231657154,0
0,0,0,0,-0.30015585439803716,1,2,2,1,1,1,1,1,1,2,0,1,-1.329826210051864,1.167136108406072,1
1,0,0,0,0.5142514200025698,1,0,0,2,0,0,0,0,0,0,1,0,-0.4607063789649817,-0.6988364337889554,0
0,0,1,1,0.43281069256250915,0,1,0,2,0,2,2,2,2,1,1,1,-0.14496494893341827,-0.5129804853467151,0
1,0,1,0,0.18848851024232702,1,2,0,2,0,2,0,2,2,1,0,3,0.4815325201292102,-0.39119453622501926,0
0,1,0,0,-0.5037576729981889,1,2,1,0,0,0,0,0,2,0,1,1,0.6992279271509723,-1.072136843053284,1
0,0,0,0,-1.1552834925186746,0,1,0,0,0,0,0,0,0,0,1,2,-1.3397969920528607,1.580149327166606,1
1,0,1,0,1.247217966963116,1,0,1,2,2,2,2,2,2,2,1,1,1.506861269231708,1.0930055306798223,0
1,0,0,0,-1.1960038562387048,1,0,1,0,0,0,0,2,2,0,0,3,0.8620840331672525,-0.6612416407992145,0
1,0,1,1,1.369379058123207,1,2,2,1,1,1,1,1,1,2,1,1,-1.3115464430500368,-1.1113201484228732,0
1,0,0,0,-0.1779947632379461,1,2,1,0,2,2,0,2,2,0,1,2,1.3606231332170895,-0.3615423051345194,1
0,1,0,0,-0.9924020376385531,1,2,1,0,0,0,0,0,2,0,0,2,0.6792863631489789,1.174019662052081,0
1,0,0,1,1.5729808767233588,1,2,2,1,1,1,1,1,1,2,0,3,-1.343120586053193,-1.1224397350818107,0
1,0,0,0,-1.2774445836787656,0,1,0,0,0,0,0,0,0,0,1,2,-1.3464441800535252,-0.6458860211273485,1
0,0,1,1,1.6137012404433893,1,2,2,1,1,1,1,1,1,2,0,0,-1.3181936310507012,-0.9710015548696149,0
1,1,1,0,-0.6666391278783103,1,0,0,2,2,0,0,0,0,0,1,0,-0.3393951979528547,1.511313790706517,0
1,0,1,0,1.369379058123207,1,2,1,2,2,2,2,0,0,2,0,3,1.0581760791868549,1.013050407560796,0
0,0,0,0,-0.8702409464784621,1,2,1,0,0,0,0,0,0,0,1,2,0.39013368512007346,1.5388480052905527,1
1,0,0,0,0.758573602322752,1,2,0,2,2,2,2,2,0,1,1,1,0.544680806135523,0.1383095903910498,0
0,0,0,1,-0.9924020376385531,0,1,0,2,0,0,0,0,2,0,1,2,-0.8728320350061801,-0.20639759603601116,0
1,0,0,0,-0.748079855318371,1,0,1,0,0,0,0,2,2,0,1,2,0.9352031011745621,-1.400958905681863,0
0,0,0,0,-1.1552834925186746,1,2,1,0,2,0,2,0,2,0,1,2,0.9551446651765553,-0.0687265231158332,1
0,0,0,0,1.5322605130033284,1,2,0,2,2,2,0,2,2,2,0,3,0.6626683931473177,0.8732613181341538,0
0,0,0,1,1.5322605130033284,1,2,0,2,2,0,2,0,0,2,0,2,0.04115631508518757,0.46342512413331627,0
0,1,1,0,0.880734693482843,1,2,1,0,2,0,0,2,2,1,1,1,1.221032185203135,0.6445155354360119,1
1,0,0,1,-0.1779947632379461,1,0,1,2,0,0,0,0,0,0,1,0,0.33695618111475767,-0.8290944489365084,1
1,0,0,0,-0.3408762181180675,1,0,2,1,1,1,1,1,1,2,0,3,-1.462769970065154,0.4523055374743788,0
0,0,1,0,1.4915401492832983,1,0,0,0,2,0,0,0,2,2,1,1,-0.11006721192992953,0.14095711102413017,0
1,0,1,1,0.3920903288424788,1,0,0,2,2,0,0,0,0,0,0,3,-0.3410569949530208,-0.6972479214091072,0
0,1,0,0,-1.2367242199587352,1,0,1,0,0,0,0,0,0,0,1,2,0.16080569909714826,-1.423727583126354,1
0,1,0,0,0.26992923768238775,1,2,1,0,0,2,0,2,2,0,1,2,1.1628692901973208,0.10124430152792499,0
1,0,1,1,0.5142514200025698,1,2,1,0,2,2,2,2,2,2,1,0,1.4952286902305454,0.4729561984124055,0
1,0,1,1,1.6137012404433893,1,2,0,2,2,2,2,2,0,2,1,0,0.534710024134526,0.7774210712166453,0
0,0,0,0,0.22920887396235737,1,0,2,1,1,1,1,1,1,2,0,3,-1.477726143066649,1.3143382556053393,0
1,0,1,0,1.6137012404433893,1,2,0,2,2,2,2,0,0,2,1,0,0.10098100709116792,0.42371231463711106,0
1,0,0,0,-1.2774445836787656,1,2,2,1,1,1,1,1,1,0,1,3,-1.3530913680541898,-0.6469450293805806,1
1,0,1,1,1.6137012404433893,1,0,2,1,1,1,1,1,1,2,1,1,-1.4943441130683104,-1.3220627908160687,0
1,0,1,0,0.9214550572028734,1,2,2,1,1,1,1,1,1,2,0,0,-1.2982520670487077,-1.2892335349658726,0
0,0,1,1,0.758573602322752,0,1,0,0,0,2,2,2,2,1,1,2,-0.28621769394753876,-0.4001961063774925,0
1,0,0,0,1.247217966963116,1,0,0,2,2,2,2,2,2,2,1,0,0.7291402731539627,0.6254533868778334,0
0,0,0,0,-1.2774445836787656,1,0,2,1,1,1,1,1,1,0,0,3,-1.4744025490663168,-0.8703957708125618,0
0,0,1,1,-0.38159658183809786,1,0,2,1,1,1,1,1,1,2,1,3,-1.4993295040688086,0.30669190265495977,0
0,0,0,0,-1.2774445836787656,1,0,0,0,2,0,0,0,0,0,0,2,-0.47233895796614456,0.514787024415075,1
0,0,0,0,-1.2367242199587352,1,2,0,0,0,0,2,0,0,0,1,3,-0.34604238595351905,-1.5582216312868356,0
0,1,0,0,0.7992939660427822,1,2,1,2,2,2,0,2,2,0,0,1,1.440389389225063,0.8218994178523951,0
0,0,0,0,0.14776814652229667,1,2,0,2,0,0,0,0,0,1,0,3,-0.3427187919531868,-0.9461148609186597,0
0,0,0,0,-1.2774445836787656,1,0,0,0,0,0,0,0,0,0,0,3,-0.6451658459834212,0.2961018201226384,0
0,0,0,0,-0.1779947632379461,1,2,0,2,0,2,0,0,0,1,0,3,-0.19149526493806968,-1.1229692392084267,0
0,0,1,1,-1.0331224013585834,1,0,0,2,2,2,0,2,0,1,0,2,0.15582030809665018,0.4120632238515575,0
1,0,0,0,-0.748079855318371,1,2,1,0,2,0,0,2,2,0,1,2,1.1894580421999785,-1.3204742784362204,1
1,1,1,0,1.6137012404433893,0,1,0,2,2,2,2,2,2,2,1,1,0.006258578081699082,0.3268130594663704,0
0,0,1,1,-1.2774445836787656,1,0,2,1,1,1,1,1,1,0,1,3,-1.4710789550659844,-0.8693367625593297,1
0,0,0,0,-0.9109613101984924,1,0,2,1,1,1,1,1,1,0,0,3,-1.5259182560714666,-1.1420313877666053,0
1,0,0,0,0.3920903288424788,1,0,2,1,1,1,1,1,1,1,0,0,-1.4943441130683104,1.5600281703551953,0
0,0,0,0,-1.0331224013585834,0,1,0,0,0,0,0,0,0,0,0,0,-1.3198554280508674,-0.9466443650452757,0
1,0,0,0,-1.1552834925186746,1,0,1,0,0,2,0,0,0,0,1,0,0.33363258711442517,-0.24558090140560027,1
1,0,1,1,1.6137012404433893,1,2,1,2,2,2,2,2,2,2,1,1,1.6464522172456624,1.4742485018433922,0
0,0,1,0,-0.5037576729981889,0,1,0,0,0,0,0,0,0,0,1,2,-1.3397969920528607,0.43112537240973603,1
1,0,0,0,1.247217966963116,1,0,1,2,2,2,2,2,2,2,0,1,1.476948923228718,1.2105554467885897,0
0,0,0,0,0.9621754209229036,0,1,0,2,2,2,2,0,0,2,0,0,-0.6551366279844181,-0.550575278336456,0
0,0,0,1,-1.1145631287986442,1,0,0,0,0,0,2,0,0,0,1,3,-0.4573827849646494,-0.4181992466824388,0
0,0,1,0,1.6137012404433893,1,2,1,0,2,2,2,2,2,2,1,0,1.5184938482328711,1.4541273450319816,0
1,1,1,1,1.4508197855632678,1,2,1,0,2,2,0,0,0,0,1,2,0.6610065961471517,0.7610064432915471,0
1,0,1,1,1.4100994218432374,1,0,0,2,2,0,2,0,0,1,0,3,-0.15659752793458118,0.08059364058989829,0
1,0,1,1,-0.9924020376385531,1,0,0,0,0,0,0,0,0,0,0,0,-0.6684310039857471,-0.04066280440518153,0
1,0,1,1,0.7992939660427822,1,2,1,0,2,0,2,0,2,0,1,0,0.9468356801757247,0.3559357864302542,0
0,0,1,1,-0.5851984004382496,1,0,2,1,1,1,1,1,1,0,1,3,-1.479387940066815,0.0890657066157554,0
0,0,1,1,1.0843365120829946,1,2,2,1,1,1,1,1,1,2,0,3,-1.3065610520495383,-1.2151029572396228,0
0,0,0,0,1.125056875803025,1,0,2,1,1,1,1,1,1,2,0,3,-1.4677553610656522,-1.6281161760001568,0
1,0,0,0,-1.0331224013585834,1,2,1,0,0,0,0,2,2,0,1,2,0.9750862291785486,1.2015538766361167,0
1,0,1,1,1.0843365120829946,0,1,0,2,0,2,0,0,0,1,0,3,-0.9958050130184734,-0.8841628781045796,0
1,0,0,0,0.5549717837226001,0,1,0,2,0,2,2,2,2,2,1,0,-0.13333236993225536,-0.40337313113718887,0
1,0,0,0,-1.1145631287986442,1,0,0,0,2,0,0,0,0,0,1,2,-0.44575020596348647,-0.5241000720056527,0
1,1,1,0,1.0843365120829946,0,1,0,2,0,2,2,2,2,2,1,1,-0.023653767921291324,0.03558578982753242,0
0,0,1,0,1.5322605130033284,1,2,0,0,2,2,2,2,2,2,1,0,0.6659919871476498,0.844668095296886,0
0,0,0,0,-0.748079855318371,1,0,1,0,0,0,0,0,0,0,1,1,0.2073360151017999,1.6383947810943735,1
0,0,0,0,0.47353105628253944,1,2,0,0,0,0,0,0,0,0,1,3,-0.4856333339674735,-0.7946766807064639,0
0,0,1,0,1.2879383306831464,1,2,1,2,0,2,0,2,0,2,1,1,0.9917041991802098,0.8563171860824396,0
0,0,1,1,1.0436161483629645,0,1,0,2,0,2,2,2,2,2,0,3,-0.16656830993557784,-0.06660850660936891,0
0,1,1,0,0.5549717837226001,1,2,1,0,0,0,2,2,2,1,0,2,1.1794872601989819,0.4067681825853969,0
1,1,1,0,1.0436161483629645,1,2,1,0,2,0,0,2,2,0,1,2,1.1346187411944968,0.8001897486611362,0
0,0,1,0,1.6137012404433893,1,2,1,0,2,0,0,2,2,2,1,1,1.0947356131905097,1.144367430961581,0
0,1,0,0,-0.0965540357978854,0,1,0,0,0,2,0,2,0,0,1,2,-0.8130073430001998,-1.554515102400523,1
1,1,0,0,-0.8702409464784621,1,2,0,2,2,0,0,0,0,0,0,0,-0.1499503399339166,1.0702368532353315,0
0,1,0,0,0.06632741908223598,0,1,0,0,2,2,0,2,2,0,1,2,-0.28289409994720643,-1.0414256037095522,0
1,0,0,0,0.880734693482843,0,1,0,2,2,0,0,0,2,2,0,0,-0.6169152969805971,-0.6236468478094737,0
0,0,0,0,-1.1960038562387048,0,1,0,0,2,0,0,2,2,0,1,2,-0.47067716096597834,-1.2029243623274533,1
0,0,1,1,1.6137012404433893,1,2,2,1,1,1,1,1,1,2,0,3,-1.3248408190513656,-0.9699425466163828,0
0,0,1,1,0.3106496014024181,1,2,1,0,0,2,2,0,0,0,1,2,0.6676537841478158,-0.20533858778277903,1
0,0,1,1,-1.2367242199587352,1,0,0,0,0,0,0,2,2,0,0,3,0.03118553308419093,-1.3983113850487827,1
1,0,1,1,0.880734693482843,1,2,0,0,0,2,0,0,2,2,0,1,-0.046918925923616905,-0.1629782576534935,0
0,0,0,0,-0.748079855318371,1,0,0,2,0,0,0,0,0,0,0,0,-0.48729513096763954,1.220086521067679,0
0,0,0,0,-1.2774445836787656,1,0,1,0,0,0,0,0,0,0,0,2,0.19071804510013865,1.1930818106102594,1
0,0,0,0,-0.9109613101984924,1,2,1,0,2,2,0,0,2,0,1,2,1.0000131841810405,1.6913451937559805,1
0,0,0,0,-1.2774445836787656,1,0,0,2,0,0,0,0,0,0,0,2,-0.4856333339674735,0.5126690079086107,0
1,0,0,0,-1.2774445836787656,1,0,2,1,1,1,1,1,1,0,0,3,-1.4960059100684764,-0.9365837866395704,1
1,0,0,0,0.9621754209229036,1,2,0,2,2,0,2,0,0,1,1,0,-0.003712203919297562,-0.050193878684270776,0
0,0,1,0,1.4508197855632678,1,0,0,2,2,0,2,2,2,2,1,0,0.4931650991303729,0.7011724769839313,0
0,0,1,1,-0.748079855318371,1,0,2,1,1,1,1,1,1,1,1,3,-1.504314895069307,-0.4759151964835903,0
1,0,1,1,1.4508197855632678,1,0,1,2,0,0,2,2,2,2,1,2,1.156222102196656,1.0781794151345725,0
1,1,1,0,0.9214550572028734,1,2,1,0,0,0,0,0,0,0,1,2,0.3070438351117673,0.10918686342716602,0
0,0,0,0,-0.6666391278783103,0,1,0,2,0,0,0,2,0,0,1,2,-0.8595376590048512,1.073943382121644,0
1,1,0,0,-0.9516816739185228,1,0,1,0,0,0,0,0,2,0,1,2,0.4915033021302069,1.2486797439049466,0
1,0,1,1,-0.748079855318371,1,0,0,2,2,0,0,2,0,0,1,2,0.022876548083360315,1.6706945328179539,1
1,1,1,0,1.0436161483629645,1,2,1,0,0,2,0,2,2,0,1,2,1.1279715531938321,0.8128978476999219,1
1,0,0,0,0.8400143297628127,0,1,0,2,2,0,0,0,2,0,1,0,-0.613591702980265,-0.5606358567421614,0
1,0,1,0,1.5322605130033284,1,2,1,2,2,2,0,2,0,2,1,1,1.1495749141959914,1.1729606537988488,0
0,1,1,1,-0.748079855318371,1,2,1,0,0,0,0,2,2,0,1,2,1.0315873271841969,-1.3903688231495417,0
1,0,1,1,-0.4223169455581282,1,0,0,2,0,2,2,2,0,1,1,0,0.09101022509017127,-1.2061013870871495,1
0,0,1,0,-0.9109613101984924,1,2,1,2,0,0,0,0,0,0,1,1,0.4449729861255557,1.3709951971532588,0
0,0,1,1,-0.13727439951791576,1,2,2,1,1,1,1,1,1,2,0,3,-1.2849576910473786,1.1681951166593043,0
0,0,0,0,-1.2774445836787656,1,0,1,0,0,0,0,0,0,0,1,2,0.16080569909714826,1.159723050633447,1
1,0,1,0,0.6771328748826912,1,2,0,2,0,2,2,2,2,1,0,2,0.6510358141461546,0.1113048799336303,1
0,1,1,0,1.4508197855632678,1,2,1,0,2,0,0,2,2,0,1,2,1.1778254631988159,1.1401313979486525,1
0,0,0,0,-1.2774445836787656,1,0,1,0,0,0,0,2,0,0,0,2,0.44164939212522314,1.402765444750223,1
0,0,0,0,-0.0965540357978854,0,1,0,0,0,0,2,0,2,1,1,1,-0.8113455460000336,-1.5412774992351213,0
0,0,1,0,1.6137012404433893,1,2,0,2,2,2,2,2,0,2,0,1,0.47987072312904416,0.6551056179683332,0
0,0,0,0,-0.9109613101984924,1,0,2,1,1,1,1,1,1,0,1,3,-1.4577845790646555,-0.602996186871447,0
1,0,0,0,-1.0331224013585834,1,2,1,0,0,0,0,0,0,0,0,2,0.2937494591104381,0.5815045443686997,1
0,0,0,0,-0.9516816739185228,1,2,1,0,0,0,0,0,0,0,1,2,0.3319707901142591,1.212673463295054,1
0,0,0,1,-1.2774445836787656,1,0,0,2,0,0,0,0,0,0,0,3,-0.49394231896830415,0.47083818190594123,0
0,0,0,0,-0.5037576729981889,1,2,0,0,2,0,2,0,2,0,1,1,0.13754054109482292,-1.3707771704647471,0
0,0,0,0,-1.2774445836787656,1,0,2,1,1,1,1,1,1,0,1,3,-1.479387940066815,-0.8719842831924101,0
0,0,0,0,-0.13727439951791576,1,2,1,0,0,0,0,0,0,0,1,1,0.3735157151184122,-0.7454327969311695,0
1,0,0,0,-1.2774445836787656,1,0,1,0,0,0,2,0,0,0,0,2,0.3070438351117673,1.3000416441867053,0
1,0,0,0,-1.1960038562387048,1,0,1,2,0,0,2,0,0,0,1,3,0.5829021371393436,-0.7936176724532318,0
0,0,0,0,-0.5037576729981889,1,0,1,2,0,2,0,2,0,0,1,0,0.8188773111629334,-0.9604114723372935,0
1,0,0,1,1.2879383306831464,1,0,1,0,2,0,2,2,2,0,1,1,1.1429277261953275,0.9394493339611624,0
1,0,0,0,-1.2774445836787656,1,0,2,1,1,1,1,1,1,0,1,3,-1.481049737066981,-0.8725137873190261,1
0,0,0,0,-1.0738427650786138,0,1,0,2,0,0,0,0,0,0,0,0,-1.1736172920362484,-1.1600345280715516,0
1,0,1,0,0.7178532386027215,1,0,2,1,1,1,1,1,1,2,0,2,-1.4943441130683104,-1.7091303073724153,0
1,0,0,0,-1.0738427650786138,1,0,0,2,0,0,0,0,2,0,1,0,-0.18650987393757135,-0.18098139795843984,0
1,0,1,1,-1.0331224013585834,1,0,0,0,0,0,0,0,0,0,0,2,-0.6651074099854147,-0.19421900112384158,0
1,0,1,1,1.6137012404433893,1,2,1,0,0,2,0,0,2,2,1,1,0.8654076271675846,1.036878093258519,0
1,0,1,0,-0.9924020376385531,1,0,0,0,2,0,0,0,0,0,1,0,-0.5055748979694671,0.05517744251232697,0
0,0,1,1,1.4100994218432374,1,2,1,2,0,0,2,2,2,2,0,1,1.393859073220412,1.2004948683828844,0
0,1,1,0,-0.3408762181180675,1,2,1,0,0,0,0,2,2,0,1,2,0.9568064621767214,-0.71842808647375,1
0,0,1,0,1.6137012404433893,1,2,1,2,2,0,0,0,2,2,1,1,0.9867188081797118,1.1687246207859203,0
1,0,1,1,0.025607055362205634,1,0,2,1,1,1,1,1,1,1,1,0,-1.505976692069473,0.8780268552736984,0
1,0,0,0,-1.2367242199587352,0,1,0,0,0,0,0,0,0,0,1,2,-1.3198554280508674,0.729765699821199,1
1,0,1,0,1.5322605130033284,1,0,0,2,2,0,2,0,2,2,0,3,0.10596639809166647,0.36334884420287916,0
0,0,0,0,-0.4223169455581282,1,0,0,0,2,2,0,2,0,1,0,0,0.016229360082695727,-1.2924105597255688,0
0,0,0,0,1.0843365120829946,1,2,1,2,2,2,0,0,2,0,1,0,1.1528985081963241,0.7408852864801364,0
1,0,0,0,0.14776814652229667,1,0,2,1,1,1,1,1,1,1,1,1,-1.4760643460664828,1.174549166178697,0
0,0,1,1,0.758573602322752,1,0,2,1,1,1,1,1,1,2,0,3,-1.4893587220678117,-1.6937746877005493,0
1,0,1,0,0.8400143297628127,1,2,0,2,0,2,2,2,0,1,0,0,0.4200460311230638,0.1557832265693801,0
0,0,1,1,-0.5037576729981889,1,0,2,1,1,1,1,1,1,1,0,0,-1.4976677070686424,0.0615314920317198,0
1,0,1,0,1.247217966963116,1,0,1,2,0,2,0,2,2,2,0,1,1.1612074931971548,0.9844571847235283,0
0,0,0,0,0.3106496014024181,1,0,1,0,2,0,0,0,0,0,0,1,0.33363258711442517,-0.36471932989421585,0
1,0,0,0,0.10704778280226633,1,0,2,1,1,1,1,1,1,1,1,3,-1.51594747407047,0.99769478788893,0
1,0,1,1,-0.2594354906780068,1,0,1,0,0,0,0,0,2,1,0,0,0.47156173812821356,-0.841273043848678,0
1,1,1,0,-0.21871512695797646,1,2,1,0,2,2,0,0,2,0,1,2,1.0232783421833662,-0.5765209805406435,1
1,0,0,1,0.8400143297628127,1,0,0,2,2,0,2,0,0,1,0,1,-0.06353689592527814,-0.1560947040074846,0
1,1,1,0,0.06632741908223598,1,0,1,0,0,0,0,0,0,0,0,1,0.22561578210362715,-0.6257648643159379,0
0,1,1,0,-0.5444780367182193,1,2,1,0,0,0,0,2,2,0,1,2,1.003336778181373,-1.0440731243426324,0
1,0,1,0,0.43281069256250915,1,0,1,2,2,2,0,0,0,0,1,1,0.7091987091519689,-0.09520172944663666,0
1,0,1,1,-1.0738427650786138,1,0,2,1,1,1,1,1,1,0,0,3,-1.502653098069141,-1.5100367557647734,0
1,0,0,1,0.9621754209229036,1,2,2,1,1,1,1,1,1,2,1,3,-1.328164413051698,-1.3109432041571314,0
1,0,0,0,1.002895784642934,0,1,0,0,2,0,0,2,0,0,1,2,-0.8462432830035223,-0.8020897384790889,1
1,0,1,1,0.06632741908223598,1,0,1,0,0,2,0,2,0,0,1,3,0.641065032145158,-0.3943715609847157,0
0,0,0,0,-0.9109613101984924,0,1,0,0,2,0,2,0,0,0,0,2,-0.9476129000136557,-0.021600655847003047,0
0,0,0,0,-1.2774445836787656,1,0,2,1,1,1,1,1,1,0,1,3,-1.479387940066815,-0.8719842831924101,1
0,0,0,0,-0.7888002190384014,0,1,0,0,0,0,0,0,0,0,1,2,-1.3580767590546883,-0.34989321434896586,1
1,0,0,0,0.9621754209229036,1,2,1,0,2,0,0,2,2,0,0,2,1.1246479591934997,0.7223526420485741,0
0,0,1,0,0.9214550572028734,1,2,1,0,2,2,0,2,2,0,1,1,1.2924894562102784,0.7578294185318507,0
0,0,1,1,0.14776814652229667,1,2,0,2,2,2,2,2,2,2,1,1,0.9352031011745621,-0.17250933193258275,0
1,0,1,0,0.5956921474426305,1,0,2,1,1,1,1,1,1,1,0,0,-1.491020519067978,1.6781075905905787,0
0,0,1,1,-0.8295205827584317,1,0,2,1,1,1,1,1,1,0,1,1,-1.4843733310673135,-0.6893053595098662,0
0,0,0,0,-1.2774445836787656,1,0,1,0,0,2,0,2,0,0,1,2,0.6875953481498096,1.5632051951148918,1
1,1,0,0,-0.3408762181180675,1,2,1,0,2,0,0,0,0,0,1,2,0.5230774451333633,-0.8169158540243389,0
0,0,0,0,1.247217966963116,1,2,1,0,2,0,0,2,2,1,0,0,1.1678546811978192,0.9267412349223767,1
0,1,0,0,0.10704778280226633,0,1,0,0,0,2,0,2,0,0,1,2,-0.8279635160016948,-1.2992941133715779,0
0,0,0,0,1.4100994218432374,1,0,0,2,2,0,2,0,0,1,0,1,-0.14164135493308597,0.02817273205490745,0
1,0,0,0,-0.30015585439803716,1,2,1,0,0,0,0,0,2,0,1,2,0.6659919871476498,-0.8380960190889816,1
1,0,0,0,-0.46303730927815856,1,2,1,2,0,2,0,2,2,0,0,3,1.2991366442109427,-0.7459623010577856,0
0,0,0,0,-0.7888002190384014,1,0,0,2,2,0,2,0,2,0,0,0,0.10098100709116792,1.548908583696258,0
1,0,1,0,0.10704778280226633,1,2,1,0,0,0,0,0,0,0,1,2,0.3469269631157543,-0.5431622205638311,1
1,1,1,0,1.5729808767233588,1,2,2,1,1,1,1,1,1,2,0,0,-1.3265026160515319,-0.9312887453734098,0
0,0,0,0,-0.13727439951791576,1,0,2,1,1,1,1,1,1,0,0,1,-1.5093002860698053,0.8812038800333948,0
1,0,1,0,1.5729808767233588,0,1,0,0,2,0,0,2,2,2,0,2,-0.5122220859701314,-0.11055734911850265,1
1,1,1,0,-1.0331224013585834,1,0,1,0,0,0,0,2,2,0,1,2,0.8055829351616043,0.8939119790721805,0
0,1,0,0,1.002895784642934,0,1,0,0,2,2,0,2,2,0,1,2,-0.3244390249513595,-0.30011982644705537,0
1,0,1,0,1.3286586944031769,1,2,0,2,0,2,2,0,2,2,0,0,0.37850110611891075,0.4877823139576554,0
1,0,0,0,-0.21871512695797646,1,0,2,1,1,1,1,1,1,1,0,3,-1.477726143066649,0.8568466902090556,0
1,0,0,0,-1.0738427650786138,1,2,1,0,0,0,0,0,0,0,1,2,0.33695618111475767,0.377645455621513,1
0,1,0,0,1.6137012404433893,1,2,1,2,2,2,2,2,2,2,1,1,1.7478218342557958,1.5515561043293382,0
1,0,0,0,-1.2774445836787656,1,0,2,1,1,1,1,1,1,0,1,3,-1.4960059100684764,-0.9365837866395704,0
1,0,0,0,-0.8702409464784621,1,0,0,0,0,0,0,0,0,0,0,1,-0.6501512369839195,0.48354628094472685,0
1,0,1,1,0.26992923768238775,1,2,2,1,1,1,1,1,1,2,0,3,-1.3148700370503688,1.7199384165932483,0
0,1,0,0,1.0843365120829946,1,2,1,2,2,2,0,0,0,0,1,2,0.830509890164096,0.6863463614386813,0
1,0,0,0,-0.2594354906780068,1,0,0,2,0,0,2,2,2,1,0,0,0.3402797751150897,-0.9270527123604813,0
1,1,0,0,-1.2367242199587352,1,0,0,0,0,2,0,0,0,0,0,3,-0.4922805219681379,-1.6540618782043441,0
0,0,1,1,1.6137012404433893,0,1,0,2,2,2,2,2,2,2,0,0,0.03118553308419093,0.33528512549222755,0
1,0,1,0,1.3286586944031769,1,2,0,2,2,2,0,0,0,1,0,1,0.07605405208867606,0.2177352093834602,0
1,0,1,1,1.6137012404433893,1,2,1,0,2,2,2,2,2,2,0,1,1.5334500212343665,1.4445962707528923,0
1,0,0,0,-1.0738427650786138,1,2,1,0,0,0,2,0,2,0,1,0,0.7706851981581158,0.5899766103945567,0
1,1,0,0,-0.015113308357824713,1,0,2,1,1,1,1,1,1,1,0,1,-1.4943441130683104,0.82931247562502,0
0,0,1,0,0.7178532386027215,1,2,0,0,0,2,0,2,2,1,0,0,0.36354493311741554,0.030820252687987795,0
1,0,1,0,1.1657772395230555,0,1,0,2,0,2,2,2,2,2,1,3,-0.08680205392760396,-0.006774540301753112,0
0,0,0,0,-0.7073594915983407,1,0,1,0,2,2,0,2,2,0,1,2,1.2127232002023045,-1.279172956560167,1
1,0,1,0,1.6137012404433893,1,2,1,2,2,2,2,2,2,2,0,0,1.6747027662484868,1.5356709805308562,0
1,0,0,0,-0.9516816739185228,1,0,2,1,1,1,1,1,1,0,1,3,-1.5225946620711341,-0.9757670920091596,1
0,0,0,0,-1.2774445836787656,1,0,2,1,1,1,1,1,1,0,0,3,-1.504314895069307,-0.9392313072726508,0
0,0,0,0,-0.8295205827584317,1,2,1,0,0,0,0,0,2,0,1,2,0.7241548821534641,-1.6577684070906566,0
0,0,0,0,0.18848851024232702,0,1,0,0,0,0,2,0,0,0,0,1,-1.2018678410390724,1.7130548629472393,1
1,0,1,1,1.1657772395230555,1,0,2,1,1,1,1,1,1,1,0,3,-1.4744025490663168,-1.5052712186252286,0
1,0,1,1,-0.5851984004382496,1,0,2,1,1,1,1,1,1,1,0,0,-1.4943441130683104,-0.15556519988086853,0
1,0,0,1,-0.46303730927815856,1,0,0,0,0,0,0,0,0,0,0,3,-0.6351950639824246,1.719408912466632,0
1,0,1,1,1.4508197855632678,0,1,0,2,2,2,2,0,2,2,1,3,-0.2779087089467081,0.060472483778487664,0
1,1,0,0,-0.8295205827584317,1,2,1,0,0,0,0,0,0,0,1,1,0.2837786771094415,1.5171383360992938,0
0,1,0,0,-1.2367242199587352,0,1,0,0,0,0,0,0,0,0,0,2,-1.343120586053193,0.12454248309903203,1
0,0,1,0,1.2064976032430856,1,2,1,0,0,2,0,2,2,0,1,2,1.2160467942026365,0.936801813328082,0
0,1,0,0,-0.13727439951791576,1,2,1,0,0,0,2,2,2,0,0,2,1.1263097561936661,-0.4166107343025906,1
1,0,0,1,-1.2774445836787656,0,1,0,0,2,0,2,0,0,0,0,3,-1.03568814102246,-0.20957462079570757,0
1,1,1,0,-1.1145631287986442,1,2,1,0,0,2,0,0,0,0,1,0,0.50313588113137,-0.15185867099455605,1
0,0,0,0,-1.2774445836787656,1,0,2,1,1,1,1,1,1,0,0,2,-1.46443176706532,-0.8672187460528654,0
1,0,0,1,1.2064976032430856,1,2,1,0,0,2,2,2,2,2,1,2,1.3057838322116073,1.0607057789562422,0
0,0,1,1,0.14776814652229667,1,0,2,1,1,1,1,1,1,2,0,0,-1.479387940066815,1.2460322232718664,0
0,1,0,0,-0.1779947632379461,1,2,1,0,0,2,2,2,2,0,1,2,1.2808568772091153,-0.40390263526380493,1
0,0,1,1,1.4915401492832983,1,2,0,2,2,0,2,2,0,1,0,1,0.29707305311077065,0.45971859524700376,0
0,0,1,0,-0.8702409464784621,1,2,1,2,0,0,2,2,0,0,1,1,1.044881703185526,-1.5084482433849251,1
0,0,1,0,1.247217966963116,1,2,1,0,2,2,2,2,2,0,1,2,1.461992750227223,1.1448969350881972,0
1,0,0,0,-0.38159658183809786,1,0,2,1,1,1,1,1,1,1,0,0,-1.4827115340671475,0.10812785517393388,0
1,0,0,0,-0.9109613101984924,1,0,2,1,1,1,1,1,1,0,0,1,-1.4960059100684764,-0.8216813911638835,0
0,0,1,0,1.5729808767233588,1,2,2,1,1,1,1,1,1,2,1,1,-1.289943082047877,-1.010184860239204,0
0,1,0,0,0.5142514200025698,1,2,0,2,0,0,2,0,2,0,1,2,0.17576187209864347,-0.3160049502455375,0
0,0,1,1,1.5322605130033284,1,2,2,1,1,1,1,1,1,2,0,3,-1.3530913680541898,-1.0419551078361682,0
0,0,0,1,-0.4223169455581282,1,2,1,0,0,0,0,0,2,0,1,2,0.6643301901474837,-0.9990652735802666,0
0,0,1,1,0.7992939660427822,1,2,2,1,1,1,1,1,1,2,0,3,-1.3863273080575123,-1.477737004041193,0
1,0,1,0,0.9214550572028734,1,2,1,0,0,2,2,2,2,1,1,2,1.3091074262119398,0.7858931372425023,1
0,0,0,0,1.3286586944031769,0,1,0,2,0,2,2,2,2,2,0,1,-0.15992112193491323,0.05252992187924663,0
0,0,1,1,1.6137012404433893,1,0,2,1,1,1,1,1,1,2,0,0,-1.502653098069141,-1.271230394660926,0
1,0,1,0,-0.9109613101984924,1,0,2,1,1,1,1,1,1,1,0,0,-1.5009913010689746,-0.9471738691718918,0
0,0,0,1,-1.0331224013585834,1,0,2,1,1,1,1,1,1,1,0,3,-1.4860351280674797,1.6998172597818375,0
1,1,0,0,-1.1145631287986442,1,0,1,0,2,0,0,0,2,0,1,2,0.6909189421501416,0.11924744183287134,0
0,0,1,1,-0.3408762181180675,1,2,0,2,0,2,0,2,2,2,0,1,0.4599291591270504,-0.9800031250220881,0
0,0,1,1,1.6137012404433893,1,2,1,2,2,2,2,2,2,2,1,1,1.7295420672539685,1.5542036249624185,0
1,0,0,0,-0.46303730927815856,0,1,0,2,0,0,2,2,0,0,1,3,-0.7049905379894018,-1.7112483238788796,0
1,0,1,0,1.4915401492832983,0,1,0,0,2,2,2,2,2,1,1,1,-0.13167057293208934,0.19761405257204956,0
1,0,1,1,0.47353105628253944,1,0,0,0,2,0,2,0,0,0,1,0,-0.32776261895169184,-0.5590473443623132,0
0,1,1,1,1.1657772395230555,1,2,0,0,0,2,0,2,0,1,1,2,0.014567563082529699,0.06947405393096084,0
1,1,0,0,-0.3408762181180675,1,2,1,0,2,2,0,2,2,0,1,1,1.2692242982079527,-0.5908175919592773,1
0,0,0,0,-1.2774445836787656,1,0,1,0,0,0,0,2,2,0,0,2,0.85876043916692,1.6240981696757397,1
0,0,0,0,-1.0738427650786138,1,0,0,0,0,0,2,0,0,0,1,0,-0.46402997296531395,-0.40760916415011744,1
1,0,0,0,-1.1552834925186746,1,2,1,0,2,0,0,0,2,0,1,2,0.8404806721650927,-0.04595784567134222,1
1,0,1,0,1.6137012404433893,1,2,1,0,2,2,2,2,2,2,1,2,1.4437129832253957,1.4144145355357765,0
1,0,0,0,1.6137012404433893,1,2,0,2,2,2,2,2,2,2,0,0,0.9052907551715716,1.0723548697417957,0
1,1,1,0,-0.748079855318371,1,2,1,0,0,0,0,0,0,0,1,2,0.3436033691154218,-1.708600803245799,0
1,0,0,0,-1.0331224013585834,1,2,2,1,1,1,1,1,1,0,1,0,-1.3198554280508674,-1.2267520480251763,0
0,0,0,0,0.6364125111626608,1,0,1,0,2,0,0,0,0,1,0,2,0.34526516611558833,-0.009951565061449527,0
1,0,1,1,0.9214550572028734,1,0,2,1,1,1,1,1,1,1,0,3,-1.504314895069307,-1.6948336959537813,0
1,0,0,0,-1.2774445836787656,1,0,2,1,1,1,1,1,1,0,0,1,-1.5109620830699715,-0.9408198196524991,0
1,0,0,0,0.5142514200025698,1,0,1,2,2,2,2,2,2,1,0,1,1.5766567432386855,0.5317311564667891,0
1,0,0,0,-1.1960038562387048,1,0,1,0,0,0,0,0,0,0,1,3,0.18407085709947407,-0.7591999042231873,0
0,0,1,0,1.5729808767233588,1,0,2,1,1,1,1,1,1,2,0,3,-1.5009913010689746,-1.3188857660563724,0
1,0,1,0,-0.9924020376385531,1,0,2,1,1,1,1,1,1,0,0,3,-1.479387940066815,-1.1801556848829622,0
0,0,1,0,-1.1960038562387048,1,2,1,0,0,0,0,0,0,0,1,2,0.36853032411791364,-0.5516342865896882,1
1,0,1,1,1.4915401492832983,1,0,0,2,2,0,2,2,2,2,0,0,0.5280628361338618,0.7107035512630205,0
1,0,1,1,-1.2774445836787656,1,0,1,0,0,0,0,0,0,0,1,2,0.12424616509349373,1.1231872658969384,1
0,1,1,0,1.6137012404433893,1,2,1,2,2,2,2,2,2,2,1,1,1.6946443302504801,1.5526151125825705,0
1,0,0,0,-0.8702409464784621,1,0,1,2,0,0,0,0,0,0,1,2,0.29042586511010604,1.442478254246428,1
1,0,0,0,1.5729808767233588,1,2,0,2,2,2,2,0,2,2,0,0,0.5264010391336954,0.7689490051907881,0
0,0,0,0,-1.2774445836787656,1,0,1,0,0,0,0,0,0,0,1,3,0.1724382780983114,1.1634295795197596,1
0,0,1,0,0.025607055362205634,0,1,0,2,0,2,2,2,2,2,0,0,-0.1732154979362424,-0.8539811428874636,0
0,0,0,0,-0.6666391278783103,1,0,2,1,1,1,1,1,1,1,0,3,-1.5192710680708021,-0.22387123221434144,0
0,1,1,0,0.9621754209229036,1,2,1,2,2,2,2,0,0,1,0,2,1.0266019361836989,0.6810513201725207,0
0,0,0,0,-1.2774445836787656,1,0,2,1,1,1,1,1,1,0,0,1,-1.4893587220678117,-0.9344657701331062,0
1,0,0,0,-1.1145631287986442,1,0,0,0,0,2,0,2,2,0,1,2,0.17576187209864347,-0.14020958020900254,1
1,0,1,1,1.002895784642934,1,0,2,1,1,1,1,1,1,1,0,3,-1.5076384890696393,-1.660415927723737,0
1,0,1,1,0.9621754209229036,0,1,0,0,2,2,0,0,0,1,1,1,-0.952598291014154,-0.8905169276239724,0
1,0,0,0,-0.9924020376385531,1,2,1,0,2,2,0,2,0,0,1,2,0.9717626351782166,1.3911163539646694,1
0,0,1,1,-0.4223169455581282,1,0,0,2,2,2,0,0,0,0,0,3,-0.12003799393092641,-1.31517923717006,1
0,0,0,0,-1.2774445836787656,1,0,2,1,1,1,1,1,1,0,0,3,-1.4960059100684764,-0.9365837866395704,0
0,0,0,1,0.3106496014024181,1,0,0,2,0,0,2,2,0,0,1,1,-0.021991970921125294,-0.6061732116311433,0
1,0,1,1,0.5549717837226001,1,0,2,1,1,1,1,1,1,2,0,1,-1.4960059100684764,1.573795277647213,0
1,0,1,1,1.247217966963116,1,0,2,1,1,1,1,1,1,2,0,3,-1.4976677070686424,-1.4560273348499342,0
1,0,1,1,1.4508197855632678,1,2,1,2,2,2,0,2,2,2,1,2,1.5101848632320405,1.3222808175045804,0
1,0,1,1,1.4915401492832983,1,0,1,2,2,0,2,2,2,2,1,1,1.3822264942192488,1.265623875956661,0
0,0,1,0,0.9621754209229036,1,2,1,0,2,2,2,0,0,0,0,2,0.8570986421667539,0.5555588421645122,0
0,0,1,1,-0.9109613101984924,1,0,0,0,2,2,0,0,2,1,1,3,0.03783272108485552,1.0638828037159387,0
1,0,0,0,1.247217966963116,1,2,1,2,2,2,2,2,0,1,0,1,1.3207400052131024,1.0612352830828582,0
0,0,1,1,-0.3408762181180675,0,1,0,2,2,2,2,0,2,2,1,3,-0.40752887495966567,-1.5243333671834072,0
0,0,0,0,-0.5444780367182193,1,2,0,0,0,2,0,0,0,0,1,3,-0.28787949094770476,-1.6874206381811565,0
1,0,1,1,-0.4223169455581282,1,2,1,0,0,2,0,2,0,0,1,2,0.7972739501607736,-0.9524689104380525,0
1,0,1,0,-0.13727439951791576,1,2,1,2,2,0,0,0,0,0,1,2,0.6543594081464871,-0.6040551951246791,1
1,0,1,0,-0.7888002190384014,1,2,0,0,0,2,0,2,2,1,1,3,0.3502505571160864,1.7209974248464803,1
0,0,1,0,1.5322605130033284,1,2,2,1,1,1,1,1,1,2,1,0,-1.288281285047711,-0.8608646965334725,0
0,0,1,0,0.6771328748826912,1,0,1,0,2,2,0,2,2,0,0,2,1.1512367111961581,0.5274951234538606,0
0,1,1,0,0.43281069256250915,1,2,1,2,0,2,2,2,2,1,1,3,1.4885815022298807,0.43589090954928067,1
0,0,0,0,-1.1960038562387048,1,0,2,1,1,1,1,1,1,0,1,3,-1.5009913010689746,0.8404320622839574,1
1,0,1,1,0.3920903288424788,1,0,0,0,0,2,2,2,2,1,0,2,0.2787932861089434,-0.30700338009306427,0
1,0,0,0,1.002895784642934,1,0,0,0,2,0,2,0,0,1,1,3,-0.33607160395252245,-0.281587182015493,0
1,1,0,0,-1.2367242199587352,1,0,0,2,0,2,0,2,0,0,0,0,0.05445069108651675,1.6759895740841144,1
0,0,1,0,1.6137012404433893,1,2,1,2,2,2,2,2,2,2,1,1,1.6879971422498155,1.5277284186316151,0
0,1,0,0,0.5549717837226001,1,2,1,0,2,2,0,2,2,0,1,2,1.3190782082129364,0.44965801684129847,0
1,1,1,0,1.369379058123207,1,2,1,0,0,0,2,2,2,0,1,1,1.1728400721983174,1.1454264392148132,1
1,0,0,0,1.2064976032430856,1,2,1,2,2,0,2,0,2,1,0,2,1.2376501552047963,1.0400551180182156,1
0,0,1,0,1.6137012404433893,1,2,0,2,2,2,2,2,2,2,1,0,0.8770402061687477,1.0728843738684117,0
1,0,1,1,0.10704778280226633,1,0,1,0,2,0,2,2,0,1,1,2,0.82884809316393,-0.26993809122993945,0
1,0,1,0,-0.62591876415828,1,2,1,2,2,2,0,0,0,0,0,1,0.8454660631655913,-1.2802319648133993,1
0,0,1,0,1.6137012404433893,1,2,0,2,2,2,2,2,2,2,1,2,0.9185851311729007,1.1168332163775456,0
0,0,1,1,-0.1779947632379461,1,0,2,1,1,1,1,1,1,1,0,3,-1.491020519067978,0.6619891716143421,0
1,0,1,0,0.9621754209229036,1,2,2,1,1,1,1,1,1,2,1,1,-1.3165318340505352,-1.4110194840875683,1
0,0,0,0,-0.055833672077855064,1,2,1,0,0,0,2,0,0,0,1,1,0.5014740841312035,-0.6400614757345717,1
1,0,0,0,0.5142514200025698,1,0,2,1,1,1,1,1,1,1,0,0,-1.5259182560714666,1.5896804014456951,0
0,0,0,0,-1.2774445836787656,1,2,2,1,1,1,1,1,1,0,1,3,-1.2965902700485417,-0.5828750300600363,0
0,0,0,0,-1.2367242199587352,1,0,0,0,2,0,0,0,0,0,1,3,-0.5039131009693008,-1.5815198128579426,1
0,0,0,0,-1.0738427650786138,1,0,2,1,1,1,1,1,1,0,1,3,-1.4561227820644893,-1.631822704886469,0
0,0,1,0,0.6364125111626608,1,0,1,0,2,2,0,2,2,1,1,2,1.07313225218835,0.37976347212797734,0
1,0,1,1,-0.30015585439803716,1,2,2,1,1,1,1,1,1,0,1,0,-1.3082228490497045,0.676285783032976,0
1,0,1,1,1.2879383306831464,1,0,2,1,1,1,1,1,1,2,1,0,-1.4976677070686424,-1.4586748554830147,0
1,0,0,0,0.7178532386027215,0,1,0,2,2,0,0,0,0,0,1,3,-0.9891578250178088,-1.0287175046707664,0
0,0,1,1,0.7992939660427822,1,2,1,0,0,2,0,2,2,1,0,0,1.2127232002023045,0.6238648744979852,0
1,1,1,0,-1.1552834925186746,1,0,1,0,0,0,0,0,0,0,1,2,0.18074726309914202,-0.43937941174708156,0
0,1,0,0,-0.015113308357824713,1,0,1,0,0,0,0,2,2,0,0,2,0.8703930181680831,-0.40072561050410854,0
1,0,1,1,0.5142514200025698,1,2,0,2,2,0,2,2,0,2,0,1,0.3020584441112687,-0.17515685256566307,0
1,0,1,0,-0.9516816739185228,1,2,1,2,0,0,0,0,2,0,1,2,0.7740087921584478,1.4663059399441511,0
0,1,1,0,1.369379058123207,1,2,1,0,0,2,2,2,2,1,1,1,1.3689321182179202,1.1798442074448576,1
1,0,0,1,-1.1960038562387048,1,2,1,0,0,2,0,0,2,0,0,2,0.9003053641710731,-0.5463392453235275,1
0,0,0,0,0.880734693482843,1,0,2,1,1,1,1,1,1,2,0,3,-1.4843733310673135,-1.6434717956720226,0
0,0,1,1,-1.2774445836787656,0,1,0,0,0,0,2,2,0,0,0,2,-0.8196545310008642,0.0821821529697465,1
0,0,1,1,1.2879383306831464,1,2,1,2,2,0,2,2,2,2,0,0,1.5135084572323727,1.1867277610908666,0
0,1,0,0,-0.055833672077855064,1,2,1,0,0,0,0,0,0,0,1,2,0.30372024111143525,-0.7438442845513213,1
0,0,0,0,-0.748079855318371,1,0,1,0,0,0,0,2,2,0,1,3,0.8321716871642622,-1.5952869201499604,1
0,0,0,0,-0.8295205827584317,1,0,1,2,0,0,0,2,0,1,1,1,0.677624566148813,1.7157023835803196,0
1,1,1,0,1.4100994218432374,1,0,0,2,2,0,2,0,0,1,1,0,-0.12668518193159078,0.13407355737812127,0
0,0,1,1,0.10704778280226633,1,2,0,2,0,2,2,2,0,0,0,2,0.24888094010595296,-0.5473982535767596,1
0,0,0,0,0.5142514200025698,1,2,0,2,0,0,2,0,2,2,0,3,0.2920876621102721,-0.1868059433512166,0
1,0,0,0,-0.9109613101984924,1,0,0,0,0,0,0,0,0,0,0,3,-0.6235624849812617,0.48407578507134297,0
0,1,0,0,-0.13727439951791576,1,2,0,2,2,0,0,0,0,0,1,0,-0.20645143793956489,-1.0769023801928288,0
0,0,0,0,-0.3408762181180675,1,2,2,1,1,1,1,1,1,1,0,0,-1.3348116010523623,0.8933824749455643,0
1,0,1,1,1.369379058123207,1,0,2,1,1,1,1,1,1,2,1,3,-1.4960059100684764,-1.3935458479092382,0
1,0,0,0,0.758573602322752,1,0,1,2,0,0,0,2,0,1,0,3,0.7175076941527995,0.20132058145836204,0
0,0,1,0,0.5142514200025698,1,2,2,1,1,1,1,1,1,2,0,3,-1.304899255049372,-1.6016409696693532,0
0,0,1,0,0.6771328748826912,1,0,2,1,1,1,1,1,1,1,0,1,-1.5209328650709681,1.6442193264871503,0
0,0,1,0,-0.13727439951791576,1,0,2,1,1,1,1,1,1,2,1,3,-1.502653098069141,0.5867995856348603,0
1,0,1,1,0.3106496014024181,1,2,1,2,2,0,2,2,2,0,1,1,1.506861269231708,0.2828642169572367,0
0,1,0,0,0.18848851024232702,1,2,1,0,0,0,0,2,2,0,1,2,1.0565142821866886,-0.08302313453446707,1
1,0,0,0,-0.30015585439803716,1,0,1,0,0,0,0,0,0,0,0,2,0.1657910900976468,-1.071077834800052,0
0,0,0,0,-0.4223169455581282,0,1,0,0,0,2,0,2,2,0,1,2,-0.47067716096597834,-1.6482373328115674,0
1,0,0,0,1.6137012404433893,0,1,0,2,2,2,2,2,2,2,1,0,0.0278619390838584,0.3336966131123793,0
0,0,0,0,-1.0331224013585834,0,1,0,0,2,0,0,0,2,0,1,1,-0.8196545310008642,-0.38484048670562643,1
1,0,1,1,0.025607055362205634,1,0,0,0,2,2,2,2,2,2,0,1,0.576254949138679,-0.5320426339048937,0
0,0,0,0,-0.38159658183809786,1,0,1,0,2,0,2,0,0,0,1,3,0.47654712912871167,-1.0276584964175344,0
1,1,0,0,-0.3408762181180675,1,2,1,0,2,0,0,2,2,0,1,2,1.2127232002023045,-0.6172927982900808,1
0,0,0,0,-1.2774445836787656,1,0,1,0,0,0,0,2,0,0,0,2,0.4915033021302069,1.435594700600419,1
1,0,0,0,1.4915401492832983,1,2,0,2,2,2,2,2,2,2,0,3,0.8604222361670865,0.9807506558372158,0
0,0,0,1,-1.1960038562387048,1,0,2,1,1,1,1,1,1,1,1,1,-1.4694171580658184,0.7652424763044756,0
1,0,0,0,0.9621754209229036,1,0,0,0,2,0,2,2,2,1,1,0,0.3652067301175816,0.20502711034467452,0
1,0,0,0,1.3286586944031769,1,2,1,2,0,2,2,2,2,1,1,1,1.503537675231376,1.2391486696258576,0
1,0,1,0,1.5729808767233588,1,0,2,1,1,1,1,1,1,1,0,2,-1.4594463760648215,-1.2113964283533103,0
0,1,0,0,-0.748079855318371,1,2,1,0,0,2,0,0,0,0,1,0,0.5180920541328647,-1.6662404731165137,0
0,0,0,0,-1.2367242199587352,1,0,1,0,0,0,0,0,0,0,1,2,0.179085466098976,-1.5026236979921483,0
0,0,0,0,-0.015113308357824713,1,2,1,0,0,0,0,2,0,1,0,2,0.641065032145158,-0.4483809818995547,1
1,0,0,0,0.3106496014024181,1,0,0,2,0,2,0,0,2,0,0,2,0.08934842809000525,-0.46532511395126896,0
1,0,0,0,-1.2774445836787656,1,0,2,1,1,1,1,1,1,0,0,1,-1.462769970065154,-0.8666892419262493,0
1,0,0,0,-1.2774445836787656,1,0,1,0,0,0,0,2,2,0,1,2,0.8089065291619363,1.6087425500038737,1
0,0,0,0,-1.0331224013585834,1,0,1,0,0,0,0,0,0,0,1,3,0.17077648109814536,0.5010199171230572,0
0,0,1,0,-0.7073594915983407,1,2,0,0,0,0,0,0,0,0,1,2,-0.45405919096431707,1.22802908296692,0
0,0,1,1,-0.62591876415828,1,2,1,2,0,2,0,2,0,0,0,2,0.9850570111795457,-1.1616230404513999,1
1,0,0,0,-0.5444780367182193,1,0,1,0,2,2,0,0,0,0,1,2,0.44829658012588774,-1.2564042791156762,1
1,0,0,0,1.5729808767233588,1,2,2,1,1,1,1,1,1,2,0,0,-1.303237458049206,-0.9450558526654276,0
0,0,1,1,0.880734693482843,1,2,0,2,0,0,2,0,0,2,0,0,-0.1582593249347472,-0.21645817444171647,0
1,0,1,0,-0.055833672077855064,1,2,1,2,2,0,2,0,0,0,1,1,0.8570986421667539,-0.3858994949588586,0
0,0,0,0,-0.8702409464784621,1,0,1,2,0,0,0,0,0,0,0,2,0.3868100911197414,1.5404365176704007,0
0,1,0,0,-0.5851984004382496,1,0,1,0,0,2,0,0,2,0,1,2,0.6709773781481484,-1.2892335349658726,0
0,1,0,0,1.6137012404433893,1,2,1,2,2,0,2,2,2,2,1,0,1.506861269231708,1.3927048663445176,0
0,1,0,0,1.5729808767233588,1,2,1,0,2,0,0,2,2,0,1,1,1.1595456961969886,1.175078670305313,0
1,1,0,0,-1.1145631287986442,0,1,0,0,0,2,2,2,0,0,0,1,-0.6435040489832552,-0.7925586641999997,0
1,0,1,0,0.22920887396235737,1,2,0,0,0,2,2,0,2,1,0,1,0.14086413509515497,-0.49603635329500095,0
1,0,0,1,-1.1145631287986442,1,0,0,0,0,0,2,0,0,0,1,0,-0.5354872439724572,-0.6718317233315358,0
1,1,0,0,-1.2367242199587352,1,0,0,0,0,0,0,0,0,0,1,2,-0.6850489739874083,1.6479258553734628,1
0,1,0,0,0.7992939660427822,1,2,0,2,0,2,0,0,0,2,0,0,-0.16324471593524553,-0.2948247851808947,0
0,1,0,0,-0.9924020376385531,1,2,1,0,0,0,0,0,0,0,1,2,0.3652067301175816,0.898148012085109,1
0,0,0,0,1.4508197855632678,1,2,0,0,2,2,0,2,2,2,1,2,0.5280628361338618,0.6355139652835387,0
1,0,1,1,1.4915401492832983,1,0,2,1,1,1,1,1,1,1,1,1,-1.4694171580658184,-1.3337118816016222,0
0,0,1,0,0.3920903288424788,1,2,0,2,2,0,2,0,0,0,1,1,0.05445069108651675,-0.4695611469641975,0
0,0,0,0,0.7178532386027215,1,0,1,0,2,0,2,2,2,2,1,3,1.1778254631988159,0.5354376853531017,0
0,0,0,0,-1.2774445836787656,1,0,2,1,1,1,1,1,1,0,1,3,-1.517609271070636,-0.9429378361589633,1
1,1,1,0,-1.2774445836787656,1,2,1,2,0,0,0,0,0,0,1,2,0.5164302571326987,1.4615404028046064,1
1,0,1,0,0.025607055362205634,1,0,0,0,0,0,0,0,0,0,1,1,-0.6717545979860794,-1.2717598987875423,0
0,0,0,0,-1.0331224013585834,1,0,2,1,1,1,1,1,1,0,0,3,-1.4760643460664828,-1.246343700709971,0
1,0,1,1,1.2879383306831464,1,2,1,2,2,2,0,0,0,0,1,2,0.898643567170907,0.8610827232219841,0
0,0,0,0,-1.2774445836787656,1,0,1,0,0,2,0,0,0,0,1,2,0.33695618111475767,1.305866189579482,1
1,0,0,0,1.0843365120829946,1,0,2,1,1,1,1,1,1,2,1,0,-1.481049737066981,-1.5354529538423447,0
0,0,1,0,-1.0738427650786138,1,2,0,0,0,0,0,0,0,0,0,2,-0.47898614596680894,-0.2799986696356448,0
0,0,0,0,-1.1960038562387048,1,0,2,1,1,1,1,1,1,0,0,3,-1.5275800530716328,0.7287066915679669,0
0,0,1,0,-0.7073594915983407,1,0,2,1,1,1,1,1,1,0,0,1,-1.4727407520661506,-0.20639759603601116,0
1,0,1,1,-0.7888002190384014,1,0,0,0,0,0,0,2,2,1,1,2,-0.00038860991896550476,1.5997409798514006,0
0,0,0,0,-0.38159658183809786,1,2,1,0,2,0,0,2,2,0,1,1,1.1279715531938321,-0.7284886648794553,0
1,1,1,0,-0.055833672077855064,1,2,1,2,0,0,0,2,0,0,0,2,0.8205391081630994,-0.4356728828607691,0
1,0,0,0,-0.13727439951791576,1,0,0,2,2,0,2,0,0,1,1,2,-0.19980424993890028,-1.0933170081179269,0
0,0,1,0,0.6771328748826912,1,0,2,1,1,1,1,1,1,1,0,1,-1.46443176706532,-1.6884796464343885,0
0,0,1,0,0.9621754209229036,1,2,1,0,0,0,0,2,0,0,1,0,0.6925807391503077,0.47348570253902156,0
0,0,0,0,1.247217966963116,1,2,0,2,2,2,2,0,2,2,1,1,0.5164302571326987,0.5105509914021464,0
1,0,1,0,1.247217966963116,1,2,0,0,0,2,2,2,2,2,0,1,0.4998122871310375,0.5327901647200213,0
1,1,1,1,-0.3408762181180675,1,2,1,2,0,0,0,0,0,0,1,2,0.5014740841312035,-0.971531058996231,0
1,1,1,0,0.14776814652229667,1,0,0,0,0,2,2,0,0,1,0,1,-0.3543513709543497,-0.8778088285851868,0
0,1,0,0,-0.9516816739185228,1,0,1,0,0,0,0,2,0,0,1,2,0.534710024134526,1.3360479247965982,1
1,0,0,0,-1.1960038562387048,0,1,0,0,0,0,0,0,0,0,0,2,-1.329826210051864,1.0633532995893225,1
0,0,1,0,-0.46303730927815856,1,0,0,2,0,2,2,2,2,1,0,3,0.5363718211346925,-1.0806089090791413,0
1,0,1,1,-0.7888002190384014,1,2,2,1,1,1,1,1,1,1,0,0,-1.3381351950526947,-0.15238817512117211,0
1,0,1,1,-1.2774445836787656,1,0,2,1,1,1,1,1,1,0,1,0,-1.4827115340671475,-0.8730432914456422,0
0,0,1,1,-0.30015585439803716,1,0,2,1,1,1,1,1,1,1,0,3,-1.4860351280674797,0.5820340484953157,0
1,0,1,1,1.5729808767233588,1,0,2,1,1,1,1,1,1,2,1,0,-1.5009913010689746,-1.354362542539649,0
1,0,0,0,1.369379058123207,1,2,1,2,2,2,2,2,2,1,1,0,1.6464522172456624,1.296335115300393,0
0,0,0,0,0.5142514200025698,1,0,1,2,2,0,0,2,2,1,1,2,1.1811490571991479,0.2881592582233974,0
0,0,1,0,-0.4223169455581282,1,0,1,0,0,0,0,2,0,0,1,1,0.5064594751317021,-1.08749246272515,0
0,0,1,0,1.4100994218432374,1,0,2,1,1,1,1,1,1,1,1,0,-1.4594463760648215,-1.4104899799609523,0
0,0,1,0,1.4508197855632678,1,2,1,0,0,2,0,2,0,2,1,0,0.8371570781647607,0.8669072686147609,0
0,0,1,1,-1.318164947398796,1,0,2,1,1,1,1,1,1,2,0,3,-1.4876969250676457,-1.7250154311708974,0
0,1,0,0,0.6771328748826912,1,2,1,0,0,2,0,0,2,0,1,1,0.8670694241677506,0.3088099191614241,1
0,1,0,0,-1.1552834925186746,1,2,0,0,0,0,0,0,0,0,0,3,-0.532163649972125,-1.0223634551513736,0
1,0,1,0,1.247217966963116,1,2,0,2,2,2,2,0,2,1,0,1,0.5064594751317021,0.5370261977329499,0
0,0,1,0,-1.2367242199587352,1,0,1,0,2,2,0,0,0,0,0,0,0.4964886931307054,-1.1293232887278195,1
1,0,0,0,-0.46303730927815856,1,0,2,1,1,1,1,1,1,1,1,3,-1.4760643460664828,0.1833174411534157,0
1,0,1,1,0.9214550572028734,1,0,0,2,2,0,2,0,0,2,0,0,-0.23968737794288733,-0.3228885038915464,1
1,0,0,1,-1.2774445836787656,1,0,2,1,1,1,1,1,1,0,1,3,-1.479387940066815,-0.8719842831924101,0
0,0,0,0,-0.62591876415828,1,0,2,1,1,1,1,1,1,2,0,3,-1.5076384890696393,-0.08461164691431527,0
1,0,0,0,-0.0965540357978854,1,2,1,2,0,0,0,2,2,0,1,0,1.1844726511994805,-0.381133957819314,0
1,0,1,1,-0.4223169455581282,1,0,0,2,2,0,2,0,0,0,1,3,-0.22639300194155818,-1.4602633678628627,0
0,0,0,0,-0.9516816739185228,1,0,0,0,0,0,2,2,0,0,1,0,-0.17487729493640844,0.6233353703713691,0
1,0,1,1,-1.2774445836787656,1,0,2,1,1,1,1,1,1,0,0,3,-1.5142856770703037,-0.9418788279057312,0
0,0,1,0,-0.46303730927815856,1,2,1,0,0,0,0,0,2,0,1,2,0.722493085153298,-1.0075373396061238,1
1,0,0,0,-0.5444780367182193,1,2,0,0,0,2,2,0,0,0,0,2,-0.1732154979362424,-1.5794017963514784,0
0,0,1,1,1.4915401492832983,1,2,1,0,2,2,0,2,2,0,1,2,1.302460238211275,1.3175152803650356,1
1,1,0,0,-1.2774445836787656,0,1,0,0,0,0,0,0,0,0,1,2,-1.3181936310507012,-0.5871110630729648,1
0,0,1,0,1.6137012404433893,1,2,1,2,2,2,2,2,0,2,1,0,1.302460238211275,1.3492855279619997,0
1,0,1,1,1.5322605130033284,1,2,0,2,0,2,0,2,0,2,0,1,0.13920233809498894,0.4438334714485217,0
0,0,0,0,1.369379058123207,1,2,1,2,2,2,2,0,2,0,1,0,1.2742096892084507,1.0617647872094744,0
0,0,1,1,-1.0331224013585834,0,1,0,0,0,0,0,0,0,0,1,2,-1.33148800705203,-1.2579927914955245,0
0,1,1,1,0.5549717837226001,1,2,1,2,2,0,2,2,2,0,1,2,1.5101848632320405,0.5026084295029054,0
1,0,0,0,0.26992923768238775,0,1,0,2,2,0,2,2,0,0,1,1,-0.5255164619714603,-0.9545869269445167,1
0,0,1,1,-0.015113308357824713,1,2,0,0,2,2,0,0,0,0,0,0,-0.07683127192660708,-0.8365075067091334,0
1,0,0,0,-0.3408762181180675,1,0,1,0,2,2,0,0,2,0,1,2,0.8238627021634315,-0.7708489950087408,0
1,0,1,1,-1.0738427650786138,1,0,1,0,2,0,0,0,2,0,1,1,0.6244470621434968,0.4125927279781736,1
0,0,0,0,0.18848851024232702,1,2,0,2,2,2,2,2,0,0,1,1,0.46989994112804756,-0.36366032164098366,0
1,0,0,1,-0.9924020376385531,1,0,2,1,1,1,1,1,1,0,0,3,-1.4760643460664828,-1.031894529430463,0
0,0,1,1,1.6137012404433893,1,2,0,2,0,2,0,2,0,2,1,0,0.2222921881032951,0.5285541317070928,0
1,1,1,0,1.5729808767233588,0,1,0,2,2,2,2,0,0,2,0,1,-0.6119299059800988,-0.1836289185915202,0
0,0,1,0,-0.6666391278783103,1,0,1,0,2,0,0,2,2,0,1,0,0.9933659961803764,-1.2733484111673905,0
0,0,1,0,1.002895784642934,0,1,0,2,0,2,2,0,2,0,1,0,-0.49394231896830415,-0.44785147777293866,0
1,0,0,0,1.369379058123207,1,2,2,1,1,1,1,1,1,1,0,0,-1.3065610520495383,-1.0917284957380786,0
0,1,0,0,-0.62591876415828,1,0,1,0,2,2,0,2,0,0,1,2,0.8105683261621028,-1.2516387419761315,1
0,0,0,1,-0.46303730927815856,1,0,2,1,1,1,1,1,1,0,0,3,-1.462769970065154,0.3103984315412723,0
1,0,1,0,1.369379058123207,1,2,0,2,2,2,0,0,0,2,1,1,0.04447990908551963,0.2675085972853707,0
0,0,1,0,-0.62591876415828,1,2,0,0,2,0,0,2,2,0,1,0,0.35357415111641893,-1.4141965088472648,0
1,0,0,1,-1.2774445836787656,1,0,1,0,0,0,0,0,0,0,1,3,0.18905624809997262,1.1925523064836434,1
1,0,1,0,1.0436161483629645,1,0,0,2,2,2,0,0,0,1,0,1,-0.14828854293375057,-0.0909656964337081,1
0,0,1,1,-0.9924020376385531,1,0,2,1,1,1,1,1,1,0,0,1,-1.4527991880641573,-1.348008493020256,0
1,0,0,0,-0.21871512695797646,1,0,0,2,0,2,2,2,0,1,0,1,0.15249671409631763,-0.918051142208008,0
1,0,1,0,0.06632741908223598,1,2,1,0,2,0,0,0,2,0,0,3,0.8005975441611056,-0.3493637102223498,0
1,0,0,0,-0.0965540357978854,1,0,1,0,2,0,0,2,2,1,1,0,1.071470455188184,-0.33612610705694806,0
1,0,0,0,0.025607055362205634,1,0,0,0,2,2,0,2,0,0,1,1,0.05445069108651675,-0.7295476731326874,0
1,0,0,1,-1.2774445836787656,0,1,0,0,0,0,0,0,0,0,0,2,-1.329826210051864,-0.6432385004942681,1
1,0,1,1,-0.748079855318371,1,2,0,2,2,0,0,0,2,0,0,3,0.14751132309581955,1.680225607097043,0
0,0,0,1,-0.6666391278783103,1,2,1,0,0,0,2,0,0,1,1,1,0.4898415051300408,-1.469264938015336,0
0,0,0,0,0.6771328748826912,1,0,1,0,0,2,2,2,2,2,0,1,1.1927816362003112,0.48195776856487865,0
1,0,1,1,-0.5444780367182193,1,2,1,0,0,2,2,2,2,0,0,2,1.2808568772091153,-0.8555696552673119,1
0,0,1,1,1.5322605130033284,1,2,0,2,2,2,2,2,0,2,0,0,0.4964886931307054,0.7864226413691184,0
0,0,1,1,-0.015113308357824713,1,0,0,2,2,0,2,0,0,0,0,0,-0.11172900893009581,-0.9646475053502221,0
0,0,0,0,-0.5851984004382496,1,0,1,0,0,0,0,0,0,0,1,2,0.16745288709781284,-1.5089777475115411,0
1,0,0,0,0.18848851024232702,0,1,0,2,2,0,2,0,0,2,1,3,-0.8046983579993692,-1.346949484767024,0
0,0,0,0,-1.1552834925186746,1,2,1,0,0,0,0,0,0,0,1,2,0.36188313611724954,-0.3382441235634124,0
0,0,1,0,-0.6666391278783103,1,2,1,2,2,2,0,0,0,0,0,2,0.8620840331672525,-1.3670706415784346,0
1,0,1,0,-0.62591876415828,1,2,1,0,2,0,0,0,0,0,1,0,0.5230774451333633,-1.4014884098084792,0
0,0,0,1,-0.5444780367182193,1,0,0,2,2,2,0,0,0,0,1,2,-0.1383177609327537,-1.4380241945449879,0
1,0,1,0,1.125056875803025,1,2,1,0,0,2,0,2,2,2,0,1,1.2093996062019723,0.9002660285915732,0
1,0,1,1,0.758573602322752,1,2,2,1,1,1,1,1,1,2,1,3,-1.3231790220511994,-1.507918739258309,0
1,0,1,1,-0.1779947632379461,1,0,2,1,1,1,1,1,1,2,1,1,-1.477726143066649,0.4533645457276109,0
1,0,0,0,0.43281069256250915,1,0,0,0,2,0,0,0,2,2,1,2,-0.1582593249347472,-0.5601063526155453,0
1,0,1,0,0.3920903288424788,1,0,2,1,1,1,1,1,1,2,0,2,-1.479387940066815,1.5372594929107044,0
1,0,0,0,-1.1960038562387048,1,0,1,0,0,0,0,2,0,0,1,2,0.45660556512671835,-0.6321189138353307,1
0,0,0,0,-1.2774445836787656,1,0,0,0,0,0,0,0,0,0,0,3,-0.6651074099854147,0.2590365312595136,0
0,0,0,0,-1.1960038562387048,1,0,2,1,1,1,1,1,1,0,0,3,-1.4926823160681442,0.9712195815581265,1
0,0,0,0,1.247217966963116,1,2,1,2,2,2,0,2,0,2,0,1,1.1047063951915064,0.9489804082402516,0
1,1,0,0,-1.1960038562387048,1,0,1,0,0,0,0,2,0,0,1,2,0.50313588113137,-0.5331016421581258,1
1,0,1,0,1.4508197855632678,1,2,1,2,2,0,2,2,2,0,1,2,1.4270950132237343,1.281508999755143,0
0,1,0,0,-0.0965540357978854,1,2,1,0,2,0,0,2,2,0,1,2,1.1612074931971548,-0.3673668505272962,1
0,0,0,0,1.125056875803025,1,2,1,0,2,2,0,2,2,2,0,2,1.327387193213767,0.9860456971033764,0
1,0,0,0,-0.7073594915983407,1,2,0,0,2,0,2,0,0,0,1,1,-0.2047896409393986,1.672283045197802,1
1,1,0,0,0.5142514200025698,1,2,1,0,0,0,0,2,2,0,1,0,0.9684390411778845,0.17749289576063892,0
0,0,1,0,1.5322605130033284,1,0,0,2,2,2,2,2,2,2,0,1,0.720831288153132,0.8579056984622877,0
1,0,1,0,-0.9109613101984924,1,2,1,0,0,2,0,2,2,0,1,2,1.1213243651931677,-1.68424361342146,1
1,0,0,0,-1.1552834925186746,1,0,2,1,1,1,1,1,1,0,0,3,-1.5076384890696393,1.6590454420324003,0
0,0,0,0,-1.2774445836787656,1,0,0,0,0,2,0,0,0,0,1,3,-0.4756625519664766,0.5137280161618428,1
0,0,1,0,1.4508197855632678,1,2,2,1,1,1,1,1,1,2,1,1,-1.3231790220511994,-1.1536804785521588,0
1,0,1,1,-0.4223169455581282,1,0,1,2,0,0,0,0,0,0,0,0,0.3402797751150897,-1.1822737013894264,0
1,0,1,1,0.22920887396235737,1,2,1,0,2,2,0,2,0,0,1,2,0.9933659961803764,-0.067138010735985,1
0,0,0,0,-1.2774445836787656,1,2,1,0,2,0,0,2,2,0,1,1,1.1794872601989819,-1.7239564229176652,1
1,0,1,0,-0.5851984004382496,1,0,1,0,0,2,2,0,0,0,0,2,0.44663478312572175,-1.2685828740278458,0
1,0,0,0,-0.13727439951791576,1,0,1,0,0,0,2,2,2,0,1,2,0.9784098231788811,-0.5299246173984293,0
0,0,0,0,-0.6666391278783103,1,2,1,0,0,2,0,0,2,0,1,2,0.787303168159777,-1.3146497330434437,1
1,0,0,0,-1.2774445836787656,1,0,1,0,0,0,0,0,0,0,1,2,0.16911468409797886,1.1623705712665275,1
1,0,0,0,-0.8295205827584317,1,0,1,2,0,2,0,0,0,0,0,0,0.5629605731373504,1.5775018065335256,1
1,0,0,0,-0.055833672077855064,0,1,0,0,0,2,0,2,2,1,1,2,-0.4889569279678058,-1.2235750232654798,0
1,0,0,0,-1.1552834925186746,1,0,1,0,0,0,0,0,2,0,1,2,0.50313588113137,-0.23234329824019856,1
0,0,1,0,0.6364125111626608,1,2,0,0,0,2,2,0,2,1,1,3,0.15914390209698223,-0.15027015861470783,0
0,0,0,0,-0.7073594915983407,1,2,2,1,1,1,1,1,1,0,1,1,-1.3082228490497045,0.07900512821005008,1
1,0,0,0,0.7178532386027215,1,0,1,2,2,2,2,0,0,1,1,1,0.8421424691652587,0.32840157184621865,0
1,0,0,0,-1.0331224013585834,1,0,0,0,0,0,0,0,0,0,1,0,-0.6684310039857471,-0.24134486839267172,0
1,1,1,0,0.35136996512244845,1,2,1,2,0,2,0,0,0,0,1,0,0.6310942501441613,-0.2175171826949486,1
1,0,1,1,1.4508197855632678,1,0,1,2,0,2,0,0,0,2,0,1,0.5180920541328647,0.6450450395626279,0
0,1,1,0,-0.2594354906780068,1,2,1,0,0,2,0,2,2,0,1,0,1.1080299891918384,-0.5759914764140274,0
1,0,0,0,1.002895784642934,0,1,0,0,0,2,2,2,2,2,0,1,-0.3792783259568415,-0.30276734708013575,0
0,0,0,0,-1.1960038562387048,1,0,2,1,1,1,1,1,1,0,0,2,-1.502653098069141,0.9124446235037429,0
0,0,0,0,-1.2774445836787656,1,0,2,1,1,1,1,1,1,0,0,3,-1.4577845790646555,-0.8651007295464012,1
1,0,1,1,-0.5444780367182193,1,0,0,2,0,0,0,0,0,1,1,0,-0.5255164619714603,1.6934632102624447,0
0,0,0,0,-1.1960038562387048,1,0,0,0,0,0,0,2,0,0,1,2,-0.3510277769540174,-1.338477418741167,0
0,0,0,0,1.0843365120829946,1,2,2,1,1,1,1,1,1,2,0,2,-1.3397969920528607,-1.255345270862444,0
0,0,1,0,-1.2774445836787656,1,0,1,0,0,0,0,0,0,0,1,3,0.15415851109648415,1.1581345382535988,1
1,0,1,0,0.3920903288424788,0,1,0,2,0,0,0,2,0,0,1,0,-0.8179927340006982,-1.1436199001464535,0
0,0,0,0,-1.0331224013585834,1,2,1,0,0,0,0,0,0,0,1,2,0.33695618111475767,0.6566941303481815,1
1,0,1,0,1.4100994218432374,1,2,2,1,1,1,1,1,1,2,0,1,-1.3015756610490399,-1.0265994881643021,0
1,0,0,0,-1.2774445836787656,1,0,1,0,0,0,0,0,0,0,1,2,0.1857326540996401,1.1914932982304112,0
1,0,1,0,1.369379058123207,1,2,0,2,2,2,2,2,2,2,0,0,0.895319973170575,0.9029135492246536,0
0,0,0,0,1.1657772395230555,1,2,1,0,0,2,0,0,2,0,0,3,0.8122301231622688,0.6953479315911545,0
1,0,1,1,-1.1552834925186746,1,2,2,1,1,1,1,1,1,1,0,1,-1.3514295710540236,1.274095941982518,0
0,1,1,0,0.3920903288424788,1,0,1,2,0,0,0,0,0,0,1,1,0.31202922611226586,-0.23975635601282352,1
0,0,1,1,1.2879383306831464,1,2,0,0,2,0,0,0,0,1,1,0,-0.3626603559551803,-0.1677437947930381,0
0,1,1,0,0.880734693482843,1,2,1,2,2,2,2,2,2,1,1,0,1.6896589392499817,1.0156979281938763,0
1,0,0,0,-1.2774445836787656,1,0,2,1,1,1,1,1,1,0,1,1,-1.4960059100684764,-0.9365837866395704,0
1,0,1,1,0.880734693482843,1,2,2,1,1,1,1,1,1,2,1,0,-1.3530913680541898,-1.501564689738916,0
0,0,0,1,-0.5851984004382496,1,2,2,1,1,1,1,1,1,2,0,1,-1.3115464430500368,0.323636034706674,0
1,0,0,0,-1.1960038562387048,1,0,1,0,2,0,0,0,2,0,0,2,0.6493740171459885,-0.6728907315847681,0
0,0,0,0,-1.2774445836787656,1,0,1,0,0,0,0,0,0,0,1,2,0.1774236690988095,1.188845777597331,1
0,0,1,1,1.6137012404433893,1,2,0,2,2,2,2,2,2,2,0,1,0.830509890164096,1.0622942913360904,0
1,1,1,0,1.125056875803025,1,0,1,0,2,2,0,2,2,1,1,2,1.1030445981913404,0.8266649549919397,0
0,0,1,1,-0.8702409464784621,1,0,2,1,1,1,1,1,1,1,1,3,-1.4876969250676457,-0.8968709771433653,0
0,0,0,1,-0.8295205827584317,1,2,1,2,0,0,0,0,0,0,1,2,0.4499583771260538,1.633099739828213,1
1,0,1,1,1.1657772395230555,1,0,1,0,2,2,2,2,2,1,0,1,1.300798441211109,1.020992969460037,0
0,0,0,0,0.26992923768238775,1,0,2,1,1,1,1,1,1,2,0,1,-1.46443176706532,1.365700155887098,0
1,0,0,0,0.9214550572028734,1,2,1,0,0,0,0,2,2,0,1,2,1.0648232671875193,0.6143338002188959,1
0,0,0,0,-0.62591876415828,1,2,1,2,2,0,0,2,0,0,1,2,0.9850570111795457,-1.1520919661723106,1
1,0,0,0,0.18848851024232702,1,0,2,1,1,1,1,1,1,1,0,1,-1.4827115340671475,1.4175915602954727,0
0,0,1,0,1.6137012404433893,1,2,2,1,1,1,1,1,1,2,1,3,-1.288281285047711,-1.0377190748232397,0
1,1,1,0,1.6137012404433893,1,2,0,0,2,2,2,2,0,2,0,1,0.4183842341228973,0.6492810725755565,0
0,0,0,0,-0.9924020376385531,1,0,0,2,0,0,2,0,2,0,0,0,0.042818112085353605,0.7848341289892702,0
0,0,1,1,-0.4223169455581282,1,0,2,1,1,1,1,1,1,0,0,3,-1.491020519067978,0.08482967360282684,0
0,0,0,0,-1.2774445836787656,1,0,1,0,2,0,0,2,0,0,0,2,0.6493740171459885,1.5430840383034812,1
0,0,0,0,0.22920887396235737,1,2,0,0,2,0,2,0,2,0,0,1,0.11261358609233106,-0.5050379234474741,0
1,0,0,1,-0.62591876415828,1,0,0,0,2,2,2,2,2,1,0,2,0.534710024134526,-1.286586014332792,0
0,1,0,0,1.5322605130033284,1,2,0,0,2,2,2,2,0,2,1,0,0.356897745116751,0.5878585938880925,0
0,1,1,1,1.6137012404433893,1,2,0,2,2,2,2,2,2,2,0,1,0.9202469281730669,1.0178159447003405,1
0,0,0,0,-0.1779947632379461,1,0,1,0,0,0,0,0,2,0,1,2,0.5264010391336954,-0.7300771772593035,0
0,0,0,0,-0.7073594915983407,1,0,1,0,2,0,0,2,0,0,1,0,0.612814483142334,-1.5905213830104157,0
1,0,1,1,1.6137012404433893,1,2,0,2,2,2,2,2,2,2,1,0,0.7573908221567865,1.0241699942197333,0
0,1,1,0,-0.8702409464784621,1,2,1,0,0,2,0,2,2,0,1,2,1.156222102196656,-1.5894623747571837,1
1,1,0,0,-0.9924020376385531,1,2,1,0,0,2,0,0,0,0,1,2,0.5480044001358552,0.8245469384854753,1
0,0,1,0,1.002895784642934,1,2,1,0,2,2,2,2,2,1,1,0,1.4835961112293827,0.9579819783927248,0
1,0,1,1,-1.2774445836787656,1,0,2,1,1,1,1,1,1,0,0,0,-1.4893587220678117,-0.9344657701331062,1
0,0,1,0,0.5549717837226001,0,1,0,2,2,0,0,2,0,0,0,2,-0.6385186579827569,-0.8317419695695888,0
1,0,1,0,-0.0965540357978854,1,0,2,1,1,1,1,1,1,1,0,1,-1.46443176706532,0.8277239632451718,0
1,1,1,0,-0.9109613101984924,1,0,1,2,0,0,0,0,0,0,0,2,0.3502505571160864,1.2539747851711074,0
1,0,1,0,-0.38159658183809786,1,2,1,2,2,2,0,2,0,0,1,2,1.1462513201956595,-0.7713784991353569,1
1,0,0,0,-0.015113308357824713,1,0,1,2,2,2,0,0,2,0,1,1,0.9518210711762233,-0.36207180926113547,0
1,0,0,0,-0.7888002190384014,1,0,1,2,0,0,0,0,0,0,1,1,0.29873485011093664,1.694522218515677,0
0,0,0,0,0.26992923768238775,1,0,1,0,0,2,2,0,0,2,1,2,0.5214156481331973,-0.251405446798377,1
0,0,0,0,0.47353105628253944,1,0,1,0,2,2,0,2,0,0,1,1,0.7773323861587803,0.07318058281727333,0
1,1,0,0,-0.9516816739185228,1,0,0,0,0,0,2,0,0,0,0,3,-0.5172074769706297,0.2839232252104688,0
0,0,1,0,1.4100994218432374,1,0,2,1,1,1,1,1,1,2,0,3,-1.4993295040688086,-1.4046654345681755,0
1,0,1,1,-0.9516816739185228,1,2,1,0,0,2,0,0,0,0,1,0,0.48485611412954227,1.067059828475635,1
0,0,0,0,-0.7073594915983407,1,2,1,0,2,0,0,0,0,0,1,2,0.4981504901308714,-1.6101130356952102,1
0,0,1,0,1.5729808767233588,1,2,1,0,2,2,0,2,2,2,1,0,1.3423433662152622,1.3487560238353837,0
1,0,0,0,-1.2774445836787656,1,0,0,0,0,0,2,0,0,0,0,1,-0.5238546649712943,0.46501363651316446,0
0,0,1,1,-0.0965540357978854,1,2,1,0,0,2,0,2,2,0,1,2,1.1728400721983174,-0.32341800801816245,1
1,0,0,0,-1.2774445836787656,1,0,1,0,0,0,0,0,0,0,1,2,0.15249671409631763,1.1576050341269828,1
1,0,1,0,-0.62591876415828,0,1,0,0,2,0,0,2,2,0,1,3,-0.4972659129686364,1.5377889970373204,0
0,0,0,0,-1.1960038562387048,1,0,1,0,0,0,2,0,2,0,0,2,0.6992279271509723,-0.4748561882303582,1
1,0,1,1,1.4100994218432374,1,2,0,2,0,2,0,2,2,2,1,2,0.4964886931307054,0.6180403291052085,1
1,0,0,0,-1.2774445836787656,1,0,2,1,1,1,1,1,1,0,0,0,-1.4561227820644893,-0.864571225419785,0
0,1,0,0,-1.2774445836787656,1,2,0,0,0,0,0,0,0,0,0,3,-0.47233895796614456,0.514787024415075,1
0,1,1,0,-0.015113308357824713,1,2,1,0,0,2,0,0,0,0,0,3,0.4831943171293762,-0.5452802370702954,0
1,0,1,1,0.35136996512244845,1,0,2,1,1,1,1,1,1,1,0,0,-1.504314895069307,1.4535978409053654,0
1,0,1,0,-1.2774445836787656,1,0,1,0,0,0,0,2,0,0,1,2,0.5247392421335293,1.4631289151844546,1
0,0,0,0,-1.2774445836787656,1,0,0,0,0,0,0,0,0,0,0,0,-0.6850489739874083,0.2537414899933529,0
0,0,1,1,-0.8295205827584317,1,2,1,0,2,2,0,0,0,0,1,2,0.6560212051466532,1.642101309980686,1
1,0,1,1,1.2064976032430856,1,2,1,2,2,0,0,2,2,0,1,2,1.3539759452164248,1.02999453961251,0
0,0,0,0,-0.4223169455581282,1,0,1,0,2,0,0,0,2,0,1,3,0.6493740171459885,-0.9736490755026953,1
0,0,0,1,-0.62591876415828,1,2,1,0,2,2,2,0,0,0,1,1,0.9285559131738974,-1.1970998169346765,0
0,0,1,1,1.6137012404433893,1,2,2,1,1,1,1,1,1,2,1,0,-1.2799723000468803,-0.8815153574714992,0
1,0,1,1,0.9621754209229036,1,2,1,0,2,0,2,2,0,0,1,1,1.069808658188018,0.6651661963740386,0
0,0,0,0,-0.9516816739185228,1,0,2,1,1,1,1,1,1,0,1,1,-1.4727407520661506,-1.2664648575213815,0
1,0,1,0,1.6137012404433893,1,2,1,2,2,2,2,2,2,2,1,0,1.6963061272506461,1.54996759194949,0
1,0,0,0,-0.5037576729981889,1,0,1,2,2,2,2,2,2,0,1,0,1.4437129832253957,-0.7528458547037945,0
1,0,1,1,-0.5444780367182193,1,0,2,1,1,1,1,1,1,2,0,3,-1.481049737066981,0.02658421967505924,0
1,0,0,0,-1.2367242199587352,1,0,1,0,0,0,0,0,0,0,1,2,0.09931921009100189,-1.5666936973126926,1
1,0,0,0,0.8400143297628127,0,1,0,0,0,2,2,2,2,1,0,1,-0.32776261895169184,-0.3244770162713946,0
0,1,0,0,-0.21871512695797646,1,2,1,0,0,0,0,0,2,0,1,2,0.6809481601491449,-0.7051904833083482,1
1,0,0,0,-1.0738427650786138,1,0,2,1,1,1,1,1,1,0,0,0,-1.4827115340671475,-1.4343176656586754,0
1,0,1,1,-0.9516816739185228,1,2,1,0,0,2,0,2,0,1,1,2,0.8504514541660894,1.3752312301661873,0
0,0,1,1,-0.9924020376385531,1,2,0,0,2,0,0,0,0,0,0,2,-0.2995120699488677,0.2812757045773885,0
0,0,1,1,1.5729808767233588,1,2,1,2,2,2,2,2,2,2,0,0,1.656422999246659,1.4869566008821777,0
0,0,0,0,-0.9109613101984924,1,2,1,0,2,0,0,0,0,0,1,0,0.5081212721318681,1.5234923856186866,1
1,0,0,0,-1.2774445836787656,1,0,2,1,1,1,1,1,1,0,0,3,-1.4876969250676457,-0.8746318038254903,1
0,0,1,0,1.5729808767233588,0,1,0,2,2,2,2,2,2,1,0,0,0.06774506708784545,0.37552743911504877,0
1,0,1,0,1.4508197855632678,1,0,1,0,2,0,2,2,2,1,1,2,1.1811490571991479,1.1073021420984563,0
1,0,0,0,0.06632741908223598,1,2,1,0,2,0,2,2,2,0,1,2,1.3489905542159264,-0.10155577896602948,0
1,0,0,0,-0.2594354906780068,1,0,1,0,2,2,2,0,0,1,1,2,0.6792863631489789,-0.7724375073885891,0
0,0,0,0,-0.4223169455581282,1,0,0,2,0,0,0,0,0,0,1,1,-0.5305018529719588,-1.6704765061294422,1
1,0,0,0,-1.0331224013585834,1,0,2,1,1,1,1,1,1,0,1,3,-1.5225946620711341,-1.4337881615320593,0
0,0,1,0,-0.5037576729981889,1,0,1,0,0,0,0,0,0,0,1,0,0.16745288709781284,-1.2066308912137658,0
0,0,1,0,1.125056875803025,1,2,1,0,2,2,0,2,2,0,1,2,1.3755793062185846,1.0104028869277157,0
1,0,1,1,1.6137012404433893,1,0,2,1,1,1,1,1,1,2,0,2,-1.4694171580658184,-1.3008826257514259,0
0,1,1,0,1.6137012404433893,1,2,1,0,2,2,0,2,2,1,1,1,1.3622849302172555,1.3678181723935623,0
1,0,0,0,-1.1552834925186746,1,2,2,1,1,1,1,1,1,0,0,3,-1.3132082400502028,-1.7128368362587278,0
1,0,1,1,-0.6666391278783103,1,0,2,1,1,1,1,1,1,0,0,2,-1.4960059100684764,-0.2847642067751894,0
0,1,1,0,1.2064976032430856,1,2,1,2,0,2,0,2,2,1,1,2,1.332372584214265,0.9781031352041354,0
0,0,0,0,-0.9109613101984924,1,0,0,0,0,0,2,0,2,0,1,3,-0.12668518193159078,0.9659245402919658,0
1,0,0,0,-0.055833672077855064,1,2,1,0,2,0,0,0,0,0,1,2,0.544680806135523,-0.5129804853467151,0
0,0,1,0,1.5729808767233588,1,0,2,1,1,1,1,1,1,2,0,1,-1.517609271070636,-1.370247666338131,0
1,0,0,0,1.0436161483629645,1,0,2,1,1,1,1,1,1,2,0,3,-1.461108173064988,-1.5195678300438624,0
1,0,1,1,1.5322605130033284,1,2,0,2,2,2,2,2,2,2,1,1,0.8438042661654253,0.9542754495064123,0
0,0,1,0,1.5729808767233588,1,2,0,2,2,2,2,2,2,2,0,2,0.8421424691652587,0.9770441269509033,0
1,1,0,0,1.4915401492832983,1,2,0,2,0,2,2,0,2,2,0,1,0.31036742911209936,0.5312016523401731,0
0,1,0,0,-1.2774445836787656,1,2,1,0,0,0,0,0,2,0,1,2,0.6743009721484804,1.5616166827350435,1
0,0,1,1,1.6137012404433893,1,2,1,2,2,2,2,2,2,2,1,0,1.7943521502604476,1.5907394096989274,0
0,0,1,0,-0.2594354906780068,1,0,1,0,0,0,2,0,2,0,0,1,0.7025515211513048,-0.7623769289828837,0
0,0,1,0,0.025607055362205634,1,2,1,0,0,2,2,0,2,0,1,1,1.0049985751815391,-0.3461866854626534,0
0,0,1,1,-0.9109613101984924,1,0,2,1,1,1,1,1,1,2,0,3,-1.4827115340671475,-0.7565523835901069,0
0,1,0,0,1.002895784642934,1,2,1,2,0,2,2,0,2,2,0,1,1.2143849972024705,0.7991307404079041,0
0,0,0,0,-0.9109613101984924,1,0,2,1,1,1,1,1,1,0,1,2,-1.4478137970636586,-0.7427852762980892,0
0,0,1,1,0.26992923768238775,1,2,2,1,1,1,1,1,1,1,1,3,-1.3481059770536914,1.6399832934742218,0
0,0,0,0,-0.8702409464784621,1,0,2,1,1,1,1,1,1,0,0,0,-1.477726143066649,-0.6088207322642237,0
0,0,1,1,-0.46303730927815856,1,0,1,0,2,2,2,2,2,0,1,2,1.2642389072074542,-0.8031487467323211,1
0,0,1,1,1.4508197855632678,1,2,0,0,2,2,2,2,2,2,0,0,0.682609957149311,0.7159985925291812,0
1,0,0,0,-0.5851984004382496,1,2,1,0,0,2,0,2,0,1,1,1,0.8255244991635975,-1.139383867133525,0
0,0,0,0,-1.0738427650786138,1,0,1,0,0,2,2,2,2,0,1,3,1.1695164781979852,0.6799923119192886,1
1,0,0,0,-0.5851984004382496,1,2,0,2,0,0,0,0,0,0,0,3,-0.28289409994720643,1.7061713093012305,0
0,0,1,1,0.7992939660427822,1,0,0,0,0,2,0,0,0,1,1,0,-0.4590445819648154,-0.5278066008919651,0
1,0,1,1,0.9621754209229036,1,2,1,2,2,2,2,2,2,2,0,3,1.697967924250812,1.0522337129303851,0
1,0,0,0,0.5142514200025698,1,2,1,0,0,2,2,2,2,0,1,0,1.2924894562102784,0.40200264544585224,0
0,0,0,0,1.4100994218432374,1,2,2,1,1,1,1,1,1,2,1,3,-1.2849576910473786,-1.0456616367224807,0
1,0,1,0,-1.1960038562387048,0,1,0,2,0,0,2,0,0,0,0,3,-0.9858342310174765,-1.7144253486385759,0
1,1,0,0,1.3286586944031769,1,0,1,0,2,2,0,2,2,0,1,0,1.141265929195161,1.0315830519923583,0
1,0,1,0,1.247217966963116,1,2,0,0,2,0,2,0,2,2,0,3,0.08270124008934066,0.18755347416634424,0
0,0,1,1,-0.8702409464784621,1,2,2,1,1,1,1,1,1,2,0,3,-1.3215172250510334,-0.35042271847558193,0
1,0,0,1,-1.2774445836787656,1,0,0,0,0,0,2,0,2,0,1,3,-0.1732154979362424,0.8399025581573414,0
1,0,0,0,0.9214550572028734,1,2,0,0,0,2,0,2,2,2,1,0,0.43334040712439253,0.2225007465230048,0
1,0,1,1,-0.30015585439803716,1,2,0,0,0,0,2,0,0,1,1,3,-0.32111543095102724,-1.2691123781544618,0
1,0,1,0,1.6137012404433893,1,2,1,2,2,2,2,2,2,1,1,0,1.7627780072572912,1.5923279220787756,1
0,0,1,0,1.6137012404433893,1,2,2,1,1,1,1,1,1,2,1,1,-1.3497677740538576,-1.0371895706966237,0
0,0,0,1,1.3286586944031769,0,1,0,0,2,0,2,2,0,2,0,3,-0.6484894399837535,-0.3821929660725461,0
0,1,0,0,0.880734693482843,1,2,1,0,2,0,0,0,0,0,1,2,0.4898415051300408,0.2399743827013351,1
1,0,1,1,-1.0331224013585834,1,0,2,1,1,1,1,1,1,0,0,3,-1.479387940066815,-1.2961170886118814,0
0,0,1,0,1.6137012404433893,1,2,0,2,2,0,2,0,0,2,0,0,-0.00038860991896550476,0.42424181876372713,0
1,0,1,0,-0.46303730927815856,1,0,0,0,0,0,0,2,0,0,0,0,-0.33773340095268845,-1.598993449036273,0
0,0,0,0,-1.2367242199587352,1,0,2,1,1,1,1,1,1,0,1,0,-1.46443176706532,0.04458735998000559,0
1,1,0,0,-1.1552834925186746,1,0,1,0,0,2,0,2,2,0,1,2,0.9966895901807084,0.1817289287735675,0
1,0,1,0,-1.1960038562387048,1,2,1,0,0,0,2,0,0,0,1,0,0.4948268961305394,-0.5770504846672595,1
1,0,1,0,1.6137012404433893,1,2,1,2,2,2,2,2,2,2,0,1,1.6963061272506461,1.5319644516445436,0
0,0,0,0,-1.0738427650786138,1,0,0,2,0,0,0,0,0,0,1,2,-0.5088984919697991,-0.27946916550902867,0
1,0,0,0,0.7992939660427822,1,0,1,0,0,2,0,0,2,0,1,1,0.6327560471443273,0.22673677953593335,0
1,1,1,0,1.4915401492832983,1,2,1,0,2,2,0,0,2,0,1,0,1.0166311541827018,0.9992833002687782,0
1,0,0,0,-0.9924020376385531,1,0,1,0,0,2,0,2,2,0,1,2,0.9950277931805424,1.3074547019593303,1
0,1,0,0,-0.9924020376385531,1,0,1,0,0,2,0,0,0,0,1,0,0.3087056321119333,0.8774973511470823,0
0,1,0,0,1.247217966963116,1,2,1,0,0,2,0,0,2,0,1,0,0.8255244991635975,0.7085855347565563,0
1,0,0,0,1.125056875803025,1,2,1,2,2,2,2,2,2,1,1,1,1.722894879253304,1.2100259426619737,0
0,0,1,0,-0.8295205827584317,1,0,0,2,0,0,2,0,0,0,0,0,-0.3510277769540174,1.1644885877729918,0
0,0,0,0,-0.7888002190384014,1,0,2,1,1,1,1,1,1,0,1,3,-1.5109620830699715,-0.4457334612664744,0
1,0,0,0,-0.4223169455581282,1,2,0,2,2,2,0,0,0,0,0,3,0.00958217208203114,-1.3056481628909706,0
1,0,0,0,-1.1145631287986442,1,2,1,0,0,2,0,2,0,0,1,2,0.9219087251732329,0.3119869439211205,1
0,0,1,1,-1.2774445836787656,1,0,2,1,1,1,1,1,1,0,0,3,-1.505976692069473,-0.9397608113992668,1
0,0,1,1,1.6137012404433893,1,2,2,1,1,1,1,1,1,2,1,0,-1.3530913680541898,-1.086433454471918,0
0,0,0,0,-1.2367242199587352,1,0,2,1,1,1,1,1,1,0,0,0,-1.5292418500717988,0.6212173538649048,0
0,0,1,1,0.3106496014024181,1,0,2,1,1,1,1,1,1,2,0,0,-1.4827115340671475,1.3985294117372942,0
1,0,1,1,0.47353105628253944,1,0,2,1,1,1,1,1,1,1,0,0,-1.4876969250676457,1.580678831293222,0
1,1,1,0,1.5729808767233588,1,0,0,2,2,0,2,2,0,1,1,0,0.2073360151017999,0.5222000821876999,0
0,0,0,0,-1.2367242199587352,1,2,1,0,0,0,0,0,0,0,1,2,0.358559542116917,-1.1192627103221142,1
1,1,0,0,-0.2594354906780068,1,2,1,0,0,0,0,2,2,0,1,2,0.9584682591768874,-0.6405909798611878,0
1,0,1,1,-1.2774445836787656,1,0,1,0,0,0,0,0,0,0,1,2,0.17410007509847744,1.1877867693440989,1
0,0,0,0,-1.2774445836787656,0,1,0,0,0,0,0,0,0,0,0,3,-1.341458789053027,-0.6453565170007325,0
1,0,1,1,1.3286586944031769,1,0,0,2,0,0,2,2,2,2,1,0,0.33363258711442517,0.4316548765363521,1
1,0,0,0,-1.1960038562387048,1,2,0,0,0,0,2,2,0,0,1,3,0.016229360082695727,-0.8147978375178746,0
1,0,0,0,-0.7888002190384014,1,0,0,0,0,0,2,0,0,0,1,3,-0.47233895796614456,0.9156216482634393,0
0,0,1,0,0.025607055362205634,1,2,1,0,2,2,0,2,2,0,1,2,1.3174164112127704,-0.16244875352687743,1
0,0,0,0,-1.2774445836787656,1,0,1,0,0,0,0,0,0,0,1,3,0.19736523310080326,1.1951998271167237,0
1,0,1,1,-1.1552834925186746,1,0,0,0,0,0,0,0,0,0,0,3,-0.6484894399837535,-1.2029243623274533,0
1,0,0,0,-1.2367242199587352,1,0,1,0,0,0,0,0,0,0,1,2,0.18407085709947407,-1.2971760968651136,0
1,0,1,0,1.6137012404433893,1,2,1,2,2,0,2,2,2,2,1,1,1.4686399382278874,1.4228866015616335,0
0,0,1,1,0.18848851024232702,1,2,2,1,1,1,1,1,1,0,0,3,-1.2733251120462157,1.6368062687145253,0
0,0,0,0,-0.7073594915983407,1,0,1,2,0,0,0,2,0,0,0,2,0.7125223031523015,-1.461851880242711,1
0,0,0,0,-0.38159658183809786,1,0,2,1,1,1,1,1,1,1,1,1,-1.4993295040688086,0.4147107444846379,0
0,0,1,1,-0.0965540357978854,0,1,0,0,0,0,2,2,2,0,0,1,-0.4507355969639848,-1.1907457674152837,1
0,0,1,1,0.3920903288424788,1,0,2,1,1,1,1,1,1,1,1,2,-1.5192710680708021,1.3614641228741695,0
0,0,0,0,-0.015113308357824713,1,2,0,2,0,0,0,2,2,1,0,3,0.3319707901142591,-0.7067789956881965,0
0,0,1,1,-0.4223169455581282,1,2,1,0,0,0,0,0,0,0,1,0,0.36686852711774764,-1.1531509744255428,0
1,0,1,0,0.3920903288424788,0,1,0,0,0,0,0,0,0,0,1,1,-1.3181936310507012,-1.62229163060738,0
0,0,0,0,-0.9924020376385531,1,0,0,0,0,0,0,0,0,0,0,3,-0.6750781919864114,-0.039603796151949394,0
0,0,1,1,1.3286586944031769,1,2,1,2,0,2,0,2,2,2,1,1,1.3140928172124378,1.098830076072599,0
0,0,0,0,-1.2367242199587352,1,0,2,1,1,1,1,1,1,0,0,3,-1.504314895069307,-0.2964132975607429,1
0,0,1,1,1.5322605130033284,1,2,0,2,2,2,2,2,2,2,1,0,0.8055829351616043,0.966983548545198,0
1,0,0,1,-0.4223169455581282,1,0,2,1,1,1,1,1,1,0,0,1,-1.4827115340671475,0.22144173826977268,0
0,1,0,0,-1.1552834925186746,1,2,1,0,0,0,0,0,0,0,1,2,0.33695618111475767,-0.24611040553221633,1
0,0,0,0,-1.2367242199587352,1,2,1,0,0,0,0,0,0,0,0,1,0.33695618111475767,-1.2675238657746137,1
0,0,1,1,1.4100994218432374,0,1,0,2,2,0,0,0,0,2,0,0,-0.950936494013988,-0.6220583354296254,0
0,0,0,0,-0.30015585439803716,1,0,2,1,1,1,1,1,1,0,1,1,-1.5142856770703037,0.630218924017378,0
0,0,1,0,-0.5037576729981889,1,0,2,1,1,1,1,1,1,0,0,0,-1.5126238800701375,-0.018953135213922702,0
0,0,0,1,-1.2367242199587352,1,0,0,2,0,0,0,0,2,0,1,1,-0.11837619693076015,-1.4835615494339698,0
1,0,0,0,0.758573602322752,1,0,2,1,1,1,1,1,1,2,0,3,-1.4727407520661506,-1.6815960927883797,0
0,0,1,1,0.5549717837226001,0,1,0,2,2,0,0,0,0,0,0,0,-0.9874960280176428,-1.148385437285998,0
0,0,0,0,-0.30015585439803716,1,2,1,0,2,0,0,2,2,0,1,2,1.1794872601989819,-0.6538285830265895,1
1,0,0,1,-0.7888002190384014,1,0,0,0,0,0,0,0,0,0,0,3,-0.6900343649879066,1.059117266576394,0
0,1,0,0,-0.30015585439803716,1,2,1,2,2,0,0,2,2,0,1,3,1.2642389072074542,-0.4986838739280813,1
1,0,1,1,-0.2594354906780068,1,0,0,0,0,2,0,0,0,1,0,3,-0.47898614596680894,-1.4502027894571574,0
1,0,0,0,0.43281069256250915,1,2,1,0,0,0,2,2,2,1,1,2,1.1711782751981514,0.17855190401387108,1
1,0,0,1,-0.5444780367182193,1,0,2,1,1,1,1,1,1,0,1,2,-1.4876969250676457,-0.012599085694529872,0
1,0,1,0,-0.9109613101984924,1,0,1,0,2,0,2,2,2,0,1,2,1.1661928841976528,1.7252334578594088,1
0,0,0,1,-1.2367242199587352,1,2,1,0,0,0,0,2,2,0,1,0,0.9784098231788811,-0.9143446133216956,1
0,0,1,0,1.6137012404433893,1,2,0,2,2,0,2,2,2,2,1,0,0.719169491152966,0.897618507958493,0
1,1,0,0,-0.5851984004382496,1,2,0,2,2,0,0,0,0,0,1,1,-0.2114368289400632,1.70352378866815,0
1,1,0,0,-0.9516816739185228,1,2,1,0,0,0,0,0,2,0,1,2,0.6344178441444933,1.4398307336133476,1
0,1,0,0,-0.21871512695797646,1,2,1,0,0,2,0,0,2,0,0,1,0.7823177771592784,-0.603525690998063,1
1,0,0,0,-0.3408762181180675,1,2,1,0,0,0,0,2,2,0,1,2,0.9750862291785486,-0.6871873430034019,0
1,0,0,0,1.4915401492832983,1,0,1,0,2,2,2,2,2,1,1,0,1.3057838322116073,1.266153380083277,1
0,0,1,0,0.5549717837226001,1,2,1,0,2,2,2,2,2,2,1,1,1.4669781412277214,0.44277446319528957,0
0,1,0,0,1.6137012404433893,1,2,1,2,2,2,2,0,2,2,1,0,1.4171242312227377,1.3932343704711336,0
1,0,1,0,-0.4223169455581282,1,0,1,0,0,2,0,2,2,0,1,1,0.9950277931805424,-0.9217576710943205,1
0,1,1,0,1.5322605130033284,1,2,1,2,0,0,0,0,2,0,1,2,0.8670694241677506,1.0262880107261978,0
0,0,0,0,-1.2367242199587352,1,0,2,1,1,1,1,1,1,0,0,2,-1.491020519067978,0.7652424763044756,0
1,0,1,0,-0.055833672077855064,1,0,0,0,0,2,2,0,2,0,1,1,0.05445069108651675,-0.8518631263809994,0
0,1,1,0,0.9621754209229036,1,2,1,0,0,2,0,2,2,0,1,0,1.1927816362003112,0.7625949556713952,1
0,0,1,1,-0.6666391278783103,1,0,1,2,0,2,0,2,2,0,0,0,1.1944434332004772,-1.224104527392096,0
1,0,0,1,0.7992939660427822,1,2,2,1,1,1,1,1,1,2,0,1,-1.3015756610490399,-1.4051949386947915,0
1,0,1,1,-0.7888002190384014,1,0,2,1,1,1,1,1,1,0,1,3,-1.4926823160681442,-0.5717554434010989,0
0,0,0,0,0.10704778280226633,1,0,2,1,1,1,1,1,1,1,0,3,-1.462769970065154,1.1978473477498042,0
0,0,0,0,1.0843365120829946,1,0,1,0,0,2,0,2,2,2,0,2,1.0315873271841969,0.7520048731390739,0
1,0,1,0,1.6137012404433893,1,0,1,0,0,2,0,2,2,0,1,2,0.9933659961803764,1.105713629718608,0
0,1,1,0,1.369379058123207,1,2,0,0,2,2,0,2,2,2,1,0,0.5247392421335293,0.607450246572887,1
0,0,1,0,0.6771328748826912,1,2,1,2,2,2,2,0,2,2,0,1,1.392197276220246,0.5735619824694587,0
0,0,0,0,-1.2367242199587352,1,0,0,0,0,0,0,0,0,0,1,3,-0.62854787598176,-1.6736535308891387,0
1,1,0,0,-0.46303730927815856,1,2,1,0,2,2,0,2,2,0,1,2,1.3157546142126038,-0.7152510617140536,0
1,1,0,0,0.880734693482843,0,1,0,0,2,2,0,2,2,1,1,2,-0.3094828519498643,-0.36789635465391224,0
1,1,1,0,-0.3408762181180675,1,2,1,2,0,0,0,0,0,0,1,2,0.46823814412788106,-1.0387780830764717,1
1,0,0,0,-1.2774445836787656,1,2,0,2,2,0,0,0,0,0,0,2,-0.12003799393092641,0.9129741276303589,0
1,0,0,0,-1.0738427650786138,1,0,1,2,2,0,0,0,0,0,1,2,0.47156173812821356,0.49254785109720006,0
0,0,0,0,-1.2774445836787656,1,0,0,0,0,0,0,0,0,0,1,3,-0.6750781919864114,0.2563890106264332,1
1,0,0,1,0.6771328748826912,1,2,1,2,2,2,0,2,2,1,1,1,1.476948923228718,0.6169813208519763,0
0,0,1,1,0.9621754209229036,1,0,0,2,2,2,0,0,0,2,1,1,-0.1150526029304281,-0.18786495160444874,0
0,1,0,0,0.9621754209229036,1,2,1,2,2,0,0,0,2,0,1,2,1.0664850641876853,0.5894471062679407,0
0,0,1,1,-1.0738427650786138,0,1,0,0,2,2,2,0,0,2,0,3,-0.8046983579993692,-0.7787915569079819,0
1,0,0,0,-0.015113308357824713,1,0,2,1,1,1,1,1,1,1,0,3,-1.4943441130683104,0.9023840450980375,0
1,0,1,1,0.7178532386027215,1,2,1,2,2,2,0,2,2,1,1,2,1.4453747802255617,0.6641071881208065,0
1,0,1,1,1.0436161483629645,1,2,1,0,0,2,2,2,2,1,1,0,1.3390197722149297,0.8796153676535465,0
0,0,1,1,1.3286586944031769,1,2,0,2,2,2,2,2,2,2,1,3,0.8537750481664219,0.859494210842136,0
0,0,0,0,1.2879383306831464,1,2,0,2,2,2,2,2,2,2,1,1,0.719169491152966,0.6704612376401993,0
0,0,1,0,1.369379058123207,1,2,0,2,2,2,0,0,0,2,0,0,0.07106866108817798,0.2399743827013351,0
1,0,1,0,0.22920887396235737,1,2,1,2,0,2,2,2,2,1,1,2,1.5268028332337018,0.26803810141198675,0
0,0,1,0,-0.5037576729981889,1,0,2,1,1,1,1,1,1,1,1,3,-1.4876969250676457,0.1589602513290765,0
1,0,0,0,0.14776814652229667,1,2,1,0,0,0,0,0,2,0,1,2,0.6693155811479823,-0.3149459419923053,1
1,1,0,0,1.2879383306831464,1,2,1,0,0,2,2,2,2,1,0,2,1.2409737492051283,1.0845334646539653,0
1,0,0,0,-1.2774445836787656,1,0,2,1,1,1,1,1,1,0,0,3,-1.479387940066815,-0.8719842831924101,1
0,0,0,0,1.125056875803025,1,0,0,0,2,2,2,2,0,1,1,1,0.179085466098976,0.1849059535332639,0
1,0,0,0,-1.2774445836787656,1,0,1,0,2,0,0,0,0,0,1,2,0.31867641411292996,1.3026891648197858,1
0,0,1,1,0.7178532386027215,1,2,0,2,2,2,2,0,2,1,1,0,0.5081212721318681,0.1060098386674696,0
1,0,0,0,-1.2774445836787656,1,2,0,0,0,2,2,0,0,0,0,3,-0.09012564792793624,0.9436853669740909,1
0,0,1,0,1.6137012404433893,0,1,0,2,2,2,0,0,2,2,1,2,-0.5172074769706297,-0.08249363040785099,0
1,0,1,0,1.125056875803025,1,0,2,1,1,1,1,1,1,2,1,0,-1.4710789550659844,-1.5306874167028,0
1,0,0,0,0.5549717837226001,0,1,0,2,0,2,2,0,0,2,0,3,-0.8811410200070108,-1.0488386614821772,0
0,0,1,1,1.4915401492832983,0,1,0,0,2,2,0,2,2,2,1,1,-0.32610082195152557,-0.010481069188065595,0
1,1,0,0,-0.055833672077855064,1,2,1,0,0,2,2,2,0,0,1,0,1.0581760791868549,-0.41025668478319777,0
1,0,1,1,-0.5444780367182193,1,0,2,1,1,1,1,1,1,1,0,3,-1.491020519067978,-0.08725916754739561,0
0,0,1,1,1.5729808767233588,1,0,2,1,1,1,1,1,1,2,0,1,-1.491020519067978,-1.3416544435008633,0
1,0,1,0,-0.8295205827584317,1,0,1,2,2,2,0,0,0,0,1,2,0.6593447991469852,1.6976992432753732,0
1,0,1,1,0.26992923768238775,1,0,0,2,0,2,2,2,2,1,0,1,0.5064594751317021,-0.2604070169508502,1
1,0,0,0,0.47353105628253944,1,2,0,0,2,2,2,2,2,1,1,0,0.6809481601491449,-0.03377925075917264,0
0,0,1,1,0.9621754209229036,1,2,0,2,2,2,2,2,0,2,0,1,0.5480044001358552,0.35222925754394174,0
0,0,1,0,1.6137012404433893,1,2,1,2,2,2,2,2,2,2,1,0,1.6863353452496495,1.5282579227582311,0
1,0,0,0,-1.1145631287986442,1,2,1,0,2,2,0,2,2,0,0,3,1.3074456292117733,0.6577531386014136,1
0,0,0,0,-0.8702409464784621,1,2,1,2,0,0,0,0,0,0,1,0,0.4732235351283796,1.657456929652552,0
1,1,1,0,-0.3408762181180675,0,1,0,2,0,0,0,0,2,0,0,0,-0.8528904710041867,1.710407342314159,1
0,1,1,0,-0.7073594915983407,1,0,1,0,2,0,0,2,2,0,1,2,0.9933659961803764,-1.4507322935837736,0
1,0,0,0,1.6137012404433893,1,0,2,1,1,1,1,1,1,2,1,3,-1.461108173064988,-1.225163535645328,0
1,0,1,0,0.9621754209229036,1,2,0,0,2,2,0,0,0,2,0,1,-0.17487729493640844,-0.1698618112995024,0
1,1,0,0,1.2879383306831464,1,0,2,1,1,1,1,1,1,2,1,0,-1.4860351280674797,-1.531216920829416,0
0,0,1,0,0.06632741908223598,1,2,1,0,0,2,0,2,2,0,1,2,1.1861344481996465,-0.15874222464056495,0
1,0,0,0,-1.2367242199587352,1,2,1,0,0,0,0,0,0,0,1,2,0.39013368512007346,-1.1499739496658463,1
1,0,0,0,0.10704778280226633,1,0,2,1,1,1,1,1,1,1,0,0,-1.4677553610656522,1.3413429660627587,0
1,0,0,0,-0.4223169455581282,1,0,2,1,1,1,1,1,1,1,0,1,-1.477726143066649,0.36599636483595954,0
1,0,0,0,-1.1145631287986442,1,0,0,0,0,0,2,0,0,0,1,2,-0.5172074769706297,-0.7840865981741425,1
1,0,0,0,-0.9516816739185228,0,1,0,2,2,2,0,0,0,1,0,3,-0.8379342980026917,-0.024248176480083393,0
1,0,0,0,-0.8702409464784621,1,2,2,1,1,1,1,1,1,0,0,1,-1.38300371405718,-0.6119977570239201,1
1,0,0,0,-0.38159658183809786,1,0,2,1,1,1,1,1,1,1,0,3,-1.4727407520661506,0.4274188435234236,0
0,0,1,1,-1.1552834925186746,1,0,1,0,0,0,0,0,2,0,0,2,0.534710024134526,-0.3366556111835642,1
1,0,1,0,1.4508197855632678,1,2,2,1,1,1,1,1,1,2,0,0,-1.3132082400502028,-1.071607338926668,0
1,0,1,0,0.025607055362205634,1,0,1,0,0,0,0,2,2,0,0,2,0.8803638001690798,-0.36948486703376043,0
1,0,0,0,-0.055833672077855064,1,0,0,2,2,2,2,2,0,0,1,0,0.25552812810661757,-0.787793127060455,0
1,0,0,0,-1.2774445836787656,1,2,0,0,2,0,2,0,0,0,0,3,-0.1549357309344149,0.875379334640618,1
0,0,0,0,0.9621754209229036,1,0,2,1,1,1,1,1,1,2,0,0,-1.4976677070686424,-1.6720650185092905,0
1,0,0,0,-1.2774445836787656,1,0,1,0,0,0,0,2,0,0,1,2,0.47156173812821356,1.4064719736365354,1
1,0,1,1,1.369379058123207,1,0,0,2,2,2,2,2,0,1,1,2,0.3436033691154218,0.5232590904409321,0
1,0,1,1,1.6137012404433893,1,2,2,1,1,1,1,1,1,2,0,0,-1.3215172250510334,-1.0647237852806593,0
1,1,0,0,0.06632741908223598,1,0,1,0,0,0,0,0,0,0,0,1,0.14584952609565352,-0.7126035410809732,0
0,0,1,1,1.0436161483629645,1,0,1,0,2,2,0,2,0,0,1,2,0.8903345821700764,0.6995839646040831,0
1,0,0,0,-1.2367242199587352,1,0,0,0,0,0,0,0,0,0,1,2,-0.6518130339840859,1.7172908959601678,1
1,0,0,0,0.18848851024232702,0,1,0,0,0,0,0,2,0,2,0,1,-0.9625690730151509,-1.4184325418601933,0
0,0,0,0,1.5729808767233588,1,2,1,2,2,2,2,2,2,2,1,1,1.608230886241842,1.457833873918294,0
1,0,1,1,-1.2774445836787656,1,0,2,1,1,1,1,1,1,1,0,1,-1.4926823160681442,-0.9355247783863383,0
1,1,1,1,1.5729808767233588,1,0,2,1,1,1,1,1,1,2,0,1,-1.4943441130683104,-1.3533035342864168,0
1,0,1,1,0.10704778280226633,1,0,2,1,1,1,1,1,1,1,0,2,-1.491020519067978,1.0771204068813403,0
0,0,1,1,-1.0738427650786138,1,0,2,1,1,1,1,1,1,1,0,3,-1.4976677070686424,1.6749305658308824,0
0,0,0,0,-1.1960038562387048,1,0,1,0,0,0,0,2,0,0,1,2,0.48651791112970877,-0.619410814796545,1
0,0,1,1,1.4915401492832983,1,0,0,0,2,2,2,0,0,1,0,0,-0.18817167093773737,0.14254562340397836,0
1,0,0,0,0.47353105628253944,0,1,0,0,2,2,0,2,2,1,1,3,-0.35933676195484804,-0.6585941201661342,1
0,0,1,0,0.8400143297628127,1,2,1,0,0,0,2,0,2,1,1,2,0.8770402061687477,0.4491285127146824,0
0,0,1,0,-0.3408762181180675,1,0,1,0,2,2,0,2,2,0,1,1,1.1479131171958254,-0.6241763519360897,1
0,0,1,0,-1.1145631287986442,1,0,1,0,0,0,0,0,0,0,1,2,0.13920233809498894,-0.11373437387819907,0
0,0,0,1,-1.2367242199587352,1,0,0,0,2,0,0,0,0,0,0,3,-0.43910301796282214,-1.6641224566100494,0
1,0,0,1,1.2064976032430856,1,2,2,1,1,1,1,1,1,2,1,3,-1.341458789053027,-1.323651303195917,0
0,0,1,0,-0.5444780367182193,1,0,1,0,0,2,0,2,2,0,1,2,1.0648232671875193,-1.0567812233814182,0
1,0,0,0,-0.9516816739185228,1,0,1,0,0,0,0,0,0,0,0,3,0.17576187209864347,1.0527632170570012,0
1,0,0,0,0.8400143297628127,1,0,2,1,1,1,1,1,1,2,0,1,-1.504314895069307,-1.6731240267625225,0
1,0,0,0,-1.1145631287986442,1,0,1,0,0,0,0,0,2,0,0,3,0.464914550127549,0.19602554019220136,0
0,1,1,1,1.5729808767233588,1,2,0,2,2,0,0,2,0,1,0,2,0.14751132309581955,0.5063149583892178,0
0,0,0,0,-1.2774445836787656,1,0,2,1,1,1,1,1,1,0,1,3,-1.502653098069141,-0.9387018031460347,0
1,0,0,0,-0.5851984004382496,1,2,1,0,2,0,0,0,0,0,1,2,0.5280628361338618,-1.2812909730666315,1
1,0,0,0,1.6137012404433893,1,2,1,0,2,2,0,2,2,2,1,2,1.2924894562102784,1.3694066847734105,0
0,0,1,0,-1.1552834925186746,1,0,0,2,2,0,0,0,0,0,0,3,-0.33440980695235617,-0.6728907315847681,0
1,0,0,0,1.0843365120829946,1,2,0,0,0,2,0,0,0,2,0,1,-0.35268957395418365,-0.2911182562945822,0
0,0,0,0,-1.2774445836787656,1,0,1,0,0,0,0,0,0,0,0,3,0.21065960910213194,1.2216750334475273,1
0,1,1,0,-0.055833672077855064,1,2,1,0,0,0,0,0,2,0,1,2,0.6676537841478158,-0.5172165183596438,0
1,0,1,0,-1.1960038562387048,1,0,2,1,1,1,1,1,1,0,0,0,-1.4876969250676457,0.46819066127286085,0
0,1,1,0,1.3286586944031769,1,2,1,0,2,2,0,2,2,1,1,2,1.3789029002189168,1.1809032156980899,1
1,0,1,0,0.6771328748826912,1,0,1,0,0,2,2,2,2,1,1,1,1.1462513201956595,0.48566429745119116,0
1,0,0,0,-1.2367242199587352,1,0,2,1,1,1,1,1,1,0,0,3,-1.5093002860698053,0.34375719151808465,0
0,0,1,0,0.8400143297628127,1,0,2,1,1,1,1,1,1,1,0,0,-1.461108173064988,-1.7022467537264063,1
0,0,1,0,0.9214550572028734,1,0,1,2,0,0,0,2,2,1,1,2,0.9966895901807084,0.6122157837124317,0
1,0,1,1,1.6137012404433893,1,2,1,2,2,2,2,2,2,2,1,1,1.638143232244832,1.5187268484791419,0
0,1,0,0,0.14776814652229667,1,2,1,0,0,0,0,0,0,0,1,0,0.33695618111475767,-0.5013313945611616,0
0,0,1,1,-0.9109613101984924,1,0,2,1,1,1,1,1,1,0,1,0,-1.4943441130683104,-0.8958119688901331,0
1,1,0,0,-1.2774445836787656,1,2,1,0,0,0,0,2,2,0,1,2,0.9717626351782166,1.6733420534510342,1
0,0,1,1,1.6137012404433893,1,2,0,2,2,2,2,0,2,2,0,0,0.534710024134526,0.8166043765862343,0
0,0,0,0,-0.1779947632379461,1,0,0,0,2,0,2,0,0,0,0,0,-0.33607160395252245,-1.2299290727848726,0
1,0,1,0,0.22920887396235737,1,2,1,2,0,0,0,2,0,0,0,0,0.895319973170575,-0.12908999355006506,0
0,0,0,0,1.1657772395230555,1,2,1,2,2,2,2,2,2,1,1,2,1.789366759259949,1.2931580905406965,0
1,0,1,1,0.7992939660427822,1,2,2,1,1,1,1,1,1,2,0,3,-1.3364733980525287,-1.407312955201256,0
1,0,0,0,1.4100994218432374,1,0,2,1,1,1,1,1,1,1,1,3,-1.505976692069473,-1.5317464249560322,0
0,0,0,1,0.06632741908223598,1,2,1,2,2,2,2,2,2,2,1,1,1.7079387062518092,0.05994297965187159,0
0,0,0,0,0.880734693482843,1,0,0,2,0,2,2,2,2,2,0,2,0.5264010391336954,0.2108516557374513,0
0,0,1,0,-1.2774445836787656,1,0,2,1,1,1,1,1,1,0,1,0,-1.477726143066649,-0.8714547790657939,0
0,1,0,0,-0.7073594915983407,1,2,1,0,2,0,0,0,2,0,0,2,0.8338334841644282,-1.308295683524051,1
0,0,0,0,-1.1552834925186746,1,0,0,0,0,0,0,0,0,0,1,3,-0.6235624849812617,-0.9148741174483116,1
0,0,0,0,-0.9516816739185228,1,0,0,0,2,0,2,2,0,0,0,3,0.04946530008601819,0.9463328876071713,1
0,0,0,1,0.5549717837226001,1,0,1,0,2,2,0,2,2,0,1,2,1.1645310871974868,0.24950545698042434,0
0,0,0,0,-0.4223169455581282,1,2,1,0,0,0,2,2,0,0,1,2,0.8388188751649267,-0.8756908120787225,1
1,0,0,0,0.22920887396235737,1,0,1,0,0,0,0,0,0,1,1,0,0.18905624809997262,-0.5357491627912061,1
0,0,1,1,0.9214550572028734,1,2,0,2,2,0,2,2,0,1,1,1,0.3402797751150897,0.1796109122671032,0
0,0,0,0,-1.2774445836787656,1,0,2,1,1,1,1,1,1,0,0,3,-1.491020519067978,-0.9349952742597223,0
1,1,1,0,1.2879383306831464,1,0,1,2,0,2,0,0,0,1,0,1,0.5164302571326987,0.5248476028207802,0
1,0,0,1,0.8400143297628127,1,0,2,1,1,1,1,1,1,2,0,0,-1.4960059100684764,-1.6715355143826744,1
0,0,1,0,1.0436161483629645,1,2,0,2,0,2,2,2,2,2,1,2,0.6493740171459885,0.4808987603116465,0
1,0,1,0,0.9621754209229036,0,1,0,0,0,2,2,2,2,1,1,0,-0.35601316795451593,-0.37319139592007294,0
1,0,1,1,1.6137012404433893,1,0,1,2,0,2,2,2,2,2,1,1,1.3340343812144315,1.349815032088616,0
1,0,0,0,-1.2774445836787656,1,0,0,2,0,0,2,0,0,0,1,2,-0.35933676195484804,0.6228058662447531,1
1,1,1,0,1.6137012404433893,1,2,1,0,2,0,0,2,2,1,1,1,1.0797794401890146,1.2375601572460093,0
1,0,0,0,-0.4223169455581282,1,2,1,0,0,0,0,0,2,0,0,2,0.6078290921418354,-1.0149503973787486,0
0,1,0,0,-0.9924020376385531,1,2,1,0,2,2,0,2,2,0,1,2,1.3539759452164248,1.52031536085899,1
0,0,0,1,-0.6666391278783103,1,0,1,0,0,0,0,2,0,0,1,2,0.5396954151350245,-1.4216095666198898,1
0,0,0,0,0.26992923768238775,0,1,0,0,2,2,2,0,0,0,0,0,-0.7864185909975417,-1.1679770899707926,0
0,0,0,0,-0.8295205827584317,1,0,0,0,0,0,0,0,0,0,1,0,-0.6567984249845842,0.6005666929268781,0
1,0,1,0,0.880734693482843,1,0,0,2,2,0,0,2,2,2,1,0,0.32532360211359457,0.1727273586210943,0
0,0,0,0,-0.5851984004382496,0,1,0,2,2,0,2,0,0,1,1,3,-0.8163309370005319,1.229088091220152,0
1,0,1,0,-0.015113308357824713,1,0,0,2,2,0,2,0,2,1,0,3,0.19071804510013865,-0.7544343670836426,0
0,0,0,0,0.35136996512244845,1,0,2,1,1,1,1,1,1,1,1,3,-1.4960059100684764,1.4753075100966242,0
1,0,1,1,1.4100994218432374,1,2,2,1,1,1,1,1,1,2,0,0,-1.3331498040521963,-1.147855933159382,0
1,0,1,0,1.3286586944031769,1,2,1,2,0,2,0,2,2,0,1,2,1.3124310202122718,1.126893794783251,0
0,0,0,0,-0.30015585439803716,1,2,0,2,2,2,2,2,0,0,1,0,0.4516201741262198,-0.9879456869213291,0
0,0,1,1,-1.2774445836787656,1,0,1,0,0,0,0,0,0,0,1,2,0.16745288709781284,1.1618410671399113,1
0,0,1,0,1.4100994218432374,1,2,1,0,2,2,2,2,2,1,1,1,1.4935668932303794,1.288392553401152,0
1,1,0,0,-1.0331224013585834,1,2,1,0,0,0,0,0,0,0,0,3,0.29873485011093664,0.6725792541466635,1
0,1,0,0,0.43281069256250915,0,1,0,2,2,0,0,0,0,0,1,1,-1.0406735320229585,-1.2447551883301227,0
0,0,0,0,-0.3408762181180675,1,0,1,2,0,0,0,2,2,0,1,2,0.9917041991802098,-0.7062494915615803,0
1,1,0,0,-0.9516816739185228,1,2,0,2,0,0,0,0,0,0,0,2,-0.3393951979528547,0.49148884284396793,1
1,0,1,1,1.4915401492832983,1,0,2,1,1,1,1,1,1,2,0,0,-1.481049737066981,-1.3649526250719703,0
0,0,0,1,0.18848851024232702,1,0,2,1,1,1,1,1,1,1,0,0,-1.477726143066649,1.3455789990756875,0
1,0,1,1,-0.5037576729981889,0,1,0,2,0,2,2,0,0,2,1,1,-0.84291968900319,1.511843294833133,0
1,0,0,0,-1.0331224013585834,1,0,1,0,0,0,0,0,0,0,0,0,0.14584952609565352,0.45813008286715556,0
0,1,0,0,0.18848851024232702,1,2,1,0,0,0,0,0,0,0,1,2,0.3818247001192428,-0.4234942879485995,1
0,0,0,0,-1.1145631287986442,1,2,1,0,0,0,0,2,2,0,1,3,0.9684390411778845,0.4470104962082181,1
1,0,0,0,0.35136996512244845,0,1,0,0,0,2,0,2,2,1,1,2,-0.44575020596348647,-0.8253879200501959,0
0,0,0,0,0.880734693482843,1,0,1,2,2,0,0,2,2,1,1,1,1.1728400721983174,0.6201583456116727,0
0,1,0,0,-1.1960038562387048,1,0,1,0,0,0,0,0,0,0,1,2,0.1873944510998066,-0.8391550273422137,1
1,1,0,0,1.4915401492832983,1,0,2,1,1,1,1,1,1,2,0,1,-1.477726143066649,-1.3834852695035327,0
0,0,0,0,0.8400143297628127,1,0,1,0,2,2,2,0,2,1,1,1,0.9867188081797118,0.5375557018595659,0
1,0,1,1,-0.5851984004382496,0,1,0,0,2,2,0,2,0,1,0,1,-0.6102681089799328,1.4896041215152582,0
1,0,1,0,1.2879383306831464,1,0,1,2,2,0,2,2,2,2,1,1,1.3057838322116073,1.066530324349019,0
0,0,1,1,-0.055833672077855064,1,2,1,0,2,0,0,0,2,0,1,2,0.8770402061687477,-0.35412924736189444,1
0,0,0,0,-0.5037576729981889,0,1,0,0,0,0,0,0,0,0,0,1,-1.3248408190513656,0.5402032224926463,0
1,0,1,1,1.002895784642934,1,0,0,2,2,0,2,0,0,1,0,3,-0.17155370093607614,-0.11426387800481513,0
1,1,1,0,1.247217966963116,1,2,1,2,2,2,0,2,2,2,0,1,1.4536837652263923,1.1846097445844024,0
1,0,1,1,-0.7888002190384014,0,1,0,2,2,0,2,0,0,2,0,3,-0.8046983579993692,0.8414910705371896,0
0,1,1,0,0.6364125111626608,1,0,0,0,2,0,0,0,2,1,1,0,-0.1931570619382357,-0.4473219736463226,0
0,0,0,0,-1.2367242199587352,1,0,1,0,0,0,0,0,0,0,1,2,0.20567421810163386,-1.3713066745913631,1
1,0,1,1,1.002895784642934,1,0,2,1,1,1,1,1,1,2,0,3,-1.462769970065154,-1.6005819614161212,0
1,0,1,0,1.5729808767233588,1,2,1,0,2,2,2,2,2,1,1,0,1.608230886241842,1.449891312019053,0
0,0,1,1,-1.0331224013585834,1,2,0,0,0,0,0,0,0,0,0,2,-0.5305018529719588,-0.12326544815728831,0
0,0,0,0,-0.6666391278783103,1,2,0,0,0,0,0,0,2,0,1,0,-0.056889707924613786,-1.6572389029640404,0
1,0,1,0,0.06632741908223598,1,2,1,0,0,2,0,2,2,0,0,2,1.1994288242009752,-0.10685082023219017,0
0,0,1,0,0.18848851024232702,1,2,1,0,0,2,0,2,2,0,1,2,1.15456030519649,-0.015246606327610218,1
1,0,0,0,-0.6666391278783103,1,2,1,0,2,0,0,0,0,0,1,3,0.5247392421335293,-1.485679565940434,0
1,0,0,1,0.6364125111626608,1,2,0,2,2,2,0,0,0,1,1,0,-0.012021188920128179,-0.3287130492843231,0
1,0,1,1,1.0436161483629645,1,0,0,0,2,0,2,2,2,1,1,1,0.3469269631157543,0.21455818462376378,0
0,0,1,0,1.6137012404433893,1,2,0,2,0,2,2,2,2,2,1,0,0.6693155811479823,0.8992070203383411,0
0,0,0,0,-1.0331224013585834,1,0,2,1,1,1,1,1,1,0,0,3,-1.5109620830699715,-1.294528576232033,0
0,0,0,0,0.22920887396235737,1,0,1,2,2,2,0,0,0,0,1,1,0.6360796411446599,-0.2365793312531271,1
0,1,1,0,0.6364125111626608,1,2,1,2,2,2,2,2,2,0,0,2,1.7511454282561285,0.668343221133735,1
1,0,0,0,-0.9109613101984924,1,0,1,2,2,2,0,2,2,0,1,2,1.3174164112127704,-1.638706258532478,1
0,0,0,0,-0.0965540357978854,1,0,0,2,2,2,2,2,0,1,0,1,0.32864719611392706,-0.695659409029259,0
1,0,1,0,-0.055833672077855064,1,2,0,0,0,0,0,2,0,0,1,1,-0.18983346793790365,-0.9535279186912846,0
0,1,0,0,0.5549717837226001,1,2,0,0,0,2,2,0,2,1,1,1,0.14418772909548702,-0.2244007363409575,0
1,0,1,0,0.7178532386027215,1,0,2,1,1,1,1,1,1,2,0,3,-1.4694171580658184,-1.6561798947108084,0
1,0,1,0,-0.1779947632379461,1,0,1,0,0,0,2,0,0,0,0,0,0.39179548212023946,-0.8306829613163567,0
0,0,0,0,1.369379058123207,0,1,0,2,2,2,2,2,2,2,1,0,-0.07516947492644105,0.14413413578382658,0
1,1,0,0,-0.9924020376385531,0,1,0,0,0,2,0,0,0,0,1,2,-1.1752790890364146,-0.7480803175642499,1
0,0,1,1,0.35136996512244845,1,0,1,0,0,2,0,2,2,0,1,0,1.001674981181207,0.018641657775818204,0
1,1,1,0,1.6137012404433893,1,2,1,0,2,2,2,2,2,2,1,0,1.5583769762368582,1.4689534605772314,0
0,0,0,0,-1.0331224013585834,1,0,2,1,1,1,1,1,1,1,0,3,-1.491020519067978,-1.0700188265468198,0
0,0,1,1,0.22920887396235737,1,0,2,1,1,1,1,1,1,0,0,3,-1.4727407520661506,1.411767014902696,0
1,0,0,0,0.47353105628253944,1,0,1,2,2,2,0,2,2,1,1,2,1.3722557122182522,0.3072214067815759,0
1,0,1,1,0.5956921474426305,1,2,1,2,2,2,2,2,2,1,1,0,1.6182016682428386,0.629689419890762,0
1,0,1,1,0.8400143297628127,1,0,1,0,2,0,2,2,0,0,1,2,0.9235705221733989,0.41418124035802184,0
1,0,1,0,-1.1552834925186746,1,2,0,0,0,2,0,2,0,0,0,2,0.0278619390838584,-0.580757013553572,0
1,1,0,0,-0.5037576729981889,1,2,1,0,0,0,0,2,0,0,1,2,0.6510358141461546,-1.05519271100157,0
1,0,0,0,-1.2367242199587352,1,0,0,0,0,0,0,0,0,0,0,3,-0.6684310039857471,1.305866189579482,1
1,1,1,0,1.002895784642934,1,2,0,0,2,2,0,2,0,1,1,1,0.21065960910213194,0.14784066467013907,0
0,1,1,0,0.47353105628253944,1,0,1,2,2,0,2,0,0,0,1,2,0.677624566148813,-0.04860536630442257,0
1,0,0,0,-0.3408762181180675,1,0,0,0,0,2,0,0,0,0,1,3,-0.5005895069689685,-1.5592806395400678,0
1,0,1,1,-0.7073594915983407,0,1,0,2,0,0,0,0,0,0,1,0,-1.1486903370337564,0.37711595149489696,0
0,0,0,0,-1.1960038562387048,0,1,0,0,0,0,0,0,0,0,0,2,-1.3132082400502028,0.8081323105603773,1
0,0,0,1,-1.1552834925186746,1,2,1,0,2,2,0,0,0,0,0,0,0.641065032145158,-0.1952780093770737,1
1,1,1,0,0.18848851024232702,1,2,1,0,0,0,0,2,0,0,1,2,0.6959043331506402,-0.266231562343627,1
0,0,0,0,-1.2774445836787656,1,0,1,0,2,0,0,0,0,0,1,2,0.3303089931140931,1.305336685452866,1
0,0,0,0,-0.3408762181180675,1,0,0,2,0,0,2,0,0,0,0,1,-0.27957050594687416,-1.3596575838058096,0
0,0,0,0,-1.1145631287986442,1,2,1,0,2,0,0,2,0,0,1,2,0.8654076271675846,0.3294605800994508,1
0,0,0,0,0.025607055362205634,1,2,1,0,2,2,0,2,2,0,0,2,1.422109622223236,-0.058665944710127885,0
0,0,1,1,1.0436161483629645,1,0,2,1,1,1,1,1,1,2,1,3,-1.4926823160681442,-1.5677527055659248,0
0,0,1,1,1.6137012404433893,1,2,1,2,2,0,0,2,0,2,1,0,1.0349109211845293,1.1761376785585453,0
0,0,1,0,1.5729808767233588,1,2,2,1,1,1,1,1,1,2,0,3,-1.3597385560548543,-1.1123791566761054,0
0,1,0,0,-0.1779947632379461,1,2,1,0,2,2,0,2,2,0,1,2,1.3755793062185846,-0.2747036283694841,1
1,0,1,0,0.758573602322752,1,0,0,2,2,2,2,2,2,2,1,1,0.6344178441444933,0.21667620113022804,0
0,0,0,0,-0.0965540357978854,1,0,0,2,2,2,2,2,2,1,0,0,0.684271754149477,-0.5680489145147863,1
1,1,1,0,1.6137012404433893,1,0,1,2,2,0,2,0,0,2,1,1,0.6659919871476498,0.928859251428841,0
1,1,0,0,0.14776814652229667,1,2,1,2,0,0,0,2,0,0,1,2,0.8670694241677506,-0.2582890004443859,1
1,0,0,1,-0.748079855318371,1,0,0,2,2,2,2,0,2,2,0,0,0.37683930911874425,-1.6694174978762102,0
0,0,1,1,1.6137012404433893,1,2,0,2,2,0,2,2,0,2,0,3,0.32532360211359457,0.6635776839941904,0
0,0,1,1,-0.4223169455581282,0,1,0,0,2,0,0,2,0,0,0,2,-0.8495668770038544,1.5600281703551953,0
0,0,0,0,-1.2367242199587352,1,2,1,0,2,0,0,0,0,0,0,2,0.4915033021302069,-1.2346946099244174,0
0,0,0,0,-0.7073594915983407,1,0,2,1,1,1,1,1,1,0,0,3,-1.5009913010689746,-0.35571775974174263,0
1,0,1,1,0.758573602322752,1,0,2,1,1,1,1,1,1,2,0,1,-1.502653098069141,-1.6360587378993978,0
1,0,1,0,1.5322605130033284,0,1,0,2,0,2,2,0,0,2,1,1,-0.8512286740040206,-0.48491676663606353,0
0,0,1,1,1.5729808767233588,1,0,2,1,1,1,1,1,1,2,0,0,-1.4843733310673135,-1.3511855177799525,0
0,0,1,1,0.26992923768238775,1,2,1,0,0,0,2,2,2,0,1,1,1.1695164781979852,-0.01365809394776201,0
0,0,1,1,1.1657772395230555,1,2,0,2,2,0,0,0,0,0,0,2,-0.16490651293541178,-0.05972495296336002,0
0,0,0,0,0.7992939660427822,1,0,0,2,0,0,0,0,0,0,1,0,-0.4989277099688025,-0.5664604021349382,0
0,0,0,0,-1.2774445836787656,0,1,0,0,0,0,0,2,0,0,1,2,-0.9642308700153169,-0.1184999110177437,1
1,0,1,0,1.2879383306831464,1,2,1,2,0,2,2,2,2,1,1,3,1.4536837652263923,1.1496624722277418,0
1,0,1,0,1.2064976032430856,1,0,0,0,2,2,2,0,0,2,1,1,-0.15327393393424887,-0.01789412696069056,0
1,0,1,0,-0.0965540357978854,1,0,2,1,1,1,1,1,1,2,0,3,-1.5192710680708021,0.9950472672558496,0
0,1,1,1,-1.1552834925186746,1,0,0,0,0,0,0,0,0,0,0,2,-0.6235624849812617,-1.0054193230996595,1
1,1,1,0,1.247217966963116,1,0,0,2,2,2,2,2,2,1,1,0,0.6394032351449919,0.6328664446504584,0
0,0,0,0,-1.2774445836787656,1,0,0,0,0,0,0,0,0,0,1,1,-0.6717545979860794,0.2569185147530493,0
1,0,1,0,-0.7073594915983407,1,2,1,0,0,2,2,2,2,0,1,2,1.285842268209614,-1.2108669242266943,0
1,0,1,1,-0.21871512695797646,1,0,1,2,2,0,0,0,0,1,1,1,0.5280628361338618,-0.7501983340707141,0
0,0,0,1,-1.1552834925186746,0,1,0,2,2,2,0,2,2,0,1,3,-0.25131995694405,-0.7380197391585446,0
0,0,1,0,1.6137012404433893,1,2,1,2,2,2,0,2,2,2,1,2,1.5284646302338678,1.3948228828509819,0
1,1,1,0,0.5142514200025698,1,2,2,1,1,1,1,1,1,1,0,1,-1.33148800705203,-1.5529265900206748,0
0,1,0,0,0.5142514200025698,1,2,1,2,2,0,2,2,0,0,1,2,1.07313225218835,0.24632843222072792,0
0,0,0,0,0.14776814652229667,1,0,0,2,2,2,2,2,0,1,1,3,0.3851482941195749,-0.5304541215250455,0
1,0,1,1,-0.62591876415828,1,0,1,2,0,2,0,2,0,0,1,2,0.8188773111629334,-1.2119259324799263,1
1,0,0,0,-1.2774445836787656,1,0,2,1,1,1,1,1,1,0,0,3,-1.5242564590713006,-1.0133618849989006,0
1,1,0,0,-0.6666391278783103,1,2,1,0,0,0,0,0,0,0,1,0,0.32200000811326246,-1.4724419627750325,0
1,0,0,0,-1.1960038562387048,1,0,2,1,1,1,1,1,1,0,1,3,-1.4943441130683104,0.806543798180529,1
1,0,1,1,-1.1552834925186746,1,2,0,0,0,0,0,0,0,0,1,2,-0.4607063789649817,-0.726900152499607,1
0,0,1,0,1.5729808767233588,1,0,0,2,2,2,2,2,2,2,1,1,0.6526976111463211,0.8637302438550645,0
1,0,1,1,-0.9109613101984924,1,2,2,1,1,1,1,1,1,0,1,3,-1.341458789053027,-0.5685784186414025,0
1,0,1,1,-0.5037576729981889,1,0,2,1,1,1,1,1,1,2,0,3,-1.4860351280674797,0.08430016947621077,0
1,0,0,0,-1.1552834925186746,1,0,1,0,0,0,0,2,0,0,1,2,0.5396954151350245,-0.16403726590672563,1
1,0,0,0,-0.2594354906780068,1,2,1,0,0,2,0,2,2,0,1,2,1.116338974192669,-0.572814451654331,1
0,0,0,0,-1.1552834925186746,1,0,0,0,0,0,0,2,0,0,0,1,-0.3078210549496983,-0.7163100699672857,0
1,0,0,0,-1.1145631287986442,0,1,0,0,2,0,0,2,2,0,1,3,-0.4573827849646494,-0.32077048738508207,1
0,0,1,0,-1.1552834925186746,1,2,1,0,2,0,0,2,0,0,1,2,0.893658176170409,-0.05548891995043147,1
1,1,1,0,-0.13727439951791576,1,2,1,0,0,0,0,0,2,0,1,2,0.6493740171459885,-0.6675956903186073,0
1,0,0,0,-1.2367242199587352,1,0,1,2,2,0,0,2,2,0,0,2,1.1778254631988159,-0.8857513904844279,0
0,0,0,0,-0.13727439951791576,1,0,2,1,1,1,1,1,1,2,0,3,-1.5076384890696393,0.7096445430097884,0
1,0,0,1,-1.2774445836787656,1,0,1,0,0,0,0,2,2,0,1,2,0.8670694241677506,1.6251571779289717,1
1,0,0,0,-1.2774445836787656,1,0,1,0,0,0,0,0,0,0,0,3,0.15415851109648415,1.1581345382535988,1
0,1,0,0,-0.9924020376385531,1,0,1,0,0,2,0,2,2,0,1,1,0.9867188081797118,1.313279247352107,1
1,0,0,0,-0.7888002190384014,1,0,2,1,1,1,1,1,1,0,1,2,-1.4744025490663168,-0.5775799887938756,0
0,0,1,0,1.0843365120829946,1,2,1,2,2,0,0,2,0,0,1,2,0.9966895901807084,0.7271181791881186,0
0,0,1,1,-1.2774445836787656,1,0,2,1,1,1,1,1,1,0,1,1,-1.4827115340671475,-0.8730432914456422,1
1,1,0,0,0.7178532386027215,1,2,1,0,0,0,0,2,2,0,1,2,1.0282637331838649,0.42900735590327177,1
1,0,1,0,-0.5851984004382496,1,0,0,0,0,0,0,0,0,0,1,0,-0.6784017859867437,1.3773492466726516,0
0,0,1,1,-0.62591876415828,1,0,0,2,2,0,0,2,2,0,0,3,0.32532360211359457,-1.5158613011575501,0
1,0,1,0,0.5956921474426305,1,0,0,0,2,2,0,2,2,2,0,2,0.2937494591104381,-0.10790982848542231,0
0,0,0,0,-0.2594354906780068,1,2,1,0,0,0,0,0,0,0,1,0,0.3386179781149237,-0.9905932075544095,1
0,0,0,0,-1.0738427650786138,0,1,0,0,0,2,0,2,2,0,1,2,-0.5587524019747828,-0.3218294956383142,1
1,0,1,1,-0.5444780367182193,1,2,0,0,0,0,0,0,0,0,0,1,-0.48729513096763954,1.6362767645879093,0
0,0,0,0,-1.1960038562387048,1,2,0,0,0,0,2,2,0,0,1,2,-0.03860994092278629,-1.2023948582008372,1
0,1,1,1,1.4508197855632678,0,1,0,0,2,2,0,2,2,2,1,2,-0.39091090495800446,-0.05125288693750291,0
0,0,1,0,-1.2367242199587352,1,0,2,1,1,1,1,1,1,0,0,0,-1.4926823160681442,0.5799160319888514,0
1,0,0,0,-1.0331224013585834,0,1,0,0,0,0,0,0,0,1,1,1,-1.343120586053193,-1.2452846924567387,0
0,0,0,0,-0.5851984004382496,1,0,2,1,1,1,1,1,1,0,1,3,-1.502653098069141,0.03823331046061276,0
0,0,1,0,1.5729808767233588,1,2,2,1,1,1,1,1,1,2,0,1,-1.3198554280508674,-0.9588229599574454,0
1,1,1,0,-0.7888002190384014,1,2,1,2,2,0,0,0,2,0,0,1,0.9651154471775519,-1.4729714669016485,0
1,0,0,0,-1.1960038562387048,0,1,0,0,2,0,2,0,0,0,1,3,-0.9276713360116622,-1.6408242750389423,1
1,0,1,0,1.6137012404433893,1,2,1,0,2,2,0,2,2,2,1,0,1.2958130502106107,1.288922057527768,0
1,0,1,1,1.369379058123207,0,1,0,0,2,2,0,2,2,2,1,1,-0.2662761299455452,-0.03219073837932443,0
1,0,1,1,-0.3408762181180675,1,0,2,1,1,1,1,1,1,1,1,1,-1.461108173064988,0.37711595149489696,0
0,0,0,0,-1.2774445836787656,1,0,0,0,0,0,0,0,0,0,1,2,-0.6867107709875744,0.2532119858667368,1
0,0,1,1,0.9621754209229036,1,2,2,1,1,1,1,1,1,2,1,3,-1.3397969920528607,-1.3570100631727293,0
0,1,1,0,-0.4223169455581282,1,2,2,1,1,1,1,1,1,1,0,0,-1.3015756610490399,0.6821103284257528,0
1,0,0,0,-0.748079855318371,0,1,0,0,0,2,0,2,2,0,1,2,-0.46569176996548,1.2333241242330808,1
0,1,1,0,1.1657772395230555,1,2,1,0,2,2,0,2,2,1,1,1,1.3174164112127704,1.0082848704212513,1
0,1,1,0,0.3106496014024181,0,1,0,0,2,0,0,2,0,0,1,2,-0.8462432830035223,-1.1377953547536768,1
0,0,0,0,0.3920903288424788,1,0,0,2,2,2,0,0,0,0,0,0,-0.1698919039359101,-0.5659308980083221,0
0,0,1,1,1.6137012404433893,1,2,0,2,0,2,2,2,2,2,1,0,0.6161380771426661,0.8912644584391001,0
0,0,0,0,-0.8295205827584317,1,2,1,0,0,0,2,0,0,0,1,1,0.4915033021302069,1.6966402350221412,0
1,0,1,0,1.5729808767233588,1,2,2,1,1,1,1,1,1,2,0,0,-1.3397969920528607,-1.0689598182935878,0
0,0,1,0,-0.2594354906780068,1,0,2,1,1,1,1,1,1,1,0,3,-1.5142856770703037,0.33899165437854,0
0,0,0,1,-1.0331224013585834,0,1,0,2,0,0,0,0,0,0,0,3,-1.1619847130350858,-0.8576876717737761,0
0,0,1,1,-1.0738427650786138,1,0,0,0,0,0,0,0,0,0,0,3,-0.640180454982923,-0.4208467673155191,0
0,0,0,0,1.0436161483629645,1,0,1,2,2,2,0,2,2,1,1,2,1.3855500882195813,0.9309772679353052,1
1,0,1,0,0.758573602322752,0,1,0,0,2,0,0,0,0,0,1,1,-1.153675728034255,-1.2203979985057836,0
1,0,1,1,1.6137012404433893,0,1,0,2,2,2,2,2,2,2,1,0,0.0295237360840249,0.36440785245611135,0
0,0,0,0,-0.5851984004382496,1,0,1,2,0,0,0,2,2,0,1,2,1.0398963121850275,-1.0599582481411145,1
0,0,0,0,-1.0331224013585834,1,2,1,0,0,0,0,0,0,0,1,0,0.3436033691154218,0.7038199976170116,1
0,0,0,0,0.5956921474426305,1,2,0,2,2,0,2,0,2,2,0,3,0.3087056321119333,-0.12220643990405618,0
1,1,0,0,-1.2367242199587352,1,0,0,0,0,0,0,0,0,0,1,2,-0.6667692069855808,1.6606339544122484,1
1,1,0,0,1.2064976032430856,1,2,1,0,2,2,2,2,2,1,1,0,1.5284646302338678,1.212143959168438,0
0,0,1,1,-0.6666391278783103,1,0,2,1,1,1,1,1,1,2,0,3,-1.4976677070686424,-0.34406866895618915,0
1,0,0,0,-1.0738427650786138,1,0,0,0,0,0,2,0,0,0,1,1,-0.5072366949696331,-0.2900592480413501,0
1,0,0,0,-0.5444780367182193,1,0,0,0,0,2,2,0,0,0,1,1,-0.3244390249513595,-1.6773600597754512,1
0,0,1,1,1.4915401492832983,0,1,0,2,0,2,0,0,2,2,1,1,-0.6916961619880726,-0.3716028835402247,0
1,0,1,1,-0.8702409464784621,1,2,1,0,0,0,0,0,0,0,1,2,0.31867641411292996,1.5346119722776241,1
0,0,1,0,1.2879383306831464,1,2,1,0,2,2,2,2,2,0,1,2,1.541759006235197,1.175608174431929,0
0,0,1,0,0.26992923768238775,1,0,1,2,0,2,2,2,2,1,1,1,1.327387193213767,0.14307512753059445,1
0,0,0,0,-0.7073594915983407,1,2,0,2,0,0,0,0,0,0,1,3,-0.3011738669490337,1.6214506490426595,1
1,0,0,0,-0.30015585439803716,1,0,2,1,1,1,1,1,1,0,0,3,-1.4677553610656522,0.6572236344747976,0
0,0,0,0,-1.0738427650786138,1,0,2,1,1,1,1,1,1,2,0,1,-1.4993295040688086,-1.5661641931860766,0
1,0,1,0,1.369379058123207,1,2,1,2,2,2,2,2,2,1,0,0,1.6963061272506461,1.4477732955125886,0
0,0,0,0,1.1657772395230555,1,2,0,0,2,2,2,2,2,2,0,1,0.7939503561604415,0.6307484281439941,0
0,1,1,0,0.43281069256250915,1,2,1,2,2,0,0,2,0,0,1,2,0.9883806051798778,0.15631273069599616,0
0,0,0,0,-0.8295205827584317,1,0,2,1,1,1,1,1,1,0,0,3,-1.4843733310673135,-0.7385492432851606,0
1,1,0,0,-0.38159658183809786,0,1,0,0,0,0,0,0,2,0,1,0,-1.0007904040189717,1.3778787507992676,0
1,1,1,0,1.5729808767233588,0,1,0,0,2,2,0,2,2,0,1,0,-0.41417606296033027,-0.014717102200994148,0
0,0,0,0,0.06632741908223598,1,2,0,0,0,0,2,2,0,0,0,3,0.00792037508186511,-0.7867341188072229,0
0,0,0,0,-1.1145631287986442,1,0,2,1,1,1,1,1,1,0,0,1,-1.4926823160681442,-1.6424127874187906,1
0,0,1,0,0.35136996512244845,0,1,0,0,2,0,2,0,0,1,0,3,-0.9742016520163136,-1.3458904765137918,0
0,0,1,1,1.6137012404433893,1,0,2,1,1,1,1,1,1,2,0,1,-1.4976677070686424,-1.3617756003122738,0
1,1,0,0,-0.748079855318371,1,2,1,0,0,0,0,2,2,0,1,2,1.0249401391835322,-1.4592043596096307,0
0,0,0,0,0.35136996512244845,1,0,2,1,1,1,1,1,1,2,1,3,-1.4926823160681442,1.4853680885023297,0
0,0,1,1,-0.38159658183809786,1,2,1,2,0,0,0,0,0,1,0,1,0.5679459641378485,-1.002771802466579,0
1,0,1,1,1.5729808767233588,1,0,1,2,2,2,2,2,2,2,0,1,1.48027251722905,1.4001179241171424,0
0,0,0,0,-1.2774445836787656,1,0,1,0,0,0,0,0,0,0,1,2,0.18407085709947407,1.1909637941037952,1
1,0,1,0,1.6137012404433893,1,2,2,1,1,1,1,1,1,2,0,3,-1.3082228490497045,-1.0170684138852129,0
1,0,1,1,-1.0738427650786138,1,0,1,0,0,0,0,0,0,0,1,2,0.16745288709781284,-0.012069581567913802,0
1,0,1,1,-0.38159658183809786,1,0,2,1,1,1,1,1,1,1,1,1,-1.4876969250676457,0.2743921509313796,0
1,1,1,0,-0.9109613101984924,1,2,1,0,0,0,0,0,2,0,0,2,0.6909189421501416,1.5663822198745883,1
0,0,0,0,1.6137012404433893,1,0,1,2,2,2,2,2,2,2,1,2,1.5002140812310438,1.3672886682669463,0
0,0,1,0,-1.0331224013585834,1,0,0,2,0,0,0,0,0,0,1,0,-0.4806479429669752,-0.09679024182648485,0
1,0,0,1,-1.0738427650786138,1,0,1,0,0,2,0,2,2,0,0,3,0.9883806051798778,0.7890701620021987,1
1,0,1,1,-0.9516816739185228,1,0,1,0,2,0,2,2,2,0,1,2,1.221032185203135,1.6304522191951325,0
0,0,0,0,-0.8295205827584317,1,2,1,0,2,0,0,0,2,0,1,2,0.8105683261621028,-1.6672994813697457,0
0,0,0,0,-1.2774445836787656,1,0,2,1,1,1,1,1,1,0,1,3,-1.5076384890696393,-0.9402903155258829,0
0,1,1,1,0.6364125111626608,0,1,0,0,2,0,0,0,0,1,0,0,-1.1586611190347533,-1.3527740301598008,0
1,0,0,0,-0.5037576729981889,1,0,1,0,0,0,0,2,0,0,0,2,0.466576347127715,-1.1335593217407482,0
0,1,1,0,-0.6666391278783103,1,2,1,0,0,0,0,0,2,0,1,1,0.684271754149477,-1.3665411374518186,1
0,0,0,0,-1.2367242199587352,1,0,1,0,0,0,0,2,0,0,1,3,0.4948268961305394,-1.2272815521517924,1
0,0,0,0,-0.9109613101984924,1,0,2,1,1,1,1,1,1,1,1,3,-1.5109620830699715,-0.9773556043890078,0
0,1,0,0,-1.2367242199587352,1,0,1,0,0,0,0,0,2,0,1,2,0.4931650991303729,-0.9037545307893742,1
1,0,1,1,-0.5037576729981889,1,2,1,0,2,0,2,2,0,0,0,3,1.0648232671875193,-0.994299736440722,0
1,0,1,0,-0.5037576729981889,1,0,2,1,1,1,1,1,1,1,0,3,-1.4660935640654862,0.16160777196215687,0
1,0,1,1,-0.5444780367182193,1,0,2,1,1,1,1,1,1,1,0,3,-1.4943441130683104,-0.1470931338550114,0
1,1,0,0,-0.5444780367182193,1,2,1,2,0,0,0,2,0,0,1,2,0.85876043916692,-1.1187332061954982,1
1,0,1,0,-0.4223169455581282,1,0,1,2,2,0,2,2,2,0,1,2,1.3240635992134344,-0.7745555238950533,0
0,0,0,0,0.10704778280226633,1,2,1,0,0,0,2,0,0,0,0,1,0.5081212721318681,-0.42825982508814414,0
0,0,0,0,-1.2774445836787656,1,0,0,0,0,0,0,0,0,0,0,3,-0.6518130339840859,0.29398380361617416,0
1,0,0,0,0.26992923768238775,1,2,1,0,0,0,0,0,0,0,1,1,0.2787932861089434,-0.46585461807788503,0
0,1,1,0,0.880734693482843,1,0,1,0,0,2,2,2,2,1,1,2,1.141265929195161,0.6672842128805029,0
0,0,0,0,-1.2774445836787656,1,0,2,1,1,1,1,1,1,0,1,0,-1.481049737066981,-0.8725137873190261,1
1,0,1,0,1.369379058123207,1,2,1,2,0,2,0,2,2,2,1,1,1.3722557122182522,1.1814327198247059,1
1,0,0,0,0.9621754209229036,1,2,1,2,0,0,2,2,2,0,1,3,1.3489905542159264,0.8044257816740648,0
1,0,0,1,-0.5851984004382496,1,0,0,0,0,0,0,0,0,0,1,1,-0.6351950639824246,1.3233398257578124,0
0,0,1,1,-0.6666391278783103,1,2,1,0,2,0,0,0,0,0,1,1,0.5047976781315361,-1.4650289050024075,0
0,0,0,0,1.4508197855632678,1,0,0,2,0,2,0,0,0,1,1,1,-0.3427187919531868,-0.047016853924574366,0
0,1,1,0,0.8400143297628127,1,2,2,1,1,1,1,1,1,2,0,1,-1.3181936310507012,-1.4576158472297824,0
0,0,1,1,1.6137012404433893,1,2,0,2,0,2,2,2,2,2,0,1,0.6626683931473177,0.8346075168911807,0
1,0,0,0,-0.9516816739185228,1,2,1,0,0,0,0,0,0,0,1,2,0.36853032411791364,1.2603288346905002,0
0,0,0,0,-0.0965540357978854,1,0,0,2,0,0,0,0,0,0,1,3,-0.5305018529719588,-1.2140439489863906,0
0,0,0,0,0.14776814652229667,1,2,1,0,2,0,0,2,2,0,1,2,1.1429277261953275,-0.07084453962229748,1
0,0,0,0,-0.5851984004382496,0,1,0,0,0,2,2,0,0,0,1,2,-0.9825106370171443,0.9018545409714215,0
0,1,1,1,0.9214550572028734,1,2,0,2,0,2,2,2,0,1,0,2,0.3818247001192428,0.15472421831614797,0
0,0,1,0,0.26992923768238775,0,1,0,2,0,2,0,2,2,0,0,2,-0.29452667894836937,-0.7729670115152051,1
1,0,0,0,-0.46303730927815856,1,2,1,0,2,0,0,0,0,0,1,2,0.5845639341395097,-0.9741785796293113,1
1,0,0,0,-1.2367242199587352,0,1,0,0,2,2,2,0,0,0,1,1,-0.8096837489998675,1.3805262714323479,1
1,1,0,0,0.025607055362205634,1,2,2,1,1,1,1,1,1,1,1,0,-1.3248408190513656,1.557380649722115,0
1,0,1,0,0.47353105628253944,0,1,0,0,2,2,0,2,2,2,0,0,-0.3477041829536853,-0.6506515582668931,0
0,0,1,1,-0.0965540357978854,1,0,0,2,0,0,2,0,2,0,0,0,0.051127097086184216,-0.9196396545878562,0
0,0,1,0,1.5729808767233588,1,0,2,1,1,1,1,1,1,2,1,0,-1.4577845790646555,-1.254815766735828,0
0,0,0,0,-1.1552834925186746,1,2,1,0,0,0,0,0,0,0,0,2,0.35191235411625243,-0.17197982780596668,1
1,0,0,1,0.10704778280226633,1,0,1,0,0,2,0,2,0,1,1,2,0.677624566148813,-0.3292425534109392,1
1,0,1,0,-1.2774445836787656,1,0,1,0,0,2,0,0,0,0,0,1,0.35191235411625243,1.3302233794038214,0
1,1,1,0,-0.38159658183809786,1,2,1,0,2,2,0,2,2,0,1,2,1.3190782082129364,-0.771908003261973,0
0,0,0,1,-0.4223169455581282,0,1,0,0,0,2,0,2,2,1,1,1,-0.5088984919697991,-1.6900681588142368,0
0,0,0,1,0.6771328748826912,1,0,2,1,1,1,1,1,1,1,0,1,-1.505976692069473,1.649514367753311,0
0,0,1,1,0.3920903288424788,1,0,1,0,0,2,0,2,2,0,1,2,0.9102761461720702,0.030290748561371726,0
0,0,1,1,0.025607055362205634,1,0,1,0,0,2,0,2,2,1,1,2,0.9651154471775519,-0.28741172740826976,1
0,0,1,1,-1.0331224013585834,1,0,2,1,1,1,1,1,1,2,0,3,-1.4926823160681442,-1.2966465927384974,0
0,0,1,1,1.4100994218432374,1,2,1,2,0,2,2,0,2,1,1,0,1.1794872601989819,1.0855924729071975,0
1,0,0,0,-0.7073594915983407,1,2,1,0,2,0,2,0,2,0,0,2,1.0282637331838649,-1.2823499813198636,0
1,0,1,0,1.4100994218432374,1,2,1,0,2,2,0,0,2,2,1,2,0.9435120861753926,0.9934587548760014,0
1,0,1,1,0.8400143297628127,1,0,0,2,2,0,2,2,0,2,1,3,0.16412929309748078,-0.02530718473331553,0
1,0,1,1,-0.46303730927815856,1,0,2,1,1,1,1,1,1,1,0,3,-1.4943441130683104,-0.11691139863789549,0
0,0,1,1,0.3106496014024181,1,0,0,2,2,0,2,0,2,0,1,3,0.21896859410296257,-0.42243527969536737,0
0,0,1,1,-0.4223169455581282,1,0,2,1,1,1,1,1,1,1,0,0,-1.462769970065154,0.31092793566788834,0
1,0,0,0,0.26992923768238775,0,1,0,0,0,0,2,0,2,0,1,2,-0.803036560999203,-1.2532272543559797,0
1,0,0,0,0.5142514200025698,1,0,2,1,1,1,1,1,1,1,1,2,-1.4744025490663168,1.6627519709187129,1
0,0,1,0,-1.2367242199587352,1,0,2,1,1,1,1,1,1,0,0,3,-1.4760643460664828,0.12454248309903203,0
0,0,1,1,1.002895784642934,1,0,2,1,1,1,1,1,1,2,0,0,-1.4960059100684764,-1.4597338637362467,0
1,0,1,1,-0.9924020376385531,1,0,0,0,0,0,0,2,0,0,1,2,-0.34438058895335305,0.4041206619523165,0
1,1,1,0,-1.0331224013585834,1,2,1,2,2,0,0,0,2,0,1,1,0.9950277931805424,1.0998890843258313,1
1,0,0,0,-1.0738427650786138,0,1,0,0,2,0,0,0,0,0,1,1,-1.1387195550327598,-0.8206223829106514,1
0,0,1,1,-1.0331224013585834,1,0,2,1,1,1,1,1,1,0,0,3,-1.4727407520661506,-1.245814196583355,0
1,0,0,0,0.6771328748826912,1,2,0,0,0,0,2,2,0,2,1,0,0.046141706085686136,-0.2535234633048413,0
0,0,0,0,1.3286586944031769,1,2,1,2,2,0,2,0,0,1,1,2,0.8338334841644282,0.8229584261056272,0
0,0,0,0,0.9214550572028734,1,0,0,0,0,0,0,0,0,1,0,0,-0.6551366279844181,-0.6045846992512951,0
1,0,1,1,1.5729808767233588,1,2,0,2,2,2,2,2,2,2,0,0,0.7341256641544608,0.9611590031524212,0
1,0,0,0,0.10704778280226633,1,2,1,2,2,2,2,0,0,0,1,3,1.0631614701873533,-0.16350776178010956,0
1,1,0,0,-1.1960038562387048,1,2,1,0,0,0,0,0,0,0,1,2,0.40675165512173467,-0.6601826325459824,1
0,0,0,1,-0.8702409464784621,1,0,2,1,1,1,1,1,1,0,0,1,-1.4843733310673135,-0.749139325817482,1
0,0,0,0,-1.2774445836787656,1,0,1,0,0,2,0,0,0,0,0,2,0.3502505571160864,1.3296938752772054,1
1,0,0,0,-0.62591876415828,1,2,1,2,2,2,2,2,0,0,1,0,1.392197276220246,-1.1123791566761054,0
0,0,1,0,1.6137012404433893,1,2,1,2,0,2,2,2,2,2,1,1,1.5085230662318745,1.427122634574562,0
0,0,1,1,-0.1779947632379461,1,0,1,2,0,0,0,0,2,1,1,0,0.6011819041411709,-0.687716847130018,0
0,0,1,0,-0.5851984004382496,1,0,2,1,1,1,1,1,1,2,0,3,-1.4843733310673135,-0.034838259012404775,0
0,1,1,0,0.3106496014024181,1,0,1,0,2,0,2,2,2,1,1,1,1.1445895231954935,0.11448190469332671,1
0,0,0,0,0.7992939660427822,1,0,0,0,0,2,0,0,2,0,1,2,-0.17653909193657447,-0.32500652039801065,0
0,0,1,0,0.5956921474426305,1,0,0,0,2,0,0,2,0,0,1,0,-0.2047896409393986,-0.47220866759727786,0
0,0,0,0,-0.38159658183809786,1,0,0,0,0,2,0,0,0,0,0,1,-0.5005895069689685,-1.639235762659094,0
1,0,1,1,1.369379058123207,1,0,0,2,2,2,2,0,0,2,0,3,0.03617092408468901,0.12348347484579988,0
0,0,0,0,-0.9924020376385531,1,2,1,0,0,0,0,0,0,0,1,2,0.29042586511010604,0.9796916475839836,0
1,1,0,0,0.5956921474426305,1,0,1,2,0,0,0,0,2,0,0,3,0.6892571451499756,0.10653934279408568,1
0,0,0,0,-1.0331224013585834,1,0,2,1,1,1,1,1,1,0,0,3,-1.4860351280674797,-1.1346183299939803,1
0,0,1,1,1.5729808767233588,1,2,1,2,2,2,2,2,2,2,0,1,1.624848856243503,1.4980761875411153,0
0,1,0,0,0.7178532386027215,1,2,1,2,2,0,0,0,0,0,1,2,0.6194616711429987,0.13195554087165698,0
1,0,1,0,0.5549717837226001,1,0,0,2,2,2,2,0,0,2,0,3,0.0295237360840249,-0.3223589997649303,0
1,0,0,0,-1.2774445836787656,1,0,1,0,0,0,0,0,0,0,0,2,0.1873944510998066,1.1920228023570274,1
0,0,0,0,1.369379058123207,0,1,0,2,0,2,2,2,2,2,1,0,-0.11339080593026184,0.17378636687432644,0
0,0,1,0,0.3920903288424788,1,2,1,0,0,2,2,0,0,0,1,1,0.7025515211513048,-0.02477768060669946,0
0,0,0,0,-1.1145631287986442,1,0,1,0,0,0,2,0,0,0,1,3,0.36188313611724954,0.07847562408343402,0
1,0,1,1,-1.0331224013585834,1,0,0,2,0,0,0,0,0,1,1,2,-0.4989277099688025,-0.20375007540293083,1
1,0,0,0,-0.13727439951791576,1,2,0,0,2,2,0,0,2,1,0,1,0.20401242110146783,-0.8936939523836689,0
0,0,1,1,-0.21871512695797646,1,0,0,0,2,0,0,0,0,0,0,3,-0.49560411596847015,-1.4036064263149435,0
0,1,0,0,-0.7073594915983407,1,0,1,0,2,0,0,0,0,0,1,1,0.3502505571160864,-1.5762247715917819,1
0,0,1,1,-0.30015585439803716,1,0,2,1,1,1,1,1,1,2,0,3,-1.4843733310673135,0.44595148795498596,0
0,0,1,0,-0.8702409464784621,1,2,1,0,0,0,0,2,2,0,1,2,0.9717626351782166,-1.6445308039252549,1
1,0,1,0,1.002895784642934,1,2,1,2,2,2,2,2,0,0,1,2,1.2725478922082847,0.8483746241831985,0
1,0,0,0,1.4100994218432374,1,2,1,2,2,2,2,2,2,1,1,0,1.7810577742591183,1.4101785025228477,1
0,1,1,0,0.5956921474426305,1,2,1,0,0,2,0,2,2,0,0,2,1.1612074931971548,0.40041413306600404,0
0,0,0,0,-0.7888002190384014,1,0,1,0,0,0,0,2,0,0,1,3,0.5696077611380149,-1.6932451835739333,0
1,0,0,0,-0.9924020376385531,0,1,0,2,0,0,0,0,0,0,1,2,-1.140381352032926,-0.7216051112334464,1
0,0,1,0,0.47353105628253944,1,2,1,0,0,0,0,2,2,0,1,2,1.0415581091851935,0.2378563661948708,1
1,0,1,1,1.5729808767233588,1,2,0,2,0,0,0,2,0,1,1,2,0.04780350308585216,0.3792339680013613,0
1,1,1,0,-0.3408762181180675,1,2,1,0,2,2,0,2,2,0,1,2,1.3124310202122718,-0.6225878395562414,1
1,1,0,0,-0.7073594915983407,1,2,1,0,2,0,0,0,0,0,1,2,0.5131066631323666,-1.5142727887777019,1
0,0,0,0,-1.2774445836787656,1,0,2,1,1,1,1,1,1,0,0,2,-1.4960059100684764,-0.9365837866395704,0
1,1,0,0,-1.2367242199587352,1,2,1,0,0,0,0,0,0,0,1,3,0.2605135191071156,-1.2103374201000783,0
1,1,0,0,0.9214550572028734,1,2,1,2,2,2,2,2,2,0,1,2,1.7195712852529719,0.9998128043953942,0
1,1,0,0,1.5729808767233588,1,2,1,0,2,0,2,2,2,2,1,2,1.397182667220744,1.36675916414033,0
1,0,1,1,0.7178532386027215,1,2,2,1,1,1,1,1,1,2,0,3,-1.3231790220511994,-1.4719124586484162,0
1,0,0,0,-1.2774445836787656,1,0,1,0,0,0,0,2,2,0,1,2,0.8138919201624348,1.609801558257106,0
1,0,0,0,-1.1145631287986442,1,0,2,1,1,1,1,1,1,0,1,3,-1.5126238800701375,1.5790903189133738,0
0,0,0,0,1.369379058123207,1,2,1,2,2,2,2,2,0,1,1,0,1.3224018022132684,1.1131266874912331,0
0,0,1,1,0.6771328748826912,1,0,0,2,2,2,2,2,2,1,1,3,0.7457582431556239,0.22991380429562977,0
0,1,1,0,-1.1960038562387048,0,1,0,0,2,0,0,0,0,0,1,2,-1.1304105700319294,1.5060187494403563,0
1,0,1,1,1.369379058123207,1,2,2,1,1,1,1,1,1,1,1,1,-1.2982520670487077,-1.0811384132057573,0
1,0,0,1,-0.8702409464784621,1,2,1,0,0,0,0,0,2,0,0,2,0.7125223031523015,1.6172146160297307,0
1,0,0,0,-0.1779947632379461,0,1,0,0,0,0,2,0,0,0,1,1,-1.152013931034089,1.4864270967555617,0
1,0,1,0,1.3286586944031769,1,2,1,2,2,2,0,2,0,2,1,2,1.1495749141959914,0.9886932177364568,0
0,0,0,0,1.2064976032430856,1,0,2,1,1,1,1,1,1,2,1,1,-1.5142856770703037,-1.600052457289505,0
0,0,1,0,-1.2367242199587352,1,0,2,1,1,1,1,1,1,0,0,0,-1.4843733310673135,0.21138115986406736,0
0,0,0,0,-1.2367242199587352,1,0,2,1,1,1,1,1,1,0,0,1,-1.4760643460664828,-0.12061792752420797,0
0,0,1,1,0.9214550572028734,1,2,2,1,1,1,1,1,1,2,1,1,-1.2999138640488739,-1.3538330384130328,0
1,1,1,0,0.35136996512244845,1,0,1,0,2,0,0,2,2,0,1,2,0.9900424021800438,0.02128917840889855,0
0,0,1,1,-0.62591876415828,1,2,1,2,0,2,0,2,2,0,1,2,1.3107692232121058,-1.056251719254802,1
0,0,0,0,-0.0965540357978854,1,0,1,0,0,0,2,2,2,1,1,0,0.9850570111795457,-0.5150985018531794,0
1,0,0,0,-0.62591876415828,1,0,0,2,2,0,0,0,0,1,0,3,-0.28787949094770476,1.6812846153502752,0
0,0,1,1,-0.6666391278783103,1,0,0,2,2,0,2,0,2,2,0,0,0.11593718009266311,-1.607995019188746,0
1,0,0,0,1.6137012404433893,1,2,2,1,1,1,1,1,1,2,0,0,-1.329826210051864,-1.0356010583167754,0
1,0,0,0,-0.9516816739185228,1,2,1,0,0,0,0,0,0,0,1,2,0.3818247001192428,1.1343068525558757,0
0,0,0,0,-1.2774445836787656,1,0,1,0,2,0,0,0,0,0,0,2,0.31867641411292996,1.3026891648197858,0
1,0,0,1,-0.38159658183809786,1,0,0,0,2,0,2,0,0,0,0,2,-0.35268957395418365,-1.4210800624932736,0
1,0,0,1,-0.9924020376385531,1,0,2,1,1,1,1,1,1,0,0,0,-1.505976692069473,-1.1727426271103372,0
1,0,1,1,-0.5444780367182193,0,1,0,2,2,0,0,0,0,0,1,3,-0.9908196220179748,0.9150921441368232,0
0,0,0,0,-1.0331224013585834,1,2,0,2,0,0,0,0,0,0,1,2,-0.3693075439558449,0.1044213262876214,0
1,1,0,0,-1.2774445836787656,1,0,1,0,0,0,0,0,0,0,1,2,0.16246749609731476,1.1602525547600633,1
1,0,0,0,1.1657772395230555,1,2,1,2,0,2,0,2,2,1,0,2,1.304122035211441,0.9918702424961532,0
0,0,1,0,1.002895784642934,1,0,0,2,2,0,2,2,0,2,1,1,0.1857326540996401,0.13778008626443375,0
1,0,0,0,-0.9516816739185228,1,0,1,0,0,0,0,0,2,0,1,2,0.53304822713436,1.235442140739545,1
1,0,0,1,-0.7073594915983407,1,0,0,2,0,2,0,0,2,1,0,3,0.0029349840813665527,1.6897566813761322,0
0,0,0,0,-1.2774445836787656,1,0,2,1,1,1,1,1,1,0,0,3,-1.4993295040688086,-0.9376427948928026,0
0,0,1,0,-0.8295205827584317,1,0,0,0,0,0,0,0,0,0,0,0,-0.626886078981594,0.5402032224926463,0
1,0,0,0,0.880734693482843,1,0,2,1,1,1,1,1,1,2,0,3,-1.4876969250676457,-1.5746362592119336,0
1,0,1,1,-1.1552834925186746,1,0,0,0,0,0,0,0,0,0,0,2,-0.6634456129852487,-1.0959645287510071,0
0,0,0,0,-1.0331224013585834,1,0,1,0,0,0,0,2,0,0,1,3,0.5164302571326987,0.6048027259398067,1
0,0,1,0,-0.5037576729981889,1,0,2,1,1,1,1,1,1,1,0,3,-1.4760643460664828,0.0546479383857109,0
0,0,0,1,-0.2594354906780068,0,1,0,2,0,0,2,0,2,0,0,3,-0.6302096729819263,-1.5767542757183979,0
1,1,1,0,0.14776814652229667,1,2,1,0,0,0,0,0,2,0,1,2,0.642726829145324,-0.33506709880371593,1
0,0,1,0,0.8400143297628127,1,2,1,0,2,2,2,2,2,1,1,0,1.4686399382278874,0.7737145423303328,0
1,0,0,0,-1.1960038562387048,1,0,0,0,0,0,2,2,2,0,1,2,0.15249671409631763,-0.925464199980633,1
0,0,0,0,1.4508197855632678,0,1,0,2,2,2,2,2,2,2,0,1,-0.013682985920294679,0.32151801820020975,0
1,0,1,1,1.6137012404433893,1,2,0,2,2,2,2,2,2,2,1,1,0.8654076271675846,1.005637349788171,0
1,0,0,0,-0.8295205827584317,1,2,2,1,1,1,1,1,1,1,0,1,-1.3231790220511994,-0.4388499076204655,0
0,1,1,1,0.06632741908223598,1,2,1,0,2,0,0,0,0,0,1,3,0.4931650991303729,-0.47697420473682245,1
0,0,1,0,1.4508197855632678,1,2,1,2,2,0,0,0,0,2,1,0,0.6626683931473177,0.7715965258238685,0
0,0,0,1,0.7178532386027215,1,0,0,2,0,2,2,2,0,1,1,1,0.2006888271011353,-0.13014900180329722,0
0,1,0,0,-1.2774445836787656,0,1,0,0,0,0,0,2,0,0,1,2,-0.9409657120129912,-0.07666908501507423,1
0,1,0,0,0.35136996512244845,1,2,1,0,2,2,0,2,2,0,1,2,1.3174164112127704,0.1420161192773623,0
1,1,1,0,-0.0965540357978854,1,2,1,0,0,0,2,2,2,0,1,2,1.221032185203135,-0.39013552797178713,0
1,0,0,0,-1.2774445836787656,1,2,0,0,2,0,0,0,0,0,0,2,-0.3477041829536853,0.6503400808287887,0
1,1,1,1,-0.13727439951791576,1,2,1,0,0,2,0,2,2,0,1,2,1.302460238211275,-0.36895536290714437,0
0,0,1,1,-0.38159658183809786,1,2,0,2,2,2,2,2,2,2,1,1,0.8753784091685812,-0.7618474248562677,0
1,0,0,1,1.125056875803025,1,0,2,1,1,1,1,1,1,2,0,3,-1.4893587220678117,-1.539159482728657,0
0,0,1,0,1.6137012404433893,1,2,2,1,1,1,1,1,1,2,0,1,-1.2733251120462157,-0.9222871752209366,0
1,0,0,1,-0.4223169455581282,1,0,1,0,2,2,0,2,0,0,1,2,0.8188773111629334,-0.8624532089133208,1
1,0,0,0,1.6137012404433893,1,0,0,2,2,2,2,2,0,2,1,0,0.3436033691154218,0.6365729735367709,0
0,1,0,0,1.369379058123207,1,2,1,0,2,2,0,2,2,1,0,0,1.440389389225063,1.2597993305638842,0
0,0,1,0,1.6137012404433893,1,2,1,0,2,2,2,2,2,2,1,2,1.5085230662318745,1.4583633780449101,0
0,1,1,0,0.5956921474426305,1,2,1,2,0,0,0,0,0,0,0,2,0.5180920541328647,0.009110583496728962,1
0,0,0,0,0.758573602322752,1,2,1,0,2,2,2,2,2,1,1,2,1.5533915852363596,0.7668309886843239,0
0,0,1,1,1.5322605130033284,1,2,1,0,2,2,0,2,2,1,1,2,1.3872118852197473,1.2995121400600893,0
1,0,0,0,-0.9516816739185228,1,0,2,1,1,1,1,1,1,1,1,2,-1.491020519067978,-1.1351478341205963,0
1,0,1,1,1.0843365120829946,1,2,1,2,2,0,2,2,2,2,1,3,1.5400972092350305,1.0490566881706886,0
1,0,0,1,-1.1960038562387048,1,0,0,0,0,0,2,2,2,0,0,3,0.19736523310080326,-0.726370648372991,0
1,1,1,0,0.22920887396235737,0,1,0,0,0,0,0,0,0,0,1,2,-1.3265026160515319,1.6939927143890607,0
0,0,0,0,0.18848851024232702,1,2,1,2,2,2,0,0,0,0,0,0,0.8787020031689138,-0.17092081955273453,0
1,0,0,0,0.18848851024232702,1,0,0,2,2,2,2,0,0,2,0,0,0.0278619390838584,-0.6924823842695625,0
0,1,1,0,-0.3408762181180675,0,1,0,0,0,2,0,0,2,0,1,1,-0.801374763999037,1.6659289956784091,1
0,0,1,1,-0.748079855318371,1,0,0,2,2,0,2,0,0,0,0,0,-0.17653909193657447,1.4096489983962317,0
1,0,1,0,1.6137012404433893,1,2,1,2,2,0,2,2,2,2,1,1,1.5018758782312098,1.4181210644220887,0
1,0,1,0,0.8400143297628127,0,1,0,0,2,2,2,2,2,1,1,2,-0.143303151933252,-0.2593480086976181,1
0,0,1,0,-0.9924020376385531,1,2,1,0,0,0,0,0,2,0,1,2,0.6693155811479823,1.3704656930266426,1
1,0,1,1,1.6137012404433893,0,1,0,2,2,2,0,0,0,2,0,1,-0.8728320350061801,-0.4542055272923315,0
0,1,1,0,-0.62591876415828,1,2,1,0,0,0,0,2,2,0,1,2,0.9235705221733989,-1.1542099826787748,0
0,0,1,1,-1.2367242199587352,1,0,1,0,2,0,0,0,0,0,1,0,0.2920876621102721,-1.2828794854464796,1
0,0,1,0,-0.9924020376385531,1,0,2,1,1,1,1,1,1,0,0,0,-1.4827115340671475,-1.192863783921748,1
0,0,1,0,0.6364125111626608,0,1,0,0,2,2,0,0,0,1,0,3,-0.9991286070188055,-1.1621525445780159,1
0,0,0,0,-0.9109613101984924,1,2,2,1,1,1,1,1,1,0,1,3,-1.3381351950526947,-0.48226924600298315,0
1,0,1,1,-1.318164947398796,1,0,2,1,1,1,1,1,1,1,1,3,-1.4976677070686424,-1.7250154311708974,0
1,0,0,0,-1.2774445836787656,1,0,2,1,1,1,1,1,1,0,0,3,-1.4677553610656522,-0.8682777543060975,0
0,0,0,0,-0.13727439951791576,1,0,0,2,0,2,2,0,0,1,0,1,-0.22473120494139212,-1.0663122976605073,0
0,1,1,1,1.3286586944031769,1,2,1,0,2,2,0,2,2,1,1,2,1.4187860282229037,1.2094964385353577,0
0,0,0,0,-0.9924020376385531,1,2,0,2,2,2,0,0,0,0,1,0,0.02453834508352634,0.7790095835964934,0
1,0,1,0,1.1657772395230555,1,2,2,1,1,1,1,1,1,2,0,0,-1.3065610520495383,-1.2124554366065425,0
0,1,0,0,0.5142514200025698,1,2,1,0,0,2,0,2,2,1,1,0,1.1761636661986499,0.2796871921975403,0
1,0,1,1,1.6137012404433893,1,2,1,0,2,2,0,2,2,1,1,1,1.3190782082129364,1.3196332968714999,0
1,0,1,1,-0.8295205827584317,1,0,2,1,1,1,1,1,1,0,1,2,-1.4494755940638249,-0.3170639584987696,0
1,0,0,0,-1.0331224013585834,1,2,1,0,0,0,0,2,2,0,0,2,1.044881703185526,1.0035193332817067,0
1,0,0,0,-0.9516816739185228,1,0,0,0,0,0,0,0,0,0,1,3,-0.6767399889865777,-0.128560489423449,0
0,1,1,0,0.43281069256250915,1,2,1,0,0,2,2,2,2,1,1,2,1.422109622223236,0.3188704975671294,1
1,0,1,1,1.0436161483629645,1,2,1,0,0,2,2,0,2,2,0,0,0.9833952141793793,0.7165280966557973,0
1,1,1,0,-0.6666391278783103,1,2,1,0,0,2,0,2,2,0,1,2,1.1296333501939984,-1.1753901477434177,1
1,0,1,1,-1.2367242199587352,1,0,2,1,1,1,1,1,1,0,0,3,-1.477726143066649,0.08324116122297863,0
0,0,1,0,-0.9924020376385531,1,0,1,0,2,2,0,2,2,0,0,2,1.2093996062019723,1.549438087822874,1
0,0,1,0,0.3106496014024181,1,2,1,2,0,2,0,2,2,1,0,0,1.3622849302172555,0.18596496178649605,0
1,0,0,0,-0.9516816739185228,1,2,1,2,0,0,0,0,0,0,1,2,0.544680806135523,1.4138850314091602,0
1,0,0,0,0.35136996512244845,1,0,1,0,2,0,2,2,0,1,1,2,0.8238627021634315,-0.02477768060669946,0
0,0,0,0,-0.2594354906780068,1,0,0,0,2,2,0,0,0,0,1,1,-0.3327480099521901,-1.331064360968542,0
0,0,1,0,0.025607055362205634,1,0,0,0,2,0,2,0,0,1,1,1,-0.3659839499555126,-0.972060563122847,0
1,0,1,1,1.4508197855632678,1,0,1,0,2,2,2,2,2,1,0,1,1.3622849302172555,1.2825680080083752,0
0,1,1,0,1.3286586944031769,1,0,1,0,2,2,2,2,2,2,1,1,1.3656085242175875,1.0993595801992153,0
1,0,0,0,0.9214550572028734,1,0,0,0,2,0,2,0,2,1,1,2,-0.018668376920792765,-0.06449049010290464,0
1,0,0,0,-0.5037576729981889,1,2,1,0,0,2,0,2,0,0,1,2,0.7956121531606076,-1.0430141160894004,1
1,0,0,0,-0.5444780367182193,1,0,1,0,0,0,2,0,2,1,1,1,0.7623762131572851,-1.0726663471799003,0
0,0,0,0,0.5142514200025698,1,2,1,0,0,2,0,0,2,0,1,1,0.8155537171626008,0.17325686274771038,0
0,0,1,1,1.5322605130033284,1,0,2,1,1,1,1,1,1,2,1,1,-1.4827115340671475,-1.3268283279556135,0
0,0,0,0,-1.2367242199587352,1,0,1,0,0,0,0,2,0,0,1,2,0.4981504901308714,-1.1356773382472125,1
0,0,0,0,-0.21871512695797646,1,2,1,0,0,0,0,2,2,0,1,3,0.9900424021800438,-0.47062015521742967,1
0,0,1,0,-0.8295205827584317,1,0,2,1,1,1,1,1,1,2,1,2,-1.4860351280674797,-0.5145689977265634,0
1,0,0,1,1.6137012404433893,0,1,0,2,2,2,2,2,2,2,0,1,0.08103944308917463,0.36917338959565593,0
1,0,0,0,-0.8295205827584317,1,2,1,0,0,0,0,2,2,0,0,2,0.9900424021800438,-1.553456094147291,0
0,1,0,0,-1.1145631287986442,1,0,1,0,0,0,0,0,0,0,1,3,0.142525932095321,-0.26305453758393055,1
1,1,1,0,1.5729808767233588,1,2,1,2,2,2,0,2,2,0,1,2,1.42044782522307,1.3863508168251246,0
1,1,0,0,0.10704778280226633,1,0,0,0,0,2,2,2,2,1,1,2,0.27380789510844483,-0.6014076744915987,0
1,0,1,1,1.5322605130033284,1,2,1,2,2,2,2,2,2,2,0,1,1.6614083902471577,1.4149440396623925,0
0,0,0,0,-0.055833672077855064,1,2,1,0,0,0,0,0,0,0,1,2,0.37517751211857825,-0.7401377556650088,0
1,0,1,1,0.7992939660427822,1,2,1,0,0,2,2,0,2,2,1,0,1.0465435001856922,0.5089624790222982,1
1,1,0,0,0.18848851024232702,1,2,1,0,0,2,0,2,2,0,1,2,1.2077378092018058,-0.01948263934053877,1
1,0,0,0,1.4915401492832983,1,2,1,0,2,0,2,2,2,1,1,0,1.327387193213767,1.2560928016775716,1
1,1,1,0,-0.0965540357978854,1,2,1,0,0,0,0,0,0,0,0,3,0.4366640011247251,-0.6697137068250716,0
0,0,0,0,0.025607055362205634,1,2,1,2,0,0,0,0,2,0,1,2,0.8604222361670865,-0.35783577624820695,0
1,1,1,0,0.880734693482843,1,2,1,0,2,2,2,2,2,2,1,2,1.5184938482328711,0.9034430533512696,0
0,0,0,0,1.0843365120829946,1,2,0,2,0,0,2,0,2,1,0,0,0.1308933530941583,0.11765892945302313,0
1,1,0,0,0.9214550572028734,0,1,0,2,2,0,0,2,0,0,1,2,-0.6617838159850825,-0.5992896579851344,0
1,1,1,0,1.4915401492832983,0,1,0,0,0,2,0,0,0,1,1,1,-1.1619847130350858,-0.7962651930863122,0
0,0,0,0,1.369379058123207,1,2,1,0,2,0,0,2,0,1,1,0,0.8022593411612722,0.8785563594003144,0
1,0,1,1,0.18848851024232702,1,0,0,2,0,2,2,0,0,1,1,3,-0.19980424993890028,-0.7539048629570266,0
1,1,1,0,-0.9516816739185228,1,0,2,1,1,1,1,1,1,1,0,1,-1.4926823160681442,-0.9937702323141059,0
1,0,1,1,1.4915401492832983,1,2,0,2,0,2,2,2,2,2,0,0,0.7357874611546272,0.9426263587208588,0
1,0,0,0,-0.9109613101984924,1,0,0,0,2,0,0,2,0,0,1,3,-0.1698919039359101,0.9987537961421621,0
1,0,0,1,0.3106496014024181,1,0,0,2,2,0,0,0,0,0,1,3,-0.3161300399505289,-0.7941471765798479,1
1,0,0,1,-0.7888002190384014,1,0,0,0,0,0,0,2,2,0,0,1,0.05445069108651675,1.526669410378383,0
0,0,0,0,-1.0738427650786138,1,2,1,0,2,0,0,2,0,0,1,2,0.8421424691652587,0.5857405773816282,1
0,0,1,1,1.4915401492832983,1,0,2,1,1,1,1,1,1,2,0,0,-1.4827115340671475,-1.400429401555247,0
0,1,1,0,1.369379058123207,1,2,1,0,2,2,2,2,2,1,1,1,1.440389389225063,1.2497387521581789,0
1,0,0,0,-0.8702409464784621,1,2,0,0,0,2,0,0,0,0,0,2,-0.3659839499555126,0.9050315657311179,1
1,0,1,1,0.5549717837226001,1,0,0,2,0,2,2,0,0,1,0,3,-0.2612907389450469,-0.550575278336456,0
0,0,0,0,-1.0738427650786138,1,0,1,0,0,0,0,2,2,0,0,2,0.8155537171626008,0.7975422280280559,1
0,0,1,1,0.9621754209229036,1,2,1,2,0,2,2,2,2,0,1,3,1.4902432992300467,0.8584352025889038,0
1,0,1,1,1.5322605130033284,1,2,2,1,1,1,1,1,1,2,0,1,-1.3165318340505352,-1.0218339510247576,0
0,0,1,1,0.025607055362205634,1,2,0,0,0,2,2,2,2,1,1,2,0.47820892612887816,-0.5675194103881703,0
0,0,1,1,1.6137012404433893,1,2,0,2,2,0,2,0,0,2,0,1,0.06608327008767942,0.41047471147170933,0
0,0,1,0,-1.1960038562387048,1,2,1,0,0,0,0,2,2,0,1,2,1.0116457631822036,-0.3880175114653229,1
0,0,0,1,-0.5444780367182193,1,0,0,0,0,0,2,0,0,0,0,3,-0.5305018529719588,1.6918746978825965,0
0,1,0,0,-1.1145631287986442,0,1,0,0,0,0,0,2,2,0,0,2,-0.6335332669822583,-0.887339902864276,1
0,0,1,0,1.5729808767233588,1,0,0,0,2,2,2,2,2,2,1,1,0.5297246331340278,0.7673604928109399,0
1,0,1,0,-0.9924020376385531,1,0,1,2,0,0,0,0,0,0,1,2,0.3236618051134285,0.9097971028706625,1
1,0,0,0,-1.2774445836787656,1,0,2,1,1,1,1,1,1,0,0,1,-1.4694171580658184,-0.8688072584327136,0
0,0,0,0,-1.2774445836787656,1,0,1,0,0,0,0,2,0,0,1,2,0.4948268961305394,1.4366537088536513,1
0,0,0,0,1.1657772395230555,1,2,1,2,2,2,2,2,2,1,1,3,1.6730409692483204,1.1851392487110184,0
0,0,1,1,1.5729808767233588,0,1,0,2,2,0,2,2,2,2,0,0,-0.16823010693574386,0.13672107801120162,0
0,0,1,0,1.4508197855632678,1,2,1,0,2,2,0,0,0,1,0,1,0.720831288153132,0.7938356991417433,0
1,0,0,0,0.5549717837226001,0,1,0,0,0,2,2,0,0,1,0,1,-1.0323645470221279,-1.2135144448597746,0
1,0,0,0,0.025607055362205634,1,2,1,2,0,0,0,0,0,1,0,0,0.5097830691320341,-0.5315131297782776,0
0,0,1,1,0.8400143297628127,1,2,1,2,2,2,2,0,2,2,1,0,1.3057838322116073,0.7175871049090294,0
0,1,1,0,0.7178532386027215,1,2,1,2,2,2,0,2,2,0,0,0,1.461992750227223,0.6646366922474225,0
0,0,0,0,1.002895784642934,0,1,0,2,0,2,2,0,0,1,1,1,-0.7864185909975417,-0.7231936236132946,0
0,0,1,1,0.880734693482843,1,0,2,1,1,1,1,1,1,2,1,0,-1.4760643460664828,-1.6286456801267728,0
0,1,1,0,1.125056875803025,1,2,1,0,2,2,0,2,2,0,1,2,1.3672703212177542,1.0072258621680192,0
0,1,1,0,-0.1779947632379461,1,2,1,0,0,0,2,2,2,0,1,1,1.2143849972024705,-0.43408437048092086,1
0,0,1,1,-1.2774445836787656,1,0,1,0,0,0,0,2,0,0,1,3,0.5081212721318681,1.4594223862981421,1
1,0,1,1,-0.13727439951791576,1,2,1,0,0,2,0,0,2,0,1,2,0.8122301231622688,-0.4833282542562153,1
0,0,1,1,-0.9109613101984924,1,0,0,0,2,0,2,0,2,0,1,2,0.02453834508352634,0.9357428050748499,0
1,0,0,1,0.43281069256250915,0,1,0,2,2,2,0,0,0,0,1,2,-0.8080219519997013,-0.9228166793475526,0
1,1,1,0,-0.7888002190384014,1,0,1,0,0,0,0,0,0,0,0,0,0.18905624809997262,1.5594986662285792,0
0,0,1,0,0.43281069256250915,1,0,0,2,0,2,2,2,2,2,1,2,0.466576347127715,-0.13915057195577038,0
1,0,1,1,-0.5444780367182193,1,2,1,0,0,0,0,0,2,0,1,2,0.6277706561438292,-1.269641882281078,1
1,0,1,1,-1.2774445836787656,1,0,1,0,0,0,0,2,2,0,1,2,0.8421424691652587,1.6225096572958915,0
0,0,0,0,1.4915401492832983,1,0,0,2,0,2,2,2,2,2,1,1,0.5878875281398422,0.7149395842759491,0
0,0,1,0,1.1657772395230555,1,0,2,1,1,1,1,1,1,2,0,1,-1.479387940066815,-1.454438822470086,0
1,0,1,0,0.43281069256250915,1,2,0,2,2,0,2,0,0,0,0,0,0.04946530008601819,-0.3959600733645639,0
0,0,1,0,-1.0738427650786138,1,0,2,1,1,1,1,1,1,0,0,0,-1.504314895069307,-1.2770549400537028,1
1,0,0,0,-1.2774445836787656,1,0,0,0,0,0,2,0,0,0,0,3,-0.44907379996381874,0.552911321531432,1
1,0,1,0,0.9621754209229036,1,0,1,0,0,0,0,2,2,0,0,3,0.82884809316393,0.4962543799835125,0
0,0,1,0,1.5322605130033284,0,1,0,2,2,2,2,2,2,2,0,0,-0.007035797919630092,0.30404438202187944,0
1,0,0,0,-1.2774445836787656,1,0,0,0,0,0,0,0,0,0,1,2,-0.6368568609825906,0.2976903325024866,1
1,0,1,1,0.6771328748826912,1,2,1,0,2,2,0,2,0,1,1,2,0.9601300561770538,0.3130459521743526,0
0,0,0,0,-1.0738427650786138,1,0,0,0,0,0,2,0,0,0,1,0,-0.5022513039691348,-0.4949773450417688,1
0,0,1,1,-0.015113308357824713,1,0,0,2,2,2,2,0,2,2,0,3,0.2937494591104381,-0.6919528801429465,0
0,1,1,0,1.6137012404433893,1,2,1,2,0,2,2,2,2,2,1,3,1.4952286902305454,1.4774255266030887,0
1,0,0,1,0.18848851024232702,1,0,0,2,2,0,2,0,0,2,0,1,-0.11006721192992953,-0.6967184172824912,0
0,0,1,0,1.4915401492832983,1,0,1,2,2,0,2,2,2,1,1,1,1.3838882912194153,1.2640353635768127,0
0,0,1,0,-0.2594354906780068,1,0,0,0,2,2,2,2,2,0,0,0,0.5696077611380149,-0.8232699035437316,0
0,0,1,1,1.0436161483629645,1,2,1,0,2,2,0,2,2,1,1,1,1.3440051632154282,0.952157432999948,0
1,0,0,0,-0.3408762181180675,1,2,0,0,0,0,2,0,0,1,0,0,-0.33773340095268845,-1.4899155989533626,0
1,0,1,1,-1.1145631287986442,1,0,2,1,1,1,1,1,1,1,0,2,-1.4694171580658184,1.7215269289730963,0
1,0,1,1,-0.7073594915983407,1,0,2,1,1,1,1,1,1,0,1,2,-1.4876969250676457,-0.40760916415011744,1
0,0,1,1,-0.0965540357978854,1,0,2,1,1,1,1,1,1,2,0,3,-1.4976677070686424,0.8722023098809216,0
0,0,1,0,0.9214550572028734,1,2,0,2,2,0,2,0,0,1,1,1,0.042818112085353605,-0.13809156370253825,0
0,0,1,0,-0.30015585439803716,0,1,0,0,0,0,0,2,0,0,1,0,-1.0223937650211312,1.5685002363810525,1
1,1,1,0,-0.9109613101984924,1,0,1,0,2,2,2,2,0,0,1,3,0.9219087251732329,1.6664584998050251,1
1,0,1,1,0.47353105628253944,0,1,0,2,2,2,2,0,2,2,1,1,-0.35601316795451593,-0.6591236242927503,0
0,0,0,0,0.5956921474426305,1,0,0,2,2,0,2,0,0,1,1,3,-0.19481885893840195,-0.4335548663543048,0
0,0,1,1,-0.7888002190384014,1,0,1,0,0,0,0,2,2,0,0,2,0.7839795741594444,-1.5068597310050769,1
0,0,1,1,0.6771328748826912,1,2,1,0,2,2,2,2,2,2,1,0,1.435403998224565,0.6175108249785923,1
0,0,1,0,1.2879383306831464,1,0,1,2,0,0,2,2,2,1,1,3,1.068146861187852,0.9786326393307515,0
1,0,0,0,-1.2774445836787656,1,0,2,1,1,1,1,1,1,0,0,3,-1.517609271070636,-0.9429378361589633,0
1,0,0,0,-0.5037576729981889,1,0,0,0,0,0,2,0,0,0,0,3,-0.4906187249679718,-1.7202498940313526,0
0,0,1,0,0.18848851024232702,0,1,0,2,0,0,2,2,0,2,0,2,-0.6435040489832552,-1.170095106477257,0
1,0,1,1,-0.0965540357978854,1,2,1,0,0,0,0,2,0,0,0,2,0.6875953481498096,-0.5791685011737238,0
0,0,0,0,0.22920887396235737,1,2,0,2,2,2,0,2,2,1,0,0,0.642726829145324,-0.25775949631776984,0
0,1,0,0,-1.2774445836787656,1,2,1,0,0,0,0,0,0,0,1,3,0.32200000811326246,1.3037481730730178,1
0,0,0,0,0.18848851024232702,1,0,0,0,0,0,0,2,2,0,1,2,-0.00038860991896550476,-0.6765972604710805,1
0,0,1,0,0.7992939660427822,0,1,0,2,2,2,2,2,2,2,0,1,0.04946530008601819,-0.1936894969972255,0
1,0,0,1,1.5729808767233588,1,0,0,2,2,2,2,2,0,2,1,1,0.4034280611214026,0.7043495017436276,0
1,0,0,0,-0.2594354906780068,1,0,1,0,2,2,0,2,0,0,0,2,0.8321716871642622,-0.6818923017372412,1
1,0,0,0,1.369379058123207,1,2,0,2,2,2,0,0,2,2,1,1,0.32698539911376057,0.41841727337095036,0
1,0,1,0,1.6137012404433893,1,2,1,2,2,2,2,2,2,2,1,1,1.7345274582544672,1.5780313106601418,0
1,0,0,1,-0.30015585439803716,0,1,0,2,0,0,0,2,0,1,1,1,-0.801374763999037,1.7093483340609268,0
1,0,1,1,1.4915401492832983,1,2,1,2,2,2,2,2,2,2,1,0,1.6481140142458286,1.374172221912955,0
1,0,1,1,0.8400143297628127,1,2,0,2,2,0,0,0,2,2,0,0,0.16412929309748078,-0.04383982916487795,0
0,0,0,0,-0.8295205827584317,1,0,1,0,0,2,0,2,2,1,0,3,1.0216165451832002,-1.60746551506213,1
1,0,0,0,-0.2594354906780068,1,0,1,0,0,2,2,2,2,0,1,2,1.1263097561936661,-0.565401393881706,0
1,0,0,0,-0.46303730927815856,1,0,0,0,0,2,0,0,2,0,0,3,-0.10342002392926519,-1.3448314682605598,0
0,0,0,1,-1.2774445836787656,1,0,1,0,0,0,0,2,2,0,1,2,0.8172155141627669,1.610860566510338,0
1,0,0,0,0.6364125111626608,1,2,1,2,0,0,2,0,2,0,1,2,1.0182929511828682,0.27174463029829926,0
0,0,1,0,-0.2594354906780068,0,1,0,2,0,2,0,0,0,1,0,1,-0.9758634490164798,1.7151728794537036,0
1,0,1,0,1.125056875803025,1,0,2,1,1,1,1,1,1,2,0,3,-1.4893587220678117,-1.477207499914577,0
1,0,0,0,-0.5851984004382496,1,0,2,1,1,1,1,1,1,0,0,3,-1.5126238800701375,-0.20322057127631474,0
0,1,0,0,-0.9109613101984924,0,1,0,0,0,0,2,0,0,0,1,2,-1.166970104035584,-0.39384205685809964,1
1,0,1,1,-1.1145631287986442,1,2,1,2,0,2,0,0,0,0,1,2,0.6560212051466532,0.3172819851872812,1
0,0,0,1,-1.1552834925186746,1,0,2,1,1,1,1,1,1,1,1,3,-1.4744025490663168,1.5457315589365614,0
1,0,1,1,1.3286586944031769,1,2,2,1,1,1,1,1,1,2,0,1,-1.329826210051864,-1.080079404952525,0
1,0,1,1,1.5322605130033284,1,2,2,1,1,1,1,1,1,2,0,3,-1.3098846460498705,-1.079549900825909,0
1,0,0,0,-0.5851984004382496,1,2,1,0,0,2,0,0,2,0,1,1,0.8620840331672525,-1.1674475858441766,1
1,0,0,1,1.2064976032430856,1,0,2,1,1,1,1,1,1,2,0,0,-1.4876969250676457,-1.4830320453073538,0
0,0,1,1,1.369379058123207,1,0,0,2,0,0,0,2,0,2,1,2,-0.16656830993557784,0.08165264884313042,0
0,0,1,1,1.3286586944031769,1,2,0,2,2,0,2,2,2,2,1,0,0.5895493251400082,0.5883880980147086,0
0,1,0,0,-1.1960038562387048,1,0,1,0,0,0,0,0,0,0,1,2,0.18407085709947407,-0.6713022192049198,1
0,0,0,0,0.06632741908223598,1,0,2,1,1,1,1,1,1,0,0,3,-1.4760643460664828,1.1004185884524473,0
1,0,1,1,-0.6666391278783103,1,2,1,0,0,2,0,2,0,0,1,0,0.8654076271675846,-1.2908220473457206,0
0,0,0,0,0.880734693482843,1,2,1,2,0,2,0,2,2,1,1,0,1.302460238211275,0.7467098318729132,1
0,1,0,0,0.7178532386027215,1,2,1,0,0,2,2,2,2,0,1,2,1.3356961782145975,0.591565122774405,0
1,0,1,0,1.5729808767233588,1,0,1,0,2,2,2,2,2,2,1,2,1.3456669602155942,1.2714484213494377,0
0,0,0,0,-0.9109613101984924,1,2,1,0,0,0,0,0,0,0,1,2,0.3319707901142591,1.4567748656650619,1
0,0,0,0,-1.2774445836787656,1,0,0,0,0,0,2,0,0,0,1,2,-0.46402997296531395,0.5174345450481553,1
1,0,0,0,-0.5851984004382496,1,2,2,1,1,1,1,1,1,1,0,3,-1.3630621500551865,0.19073049892604066,0
1,0,0,0,-1.1552834925186746,1,0,0,0,0,0,2,2,0,0,1,2,-0.1150526029304281,-0.5950536249722059,0
0,0,1,1,1.0436161483629645,1,2,0,2,0,2,2,2,0,2,0,3,0.36686852711774764,0.2632725642724421,0
0,0,1,0,0.9621754209229036,1,2,1,2,0,0,0,2,2,1,1,2,1.1047063951915064,0.6111567754591996,0
1,0,0,0,-1.2367242199587352,1,0,1,0,0,0,0,2,0,0,1,2,0.5147684601325326,-1.2955875844852653,1
1,0,1,0,-0.015113308357824713,1,2,1,0,0,2,0,0,0,0,1,2,0.46989994112804756,-0.6141157735303844,1
1,0,1,1,0.9621754209229036,0,1,0,2,2,0,2,2,0,1,1,3,-0.42414684496132693,-0.4060206517702692,0
1,0,0,0,0.14776814652229667,1,2,1,0,0,0,0,0,2,0,1,2,0.6643301901474837,-0.320240983258466,1
0,0,0,0,-1.1552834925186746,1,2,0,0,0,0,2,2,0,0,1,3,-0.012021188920128179,-0.5696374268946346,0
1,0,0,0,0.8400143297628127,1,2,1,0,0,0,0,2,0,0,0,0,0.6875953481498096,0.30933942328804015,1
1,0,0,0,-0.9109613101984924,1,0,0,0,0,0,0,0,0,0,1,1,-0.6302096729819263,0.23520884556179047,0
1,0,0,0,-1.1552834925186746,0,1,0,0,0,0,2,0,0,0,0,2,-1.1387195550327598,-1.547102044627898,0
1,0,1,1,-1.2774445836787656,1,0,2,1,1,1,1,1,1,0,0,3,-1.491020519067978,-0.9349952742597223,1
0,0,1,0,0.758573602322752,1,0,1,0,0,0,0,0,0,0,0,3,0.14584952609565352,-0.056547928203663604,0
1,1,0,0,-0.8295205827584317,1,2,1,0,0,2,0,2,2,0,1,2,1.1528985081963241,-1.5290989043229517,1
0,0,0,0,-1.0738427650786138,0,1,0,0,0,0,2,2,2,1,1,3,-0.5155456799704636,-0.5563998237292328,0
1,0,1,1,1.247217966963116,0,1,0,0,2,2,2,0,0,2,0,0,-0.844581486003356,-0.6490630458870449,0
0,0,0,0,-1.2774445836787656,1,0,1,0,0,0,0,0,0,0,1,2,0.19404163910047073,1.1941408188634917,1
0,0,1,0,0.6364125111626608,1,2,1,0,2,0,2,2,2,0,1,1,1.3406815692150957,0.5492047926451195,0
0,0,0,0,-1.1145631287986442,1,0,1,0,0,0,0,2,0,0,1,1,0.5396954151350245,0.03876281458722883,1
0,0,0,1,0.10704778280226633,1,0,2,1,1,1,1,1,1,1,1,1,-1.4843733310673135,1.0172864405737245,0
1,0,0,0,-1.0738427650786138,1,0,1,0,2,0,0,2,0,0,1,2,0.6676537841478158,0.5958011557873335,1
1,0,0,0,-1.2367242199587352,1,0,2,1,1,1,1,1,1,0,0,3,-1.4960059100684764,0.04299884760015738,0
0,0,0,0,0.7178532386027215,1,0,2,1,1,1,1,1,1,1,0,0,-1.4960059100684764,1.7204679207198643,0
0,0,0,0,0.025607055362205634,1,0,1,0,0,0,0,0,0,0,1,0,0.1873944510998066,-0.6384729633547236,0
1,0,0,0,-0.055833672077855064,1,0,2,1,1,1,1,1,1,2,0,3,-1.4727407520661506,0.9982242920155461,0
0,0,1,1,-0.9516816739185228,1,0,2,1,1,1,1,1,1,2,0,3,-1.4760643460664828,-0.925993704107249,0
0,0,1,1,0.880734693482843,1,2,0,0,2,2,2,2,2,0,1,2,0.7125223031523015,0.3141049604275848,0
0,0,0,0,0.5549717837226001,1,0,1,2,2,2,0,2,0,1,1,1,1.0266019361836989,0.3638783483294953,0
1,0,0,1,0.06632741908223598,1,2,1,2,2,0,0,2,2,1,1,2,1.2974748472107767,-0.13438503481622577,0
1,0,1,1,1.5729808767233588,1,2,1,2,0,0,0,2,2,2,1,2,1.0781176431888486,1.1655475960262238,0
0,0,1,1,1.247217966963116,1,0,0,2,2,2,2,0,0,2,0,3,-0.04027173792295256,0.09065421899560361,0
0,0,0,0,0.758573602322752,1,2,2,1,1,1,1,1,1,2,0,0,-1.3231790220511994,-1.4480847729506932,0
0,1,0,0,-0.2594354906780068,1,2,1,0,2,0,0,2,0,0,1,2,0.8105683261621028,-0.711015028701125,1
0,0,1,0,1.2879383306831464,1,0,1,2,0,2,0,2,2,2,1,0,1.1379423351948288,0.9966357796356978,0
0,1,1,0,-1.2774445836787656,0,1,0,0,0,0,0,0,0,0,1,2,-1.328164413051698,-0.6427089963676521,1
1,1,1,0,1.1657772395230555,1,2,1,0,2,0,2,0,0,1,1,0,0.6909189421501416,0.6037437176865745,0
0,0,0,0,-0.7073594915983407,1,0,1,0,0,2,0,2,2,0,1,1,0.9717626351782166,-1.239460147063962,0
1,0,0,0,1.2879383306831464,1,2,1,0,2,0,2,2,2,1,1,1,1.3589613362169235,1.1650180918996078,1
0,0,0,0,-0.5851984004382496,1,2,0,0,0,0,0,0,0,0,1,2,-0.4806479429669752,1.6378652769677575,0
0,0,1,1,1.002895784642934,1,0,1,0,2,0,0,2,2,1,1,2,1.0049985751815391,0.706997022376708,0
1,0,1,1,-0.748079855318371,1,0,0,2,2,0,0,0,2,2,1,0,-0.11172900893009581,1.495428666908035,0
1,1,0,0,-0.5851984004382496,1,2,1,0,2,0,0,0,0,0,1,1,0.5247392421335293,-1.3257693197023812,0
0,1,1,0,1.6137012404433893,1,2,1,2,0,0,0,0,0,2,0,0,0.45660556512671835,0.7324132204542794,0
1,0,1,0,1.5322605130033284,1,2,1,2,2,2,2,2,2,2,0,1,1.6464522172456624,1.5102547824532848,0
0,0,0,0,0.22920887396235737,1,0,2,1,1,1,1,1,1,2,0,3,-1.4860351280674797,1.3106317267190268,0
1,0,1,1,1.4508197855632678,1,0,0,2,2,2,2,0,0,2,0,1,-0.07018408392594272,0.24156289508118328,0
1,0,0,0,-0.7888002190384014,1,0,1,0,0,0,0,0,2,0,1,2,0.534710024134526,-1.7154843568918081,1
1,1,1,0,1.3286586944031769,1,2,1,2,2,0,0,2,0,2,1,1,0.9285559131738974,0.8632007397284485,0
0,0,0,0,-0.0965540357978854,1,2,1,0,0,2,0,2,2,0,0,2,1.1861344481996465,-0.29906081819382324,0
1,0,1,0,0.758573602322752,1,2,0,0,0,0,2,2,2,2,1,0,0.3469269631157543,0.0461758723598538,0
0,0,0,0,-0.055833672077855064,1,2,1,2,0,2,0,0,0,0,1,1,0.6643301901474837,-0.5272770967653491,0
0,0,1,0,-0.9516816739185228,1,0,1,0,0,0,0,2,2,0,0,2,0.8205391081630994,1.5690297405076685,1
0,0,1,1,1.6137012404433893,1,2,0,2,2,2,2,0,2,2,1,0,0.4898415051300408,0.7541228896455382,0
1,0,0,0,-0.9109613101984924,1,2,0,0,0,0,0,2,2,0,1,1,0.2455573461056209,1.4472437913859726,1
0,0,0,0,0.18848851024232702,1,0,2,1,1,1,1,1,1,1,1,2,-1.4943441130683104,1.1734901579254648,0
0,0,0,0,-1.2367242199587352,1,0,0,0,0,2,2,2,2,0,0,2,0.3868100911197414,-1.1653295693377124,1
1,0,0,0,0.9214550572028734,1,0,1,2,2,0,0,2,2,1,1,3,1.2010906212011416,0.7133510718961008,0
1,0,0,1,0.025607055362205634,1,2,1,2,0,2,0,0,2,0,1,0,1.0149693571825356,-0.21539916618848434,0
0,0,1,1,0.5549717837226001,1,0,1,0,0,2,2,0,2,1,0,0,0.8703930181680831,0.1880829782929603,0
0,0,0,1,-1.2774445836787656,1,0,0,2,0,0,2,0,0,0,0,2,-0.3410569949530208,0.6513990890820208,0
0,1,0,0,-0.5037576729981889,1,2,0,0,0,0,0,0,2,0,1,3,-0.10508182092943122,-1.5529265900206748,1
1,0,1,0,-0.9516816739185228,1,0,1,0,2,2,0,0,0,0,1,2,0.50313588113137,1.3111612308456428,1
1,1,0,0,-0.015113308357824713,1,2,1,0,0,0,0,2,2,0,1,1,1.04321990618536,-0.3398326359432606,1
0,0,1,1,-0.5444780367182193,1,0,0,0,0,2,0,0,0,0,1,0,-0.5039131009693008,1.7019352762883018,0
0,0,1,0,1.5322605130033284,1,2,0,2,0,2,2,0,0,2,0,1,0.017891157082861757,0.40888619909186114,1
0,0,0,1,1.1657772395230555,1,2,2,1,1,1,1,1,1,2,1,1,-1.3215172250510334,-1.2495207254696672,0
1,0,0,0,-0.2594354906780068,1,0,0,0,0,0,0,0,0,0,0,2,-0.641842251983089,-1.499976177359068,0
1,0,1,0,0.5142514200025698,1,2,1,0,2,2,0,2,2,0,1,0,1.4287568102239003,0.45865958699377163,0
1,0,1,1,1.2064976032430856,1,2,1,0,0,2,0,2,0,2,1,1,0.8089065291619363,0.6588121468546457,0
1,0,0,0,-1.2774445836787656,1,0,2,1,1,1,1,1,1,0,0,3,-1.4993295040688086,-0.9376427948928026,1
0,0,0,0,-1.1960038562387048,1,0,0,0,0,0,0,0,0,0,0,3,-0.6651074099854147,-1.2601108080019887,0
0,0,1,1,0.35136996512244845,1,2,1,2,2,2,0,0,2,1,1,0,1.2243557792034672,0.055706946638943045,0
1,0,1,1,1.4100994218432374,1,0,1,0,2,2,2,2,2,2,0,0,1.2758714862086173,1.1549575134939025,0
1,0,0,0,-1.2774445836787656,1,2,1,0,0,0,0,2,0,0,1,3,0.6610065961471517,1.5452020548099454,1
0,0,1,0,1.5729808767233588,1,2,1,2,2,0,0,2,0,1,0,3,1.0266019361836989,1.1411904062018847,0
0,0,1,1,0.18848851024232702,1,0,0,2,2,0,0,2,2,1,0,0,0.3436033691154218,-0.5023904028143937,0
1,0,1,0,1.125056875803025,1,0,0,2,2,0,2,0,0,2,1,3,-0.11339080593026184,-0.01418759807437808,0
0,1,1,0,-1.2774445836787656,1,0,1,0,0,0,0,0,0,0,1,2,0.15914390209698223,1.159193546506831,1
0,0,0,0,-1.0738427650786138,1,0,2,1,1,1,1,1,1,0,0,1,-1.4976677070686424,-1.4454372523176129,0
0,0,0,0,-0.7888002190384014,0,1,0,0,2,0,0,0,0,0,1,2,-1.1204397880309327,-0.13597354719607396,1
0,0,1,1,-0.8702409464784621,1,0,0,2,0,0,0,0,0,0,0,0,-0.4573827849646494,0.8102503270668415,0
1,0,0,0,-1.0331224013585834,1,0,0,2,0,0,0,0,0,0,1,3,-0.4573827849646494,-0.10208528309264554,1
0,0,1,1,-0.9109613101984924,1,0,1,0,0,0,0,2,2,0,1,2,0.8005975441611056,1.657986433779168,0
1,0,1,0,0.06632741908223598,1,0,2,1,1,1,1,1,1,2,0,1,-1.4860351280674797,1.1178922246307776,0
0,0,0,0,1.2064976032430856,1,0,0,2,0,0,2,0,2,2,1,3,0.011243969082197169,0.017582649522586067,0
1,0,1,0,1.2879383306831464,1,2,0,0,2,0,2,0,2,1,1,3,0.179085466098976,0.28710024997016526,0
0,0,1,1,-1.2774445836787656,1,0,0,0,0,0,0,0,0,0,1,0,-0.6784017859867437,0.2553300023732011,1
1,0,0,0,-0.30015585439803716,1,0,2,1,1,1,1,1,1,2,1,3,-1.462769970065154,0.5084329748956821,0
0,0,0,0,-0.2594354906780068,1,0,0,0,2,2,0,0,0,1,1,3,-0.28954128794787104,-1.2002768416943728,0
1,0,0,1,-0.9109613101984924,1,0,2,1,1,1,1,1,1,1,1,0,-1.4893587220678117,-0.7676719702490444,0
0,0,0,0,0.8400143297628127,1,2,1,2,2,2,0,2,0,1,0,3,1.1246479591934997,0.6281009075109137,0
0,0,0,0,-1.0331224013585834,1,0,1,0,0,0,0,2,0,0,1,2,0.4964886931307054,0.8250764426120915,1
1,0,0,0,0.025607055362205634,1,0,1,0,2,2,0,0,0,0,1,1,0.4732235351283796,-0.542632716437215,0
0,1,1,0,1.5729808767233588,1,0,1,0,2,2,0,0,2,2,0,1,0.8205391081630994,1.0162274323204923,0
0,0,0,0,-0.13727439951791576,1,2,1,0,0,0,0,0,0,0,1,2,0.31369102311243185,-0.8762203162053386,0
1,0,1,1,-0.3408762181180675,1,2,0,2,0,0,2,2,2,0,0,0,0.5396954151350245,-0.9191101504612401,0
1,0,1,1,-0.5037576729981889,1,0,0,0,0,2,0,0,0,0,1,2,-0.5039131009693008,1.6728125493244181,0
0,0,0,0,-1.2774445836787656,1,2,1,0,0,0,0,2,0,0,1,2,0.6593447991469852,1.5446725506833294,0
1,0,0,1,0.880734693482843,1,2,0,0,2,0,0,0,0,0,1,1,-0.3244390249513595,-0.30064933057367144,1
0,1,0,0,-1.1145631287986442,1,0,1,0,0,2,0,2,0,0,1,3,0.6676537841478158,0.15313570593629974,1
0,0,1,1,1.6137012404433893,1,2,0,2,0,2,2,2,2,2,1,0,0.6460504231456565,0.8716728057543055,0
1,0,1,0,0.7992939660427822,1,0,1,2,2,2,2,2,2,2,1,2,1.3805646972190828,0.6858168573120653,0
0,0,0,0,-0.9516816739185228,1,0,1,0,0,0,0,0,0,0,0,2,0.142525932095321,1.0347600767520548,0
0,0,0,0,-1.2774445836787656,1,0,0,0,0,0,0,0,0,0,1,3,-0.6435040489832552,0.2966313242492545,0
1,1,0,0,-1.2774445836787656,1,2,1,0,0,0,0,0,0,0,1,2,0.2954112561106046,1.2767434626155985,1
1,0,1,1,0.025607055362205634,1,0,0,0,0,2,2,2,2,1,1,3,0.30372024111143525,-0.6390024674813396,1
0,0,1,0,0.9214550572028734,1,2,1,0,0,2,0,0,0,0,1,2,0.43167861012422654,0.2786281839443081,1
1,0,1,1,1.4915401492832983,1,2,1,0,0,0,2,2,2,2,1,2,1.1495749141959914,1.1406609020752687,0
1,0,0,0,-1.2774445836787656,1,0,0,2,0,0,0,0,0,0,1,3,-0.46569176996548,0.5169050409215392,0
1,0,0,0,0.880734693482843,1,2,0,2,0,2,2,2,2,2,0,0,0.7424346491552913,0.39511909179984334,0
1,0,0,1,0.025607055362205634,1,0,2,1,1,1,1,1,1,1,1,3,-1.4827115340671475,1.1290118112897152,0
1,1,1,0,0.5142514200025698,1,2,1,0,2,2,2,2,0,1,1,0,1.1279715531938321,0.31463446455420085,0
0,0,0,1,-0.8702409464784621,0,1,0,0,0,0,0,0,0,0,0,2,-1.3148700370503688,-0.24822842203868062,0
1,0,0,0,-1.0738427650786138,1,0,0,2,2,0,0,0,0,0,1,0,-0.3011738669490337,-0.18574693509798446,0
1,0,0,0,-0.46303730927815856,1,0,0,2,0,2,0,2,0,0,0,0,0.019552954083027783,-1.3104137000305152,0
0,0,1,1,1.3286586944031769,1,2,2,1,1,1,1,1,1,2,1,0,-1.3115464430500368,-1.0530746944951057,0
0,1,1,0,-1.0738427650786138,1,2,1,0,0,0,0,0,2,0,1,2,0.6510358141461546,0.39776661243292366,1
0,0,0,0,-0.9924020376385531,1,0,1,2,0,0,0,2,0,0,0,2,0.6709773781481484,1.082415448147501,1
1,0,0,0,-0.8702409464784621,1,0,1,0,0,0,2,0,0,0,1,2,0.3020584441112687,1.6537504007662396,1
1,0,1,1,0.43281069256250915,1,2,2,1,1,1,1,1,1,2,0,3,-1.3464441800535252,-1.6455898121784869,0
1,0,1,1,0.6771328748826912,0,1,0,0,2,0,0,2,2,1,1,0,-0.4307940329619915,-0.5627538732486257,1
0,1,1,0,-1.2774445836787656,1,0,0,0,0,0,0,0,0,0,0,2,-0.6235624849812617,0.3421686791382364,1
1,1,0,0,-0.7073594915983407,1,0,1,0,0,0,0,0,2,0,1,2,0.48651791112970877,-1.569870722072389,1
1,0,1,1,1.125056875803025,1,0,0,2,2,2,0,0,0,2,0,0,-0.14164135493308597,-0.03748577964548512,0
1,0,0,0,-0.62591876415828,0,1,0,0,0,0,0,0,0,0,0,1,-1.3181936310507012,0.007522071116880754,0
1,1,1,0,-0.6666391278783103,1,0,1,0,0,0,0,0,0,0,1,0,0.23392476710445778,-1.5592806395400678,1
1,0,1,1,0.10704778280226633,1,0,2,1,1,1,1,1,1,1,0,0,-1.4860351280674797,1.3217513133779644,0
1,1,1,0,0.47353105628253944,1,2,1,0,2,0,0,0,2,1,0,3,0.785641371159611,0.048823392992934145,1
0,0,1,1,-0.8295205827584317,0,1,0,0,0,0,2,0,0,1,0,1,-1.1470285400335904,-0.04542834154472616,0
1,0,0,0,-1.2774445836787656,1,0,2,1,1,1,1,1,1,0,0,3,-1.481049737066981,-0.8725137873190261,0
0,0,0,0,-0.1779947632379461,1,0,0,2,2,0,2,0,0,1,1,2,-0.1615829189350795,-1.1219102309551947,0
1,0,1,0,1.5322605130033284,1,2,2,1,1,1,1,1,1,2,0,0,-1.3165318340505352,-0.9069315555490706,0
0,0,0,1,-1.1145631287986442,1,0,0,0,0,0,0,0,0,0,0,3,-0.6235624849812617,-0.7486098216908659,1
1,0,0,0,-0.5851984004382496,1,0,1,0,2,2,0,2,2,0,0,1,1.2143849972024705,-1.018656926265061,0
1,0,1,0,1.5322605130033284,1,2,0,2,0,0,2,2,2,2,1,1,0.40508985812156867,0.6153928084721281,0
0,0,1,1,-0.9516816739185228,1,2,0,0,2,0,0,0,0,0,1,3,-0.31446824295036285,0.5206115698078517,0
0,1,0,0,1.4100994218432374,1,0,1,2,2,0,2,2,0,2,1,0,0.9202469281730669,0.928329747302225,0
0,0,0,0,-1.2774445836787656,1,0,0,2,0,0,0,0,0,0,1,0,-0.5421344319731216,0.4194762816241825,0
0,0,1,1,-0.5851984004382496,1,0,2,1,1,1,1,1,1,2,0,3,-1.5093002860698053,-0.30435585945998395,0
1,0,0,0,-1.1552834925186746,1,2,0,0,0,0,0,0,0,0,0,1,-0.43245582996215753,-0.8587466800270083,1
1,1,1,1,1.5729808767233588,1,0,1,2,2,2,0,0,0,1,1,0,0.7291402731539627,0.9410378463410106,0
1,0,1,1,-0.0965540357978854,1,2,1,2,2,0,0,2,0,0,1,2,0.9850570111795457,-0.42720081683491196,1
1,0,1,0,-1.2774445836787656,1,0,0,2,0,2,0,0,0,0,0,3,-0.3011738669490337,0.6927004109580742,0
0,0,0,0,0.9214550572028734,1,2,1,2,0,2,0,0,0,1,1,1,0.6477122201458225,0.33846215025192394,0
1,0,0,0,1.0843365120829946,1,0,0,0,0,2,2,2,0,0,1,2,-0.003712203919297562,-0.022659664100235184,0
0,0,0,0,-1.2774445836787656,1,0,1,0,0,0,0,0,0,0,1,3,0.179085466098976,1.189375281723947,1
0,0,1,0,-1.0331224013585834,1,0,1,0,0,0,0,0,0,0,1,0,0.14751132309581955,0.4125927279781736,0
1,0,1,1,0.5142514200025698,1,0,0,2,0,0,2,0,0,2,0,0,-0.33607160395252245,-0.5542818072227685,0
0,0,1,1,0.880734693482843,1,2,2,1,1,1,1,1,1,1,1,0,-1.329826210051864,-1.3946048561624702,0
1,0,1,1,0.758573602322752,1,2,2,1,1,1,1,1,1,1,1,3,-1.3564149620545218,-1.515331797030934,0
0,1,1,0,1.6137012404433893,1,2,1,0,2,2,0,2,2,1,0,1,1.3373579752147637,1.3535215609749285,0
1,0,1,0,0.47353105628253944,1,0,0,2,2,0,2,0,0,1,1,0,-0.16324471593524553,-0.5309836256516616,0
1,0,0,0,-1.2367242199587352,1,0,2,1,1,1,1,1,1,0,0,3,-1.4860351280674797,0.17537487925417466,0
0,0,0,0,1.369379058123207,1,2,1,0,0,2,0,2,0,1,1,0,0.9102761461720702,0.8970890038318768,0
1,0,1,1,1.4508197855632678,0,1,0,2,2,0,0,2,0,1,0,3,-0.6634456129852487,-0.35942428862805514,0
0,0,0,0,-0.055833672077855064,1,0,2,1,1,1,1,1,1,2,0,1,-1.4577845790646555,1.1523099928608223,0
0,1,0,0,-0.46303730927815856,1,2,1,0,0,0,0,2,2,0,1,0,1.0182929511828682,-0.8465680851148387,0
1,0,0,1,-0.46303730927815856,1,2,1,2,0,0,0,0,0,0,0,2,0.5180920541328647,-1.0541337027483377,0
0,0,1,1,0.9214550572028734,1,2,0,2,0,2,2,2,2,2,1,0,0.6759627691486464,0.36176033182303097,0
1,0,0,0,-0.9516816739185228,0,1,0,0,0,0,0,2,0,0,1,1,-0.9991286070188055,-0.3726618917934569,1
1,1,1,0,1.5729808767233588,1,2,1,2,2,2,2,2,2,2,1,0,1.6713791722481544,1.4678944523239994,0
0,0,0,0,-1.2774445836787656,1,0,1,0,0,0,0,0,2,0,1,2,0.5430190091353566,1.4821910637426332,1
1,0,1,1,-0.4223169455581282,1,0,2,1,1,1,1,1,1,1,0,3,-1.4893587220678117,0.22514826715608516,0
0,0,1,1,-1.2774445836787656,1,0,2,1,1,1,1,1,1,0,0,3,-1.4694171580658184,-0.8688072584327136,1
0,0,0,0,1.1657772395230555,1,2,1,0,0,2,2,2,2,2,1,2,1.3905354792200795,1.0146389199406443,1
0,0,1,0,1.4100994218432374,1,2,0,0,2,2,2,2,2,2,0,0,0.7108605061521354,0.8314304921314842,0
0,1,0,0,-0.748079855318371,1,0,1,2,2,0,0,0,0,0,0,2,0.46823814412788106,-1.6794780762819155,0
1,0,1,0,1.0843365120829946,1,2,1,2,2,2,2,2,0,0,1,2,1.395520870220578,0.9585114825193408,1
1,1,1,0,-0.46303730927815856,1,0,1,0,0,2,0,2,0,0,0,0,0.7241548821534641,-0.9725900672494632,0
1,0,0,0,-1.1552834925186746,0,1,0,2,2,0,2,0,0,0,0,3,-0.7432118689932226,-1.2765254359270868,0
0,0,0,0,-1.1960038562387048,1,0,1,0,0,0,0,2,2,0,1,2,0.8205391081630994,-0.64164998811442,1
1,0,1,0,1.5322605130033284,1,2,2,1,1,1,1,1,1,2,0,0,-1.3464441800535252,-1.0742548595597483,0
0,0,0,0,-1.1960038562387048,1,0,1,0,2,0,2,2,2,0,1,2,1.1013828011911744,-0.27523313249610015,1
1,1,0,0,-0.46303730927815856,1,0,2,1,1,1,1,1,1,1,0,0,-1.4710789550659844,0.2071451268511388,0
1,0,0,0,-0.5037576729981889,1,0,2,1,1,1,1,1,1,0,1,1,-1.5009913010689746,-0.09308371294017237,0
1,0,1,1,-0.4223169455581282,1,0,2,1,1,1,1,1,1,1,0,0,-1.479387940066815,0.4576005787405395,0
1,0,0,0,-1.2774445836787656,1,0,0,0,0,0,0,0,2,0,1,3,-0.3011738669490337,0.6927004109580742,1
0,0,0,0,1.247217966963116,1,0,2,1,1,1,1,1,1,2,1,3,-1.4677553610656522,-1.4374946904183719,0
0,0,1,1,1.5322605130033284,1,0,2,1,1,1,1,1,1,2,0,0,-1.4943441130683104,-1.362834608565506,0
1,0,0,0,-0.7888002190384014,1,0,1,0,2,2,0,0,0,0,1,2,0.4998122871310375,1.7125253588206233,1
0,0,0,0,-1.1145631287986442,1,0,1,0,0,0,0,2,0,0,0,2,0.5131066631323666,0.014935128889505721,0
0,0,1,1,1.6137012404433893,1,2,1,2,2,2,2,2,2,2,1,1,1.7162476912526399,1.5711477570141328,0
0,0,0,0,-0.7888002190384014,0,1,0,0,2,0,0,0,0,0,1,2,-1.1004982240289392,0.03982182284046097,0
1,0,1,0,1.1657772395230555,1,0,1,0,2,2,2,0,2,0,0,1,0.9767480261787151,0.7827161124828059,0
1,0,0,0,-1.2774445836787656,1,0,2,1,1,1,1,1,1,0,0,2,-1.4660935640654862,-0.8677482501794814,0
0,1,1,0,0.9621754209229036,1,2,1,0,0,0,2,0,0,0,1,0,0.4017662641212361,0.20237958971159417,0
0,0,0,0,-1.1552834925186746,1,0,2,1,1,1,1,1,1,0,0,3,-1.4827115340671475,1.5441430465567132,0
1,0,0,0,0.10704778280226633,1,2,0,2,0,0,0,0,0,2,0,3,-0.3161300399505289,-0.9185806463346241,0
0,0,1,0,-0.5851984004382496,0,1,0,0,0,2,0,2,0,0,1,2,-0.8545522680043529,1.0871809852870455,1
1,0,1,0,1.6137012404433893,1,2,0,0,2,2,0,2,2,2,0,0,0.5779167461388456,0.8007192527877522,0
0,1,0,0,0.6771328748826912,1,2,1,2,2,2,2,0,2,1,0,0,1.2708860952081187,0.5725029742162265,0
0,0,1,0,0.47353105628253944,1,2,1,2,2,2,2,0,0,0,1,1,1.0083221691818711,0.11342289644009457,0
0,1,1,0,-1.1960038562387048,1,0,1,0,0,0,2,2,0,0,1,3,0.6360796411446599,-0.49444784091515276,1
0,0,1,1,0.18848851024232702,1,2,1,0,2,2,0,0,2,0,1,2,1.0099839661820376,-0.10367379547249375,0
1,0,1,0,1.1657772395230555,1,2,0,0,2,2,0,2,2,1,1,2,0.4998122871310375,0.47931024793179833,0
1,0,1,0,1.5322605130033284,1,2,0,2,0,2,2,0,2,2,1,1,0.33363258711442517,0.6291599157641459,0
0,1,0,0,-1.2774445836787656,1,0,1,0,0,0,0,0,0,0,1,2,0.16911468409797886,1.1623705712665275,1
0,0,0,0,0.35136996512244845,1,0,2,1,1,1,1,1,1,0,0,2,-1.4727407520661506,1.3942933787243657,0
1,0,1,1,1.5322605130033284,1,2,0,2,2,2,2,0,2,1,0,0,0.4516201741262198,0.6715202458934314,0
0,0,0,0,-1.2774445836787656,1,0,0,0,0,0,0,2,0,0,1,3,-0.3726311379561772,0.622276362118137,1
1,0,0,0,0.758573602322752,1,0,2,1,1,1,1,1,1,1,0,2,-1.517609271070636,-1.7170728692716564,0
0,0,1,1,0.3920903288424788,1,0,2,1,1,1,1,1,1,2,0,3,-1.4876969250676457,1.5309054433913116,0
0,0,1,1,1.5322605130033284,1,2,1,2,2,2,2,0,0,2,0,0,0.9684390411778845,1.0543517294368494,1
1,0,0,0,0.6364125111626608,1,0,2,1,1,1,1,1,1,1,0,0,-1.4893587220678117,-1.7191908857781206,0
1,0,1,1,1.4508197855632678,1,2,1,2,2,2,2,2,2,2,1,2,1.608230886241842,1.420239080928553,1
0,0,0,0,0.6364125111626608,1,2,2,1,1,1,1,1,1,2,0,1,-1.3547531650543558,-1.5444545239948178,0
0,1,1,0,-0.2594354906780068,1,0,1,0,2,0,0,0,2,0,0,2,0.6709773781481484,-0.7809095734144461,1
1,0,1,0,-0.8702409464784621,1,2,1,0,2,0,0,0,0,0,1,0,0.5230774451333633,1.6193326325361952,1
1,0,0,0,-1.2774445836787656,1,0,2,1,1,1,1,1,1,0,1,3,-1.5109620830699715,-0.9408198196524991,1
0,0,0,0,-0.21871512695797646,1,0,2,1,1,1,1,1,1,1,0,3,-1.51594747407047,0.5211410739344677,0
0,1,0,0,0.5549717837226001,1,0,1,0,2,2,0,2,0,1,1,0,0.8820255971692458,0.13883909451766588,0
1,0,0,0,-1.2774445836787656,1,0,0,0,0,2,0,0,0,0,1,3,-0.5022513039691348,0.46819066127286085,1
0,0,0,0,0.5549717837226001,1,0,0,0,0,2,2,0,0,2,0,1,-0.34604238595351905,-0.6067027157577594,1
1,0,1,1,-0.30015585439803716,1,0,2,1,1,1,1,1,1,0,1,3,-1.51594747407047,0.4131222321047897,0
1,0,0,0,-1.1552834925186746,1,0,1,0,0,0,0,2,2,0,1,2,0.787303168159777,-0.0343087548857887,1
1,0,0,0,-0.7888002190384014,1,0,2,1,1,1,1,1,1,2,0,3,-1.4960059100684764,-0.5087444523337866,0
1,0,1,0,-0.055833672077855064,1,0,0,2,2,2,2,0,2,1,1,1,0.356897745116751,-0.6278828808224022,0
0,0,1,1,-0.38159658183809786,1,2,1,0,0,0,0,2,0,0,1,2,0.6310942501441613,-0.9778851085156238,0
0,0,0,0,-1.2367242199587352,1,0,2,1,1,1,1,1,1,0,0,3,-1.5076384890696393,0.9124446235037429,0
0,0,0,0,1.3286586944031769,1,2,2,1,1,1,1,1,1,2,0,0,-1.2716633150460497,-1.0922579998646949,0
1,1,0,0,-0.4223169455581282,1,2,1,0,0,0,2,2,0,0,1,0,0.8554368451665879,-0.9249346958540169,1
0,0,1,1,0.9214550572028734,1,0,2,1,1,1,1,1,1,1,0,1,-1.51594747407047,1.7310580032521856,0
1,0,1,0,-0.9516816739185228,1,0,1,0,2,2,2,2,0,0,1,3,1.0000131841810405,1.6145670953966504,1
1,0,1,1,-1.0331224013585834,1,0,1,0,0,0,0,0,0,0,1,0,0.1724382780983114,0.6159223125987442,1
0,0,1,1,0.10704778280226633,0,1,0,0,0,0,2,2,0,1,0,3,-0.7930657789982063,-1.3580690714259616,0
1,0,0,0,-1.0738427650786138,1,0,0,2,0,2,2,2,2,2,1,3,0.5147684601325326,0.4883118180842715,0
0,0,0,0,-1.2774445836787656,1,0,0,2,0,0,0,0,0,0,1,1,-0.5371490409726233,0.4205352898774147,1
1,0,0,0,-0.62591876415828,1,0,1,0,0,0,0,0,0,0,1,2,0.2006888271011353,-1.5248628713100232,0
1,0,1,1,-0.9109613101984924,1,0,0,0,0,2,0,2,0,0,0,3,-0.15161213693408263,0.7440623112398329,0
1,0,0,1,-0.7073594915983407,1,0,0,0,0,2,2,0,0,1,0,1,-0.31779183695069496,1.5833263519263023,0
0,1,0,0,0.3106496014024181,0,1,0,2,2,0,0,2,2,0,1,2,-0.29785027294870164,-0.8042077549855532,1
0,0,1,1,-0.7888002190384014,1,0,0,2,0,0,2,0,0,1,0,0,-0.35268957395418365,1.2010243725095004,0
1,0,1,0,-0.13727439951791576,1,2,1,0,2,0,0,0,0,0,1,0,0.5114448661322006,-0.7168395740939018,1
0,0,0,0,-1.1960038562387048,1,2,1,0,0,0,0,0,0,0,1,2,0.356897745116751,-0.7581408959699552,1
0,1,1,0,1.0436161483629645,1,2,1,0,0,0,2,2,2,0,1,0,1.1844726511994805,0.7885406578755827,0
0,0,0,0,0.5142514200025698,1,0,0,2,2,0,2,0,0,1,1,1,-0.07350767792627502,-0.4420269323801619,0
0,0,1,1,1.6137012404433893,1,2,0,2,2,2,2,0,0,2,1,0,0.18905624809997262,0.5719734700896104,0
1,0,1,1,1.4508197855632678,1,2,1,2,2,0,0,0,0,1,1,0,0.6892571451499756,0.7641834680512435,0
1,0,0,0,-1.2774445836787656,1,0,2,1,1,1,1,1,1,0,1,0,-1.481049737066981,-0.8725137873190261,1
0,0,1,1,0.22920887396235737,1,0,0,2,2,0,0,0,0,0,0,2,-0.3410569949530208,-0.8248584159235799,0
1,0,0,0,-1.2367242199587352,1,0,2,1,1,1,1,1,1,0,0,3,-1.462769970065154,0.25427099411996895,0
1,0,0,0,-0.8702409464784621,1,0,2,1,1,1,1,1,1,0,0,3,-1.4760643460664828,-0.7893816394403033,0
0,1,1,0,-0.5037576729981889,1,0,1,0,0,0,0,2,2,1,1,0,0.8720548151682491,-0.9694130424897668,0
1,0,1,0,1.6137012404433893,1,2,1,0,2,2,0,2,2,2,1,0,1.330710787214099,1.3238693298844286,0
0,0,1,0,-1.1960038562387048,1,2,1,0,0,0,0,0,0,0,1,1,0.3319707901142591,-0.703072466801884,1
1,0,0,0,-0.38159658183809786,1,2,1,0,0,2,2,2,2,0,1,3,1.3057838322116073,-0.6019371786182148,1
1,0,0,0,0.3106496014024181,1,0,0,0,0,0,2,0,0,0,1,2,-0.45405919096431707,-0.8137388292646425,0
1,1,1,0,1.2064976032430856,1,2,1,0,2,0,0,0,2,0,1,0,0.8321716871642622,0.7430033029866008,0
0,0,0,1,-0.4223169455581282,1,0,2,1,1,1,1,1,1,0,1,2,-1.4694171580658184,0.37817495974812915,0
0,0,0,0,-0.8702409464784621,1,0,0,2,0,2,0,0,2,0,0,0,-0.023653767921291324,1.2852155286414555,0
1,1,1,0,-1.0331224013585834,1,2,1,0,0,0,0,0,0,0,1,2,0.33529438411459117,0.4411859508154413,0
0,0,0,0,-0.7888002190384014,1,2,1,2,2,0,0,2,0,0,1,2,1.0598378761870213,-1.4888565907001305,1
1,1,0,0,-1.2774445836787656,1,0,2,1,1,1,1,1,1,0,0,3,-1.4860351280674797,-0.8741022996988743,1
0,0,0,0,0.26992923768238775,1,2,1,0,2,2,0,2,2,0,1,2,1.285842268209614,0.08112314471651436,1
1,0,1,0,-1.1960038562387048,0,1,0,0,0,0,0,0,0,0,0,3,-1.3215172250510334,1.403294948876839,0
1,0,0,0,1.0436161483629645,1,0,2,1,1,1,1,1,1,2,0,1,-1.477726143066649,-1.5884033665039514,0
1,0,0,1,-1.0738427650786138,1,2,2,1,1,1,1,1,1,0,0,3,-1.2766487060465481,-0.986886678668097,0
0,0,1,1,-1.2774445836787656,1,0,2,1,1,1,1,1,1,0,1,2,-1.491020519067978,-0.9349952742597223,1
0,0,1,0,-0.4223169455581282,1,0,0,0,2,2,0,0,0,0,1,3,-0.33440980695235617,-1.5486905570077463,0
1,0,1,0,-0.748079855318371,0,1,0,0,0,0,0,2,2,0,0,2,-0.6119299059800988,1.0808269357676528,1
1,0,1,1,1.2879383306831464,1,2,1,0,0,2,0,0,2,1,0,1,0.8471278601657574,0.7424737988599847,0
1,0,0,0,-1.2774445836787656,1,0,2,1,1,1,1,1,1,0,0,2,-1.4893587220678117,-0.9344657701331062,1
1,0,0,0,-1.0738427650786138,1,0,2,1,1,1,1,1,1,0,0,3,-1.4660935640654862,-1.6323522090130853,0
1,0,0,0,-1.2774445836787656,1,0,1,0,0,0,0,0,2,0,0,2,0.4931650991303729,1.4361242047270353,1
1,0,0,1,0.26992923768238775,1,2,2,1,1,1,1,1,1,1,0,0,-1.3065610520495383,1.6971697391487572,0
0,0,0,0,-0.5037576729981889,1,0,2,1,1,1,1,1,1,1,0,3,-1.504314895069307,0.10018529327469285,0
1,0,0,0,-1.2774445836787656,1,0,1,0,0,0,2,0,0,0,1,2,0.37019212111808014,1.33445941241675,1
1,0,1,0,-1.2774445836787656,1,0,1,0,0,2,0,0,0,0,0,2,0.3801629031190768,1.357228089861241,1
1,0,1,0,1.2879383306831464,1,2,0,2,0,0,0,2,0,1,1,1,0.046141706085686136,0.2505644652336565,0
1,0,0,1,-1.2774445836787656,1,0,2,1,1,1,1,1,1,0,0,3,-1.5126238800701375,-0.9413493237791151,1
0,0,1,0,0.5549717837226001,1,0,0,0,2,0,0,2,2,0,1,1,0.14418772909548702,-0.2688790829767073,0
0,1,1,1,-0.1779947632379461,0,1,0,0,2,0,0,0,2,1,1,2,-0.8528904710041867,-1.623350638860612,0
0,0,1,0,0.025607055362205634,1,0,2,1,1,1,1,1,1,0,0,3,-1.4860351280674797,1.0866514811604295,0
1,0,1,1,0.26992923768238775,1,0,0,2,2,2,0,0,0,1,0,2,-0.16490651293541178,-0.6776562687243126,0
0,0,1,0,0.3920903288424788,1,2,1,0,0,2,2,0,0,0,1,2,0.6493740171459885,-0.07984610977477065,1
0,0,0,0,-1.2774445836787656,1,0,0,0,2,0,0,0,0,0,1,2,-0.5371490409726233,0.4205352898774147,0
0,0,0,0,-1.0331224013585834,1,0,1,0,0,0,0,2,0,0,1,2,0.4732235351283796,0.5905061145211729,1
1,1,1,0,1.5322605130033284,1,0,1,2,2,2,0,2,2,2,0,1,1.3489905542159264,1.3376364371764464,0
1,0,0,0,1.3286586944031769,1,2,2,1,1,1,1,1,1,2,1,0,-1.3181936310507012,-1.0737253554331323,0
1,0,0,0,-1.2774445836787656,1,0,0,2,0,0,0,0,0,0,0,2,-0.4989277099688025,0.469249669526093,0
1,0,1,0,-0.5851984004382496,1,2,1,0,0,0,0,2,2,0,1,2,0.9966895901807084,-1.094376016371159,0
1,0,1,0,-0.3408762181180675,1,2,1,0,0,0,0,2,2,0,1,2,0.9385266951748941,-0.7290181690060714,0
1,0,0,0,1.247217966963116,1,2,0,2,0,2,2,0,2,2,1,0,0.2372483611047903,0.2865707458435492,0
0,0,0,1,0.47353105628253944,1,2,0,0,2,0,0,2,2,1,1,3,0.42503142212356193,-0.1338555306896097,0
1,0,0,0,-1.1552834925186746,1,0,2,1,1,1,1,1,1,0,1,2,-1.4926823160681442,0.9696310691782783,0
0,0,0,0,-1.2774445836787656,1,0,1,0,0,0,0,0,0,0,1,2,0.18240906009930805,1.1904342899771791,1
0,0,1,1,0.18848851024232702,1,2,1,0,0,0,0,2,2,0,1,2,1.0133075601823696,-0.2005730506432344,0
0,1,0,0,-0.9109613101984924,1,0,1,0,0,2,0,0,2,0,1,1,0.6593447991469852,1.5859738725593828,1
1,0,0,0,0.06632741908223598,0,1,0,0,0,0,0,0,0,0,1,0,-1.3198554280508674,1.5674412281278203,0
1,0,1,0,0.10704778280226633,0,1,0,2,0,2,0,2,2,1,0,1,-0.3859255139575061,-0.9138151091950795,0
0,0,1,0,-1.1552834925186746,1,0,2,1,1,1,1,1,1,0,0,2,-1.4827115340671475,1.634688252208061,0
0,1,1,0,0.26992923768238775,1,2,1,0,0,0,2,2,2,0,1,2,1.2127232002023045,0.061001987905103736,0
1,1,1,0,0.43281069256250915,1,0,1,0,2,2,0,2,2,1,1,0,1.1894580421999785,0.2156171928769959,0
0,0,1,1,-0.62591876415828,1,2,2,1,1,1,1,1,1,0,0,3,-1.3514295710540236,0.12189496246595168,1
0,0,1,0,1.1657772395230555,1,2,2,1,1,1,1,1,1,2,0,0,-1.3115464430500368,-1.1981588251879085,0
0,0,1,0,0.6771328748826912,1,2,0,2,2,2,0,0,2,1,0,2,0.23392476710445778,-0.13332602656299364,0
1,0,0,0,-1.1552834925186746,1,0,2,1,1,1,1,1,1,1,0,3,-1.4976677070686424,-1.5576921271602195,0
0,0,1,1,1.2879383306831464,0,1,0,0,2,2,2,0,2,2,0,2,-0.49560411596847015,-0.2450513972789842,0
1,0,0,0,-1.1960038562387048,1,0,1,0,0,0,0,0,0,0,1,3,0.16080569909714826,-0.8280354406832763,0
1,0,1,1,-1.2774445836787656,1,0,2,1,1,1,1,1,1,0,0,2,-1.4960059100684764,-0.9365837866395704,0
1,0,1,0,0.3106496014024181,1,0,1,0,2,2,0,0,0,1,0,2,0.53304822713436,-0.28211668614210905,0
0,0,0,1,-1.2774445836787656,1,0,0,2,2,0,2,0,0,0,1,2,-0.1582593249347472,0.8748498305140019,1
1,0,0,0,-0.9924020376385531,1,2,1,0,0,0,0,0,2,0,1,2,0.7241548821534641,1.0310535478657423,1
0,1,1,0,-1.2774445836787656,1,0,2,1,1,1,1,1,1,0,1,3,-1.4594463760648215,-0.8656302336730172,1
0,1,1,0,0.06632741908223598,1,0,0,0,0,2,2,2,0,1,0,0,-0.018668376920792765,-0.8057962673654013,0
0,0,1,0,-1.2774445836787656,0,1,0,0,0,0,0,0,2,0,0,2,-0.9891578250178088,-0.12167693577744011,0
0,0,0,0,0.26992923768238775,0,1,0,0,0,2,0,2,2,0,1,2,-0.46569176996548,-0.856099159393928,1
0,1,1,0,1.0436161483629645,1,0,1,2,2,0,2,2,2,1,1,1,1.3539759452164248,0.9479213999870195,1
1,0,1,1,0.5142514200025698,1,0,2,1,1,1,1,1,1,2,0,2,-1.5142856770703037,1.6288637068152843,0
1,1,0,0,-1.0738427650786138,1,0,1,2,0,0,0,2,0,0,1,0,0.677624566148813,0.530672148213557,1
1,0,0,0,0.43281069256250915,1,0,1,2,2,2,2,0,0,1,1,1,0.8604222361670865,0.03346777332106814,0
1,0,1,1,0.35136996512244845,1,0,2,1,1,1,1,1,1,2,1,3,-1.4876969250676457,1.6007999881046326,0
1,0,0,0,-1.1145631287986442,1,0,1,0,2,0,0,0,0,0,1,2,0.32864719611392706,0.011228600003193237,0
1,0,0,0,1.6137012404433893,0,1,0,2,0,2,2,2,2,2,1,1,-0.11837619693076015,0.24897595285380827,0
1,0,0,0,-1.1552834925186746,1,0,2,1,1,1,1,1,1,1,0,3,-1.4893587220678117,1.1215987535170902,0
1,0,1,1,-0.9516816739185228,1,0,0,0,2,0,2,0,0,0,0,3,-0.3310862129520241,0.31251644804773654,0
1,1,1,0,1.6137012404433893,1,2,0,0,0,2,0,2,2,2,1,1,0.28876406810994004,0.6323369405238423,0
0,0,1,0,0.025607055362205634,1,0,0,0,0,0,2,0,0,1,1,3,-0.4424266119631542,-1.0467206449757127,0
0,0,1,0,1.6137012404433893,1,2,1,2,0,0,0,0,0,2,0,0,0.5214156481331973,0.7837751207360381,0
1,0,1,0,-0.4223169455581282,1,0,0,2,0,0,2,0,0,0,1,2,-0.3510277769540174,-1.5719887385788534,1
0,0,1,0,1.5322605130033284,1,2,1,0,2,2,2,2,2,1,1,2,1.4869197052297147,1.3757607342928033,1
1,0,1,1,-0.46303730927815856,1,2,1,0,2,2,0,2,2,0,0,2,1.3174164112127704,-0.7862046146806069,1
1,0,0,0,-0.7073594915983407,1,0,1,0,0,2,0,2,0,0,0,2,0.682609957149311,-1.5116252681446214,0
1,1,1,0,-0.13727439951791576,1,2,1,0,0,0,2,0,0,0,1,2,0.4831943171293762,-0.6358254427216432,0
0,0,1,1,-0.7073594915983407,1,0,0,0,2,2,2,2,2,0,0,0,0.39013368512007346,-1.570400226199005,0
1,1,1,1,1.5729808767233588,1,2,1,2,2,0,0,2,2,0,1,1,1.3406815692150957,1.3445199908224552,1
1,1,0,0,1.6137012404433893,1,2,2,1,1,1,1,1,1,2,0,0,-1.3082228490497045,-1.0070078354795076,0
0,0,1,0,-0.5444780367182193,1,2,1,0,0,0,0,2,0,0,1,2,0.7341256641544608,-1.1886277509088194,0
1,0,0,0,-1.2774445836787656,1,0,2,1,1,1,1,1,1,0,0,3,-1.4993295040688086,-0.9376427948928026,0
0,0,0,0,-1.2774445836787656,1,0,1,0,2,0,0,0,0,0,1,2,0.36354493311741554,1.3328709000369017,1
0,0,0,0,-1.2367242199587352,1,0,0,0,0,0,0,0,0,0,0,2,-0.6385186579827569,1.5436135424300972,0
0,1,1,1,-0.8702409464784621,1,2,1,0,0,2,0,0,0,0,1,1,0.4433111891253892,1.5838558560529186,0
0,0,0,0,-0.8295205827584317,1,0,2,1,1,1,1,1,1,1,0,3,-1.5109620830699715,-0.7083675080680447,0
0,0,1,0,1.5322605130033284,1,2,1,0,2,2,2,2,2,2,1,2,1.5201556452330371,1.395352386977598,0
0,1,1,0,-0.5037576729981889,1,2,1,0,0,2,0,2,0,0,0,2,0.8654076271675846,-0.9021660184095259,1
0,0,0,0,-0.38159658183809786,1,0,2,1,1,1,1,1,1,0,1,0,-1.477726143066649,0.38399950514090586,0
1,1,0,0,0.6771328748826912,1,2,0,2,2,2,2,0,2,2,0,1,0.5513279941361872,0.11395240056671065,0
0,0,1,1,-1.1552834925186746,1,2,1,0,2,0,0,2,2,0,1,2,1.1030445981913404,0.01546463301612179,1
1,0,0,0,-0.015113308357824713,1,2,1,2,2,0,2,2,2,0,1,1,1.4420511862252297,-0.15079966274132392,1
1,0,0,1,-1.2367242199587352,1,0,0,0,0,0,0,0,2,0,1,2,-0.31446824295036285,-1.6413537791655584,0
1,1,1,0,1.4915401492832983,0,1,0,2,2,0,0,2,2,2,0,1,-0.2729233179462098,0.06312000441156801,0
1,0,0,0,-1.0738427650786138,1,0,1,0,0,0,0,2,0,0,1,1,0.5230774451333633,0.354347274050406,1
0,0,1,1,-0.3408762181180675,1,0,2,1,1,1,1,1,1,2,1,3,-1.4976677070686424,0.49148884284396793,0
0,0,0,0,-0.015113308357824713,1,2,1,0,2,2,0,2,2,1,1,1,1.3057838322116073,-0.1576832163873328,0
0,0,0,0,-0.21871512695797646,1,0,0,2,2,0,0,0,0,2,0,0,-0.3958962959585028,-1.2484617172164352,0
0,1,1,0,-0.21871512695797646,1,2,1,2,0,0,2,2,2,0,1,0,1.3140928172124378,-0.41555172604935847,1
1,0,0,0,1.0436161483629645,1,2,1,0,0,0,2,0,0,0,0,0,0.5280628361338618,0.4258303311435753,0
1,0,0,0,-1.2774445836787656,1,0,1,0,0,0,0,0,0,0,1,3,0.21896859410296257,1.2237930499539915,1
0,0,1,1,-0.5851984004382496,1,2,2,1,1,1,1,1,1,2,1,1,-1.3331498040521963,0.3861175216473702,0
0,0,1,1,0.5956921474426305,1,0,2,1,1,1,1,1,1,2,1,0,-1.4444902030633266,-1.6821255969149957,0
0,0,1,1,1.5322605130033284,1,2,1,0,2,2,2,2,2,2,1,2,1.5101848632320405,1.3784082549258836,0
0,0,0,0,-0.7888002190384014,1,2,1,0,2,2,2,0,0,0,0,2,0.8188773111629334,-1.5878738623773354,1
0,0,1,1,0.14776814652229667,1,0,0,2,0,0,0,0,0,0,0,1,-0.45572098796448335,-1.0011832900867308,0
1,0,0,0,1.4100994218432374,1,0,2,1,1,1,1,1,1,2,1,3,-1.4943441130683104,-1.423198078999738,0
0,0,0,0,-0.9109613101984924,1,0,2,1,1,1,1,1,1,0,1,3,-1.491020519067978,-0.8809858533448832,0
1,1,0,0,-0.5444780367182193,1,0,1,2,0,0,0,0,2,0,1,2,0.749081837155956,-1.1383248588802928,0
0,0,1,1,1.5729808767233588,1,0,2,1,1,1,1,1,1,2,0,0,-1.4926823160681442,-1.4115489882141845,0
1,0,1,1,1.6137012404433893,1,2,0,2,2,2,2,2,2,2,1,3,0.8188773111629334,0.997165283762314,0
0,0,1,1,0.6364125111626608,1,0,2,1,1,1,1,1,1,2,0,3,-1.4876969250676457,1.6680470121848734,0
1,0,0,0,-1.2774445836787656,1,0,2,1,1,1,1,1,1,0,0,3,-1.4860351280674797,-0.8741022996988743,0
1,0,1,1,-0.5851984004382496,1,0,0,2,0,2,2,2,2,0,0,2,0.6144762801425001,-1.1573870074384713,0
1,0,0,0,-1.2774445836787656,1,0,2,1,1,1,1,1,1,0,0,3,-1.4677553610656522,-0.8682777543060975,1
1,1,1,0,1.4100994218432374,1,2,1,0,2,0,2,2,2,2,0,0,1.2675625012077867,1.1835507363311701,0
1,0,1,1,1.4915401492832983,0,1,0,2,0,2,2,0,0,2,0,3,-0.8528904710041867,-0.45049899840601904,0
1,0,0,0,-0.5444780367182193,1,2,1,0,2,0,0,2,2,0,1,2,1.1695164781979852,-0.9127561009418473,1
1,1,1,0,1.6137012404433893,1,2,1,2,2,2,2,2,2,2,1,3,1.653099405246327,1.5314349475179276,0
0,1,0,0,0.22920887396235737,1,0,2,1,1,1,1,1,1,2,0,3,-1.481049737066981,1.2910400740342323,0
1,1,1,0,0.3106496014024181,1,0,0,0,0,0,0,0,2,1,0,2,-0.29785027294870164,-0.7057199874349643,0
0,0,1,1,1.1657772395230555,1,2,2,1,1,1,1,1,1,2,1,3,-1.3481059770536914,-1.2876450225860243,0
0,0,0,0,-0.9109613101984924,1,2,1,0,2,0,0,0,0,0,1,1,0.5396954151350245,1.4996646999209635,1
1,0,1,0,-0.015113308357824713,1,2,0,2,0,0,2,2,0,1,1,1,0.2671607071077802,-0.6829513099904734,0
0,0,0,0,-0.46303730927815856,1,2,1,0,2,0,0,2,2,0,1,1,1.1661928841976528,-0.8783383327118028,0
0,1,0,0,1.0843365120829946,1,2,1,0,0,2,0,2,2,1,1,2,1.15456030519649,0.8335485086379485,0
0,1,1,0,-0.7888002190384014,1,0,1,0,0,0,0,0,0,0,1,2,0.179085466098976,1.64157180585407,1
0,0,0,0,0.5956921474426305,1,0,2,1,1,1,1,1,1,2,0,1,-1.479387940066815,-1.691656671194085,0
1,0,1,1,1.4915401492832983,1,2,2,1,1,1,1,1,1,2,1,0,-1.288281285047711,-1.017597918011829,0
1,0,0,0,-1.2367242199587352,1,0,2,1,1,1,1,1,1,0,1,1,-1.491020519067978,-0.2090451166690915,0
0,0,1,1,-0.4223169455581282,1,0,2,1,1,1,1,1,1,0,0,0,-1.5192710680708021,0.3225770264534419,0
1,1,1,0,-0.7073594915983407,1,2,1,2,0,2,0,2,0,0,1,2,1.0548524851865226,-1.3453609723871758,0
0,0,0,0,0.8400143297628127,1,0,2,1,1,1,1,1,1,2,0,1,-1.4926823160681442,-1.6747125391423707,0
0,1,1,0,-0.1779947632379461,1,2,2,1,1,1,1,1,1,0,0,3,-1.2982520670487077,1.2878630492745358,0
1,0,0,0,-0.4223169455581282,1,0,2,1,1,1,1,1,1,1,0,3,-1.477726143066649,0.4041206619523165,0
0,0,0,0,-1.2774445836787656,1,0,1,0,0,0,0,0,0,0,1,3,0.179085466098976,1.189375281723947,1
1,1,1,0,-0.6666391278783103,1,0,1,0,0,2,2,0,2,0,1,2,0.8903345821700764,-1.2076898994669978,0
0,0,1,1,0.6364125111626608,0,1,0,2,2,0,2,0,0,2,0,3,-0.84291968900319,-0.8878694069908921,0
1,1,1,0,-0.0965540357978854,1,2,1,2,2,2,2,2,0,0,1,0,1.3606231332170895,-0.2609365210774663,0
0,0,0,0,-1.1960038562387048,1,0,1,0,0,0,0,0,0,0,1,2,0.18240906009930805,-0.7014839544220358,0
1,1,0,0,1.002895784642934,1,2,1,2,0,0,2,0,2,2,0,2,0.9634536501773859,0.7419442947333686,0
0,1,1,0,1.4508197855632678,1,2,1,2,2,0,0,0,2,1,1,1,1.0565142821866886,1.0559402418166977,1
0,0,1,0,-0.38159658183809786,1,0,0,0,0,0,2,2,0,1,0,0,-0.1582593249347472,-1.3893098148963094,0
0,0,1,0,1.3286586944031769,1,0,0,0,0,0,2,2,0,2,1,1,-0.16490651293541178,0.00381554223056827,0
1,0,1,0,0.47353105628253944,1,0,1,0,0,0,0,2,2,1,1,0,0.8604222361670865,0.07371008694388939,0
0,0,1,1,1.5729808767233588,1,2,1,2,2,2,0,2,2,2,1,0,1.4703017352280534,1.373642717786339,0
0,0,1,0,0.18848851024232702,1,2,0,2,0,2,2,0,0,1,0,1,0.11095178909216456,-0.5987601538585183,0
0,0,0,0,-0.8295205827584317,1,0,2,1,1,1,1,1,1,0,0,3,-1.4744025490663168,-0.5008018904345456,0
1,0,1,1,1.4915401492832983,1,2,0,0,2,2,2,2,2,2,1,0,0.5712695581381809,0.7318837163276632,0
0,0,0,0,0.10704778280226633,1,0,0,2,2,2,0,0,0,0,0,2,-0.13997955793291994,-0.8831038698513475,0
1,0,0,0,-1.1145631287986442,1,0,0,0,2,0,2,0,2,0,1,0,0.0278619390838584,-0.16933230717288633,0
1,0,1,1,1.0436161483629645,1,2,1,0,0,0,0,2,0,2,0,0,0.5895493251400082,0.43377289304281635,0
1,0,1,0,1.6137012404433893,1,2,0,2,2,2,2,0,2,2,1,0,0.5829021371393436,0.8684957809946091,0
1,0,1,0,1.6137012404433893,1,2,0,2,2,2,2,0,0,2,0,3,0.11261358609233106,0.42688933939680745,0
0,0,0,0,-1.2774445836787656,1,0,2,1,1,1,1,1,1,0,0,1,-1.477726143066649,-0.8714547790657939,0
0,0,0,0,0.26992923768238775,1,0,1,2,0,2,2,2,0,1,1,2,1.0232783421833662,-0.038015283772101185,1
1,0,1,1,0.8400143297628127,1,0,2,1,1,1,1,1,1,1,0,1,-1.481049737066981,-1.6556503905841924,0
0,0,0,0,-0.21871512695797646,1,0,1,0,0,2,2,0,2,0,1,2,0.8122301231622688,-0.6554170954064378,0
0,1,0,0,-1.2774445836787656,1,0,1,0,0,0,0,0,0,0,1,2,0.16246749609731476,1.1602525547600633,1
0,1,0,0,-1.2774445836787656,1,0,1,0,0,0,0,2,2,0,1,2,0.8155537171626008,1.610331062383722,1
0,0,1,0,-0.5851984004382496,1,0,1,2,0,0,0,0,0,0,0,2,0.33363258711442517,-1.2982351051183456,0
1,0,1,1,0.5549717837226001,1,0,2,1,1,1,1,1,1,2,1,3,-1.481049737066981,1.6431603182339183,0
0,0,1,0,1.6137012404433893,1,2,0,2,0,2,2,2,2,2,1,1,0.6526976111463211,0.9113856152505107,0
0,0,0,0,0.14776814652229667,1,0,1,0,0,2,2,0,2,0,1,2,0.7573908221567865,-0.31123941310599285,1
0,0,1,0,-1.1552834925186746,0,1,0,0,0,0,0,0,0,0,1,2,-1.3165318340505352,1.7231154413529446,0
0,0,0,0,-0.30015585439803716,1,0,2,1,1,1,1,1,1,2,0,1,-1.4943441130683104,0.40465016607893256,0
0,0,1,1,0.3106496014024181,0,1,0,0,2,0,0,2,2,0,1,2,-0.4623681759651477,-0.840743539722062,0
1,0,1,0,1.247217966963116,1,2,1,0,2,2,0,2,2,0,1,2,1.2509445312061254,1.0194044570801888,0
0,1,0,0,-0.7073594915983407,1,0,1,2,0,2,2,0,2,0,1,3,1.0482052971858582,-1.3061776670175866,1
1,0,0,0,-0.748079855318371,1,2,0,0,2,0,0,0,0,0,1,1,-0.3078210549496983,1.374701726039571,0
1,1,1,0,1.6137012404433893,1,2,1,0,2,2,2,2,2,2,1,0,1.4952286902305454,1.4461847831327406,0
1,0,0,0,0.26992923768238775,1,2,1,2,2,0,0,2,2,0,1,2,1.3838882912194153,0.10548033454085354,0
0,0,1,1,0.5956921474426305,0,1,0,2,2,2,0,2,2,2,1,1,-0.1582593249347472,-0.45208751078586723,0
1,0,1,0,-0.5444780367182193,1,2,1,2,2,0,2,0,0,0,1,1,0.7989357471609396,-1.1113201484228732,0
0,0,0,0,-1.1145631287986442,1,2,1,0,0,0,0,2,0,0,1,2,0.6792863631489789,0.3972371083063076,1
0,0,0,0,-0.7888002190384014,0,1,0,0,0,0,0,0,2,0,1,2,-0.9858342310174765,0.2807462004507724,1
0,0,0,0,-0.62591876415828,1,2,1,0,0,2,0,0,0,0,0,0,0.5081212721318681,-1.392486839656006,0
1,1,1,0,0.06632741908223598,1,2,1,0,0,0,0,0,0,0,1,2,0.358559542116917,-0.62682387256917,0
0,0,0,0,0.3920903288424788,1,0,0,0,2,0,0,0,0,0,1,2,-0.5055748979694671,-0.8237994076703478,0
1,0,1,0,-1.1145631287986442,1,2,1,0,2,0,0,0,0,0,1,2,0.5496661971360212,0.15790124307584438,1
0,0,1,1,1.5729808767233588,1,2,2,1,1,1,1,1,1,2,0,1,-1.3580767590546883,-1.1176741979422662,0
1,1,1,0,-0.5444780367182193,1,0,0,2,0,2,0,2,0,0,0,0,0.05445069108651675,-1.4491437812039254,0
0,0,0,1,-1.2367242199587352,1,0,2,1,1,1,1,1,1,0,1,2,-1.5009913010689746,-0.11797040689112762,1
1,0,0,0,1.002895784642934,1,0,2,1,1,1,1,1,1,2,0,1,-1.5275800530716328,-1.6259981594936923,0
1,0,1,0,1.6137012404433893,1,2,1,0,2,2,2,2,2,2,1,2,1.4503601712260603,1.3874098250783569,0
0,0,0,0,-1.0738427650786138,1,0,1,0,2,0,0,0,2,0,1,3,0.7042133181514708,0.5650899164436015,0
0,0,1,1,-0.62591876415828,1,2,1,0,0,0,0,0,2,0,1,2,0.6875953481498096,-1.2818204771932475,1
1,0,1,0,1.1657772395230555,1,2,0,0,2,2,0,2,2,2,0,0,0.5363718211346925,0.49042983459073575,0
1,0,1,1,-1.2774445836787656,1,0,1,0,0,0,0,0,0,0,1,2,0.2073360151017999,1.221145529320911,1
1,0,1,1,0.6364125111626608,1,2,1,2,2,2,2,2,2,2,0,1,1.5633623672373562,0.6709907417668153,0
1,0,0,0,-0.6666391278783103,1,0,2,1,1,1,1,1,1,0,1,1,-1.4677553610656522,-0.2074566042892433,0
1,1,0,0,-0.9516816739185228,1,2,1,0,0,0,0,0,2,0,1,2,0.6743009721484804,1.3212218092513481,1
0,0,0,0,-1.1960038562387048,1,0,0,0,0,0,0,0,0,0,0,2,-0.6700928009859131,-1.5105662598913894,0
1,0,0,1,-1.2774445836787656,1,0,0,0,0,0,0,0,0,0,1,2,-0.6767399889865777,0.25585950649981715,1
1,0,0,0,1.3286586944031769,1,2,1,0,2,2,0,2,2,2,0,1,1.3406815692150957,1.0718253656151797,0
0,0,1,1,1.5322605130033284,1,2,1,2,2,2,2,2,2,2,1,1,1.6747027662484868,1.5129023030863653,0
1,0,1,0,1.125056875803025,1,0,0,2,0,0,0,2,0,1,1,3,-0.16490651293541178,-0.09202470468694024,0
0,0,1,0,1.4915401492832983,1,2,2,1,1,1,1,1,1,1,1,2,-1.2783105030467143,-1.0424846119627842,0
0,1,0,0,0.10704778280226633,1,0,1,0,0,0,0,0,0,0,0,2,0.19237984210030468,-0.633707426215179,0
0,0,0,0,-0.4223169455581282,1,0,2,1,1,1,1,1,1,0,1,3,-1.4860351280674797,0.3834700010142898,0
1,0,1,1,1.369379058123207,1,2,0,0,2,2,0,2,2,2,0,0,0.5014740841312035,0.5984486764204139,0
1,1,1,0,-1.2774445836787656,1,0,1,0,0,0,0,0,0,0,1,2,0.18407085709947407,1.1909637941037952,1
0,0,1,0,-1.2774445836787656,1,0,1,0,0,0,0,2,0,0,1,0,0.48485611412954227,1.4340061882205708,1
1,0,1,1,0.06632741908223598,1,2,1,0,0,2,0,0,2,0,1,1,0.8404806721650927,-0.2985313140672072,0
0,0,1,1,1.6137012404433893,1,2,2,1,1,1,1,1,1,2,0,0,-1.3397969920528607,-1.086962958598534,0
1,0,1,1,-0.055833672077855064,0,1,0,2,0,2,2,2,2,1,0,2,-0.15992112193491323,-0.978944116768856,0
1,0,0,1,-0.0965540357978854,1,2,2,1,1,1,1,1,1,1,0,0,-1.3098846460498705,1.25768131405742,0
0,0,0,0,-0.9516816739185228,1,0,1,0,0,0,0,2,2,0,1,0,0.8654076271675846,1.480073047236169,1
1,0,1,1,-0.5037576729981889,1,0,1,0,0,0,0,0,0,0,1,2,0.18905624809997262,-1.2643468410149172,1
1,1,1,0,-0.5444780367182193,0,1,0,0,2,2,0,0,0,0,1,1,-1.0124229830201346,0.7970127239014397,0
0,0,1,0,1.3286586944031769,1,2,1,2,0,2,0,2,2,0,1,2,1.3390197722149297,1.166606604279456,0
0,0,1,1,-0.0965540357978854,1,0,2,1,1,1,1,1,1,2,0,3,-1.5109620830699715,0.8854399130463233,0
1,0,0,0,-1.0738427650786138,1,0,2,1,1,1,1,1,1,1,0,3,-1.51594747407047,-1.493092623713059,0
0,0,0,0,-1.2367242199587352,0,1,0,0,2,0,0,2,2,0,0,2,-0.4440884089633204,1.6998172597818375,0
1,0,1,1,0.8400143297628127,1,2,0,2,0,0,2,0,2,0,0,2,0.2355865641046238,0.00964008762334503,0
1,1,1,0,-1.0331224013585834,1,2,1,0,0,0,0,0,0,0,1,2,0.35357415111641893,0.6333959487770744,0
0,0,1,1,1.1657772395230555,1,0,0,2,0,0,0,0,0,1,1,0,-0.5005895069689685,-0.37107337941360863,0
1,1,0,0,1.5322605130033284,0,1,0,0,0,0,0,2,2,1,1,2,-0.6484894399837535,-0.22122371158126108,1
0,0,0,0,-0.7888002190384014,1,2,0,2,0,2,0,2,2,0,1,2,0.464914550127549,1.7278809784924893,0
1,1,1,0,0.10704778280226633,1,2,1,0,0,2,0,0,0,1,1,0,0.5596369791370178,-0.4330253622276887,0
0,0,1,0,-1.2367242199587352,1,0,1,0,0,0,0,0,0,0,1,1,0.1873944510998066,-1.20874890772023,0
0,0,0,0,-1.1960038562387048,1,2,1,0,0,0,0,0,0,0,1,2,0.36686852711774764,-0.6088207322642237,1
0,0,0,0,-1.1960038562387048,1,2,1,0,0,0,0,0,0,0,0,2,0.37683930911874425,-0.5458097411969115,0
0,0,0,0,1.2064976032430856,1,2,1,0,0,0,0,2,2,1,1,0,0.9717626351782166,0.791188178508663,0
1,0,1,1,1.6137012404433893,1,2,1,2,2,2,2,0,2,2,0,1,1.302460238211275,1.3381659413030624,0
1,0,1,0,1.247217966963116,1,0,2,1,1,1,1,1,1,2,1,0,-1.4893587220678117,-1.4973286567259876,0
1,1,0,0,-0.5037576729981889,1,0,1,0,0,0,0,0,0,0,0,1,0.21730679710279655,-1.3522445260331848,1
0,1,0,0,0.10704778280226633,1,2,1,2,2,2,2,2,2,1,1,0,1.5301264272340338,0.013346616509657514,0
1,1,1,0,-0.46303730927815856,1,0,1,0,0,0,0,0,0,0,1,2,0.14418772909548702,-1.262758328635069,1
1,0,1,0,1.2064976032430856,1,2,1,2,2,0,0,0,2,1,0,2,1.0415581091851935,0.8790858635269305,0
0,0,0,0,-0.7073594915983407,1,2,0,0,0,0,0,0,0,0,1,3,-0.5305018529719588,1.2534452810444914,0
0,0,0,0,0.9214550572028734,1,0,0,2,0,0,0,0,0,0,1,1,-0.47233895796614456,-0.42931883334137627,0
0,0,0,0,-0.8702409464784621,1,0,0,0,0,0,0,0,0,0,1,3,-0.6684310039857471,0.38982405053368263,0
0,0,1,1,-0.62591876415828,1,2,1,0,0,2,0,2,0,0,0,2,0.7806559801591124,-1.2744074194206225,1
0,0,0,0,1.1657772395230555,1,0,2,1,1,1,1,1,1,1,0,0,-1.505976692069473,-1.4030769221883272,0
0,0,1,0,1.5729808767233588,1,2,0,2,2,2,2,2,2,2,0,1,0.8155537171626008,1.0019308209018585,0
0,0,0,0,-1.2367242199587352,1,0,1,0,0,0,0,0,0,0,0,0,0.17410007509847744,-1.2193389902525513,1
1,0,0,0,0.10704778280226633,1,0,2,1,1,1,1,1,1,2,0,3,-1.5126238800701375,1.1115381751113849,0
0,0,0,0,-0.62591876415828,1,0,1,0,0,0,0,0,0,0,0,0,0.19071804510013865,-1.561398656046532,0
0,0,0,0,-0.46303730927815856,1,2,1,0,0,0,0,2,2,0,1,2,1.0831030341893466,-0.8005012260992407,1
0,0,1,0,0.5956921474426305,1,0,2,1,1,1,1,1,1,2,0,0,-1.4993295040688086,1.650573376006543,0
0,0,1,0,-1.1960038562387048,1,0,2,1,1,1,1,1,1,0,0,3,-1.4594463760648215,1.2513272645380271,0
1,0,0,0,-1.1960038562387048,1,0,2,1,1,1,1,1,1,0,1,3,-1.4993295040688086,1.1221282576437062,0
1,1,1,0,0.47353105628253944,1,0,2,1,1,1,1,1,1,2,1,1,-1.5093002860698053,1.556321641468883,0
0,0,0,0,-1.2774445836787656,1,0,0,0,0,0,0,0,0,0,1,3,-0.6900343649879066,0.2521529776135047,0
0,0,1,1,0.47353105628253944,1,2,1,0,2,2,0,0,2,1,0,2,0.9850570111795457,0.20767463097775488,0
1,0,1,1,-1.1145631287986442,1,2,2,1,1,1,1,1,1,0,1,0,-1.2916048790480432,-1.3871917983898452,1
1,0,0,0,-0.3408762181180675,1,2,0,2,0,0,0,0,0,0,1,0,-0.3028356639492,-1.3363594022347025,1
0,0,0,1,-1.2774445836787656,1,0,1,0,0,0,0,0,0,0,1,2,0.16246749609731476,1.1602525547600633,1
0,0,0,0,-0.5851984004382496,1,0,1,2,0,0,0,0,0,0,1,2,0.35357415111641893,-1.3601870879324258,0
0,0,0,0,-0.9109613101984924,1,2,1,0,0,2,0,2,2,0,1,2,1.1911198392001445,-1.661474935976969,1
0,0,1,0,1.3286586944031769,1,0,0,2,2,2,0,0,2,2,0,0,0.2073360151017999,0.246857936347344,0
0,1,0,0,-1.2774445836787656,1,0,1,0,2,0,0,0,2,0,1,2,0.7058751151516368,1.5785608147867578,1
0,0,0,0,0.8400143297628127,1,2,1,2,0,2,0,2,2,1,1,1,1.4021680582212426,0.8012487569143684,1
1,0,0,0,-1.1960038562387048,1,0,2,1,1,1,1,1,1,1,0,3,-1.4478137970636586,0.5804455361154676,0
1,0,1,0,0.025607055362205634,1,0,0,2,2,0,2,0,0,2,1,3,-0.12336158793125872,-0.8523926305076155,0
1,0,0,0,-1.1960038562387048,0,1,0,0,2,0,0,0,0,0,1,2,-1.16863190103575,1.434535692347187,1
0,0,0,0,0.06632741908223598,1,0,0,2,0,2,2,2,2,1,1,0,0.5047976781315361,-0.47009065109081355,0
0,0,1,1,-0.748079855318371,1,0,2,1,1,1,1,1,1,2,1,3,-1.4976677070686424,-0.5182755266128759,0
0,0,0,0,-0.7888002190384014,1,0,2,1,1,1,1,1,1,0,1,3,-1.477726143066649,-0.4605595768117243,0
1,1,1,0,0.5549717837226001,0,1,0,0,2,2,2,2,2,1,1,0,-0.1615829189350795,-0.43249585810107266,1
1,0,1,1,-0.38159658183809786,1,2,2,1,1,1,1,1,1,1,0,3,-1.343120586053193,0.6471630560690922,0
0,0,1,1,0.5956921474426305,1,0,2,1,1,1,1,1,1,2,0,3,-1.4960059100684764,1.6834026318567394,0
1,0,0,1,-0.62591876415828,1,0,0,2,0,0,0,0,0,0,1,3,-0.4806479429669752,1.5552626332156507,0
0,0,1,1,0.6771328748826912,1,2,1,0,0,0,0,2,2,0,1,2,1.0249401391835322,0.41576975273787004,1
1,1,1,0,1.0843365120829946,0,1,0,0,2,0,0,2,2,0,1,2,-0.4823097399671412,-0.3535997432352784,0
0,0,0,0,1.4915401492832983,1,2,0,2,0,2,2,2,2,2,1,1,0.684271754149477,0.836725533397645,0
1,0,0,0,-0.8702409464784621,0,1,0,0,0,2,0,2,0,1,1,2,-0.7698006209958805,0.38399950514090586,1
1,0,0,0,-0.9109613101984924,1,0,0,2,0,0,0,0,0,0,1,3,-0.4357794239624898,0.6010961970534943,0
1,0,1,1,-0.8295205827584317,1,2,2,1,1,1,1,1,1,2,1,0,-1.3547531650543558,-0.4854462707626796,0
1,0,0,0,0.5142514200025698,1,2,1,0,2,0,0,2,2,0,1,1,1.1994288242009752,0.3982961165595397,1
0,0,1,1,0.26992923768238775,1,0,0,0,0,2,0,2,0,0,1,3,-0.16324471593524553,-0.6792447811041609,0
1,1,1,0,1.5729808767233588,1,2,2,1,1,1,1,1,1,2,0,1,-1.3065610520495383,-1.0244814716578379,0
1,0,1,1,1.5729808767233588,1,2,2,1,1,1,1,1,1,2,0,1,-1.3580767590546883,-1.1430903960198373,0
0,0,1,1,0.025607055362205634,1,2,2,1,1,1,1,1,1,1,0,1,-1.3497677740538576,1.465246931690919,0
1,1,0,0,1.4100994218432374,1,2,1,0,0,0,0,0,0,0,1,3,0.36354493311741554,0.5417917348724944,0
1,0,1,1,0.18848851024232702,0,1,0,2,2,2,0,0,0,0,0,0,-0.8163309370005319,-1.2844679978263278,1
1,0,1,1,0.6771328748826912,1,2,1,0,0,0,0,2,0,0,0,2,0.6560212051466532,0.1949665319389692,1
0,0,1,0,-0.9516816739185228,1,0,0,0,2,0,0,0,0,0,0,3,-0.4623681759651477,0.36228983594964703,0
1,0,1,0,0.7992939660427822,1,2,1,2,0,2,2,0,0,2,1,1,0.8919963791702424,0.3532882657971739,0
0,0,0,0,1.5322605130033284,1,2,1,0,2,0,0,2,2,1,0,2,1.1346187411944968,1.1327183401760277,0
1,0,0,0,-1.2774445836787656,1,0,1,0,2,0,0,0,2,0,1,2,0.6726391751483144,1.5610871786084275,0
0,1,0,0,-0.748079855318371,1,2,1,0,2,0,0,0,0,0,1,2,0.47156173812821356,-1.6196441099742995,1
1,0,0,0,-1.2774445836787656,1,0,0,0,0,0,0,0,0,0,1,3,-0.6800635829869099,0.254800498246585,0
1,0,0,0,-1.2774445836787656,1,0,2,1,1,1,1,1,1,0,0,3,-1.481049737066981,-0.8725137873190261,1
0,0,0,0,0.7992939660427822,1,2,1,0,2,0,0,0,0,1,1,3,0.5131066631323666,0.20820413510437094,0
1,0,0,0,-1.0738427650786138,1,0,0,0,0,2,0,2,0,0,0,3,-0.12834697893175703,0.14678165641690694,0
1,0,1,0,-1.0331224013585834,0,1,0,2,2,0,0,0,0,0,0,3,-1.0157465770204666,-0.5516342865896882,0
0,1,0,0,0.5956921474426305,1,2,1,0,2,2,0,0,0,0,1,0,0.6792863631489789,0.07053306218419297,1
0,0,0,0,-0.2594354906780068,1,0,1,2,0,2,2,0,0,1,1,1,0.7440964461554579,-0.7141920534608214,0
1,0,1,1,-0.30015585439803716,1,0,0,2,0,0,2,0,0,0,0,2,-0.3477041829536853,-1.43908320279822,0
1,0,0,0,1.4915401492832983,1,0,2,1,1,1,1,1,1,2,1,3,-1.517609271070636,-1.4644994008757914,0
0,0,0,0,1.6137012404433893,1,2,1,2,2,2,2,2,2,2,1,1,1.5949365102405126,1.503371228807276,0
1,0,0,0,-1.1552834925186746,1,0,2,1,1,1,1,1,1,0,1,3,-1.4893587220678117,0.8393730540307253,0
1,0,1,1,1.0843365120829946,1,0,2,1,1,1,1,1,1,2,0,3,-1.504314895069307,-1.5756952674651659,0
1,0,0,0,1.4100994218432374,1,0,0,2,0,2,0,0,2,2,0,0,0.02620014208369237,0.23679735794163867,0
0,1,0,0,-0.2594354906780068,1,0,1,0,0,0,0,0,2,0,1,2,0.466576347127715,-0.8613942006600886,0
0,0,0,0,-0.21871512695797646,1,0,0,0,2,2,2,2,2,1,0,3,0.44663478312572175,-0.8227403994171156,0
1,0,1,1,1.6137012404433893,1,2,1,2,0,2,0,2,2,2,0,0,1.3456669602155942,1.3609346187475533,0
0,0,0,0,-1.0738427650786138,1,0,1,0,0,2,2,0,2,0,1,2,0.8138919201624348,0.4523055374743788,0
1,0,1,1,1.2064976032430856,1,0,2,1,1,1,1,1,1,2,0,1,-1.4660935640654862,-1.5132137805244696,0
1,0,0,0,-0.5037576729981889,1,2,0,0,2,0,2,2,0,1,1,2,0.1308933530941583,-1.3194152701829884,0
1,0,0,0,-1.0738427650786138,1,0,0,2,0,2,2,2,2,0,0,1,0.4615909561272169,0.43483190129604854,0
1,0,0,0,0.758573602322752,1,2,2,1,1,1,1,1,1,2,0,3,-1.329826210051864,-1.4978581608526036,0
0,0,1,1,1.1657772395230555,1,0,2,1,1,1,1,1,1,2,0,1,-1.4960059100684764,-1.4226685748731218,0
1,1,1,0,1.2064976032430856,1,2,1,2,2,2,0,0,0,0,1,2,0.8089065291619363,0.7387672699736721,0
0,0,0,0,1.6137012404433893,1,2,1,2,0,0,2,0,0,2,1,0,0.6626683931473177,0.9415673504676266,0
1,1,1,0,-0.7888002190384014,1,0,1,0,2,2,0,2,2,0,1,2,1.1047063951915064,-1.4946811360929073,1
1,0,1,0,-1.1145631287986442,1,0,1,0,0,2,0,2,2,0,1,2,0.9867188081797118,0.5047264460093697,1
1,1,0,0,-1.1960038562387048,1,2,1,0,2,2,0,2,2,0,1,2,1.3373579752147637,-0.3790159413128497,1
0,1,1,0,-0.2594354906780068,1,2,1,0,2,2,0,0,2,0,1,2,0.966777244177718,-0.6559465995330538,1
1,1,0,0,-0.7888002190384014,1,0,0,0,2,0,0,2,0,0,1,2,-0.1615829189350795,1.4244751139414817,0
0,0,1,1,0.22920887396235737,1,0,2,1,1,1,1,1,1,2,1,3,-1.4893587220678117,1.350344536215232,0
0,1,1,0,-0.9924020376385531,1,2,1,0,0,0,0,0,2,0,1,2,0.6394032351449919,0.9240937142892963,1
1,1,1,1,0.06632741908223598,1,2,1,0,2,2,2,2,2,0,1,2,1.4669781412277214,-0.06607900248275285,0
1,0,0,0,-0.5851984004382496,0,1,0,2,0,2,0,0,0,0,0,3,-1.03568814102246,0.6942889233379224,0
1,0,1,1,0.9621754209229036,1,0,1,0,2,2,2,0,0,1,1,3,0.7008897241511383,0.4178877692443343,0
0,0,0,0,0.14776814652229667,0,1,0,0,2,0,2,0,0,0,1,0,-0.9941432160183071,-1.4655584091290235,0
0,0,1,0,-0.9516816739185228,0,1,0,0,0,2,0,2,2,0,1,2,-0.532163649972125,0.2638020683990582,1
1,0,0,0,-1.2774445836787656,1,0,1,0,0,2,0,2,0,0,1,2,0.6676537841478158,1.5467905671897937,1
1,0,0,0,-0.8295205827584317,1,0,0,2,0,0,2,0,0,0,0,3,-0.2695997239458775,1.0448206551577601,1
0,1,1,1,1.002895784642934,1,0,1,0,2,2,2,2,0,0,1,1,1.0149693571825356,0.7181166090356454,0
0,0,0,0,0.3920903288424788,1,0,0,2,2,2,2,0,2,1,0,1,0.30372024111143525,-0.27258561186301977,1
0,0,1,1,0.025607055362205634,1,2,2,1,1,1,1,1,1,2,1,3,-1.3381351950526947,1.3074547019593303,1
1,0,1,0,1.5322605130033284,1,0,1,2,2,0,2,0,0,2,0,0,0.6593447991469852,0.767889996937556,0
0,0,0,0,1.4508197855632678,0,1,0,0,2,0,2,0,2,0,0,2,-0.6584602219847502,-0.30753288421968034,0
1,0,0,1,-1.2774445836787656,0,1,0,0,0,0,0,0,0,0,1,2,-1.33148800705203,-0.6437680046208842,0
0,0,0,0,0.18848851024232702,1,2,1,0,0,0,2,2,2,0,0,1,1.1811490571991479,-0.09996726658618127,0
0,0,0,1,-1.1552834925186746,1,2,2,1,1,1,1,1,1,0,1,3,-1.3065610520495383,1.5425545341768652,0
1,0,0,0,-1.2774445836787656,1,0,0,2,0,0,0,0,0,0,1,3,-0.467353566965646,0.5163755367949232,0
1,0,0,0,-0.5037576729981889,0,1,0,2,2,2,2,2,0,0,1,1,-0.3244390249513595,-1.561928160173148,0
1,0,1,1,1.6137012404433893,1,0,0,2,2,0,2,2,0,2,0,0,0.12092257109316168,0.44330396732190563,0
0,0,0,0,-0.055833672077855064,1,2,1,0,0,2,0,0,2,0,1,2,0.8354952811645946,-0.43673189111400124,1
1,1,1,0,-0.5851984004382496,1,0,1,0,0,0,0,0,2,0,0,2,0.4582673621268844,-1.3141202289168277,1
1,0,1,0,-0.8702409464784621,1,0,0,0,0,0,0,2,0,0,1,0,-0.3227772279511935,0.905561069857734,0
0,0,1,1,0.025607055362205634,1,0,2,1,1,1,1,1,1,2,0,1,-1.4943441130683104,1.0098733828010995,0
0,1,0,0,1.2064976032430856,1,2,1,0,0,0,0,2,0,1,0,2,0.6543594081464871,0.49731338823674465,0
0,0,0,0,-1.2774445836787656,0,1,0,0,0,2,2,0,0,0,0,3,-0.9592454790148186,-0.11744090276451155,0
1,0,1,0,-0.6666391278783103,1,0,1,2,2,0,0,0,0,0,0,0,0.531386430134194,-1.4147260129738808,0
1,0,1,1,-0.4223169455581282,1,2,0,0,0,2,2,2,2,1,1,3,0.4615909561272169,-1.11714469381565,0
0,0,1,1,0.6771328748826912,1,0,0,2,0,2,2,0,0,0,0,0,-0.10009642992893289,-0.3329490822972517,0
1,0,1,1,0.14776814652229667,1,0,0,2,0,2,0,0,2,1,1,1,-0.035286346922454,-0.7692604826288926,0
1,0,1,0,0.3920903288424788,1,2,1,0,2,2,2,0,2,0,1,2,1.1528985081963241,0.1451931440370587,1
1,1,0,0,-1.1552834925186746,0,1,0,0,0,0,0,0,0,0,1,0,-1.3148700370503688,-1.7054237784861028,1
0,0,0,0,-0.8295205827584317,1,2,0,0,0,0,2,2,2,1,0,3,0.3087056321119333,1.5955049468384719,1
0,0,0,0,-0.055833672077855064,1,0,1,2,0,2,2,0,0,0,0,2,0.7590526191569525,-0.47114965934404573,0
1,0,1,0,-1.1145631287986442,1,2,1,2,0,0,0,0,2,0,1,2,0.8105683261621028,0.13989810277089804,0
1,0,1,1,1.369379058123207,1,0,2,1,1,1,1,1,1,2,0,1,-1.4876969250676457,-1.3681296498316668,0
0,1,0,0,-0.7073594915983407,1,2,0,0,0,0,2,0,0,0,0,1,-0.3244390249513595,1.3519330485950802,1
1,0,0,0,1.2879383306831464,1,2,1,0,2,2,0,2,2,2,1,0,1.3174164112127704,1.0882399935402778,0
1,0,1,1,-0.9109613101984924,1,0,2,1,1,1,1,1,1,0,1,1,-1.4860351280674797,-0.7756145321482855,0
1,0,1,1,-1.0331224013585834,1,0,1,0,2,0,2,2,0,0,1,2,0.830509890164096,0.9066200781109661,1
1,0,0,0,-0.13727439951791576,0,1,0,0,2,0,2,0,0,0,0,2,-1.0124229830201346,-1.7186613816515046,0
1,0,0,0,1.002895784642934,1,0,2,1,1,1,1,1,1,2,0,0,-1.4660935640654862,-1.598463944909657,0
0,0,0,0,0.5549717837226001,1,2,1,2,2,0,0,0,0,0,0,3,0.6477122201458225,0.018112153649202135,0
1,0,0,0,0.8400143297628127,1,0,2,1,1,1,1,1,1,2,0,0,-1.4993295040688086,1.7146433753270875,0
0,0,0,0,-0.62591876415828,1,0,0,2,2,0,2,2,2,1,0,1,0.5014740841312035,-1.354892046666265,0
0,0,1,1,0.22920887396235737,1,0,2,1,1,1,1,1,1,2,1,3,-1.481049737066981,1.3206923051247321,0
1,0,0,0,-0.7073594915983407,1,0,2,1,1,1,1,1,1,1,0,3,-1.4943441130683104,-0.32659503277785884,0
0,0,0,0,-0.4223169455581282,0,1,0,0,2,0,0,2,2,0,1,2,-0.47898614596680894,-1.6217621264807638,0
1,0,1,0,-0.748079855318371,1,2,1,0,0,0,0,0,2,0,1,2,0.677624566148813,-1.5831083252377909,1
0,0,1,0,1.002895784642934,1,2,0,0,2,2,2,2,0,1,0,0,0.32698539911376057,0.23944487857471902,0
1,1,0,0,-0.8702409464784621,1,0,1,0,0,0,0,0,2,0,1,1,0.47820892612887816,1.5160793278460616,0
0,0,1,1,-1.2774445836787656,1,0,2,1,1,1,1,1,1,2,0,3,-1.4760643460664828,-0.8709252749391779,0
1,0,1,1,-0.8295205827584317,1,0,2,1,1,1,1,1,1,2,0,0,-1.4527991880641573,-0.5246295761322687,0
1,1,1,0,-1.1960038562387048,1,2,1,0,0,0,0,2,2,0,1,2,0.9917041991802098,-0.44467445301324227,1
1,0,0,1,0.14776814652229667,1,0,1,0,2,0,0,2,2,0,1,2,0.9950277931805424,-0.1116163573717348,0
1,0,0,0,-0.6666391278783103,1,0,1,2,0,0,0,2,2,0,1,2,0.9800716201790471,-1.2590517997487565,1
1,0,1,1,1.3286586944031769,1,2,0,2,2,2,0,0,2,1,0,1,0.25552812810661757,0.3612308276964149,1
1,0,0,0,-1.2367242199587352,1,0,1,0,2,0,0,0,0,0,0,2,0.3386179781149237,-1.2346946099244174,0
0,0,0,0,0.3920903288424788,1,2,1,2,0,2,0,2,2,0,1,2,1.3440051632154282,0.2616840518925939,1
1,0,1,1,1.6137012404433893,1,0,1,2,2,2,2,2,2,2,0,0,1.5683477582378549,1.4700124688304637,0
1,0,0,0,1.2064976032430856,1,0,2,1,1,1,1,1,1,2,0,0,-1.4926823160681442,-1.4798550205476573,0
0,0,0,0,-1.0738427650786138,1,2,1,0,2,0,0,2,0,0,1,2,0.830509890164096,0.7022314852371634,0
1,0,1,0,0.6364125111626608,1,0,2,1,1,1,1,1,1,2,1,3,-1.4860351280674797,-1.6853026216746922,0
1,0,0,0,0.10704778280226633,1,2,1,2,0,2,2,2,2,2,1,2,1.4686399382278874,0.09806727676822857,0
1,0,0,1,0.7992939660427822,1,0,2,1,1,1,1,1,1,1,0,1,-1.4993295040688086,1.6563979213993199,0
0,0,0,0,-1.2774445836787656,0,1,0,0,0,0,0,0,0,0,1,3,-1.3248408190513656,-0.642179492241036,0
1,0,1,0,-1.0738427650786138,1,2,1,0,0,0,0,2,0,0,1,2,0.6011819041411709,0.34534570389793284,1
0,0,1,0,1.5729808767233588,1,2,0,2,2,2,2,2,2,2,0,1,0.9451738831755587,1.0337010684988226,0
0,0,1,1,1.4100994218432374,1,0,1,2,2,2,0,0,0,1,0,0,0.6659919871476498,0.7281771874413508,0
1,1,0,0,1.125056875803025,1,2,0,2,2,0,0,0,2,1,1,2,0.23226297010429173,0.24103339095456722,0
1,0,1,1,-0.38159658183809786,0,1,0,0,0,0,2,0,0,0,1,0,-1.1437049460332582,1.1147151998710811,0
1,0,0,1,0.26992923768238775,0,1,0,0,0,2,2,2,2,1,0,0,-0.32942441595185784,-0.7660834578691962,0
1,0,1,1,-0.7073594915983407,1,0,2,1,1,1,1,1,1,1,1,3,-1.504314895069307,-0.6511810623935093,0
1,1,1,0,0.8400143297628127,1,2,1,0,2,2,0,2,2,0,1,2,1.2991366442109427,0.6852873531854492,1
1,0,1,1,-0.3408762181180675,1,2,2,1,1,1,1,1,1,2,0,3,-1.3481059770536914,0.9082085904908143,0
0,0,1,1,0.18848851024232702,1,0,2,1,1,1,1,1,1,0,0,2,-1.5093002860698053,1.1321888360494115,0
0,0,1,1,-1.1145631287986442,1,0,1,0,2,0,0,0,2,0,1,2,0.6261088591436628,0.10389182216100533,1
0,1,1,0,0.7178532386027215,1,2,1,0,0,0,2,2,2,1,1,2,1.1927816362003112,0.576739007229155,0
0,0,0,0,0.880734693482843,1,0,1,0,0,2,0,2,2,1,1,1,0.9750862291785486,0.5423212389991106,0
0,0,0,0,-1.1960038562387048,1,0,1,2,0,0,0,0,0,0,1,2,0.32532360211359457,-0.6850693264969376,0
1,0,0,0,1.4508197855632678,1,2,1,0,2,2,2,2,2,1,0,2,1.4520219682262263,1.2476207356517146,1
1,0,0,0,-1.1145631287986442,1,0,0,0,0,2,2,0,0,0,0,2,-0.28621769394753876,-0.3933125527314836,0
1,0,0,0,0.025607055362205634,1,0,2,1,1,1,1,1,1,2,0,3,-1.4760643460664828,1.1528394969874383,0
0,0,0,0,0.35136996512244845,1,2,0,0,2,2,0,2,2,1,1,2,0.5247392421335293,-0.22175321570787718,0
0,0,1,1,0.06632741908223598,0,1,0,2,0,2,2,2,2,1,0,3,-0.11671439993059413,-0.8767498203319546,0
0,0,1,1,-0.7888002190384014,1,0,2,1,1,1,1,1,1,0,1,3,-1.4727407520661506,-0.5638128815018578,0
0,0,0,0,-0.5037576729981889,1,0,2,1,1,1,1,1,1,0,1,1,-1.5242564590713006,-0.13491453894284183,0
0,1,0,0,0.758573602322752,1,0,2,1,1,1,1,1,1,2,0,1,-1.5009913010689746,1.7056418051746143,0
0,0,1,0,-1.1960038562387048,1,2,1,0,2,0,0,0,2,0,1,1,0.8886727851699104,-0.6305304014554826,1
0,0,0,1,0.35136996512244845,1,0,0,0,0,0,0,0,0,0,0,0,-0.6501512369839195,-0.9826506456551685,0
0,0,0,0,-0.7888002190384014,1,0,2,1,1,1,1,1,1,0,0,1,-1.505976692069473,-0.6903643677630983,0
1,0,1,1,0.10704778280226633,1,2,2,1,1,1,1,1,1,2,0,0,-1.3065610520495383,1.479543543109553,0
1,0,1,0,-0.8295205827584317,1,0,1,2,0,0,2,0,0,0,0,0,0.534710024134526,1.588621393192463,1
1,0,0,0,-1.1552834925186746,1,0,1,2,2,0,2,0,2,0,1,3,1.001674981181207,-0.07402156438199389,0
0,0,0,0,0.43281069256250915,0,1,0,0,0,2,0,2,2,0,1,0,-0.5221928679711283,-0.8243289117969638,1
0,1,1,1,-0.8295205827584317,0,1,0,0,0,0,2,0,0,0,1,3,-1.1786026830367469,-0.09573123357325272,0
1,1,1,0,1.4508197855632678,1,2,1,0,2,2,0,2,2,0,1,2,1.3473287572157604,1.27250742960267,1
1,1,0,0,-0.30015585439803716,1,2,1,0,2,0,0,2,0,0,1,2,0.8039211381614382,-0.7009544502954197,1
0,0,0,0,-1.0331224013585834,1,0,2,1,1,1,1,1,1,1,0,3,-1.479387940066815,-1.446496260570845,0
1,1,1,0,1.369379058123207,1,2,1,0,2,2,2,2,2,1,1,2,1.5317882242341998,1.327575858770741,1
0,0,1,0,0.8400143297628127,1,0,1,2,2,2,2,2,2,1,0,2,1.5201556452330371,0.8213699137257789,0
1,1,0,0,1.247217966963116,1,2,1,2,2,2,0,2,2,0,1,0,1.4835961112293827,1.2063194137756612,0
0,0,1,1,1.5322605130033284,1,2,1,2,2,2,2,2,2,2,1,0,1.6431286232453304,1.3895278415848211,1
1,1,1,0,-0.21871512695797646,0,1,0,0,0,0,0,0,2,0,0,0,-0.9393039150128251,-1.6890091505610045,1
0,0,0,0,-1.2774445836787656,1,0,1,0,0,0,0,0,0,0,0,3,0.19902703010096928,1.19572933124334,1
0,0,0,0,-1.1145631287986442,1,0,2,1,1,1,1,1,1,0,0,3,-1.4893587220678117,-1.631293200759853,0
0,1,1,0,0.18848851024232702,1,0,2,1,1,1,1,1,1,1,0,3,-1.5009913010689746,1.2672123883365092,0
1,0,0,0,-1.1960038562387048,0,1,0,0,0,2,0,2,0,0,1,3,-0.8179927340006982,-1.4332586574054433,1
0,0,0,1,-0.8295205827584317,1,2,1,0,0,0,0,0,0,0,1,2,0.3934572791204055,1.6166851119031147,0
0,0,1,1,0.22920887396235737,1,0,2,1,1,1,1,1,1,1,0,1,-1.5009913010689746,1.3683476765201783,0
0,0,0,0,-0.9516816739185228,1,0,1,0,0,2,0,0,2,0,1,1,0.682609957149311,1.412296519029312,0
1,0,1,0,-0.7888002190384014,1,2,0,2,0,0,0,0,2,0,1,2,0.03617092408468901,1.6278046985620522,0
1,1,1,0,-0.13727439951791576,1,2,1,0,0,0,0,2,2,0,1,2,0.9867188081797118,-0.5066264358273224,1
0,0,1,1,0.5956921474426305,1,0,2,1,1,1,1,1,1,2,0,1,-1.4860351280674797,-1.707012290865951,0
1,0,1,0,1.1657772395230555,1,2,1,2,0,2,2,2,0,0,0,0,1.1512367111961581,0.8557876819558234,0
1,0,0,0,-0.6666391278783103,1,0,2,1,1,1,1,1,1,0,0,3,-1.4876969250676457,-0.46003007268510826,0
0,0,1,1,0.35136996512244845,1,0,0,2,2,0,2,2,2,2,0,2,0.45494376812655235,-0.2868822232816537,0
0,0,0,1,0.43281069256250915,1,2,2,1,1,1,1,1,1,2,1,2,-1.3181936310507012,-1.6524733658244959,0
0,0,1,1,0.14776814652229667,1,2,1,0,2,2,0,2,0,0,1,0,1.0831030341893466,-0.14126858846223467,1
0,0,0,0,-1.0738427650786138,1,0,0,0,0,0,0,0,2,0,1,2,-0.3244390249513595,-0.1645667700333417,0
0,0,0,0,1.0436161483629645,1,2,0,2,2,2,2,0,0,1,1,1,0.21065960910213194,0.20979264748421914,0
1,0,0,0,-0.5444780367182193,1,0,0,0,0,0,2,2,0,0,1,1,-0.10674361792959748,-1.6270571677469245,0
1,0,1,0,-0.8702409464784621,1,0,0,0,0,0,0,0,0,0,1,0,-0.626886078981594,0.5873290897614765,0
0,0,0,0,0.26992923768238775,0,1,0,2,2,0,2,0,0,1,1,0,-0.8130073430001998,-1.139913371260141,0
0,1,0,0,-0.9924020376385531,1,0,1,0,2,0,0,2,0,0,1,2,0.7424346491552913,1.235971644866161,0
0,0,0,1,-0.2594354906780068,1,2,0,0,0,0,0,0,0,0,1,3,-0.5072366949696331,-1.46873543388872,0
0,1,0,0,0.8400143297628127,1,0,1,0,2,0,0,0,0,0,1,1,0.3003966471111027,0.08588868185605898,0
0,0,1,1,1.5322605130033284,1,0,2,1,1,1,1,1,1,2,1,3,-1.5142856770703037,-1.3347708898548545,0
1,0,0,0,-1.2774445836787656,0,1,0,0,0,0,0,2,2,0,1,3,-0.6468276429835875,0.29557231599602235,1
1,0,0,0,1.0843365120829946,1,2,2,1,1,1,1,1,1,2,0,3,-1.3215172250510334,-1.2331060975445691,0
1,0,0,0,-1.2367242199587352,1,0,1,0,0,2,0,2,2,0,0,2,1.003336778181373,-1.0329535376836951,1
1,0,0,0,-1.0331224013585834,0,1,0,2,0,2,0,0,0,1,0,3,-0.9791870430168121,-0.5140394935999473,0
0,0,0,1,-0.8295205827584317,1,0,0,0,0,0,0,0,0,0,1,2,-0.6717545979860794,0.42212380225726287,1
1,0,1,1,1.0843365120829946,1,0,0,0,2,2,2,2,2,1,0,1,0.39844267012090406,0.32469504295990614,0
1,0,1,1,1.1657772395230555,1,2,0,0,0,2,2,2,2,2,1,0,0.5396954151350245,0.5036674377561375,0
1,0,1,1,1.6137012404433893,1,2,1,2,0,2,0,2,2,2,1,0,1.3556377422165908,1.342931478442607,0
0,0,1,1,-0.7888002190384014,1,0,2,1,1,1,1,1,1,0,0,3,-1.5275800530716328,-0.5786389970471078,0
0,0,1,1,1.2879383306831464,1,2,2,1,1,1,1,1,1,1,0,3,-1.3248408190513656,-1.1690360982240249,0
1,0,1,0,-1.2774445836787656,0,1,0,0,0,0,0,0,0,0,1,2,-1.3730329320561832,-0.6977774255357233,1
0,0,0,0,-0.9109613101984924,1,0,0,0,2,0,2,0,2,1,0,3,0.004596781081533054,1.1396018938220365,0
0,0,1,1,1.3286586944031769,1,0,0,2,2,2,0,0,0,1,0,0,-0.11339080593026184,0.029761244434755658,0
0,0,1,0,1.2064976032430856,1,2,1,2,2,2,2,2,2,2,0,3,1.6348196382444997,1.1538985052406703,0
0,0,1,0,0.9214550572028734,1,2,0,2,2,2,2,2,2,1,1,2,0.8438042661654253,0.4814282644382626,0
0,0,1,0,-0.30015585439803716,1,2,0,0,2,0,0,0,0,0,0,2,-0.3543513709543497,-1.3691886580848989,0
1,0,0,0,-1.2774445836787656,0,1,0,2,0,0,0,0,0,0,0,3,-1.1653083070354178,-0.3991370981242603,1
1,0,0,0,-1.2774445836787656,1,0,0,2,0,0,0,0,0,0,1,1,-0.4972659129686364,0.4697791736527091,0
0,0,1,0,1.0843365120829946,1,2,1,0,2,0,0,2,2,0,0,2,1.2077378092018058,0.8902054501858679,1
1,1,1,1,1.2879383306831464,1,2,2,1,1,1,1,1,1,2,1,0,-1.341458789053027,-1.2039833705806853,0
1,0,1,0,0.14776814652229667,1,2,1,0,0,0,0,2,2,0,1,0,1.0049985751815391,-0.14656362972839534,0
0,0,0,0,-1.1960038562387048,1,2,0,0,0,0,0,0,0,0,1,3,-0.4690153639658123,-1.2357536181776494,1
1,0,1,0,1.1657772395230555,1,2,0,2,0,2,0,0,2,2,1,3,0.17077648109814536,0.18543545765987998,0
1,0,0,1,-0.2594354906780068,0,1,0,0,2,0,0,2,0,1,1,0,-0.8246399220013625,-1.700128737219942,0
0,0,0,0,-1.2774445836787656,1,0,0,0,0,0,0,0,2,0,1,2,-0.3111446489500306,0.691111898578226,1
0,1,1,0,-1.2774445836787656,1,2,1,0,2,0,0,2,0,0,1,2,0.85876043916692,1.6240981696757397,1
1,0,1,1,1.4508197855632678,1,0,1,2,2,2,0,2,2,2,1,1,1.2791950802089493,1.2158504880547505,0
1,1,1,0,-1.2367242199587352,1,2,1,0,0,0,0,2,0,0,1,3,0.7341256641544608,-1.1923342797951317,1
0,0,1,0,1.6137012404433893,1,2,1,2,2,2,2,0,0,2,1,0,0.9800716201790471,1.1390723896954205,0
0,0,1,0,1.5729808767233588,0,1,0,0,0,2,2,0,2,2,1,2,-0.5886647479777732,-0.22228271983449324,0
1,0,0,0,1.002895784642934,1,0,2,1,1,1,1,1,1,2,0,1,-1.4694171580658184,-1.4814435329275055,0
1,0,0,0,-1.1552834925186746,1,0,2,1,1,1,1,1,1,0,1,3,-1.4993295040688086,1.090358010046742,0
0,1,0,0,-1.2774445836787656,1,0,1,0,0,0,0,0,0,0,1,2,0.18074726309914202,1.1899047858505631,0
1,0,1,1,1.6137012404433893,1,2,0,2,2,2,2,0,2,2,0,1,0.5396954151350245,0.7895996661288148,0
1,0,1,1,-0.46303730927815856,1,2,0,2,0,0,0,2,2,1,1,0,0.37019212111808014,-1.2034538664540693,0
0,0,1,1,1.5729808767233588,1,2,2,1,1,1,1,1,1,2,0,0,-1.33148800705203,-1.003301306593195,0
0,1,1,0,-0.13727439951791576,1,2,1,0,0,2,0,2,2,0,1,0,1.1396041321949948,-0.37477990829992114,1
0,1,0,0,1.4915401492832983,1,2,1,2,0,2,2,2,2,2,0,1,1.5118466602322065,1.3228103216311964,0
0,0,1,0,1.2879383306831464,1,2,0,2,0,2,2,2,2,2,1,1,0.6726391751483144,0.6847578490588331,0
1,0,0,0,-0.6666391278783103,1,0,2,1,1,1,1,1,1,0,0,1,-1.4960059100684764,-0.37795693305961753,0
0,0,0,0,-1.1552834925186746,1,2,2,1,1,1,1,1,1,1,0,2,-1.3580767590546883,1.7077598216810785,0
0,0,0,0,0.7992939660427822,1,2,1,2,2,0,2,2,2,1,1,1,1.5450826002355291,0.8436090870436539,1
1,0,0,0,-1.2367242199587352,1,0,0,2,0,2,0,0,0,0,1,3,-0.32111543095102724,-1.5931689036434962,1
1,0,0,0,-1.2774445836787656,1,0,2,1,1,1,1,1,1,0,0,3,-1.4893587220678117,-0.9344657701331062,0
1,0,0,0,-0.5851984004382496,0,1,0,0,0,0,0,0,0,0,0,3,-1.3165318340505352,0.40994520734509327,0
0,0,0,0,-1.2367242199587352,1,2,0,0,2,0,0,0,0,0,0,3,-0.35268957395418365,-1.7133663403853439,0
0,0,1,0,-0.5444780367182193,1,0,0,0,2,0,0,0,2,0,1,3,-0.16490651293541178,-1.5899918788837997,0
0,0,0,0,0.3106496014024181,1,2,1,0,0,0,0,0,2,0,0,0,0.6344178441444933,-0.10420329959910983,0
0,1,1,1,1.369379058123207,1,2,1,0,2,2,0,2,2,1,1,2,1.3340343812144315,1.1544280093672865,0
1,0,0,0,-0.46303730927815856,1,2,1,0,0,0,0,0,0,0,0,3,0.3502505571160864,-1.1838622137692747,0
1,0,0,0,-0.9924020376385531,1,0,0,0,2,0,2,2,0,0,1,2,0.06275967608734737,0.5830930567485478,0
0,0,1,1,1.6137012404433893,1,0,1,2,2,2,2,2,2,2,1,1,1.4869197052297147,1.419709576801937,0
0,0,0,0,0.6364125111626608,1,2,0,0,2,2,2,2,0,1,1,0,0.3020584441112687,-0.08196412628123492,0
1,0,0,0,1.4915401492832983,1,0,2,1,1,1,1,1,1,2,1,0,-1.5109620830699715,-1.28552700607956,0
1,0,0,0,1.6137012404433893,1,2,1,2,2,2,2,2,2,2,1,2,1.7760723832586203,1.5716772611407488,0
0,0,0,0,-0.748079855318371,1,0,0,0,2,0,0,0,0,1,0,1,-0.4424266119631542,1.2677418924631252,0
1,0,0,0,-1.0738427650786138,1,0,0,0,2,0,0,2,0,0,0,2,-0.17653909193657447,-0.08778867167401168,0
0,0,1,1,-0.9924020376385531,1,0,2,1,1,1,1,1,1,2,0,0,-1.504314895069307,-1.1722131229837212,0
0,0,0,0,-0.62591876415828,1,0,2,1,1,1,1,1,1,1,0,3,-1.502653098069141,-0.43832040349384943,0
1,0,0,0,1.3286586944031769,1,2,1,2,0,0,2,0,2,1,0,2,0.9568064621767214,0.9013250368448054,0
0,0,1,1,1.002895784642934,1,0,0,2,0,2,2,0,0,1,1,3,-0.18152448293707302,-0.2159286703151004,0
1,0,1,0,-0.7888002190384014,1,2,1,0,0,2,0,2,2,0,1,1,1.245959140205627,-1.3808377488704524,1
1,1,0,0,-0.5444780367182193,1,0,1,0,0,2,0,2,2,0,1,1,1.0349109211845293,-1.0350715541901594,1
0,0,1,0,0.9621754209229036,1,2,1,2,2,2,0,2,2,1,0,0,1.4968904872307114,0.9161511523900553,0
0,0,1,0,-0.748079855318371,1,0,1,0,0,0,0,0,2,0,1,2,0.4433111891253892,-1.6011114655427372,0
1,0,1,0,0.7992939660427822,0,1,0,2,0,0,0,0,2,0,1,2,-0.8263017190015288,-0.8492156057479191,0
0,0,0,0,1.0436161483629645,1,0,0,2,2,2,2,0,0,2,1,1,0.004596781081533054,-0.002538507288824559,0
0,1,0,0,0.5956921474426305,1,2,1,0,2,0,2,2,0,0,1,2,1.0066603721817051,0.3035148778952634,1
0,0,0,0,1.4100994218432374,0,1,0,0,0,2,2,2,2,0,1,1,-0.3776165289566755,-0.08514115104093134,0
1,0,0,0,-1.2367242199587352,0,1,0,0,0,0,0,0,0,0,1,1,-1.3248408190513656,0.4687201653994769,0
1,1,0,0,-1.0738427650786138,1,0,0,0,0,0,0,0,0,0,0,1,-0.6667692069855808,-0.4552645355455636,0
1,0,1,1,1.5729808767233588,1,2,1,2,2,2,2,2,2,2,1,0,1.6364814352446657,1.4991351957943475,0
0,0,1,1,0.5549717837226001,1,0,2,1,1,1,1,1,1,2,0,0,-1.479387940066815,1.6135080871434184,0
0,0,0,0,-1.1145631287986442,1,0,0,2,0,0,2,0,0,0,0,1,-0.3626603559551803,-0.5378671792976705,1
1,1,1,0,1.4100994218432374,1,2,1,2,2,0,0,0,0,0,0,0,0.6344178441444933,0.7239411544284222,0
1,0,0,1,-1.1960038562387048,1,0,2,1,1,1,1,1,1,0,0,0,-1.481049737066981,0.515316528541691,0
0,0,0,0,-1.1960038562387048,1,0,2,1,1,1,1,1,1,0,0,3,-1.4893587220678117,0.806014294053913,0
1,1,1,0,0.7992939660427822,1,2,1,2,0,2,0,2,2,0,1,2,1.3107692232121058,0.7191756172888776,1
0,0,1,0,0.3920903288424788,1,2,0,0,0,0,0,0,0,0,1,2,-0.4823097399671412,-0.7533753588304105,1
1,0,1,1,0.7178532386027215,1,0,2,1,1,1,1,1,1,1,1,3,-1.4760643460664828,1.671753541071186,0
1,1,1,0,-0.38159658183809786,1,0,1,2,2,0,0,0,2,0,1,2,0.8388188751649267,-0.8470975892414547,0
0,0,1,1,1.4100994218432374,0,1,0,2,2,2,2,2,0,2,0,1,-0.3510277769540174,-0.06766751486260106,0
0,0,0,0,-0.30015585439803716,1,0,1,0,2,2,0,2,2,0,1,2,1.15456030519649,-0.6644186655589109,1
0,1,1,0,0.26992923768238775,1,0,1,2,2,0,0,2,2,1,0,3,1.141265929195161,0.031879260941219935,0
0,0,0,0,1.4915401492832983,1,2,0,2,2,0,2,0,0,2,1,3,0.07106866108817798,0.33687363787207575,0
0,0,0,0,-1.2774445836787656,0,1,0,0,0,0,0,0,0,1,0,3,-1.2932666760482092,-0.5818160218068041,0
1,0,0,0,-0.015113308357824713,1,0,1,0,0,0,0,2,2,0,0,2,0.8737166121684152,-0.412374701289662,0
0,0,0,0,-0.9516816739185228,1,0,1,0,0,0,0,0,0,0,0,2,0.2073360151017999,1.097241563692751,1
0,0,0,0,-0.6666391278783103,1,0,1,0,2,2,0,0,2,0,1,1,0.9451738831755587,-1.1828032055160427,1
1,0,1,1,1.125056875803025,1,0,2,1,1,1,1,1,1,2,1,0,-1.4561227820644893,-1.460792871989479,0
0,0,1,1,1.6137012404433893,1,2,1,0,2,2,2,2,2,2,1,0,1.476948923228718,1.3858213126985086,0
1,0,1,0,-1.1145631287986442,1,0,2,1,1,1,1,1,1,0,0,3,-1.5093002860698053,-1.4740304751548805,1
0,1,0,0,-0.2594354906780068,1,0,1,2,0,0,0,2,0,0,1,1,0.6992279271509723,-0.7639654413627319,0
1,0,0,0,-1.1960038562387048,1,0,2,1,1,1,1,1,1,0,0,3,-1.4926823160681442,1.0066963580414032,1
1,0,0,0,-1.2367242199587352,1,0,2,1,1,1,1,1,1,0,1,2,-1.4993295040688086,-0.29747230581397505,0
0,0,0,1,-1.2367242199587352,1,0,2,1,1,1,1,1,1,1,0,0,-1.4710789550659844,-0.0009499949089763517,0
0,0,0,0,0.14776814652229667,1,2,0,2,0,2,2,2,2,1,1,1,0.827186296163764,-0.18733544747783268,0
1,0,0,0,-1.0331224013585834,1,0,1,2,0,0,0,0,0,0,0,3,0.31867641411292996,0.6344549570303065,0
0,1,1,0,1.125056875803025,0,1,0,0,2,0,0,2,2,2,1,1,-0.5088984919697991,-0.39543056923794784,0
0,0,1,0,-0.5444780367182193,1,2,1,0,2,0,0,0,2,0,1,2,0.8089065291619363,-1.147326429032766,0
1,1,1,0,0.5142514200025698,1,2,0,2,0,2,2,0,2,2,0,1,0.34526516611558833,-0.1269719770436008,0
1,1,0,0,-1.1552834925186746,1,0,1,0,0,0,0,0,0,0,1,2,0.19570343610063723,-0.3837814784523943,0
0,0,1,1,-0.055833672077855064,1,2,1,0,0,2,2,2,2,0,1,2,1.3107692232121058,-0.23022528173373427,1
1,0,1,1,0.5956921474426305,1,0,1,2,0,2,0,0,2,0,0,2,0.8404806721650927,0.14466363991044265,0
1,0,0,0,-1.2774445836787656,1,0,1,0,0,0,0,0,2,0,1,2,0.4815325201292102,1.4334766840939548,1
0,0,0,0,-1.2774445836787656,1,0,0,0,0,0,0,0,0,0,1,0,-0.6601220189849164,0.2600955395127457,1
0,0,0,0,-1.2774445836787656,1,0,2,1,1,1,1,1,1,0,0,1,-1.5076384890696393,-0.9402903155258829,0
0,1,1,1,1.0843365120829946,1,2,1,0,0,2,0,0,2,0,1,1,0.7972739501607736,0.6386909900432352,0
1,0,1,0,-0.9109613101984924,1,0,1,0,0,0,0,0,0,0,1,2,0.1774236690988095,1.0601762748296262,1
1,1,0,0,0.10704778280226633,1,2,1,2,0,0,0,0,2,0,0,1,0.8720548151682491,-0.26146602520408235,0
1,0,0,0,-1.1552834925186746,0,1,0,0,0,2,0,0,0,0,1,2,-1.166970104035584,-1.546572540501282,1
1,0,1,1,-0.015113308357824713,1,0,1,2,2,0,0,0,2,1,1,2,0.8654076271675846,-0.33347858642386774,0
1,0,0,0,0.43281069256250915,1,2,1,0,2,0,0,0,0,0,1,2,0.4350022041245586,-0.1783338773253595,1
1,0,0,0,-1.1552834925186746,1,0,0,0,0,0,0,0,2,0,0,2,-0.3477041829536853,-0.9032250266627581,1
0,1,1,0,0.880734693482843,1,0,2,1,1,1,1,1,1,2,1,3,-1.5225946620711341,-1.6905976629408528,0
0,1,0,0,-0.8702409464784621,1,2,1,0,0,0,0,2,2,0,1,0,1.0099839661820376,1.7299989949989536,1
0,1,0,0,1.369379058123207,1,2,1,2,0,0,0,2,2,2,1,0,1.2509445312061254,1.0268175148528138,0
1,0,1,1,1.1657772395230555,1,2,1,0,0,2,0,2,2,1,1,2,1.1678546811978192,0.9563934660128766,0
1,0,1,1,1.6137012404433893,1,2,0,2,2,2,2,2,2,2,0,1,0.7956121531606076,1.0326420602455906,0
1,0,1,1,0.47353105628253944,0,1,0,0,0,2,2,2,2,1,1,2,-0.3477041829536853,-0.6914233760163304,0
1,0,0,0,0.35136996512244845,1,2,0,0,0,2,0,0,0,0,1,0,-0.3011738669490337,-0.7343132102722321,0
1,0,1,0,0.7178532386027215,1,2,1,2,0,2,0,2,2,1,1,2,1.302460238211275,0.5968601640405656,0
1,0,1,0,0.5956921474426305,1,2,1,2,0,2,2,2,2,1,1,1,1.5317882242341998,0.6116862795858156,1
1,0,1,1,-0.9924020376385531,1,0,2,1,1,1,1,1,1,2,0,3,-1.4827115340671475,-1.1266757680947392,0
1,0,0,0,-0.5851984004382496,1,0,2,1,1,1,1,1,1,0,0,3,-1.4860351280674797,-0.08355263866108313,0
1,0,1,1,1.6137012404433893,1,2,0,2,2,2,2,2,2,2,1,1,0.9036289581714056,1.0686483408554832,0
1,0,0,0,-1.2774445836787656,1,0,1,0,0,0,0,0,2,0,0,2,0.5230774451333633,1.4625994110578386,1
0,1,0,0,0.3920903288424788,1,2,0,0,0,2,0,0,0,0,0,2,-0.3028356639492,-0.6294713932022503,0
0,1,0,0,-0.5851984004382496,1,0,1,0,2,0,0,0,0,0,1,2,0.3303089931140931,-1.4406717151780681,0
0,0,0,1,-0.7888002190384014,1,2,1,0,2,2,0,2,2,1,1,1,1.3091074262119398,-1.4369651862917558,0
0,0,1,1,1.4508197855632678,1,2,1,0,2,0,2,0,0,1,1,0,0.6277706561438292,0.7832456166094219,0
1,0,0,0,-1.1552834925186746,1,2,1,0,0,0,0,0,0,0,1,0,0.24721914310578694,-0.32129999151169814,1
1,0,0,0,1.4915401492832983,1,2,1,2,2,2,0,2,2,2,1,1,1.505199472231542,1.3164562721118036,0
1,0,0,0,-0.62591876415828,1,0,0,0,0,0,2,0,0,0,0,3,-0.44076481496298814,1.625686682055588,1
1,0,1,1,-0.30015585439803716,1,2,2,1,1,1,1,1,1,2,0,1,-1.304899255049372,0.9717490856847426,0
1,1,0,0,0.43281069256250915,1,0,1,0,0,0,0,2,2,0,1,3,0.8238627021634315,0.02181868253551462,1
0,0,1,1,1.0843365120829946,1,0,2,1,1,1,1,1,1,2,0,1,-1.504314895069307,-1.5073892351316929,0
0,1,0,0,-1.1145631287986442,1,0,1,2,2,0,0,0,0,0,0,2,0.5297246331340278,-0.020541647593770907,0
1,0,1,1,-0.46303730927815856,1,2,0,2,2,0,2,2,0,1,0,3,0.4233696251233959,-1.1446789083996856,1
0,0,1,1,1.4915401492832983,1,2,1,2,2,2,2,2,0,1,1,1,1.3406815692150957,1.2592698264372681,0
1,0,0,0,-0.7888002190384014,0,1,0,0,0,0,0,0,0,0,1,0,-1.3165318340505352,-0.2021615630230826,0
1,0,1,0,0.3920903288424788,1,2,1,0,2,2,0,2,0,0,1,0,1.0133075601823696,0.06788554155111264,1
1,0,1,0,0.7992939660427822,1,2,1,0,2,0,2,0,2,0,1,1,1.0266019361836989,0.5502638008983516,0
1,1,0,0,0.5549717837226001,1,0,1,2,0,0,0,0,2,0,0,2,0.6726391751483144,0.07106256631080904,1
1,0,1,0,1.1657772395230555,1,2,0,2,2,2,2,0,2,2,1,0,0.53304822713436,0.4480695044614502,0
1,0,0,0,-0.13727439951791576,0,1,0,0,0,0,0,0,0,1,1,3,-1.3265026160515319,1.4239456098148655,0
0,0,0,1,-0.30015585439803716,1,0,0,0,2,0,2,0,0,1,1,1,-0.3327480099521901,-1.4676764256354877,0
0,0,1,1,-1.1145631287986442,1,0,1,0,0,0,2,2,0,0,1,2,0.6975661301508063,0.3845290092675219,1
1,0,0,0,-0.7073594915983407,0,1,0,0,0,2,0,2,2,1,0,2,-0.46569176996548,1.1480739598478935,0
0,0,1,1,-0.5444780367182193,1,0,2,1,1,1,1,1,1,2,0,3,-1.4827115340671475,0.027113723801675312,0
1,0,0,0,0.47353105628253944,1,0,2,1,1,1,1,1,1,2,0,3,-1.4860351280674797,1.5531446167091865,0
0,1,0,0,-1.0738427650786138,1,2,1,0,2,0,0,2,2,0,1,2,1.113015380192337,0.7302952039478151,1
1,0,1,1,1.0436161483629645,1,2,0,2,2,2,2,0,0,2,0,1,0.22727757910379318,0.1864944659131121,0
1,0,1,1,1.2064976032430856,1,0,1,2,2,0,0,0,0,1,1,1,0.5546515881365197,0.5068444625158339,0
0,0,1,1,1.5322605130033284,0,1,0,0,2,2,2,2,2,1,1,0,-0.2114368289400632,0.13142603674504091,0
0,1,0,0,-1.2774445836787656,0,1,0,0,0,0,0,0,0,0,1,3,-1.2982520670487077,-0.5834045341866524,1
1,0,1,1,-0.9109613101984924,0,1,0,2,2,2,2,0,2,2,0,1,-0.36764574695567864,0.5846815691283961,0
1,0,0,0,-0.2594354906780068,1,0,2,1,1,1,1,1,1,1,1,0,-1.5009913010689746,0.38770603402721837,0
1,0,0,0,1.369379058123207,1,2,1,0,2,0,0,0,2,0,0,1,0.8188773111629334,0.867436772741377,0
0,0,1,1,-1.0331224013585834,1,0,1,0,0,0,0,0,0,0,1,2,0.14086413509515497,0.5412622307458784,1
1,0,1,1,0.758573602322752,1,2,1,0,2,0,2,0,0,1,0,0,0.6460504231456565,0.21032215161083523,0
1,0,1,1,1.6137012404433893,1,2,1,2,2,2,2,2,0,2,1,1,1.3739175092184182,1.3450494949490712,0
1,0,0,0,1.3286586944031769,1,2,2,1,1,1,1,1,1,2,0,3,-1.2965902700485417,-1.1213807268285785,0
1,0,0,0,-1.2367242199587352,1,0,0,0,0,0,0,0,0,0,0,0,-0.6219006879810957,1.4620699069312226,1
1,0,0,1,1.5322605130033284,1,2,0,2,2,0,2,0,0,1,0,0,0.006258578081699082,0.32999008422606685,0
1,0,1,0,1.6137012404433893,1,2,0,0,2,2,2,2,2,2,1,1,0.6875953481498096,0.952686937126564,0
0,0,1,1,-1.2774445836787656,1,0,2,1,1,1,1,1,1,0,0,3,-1.4860351280674797,-0.8741022996988743,0
0,1,1,0,-1.2774445836787656,1,0,1,0,2,0,0,0,0,0,1,3,0.3868100911197414,1.358287098114473,1
0,0,0,0,-1.1145631287986442,1,2,1,0,0,2,0,2,2,0,1,2,1.1877962451998125,0.5645604123169854,1
1,0,0,0,-1.1960038562387048,1,0,2,1,1,1,1,1,1,0,0,3,-1.46443176706532,0.7657719804310917,0
1,0,0,0,1.0436161483629645,1,2,2,1,1,1,1,1,1,2,1,1,-1.3115464430500368,-1.263287832761685,0
1,1,1,1,-0.4223169455581282,0,1,0,2,0,0,0,0,2,0,0,3,-0.8213163280010305,1.602918004611097,1
1,1,1,0,0.025607055362205634,1,2,1,0,2,0,0,2,2,0,1,0,1.1911198392001445,-0.2180466868215647,0
1,0,0,0,-1.2774445836787656,1,0,1,0,0,0,0,0,0,0,0,2,0.1724382780983114,1.1634295795197596,1
1,1,1,0,0.880734693482843,1,2,1,0,0,0,0,0,0,0,0,0,0.3070438351117673,0.05094140949939842,0
1,0,1,0,1.6137012404433893,1,2,1,0,2,0,0,2,2,2,1,2,1.1512367111961581,1.2698599089695894,0
1,0,0,1,-1.2774445836787656,1,2,1,0,0,0,0,2,2,0,1,2,0.9484974771758907,1.658515937905784,1
1,0,0,0,-1.1960038562387048,1,0,0,0,0,2,0,0,0,0,1,2,-0.518869273970796,-1.0970235370042394,1
0,0,1,1,1.6137012404433893,1,2,1,2,2,2,2,0,2,2,0,1,1.4187860282229037,1.373113213659723,0
0,0,1,1,1.6137012404433893,1,2,0,2,2,2,0,2,2,2,1,1,0.6261088591436628,0.8605532190953681,0
1,1,1,0,0.880734693482843,1,2,1,0,0,2,0,2,2,0,1,1,1.1396041321949948,0.6196288414850566,0
0,0,1,0,1.0843365120829946,1,2,0,0,2,0,2,2,2,1,1,2,0.5097830691320341,0.3802929762545934,0
1,0,0,0,0.880734693482843,1,0,0,2,2,0,0,2,0,2,1,0,0.017891157082861757,-0.11108685324511873,0
1,0,0,0,1.125056875803025,1,2,1,0,0,2,0,2,0,2,1,2,0.8238627021634315,0.5963306599139496,0
0,0,1,0,1.125056875803025,0,1,0,0,2,2,2,2,2,2,0,1,-0.13167057293208934,-0.07296255612876175,0
1,0,0,0,-1.1960038562387048,1,2,1,0,0,0,0,0,0,0,0,2,0.3236618051134285,-0.779321061034598,0
0,0,1,0,1.4915401492832983,1,2,1,2,0,0,0,2,2,2,0,0,1.1429277261953275,1.1464854474680455,0
0,0,1,1,-1.2774445836787656,1,0,2,1,1,1,1,1,1,0,0,2,-1.5126238800701375,-0.9413493237791151,0
1,0,1,1,0.7178532386027215,0,1,0,2,0,0,0,2,0,0,1,1,-0.8412578920030237,-0.8481565974946869,0
0,0,0,0,0.9621754209229036,0,1,0,0,0,0,0,2,2,0,1,1,-0.6617838159850825,-0.5495162700832239,0
0,0,1,0,1.125056875803025,1,0,1,2,0,0,2,2,2,2,1,2,1.0781176431888486,0.7366492534672079,0
1,1,1,0,1.4915401492832983,1,2,1,2,0,2,2,2,2,1,1,3,1.5218174422332031,1.3625231311274015,0
0,0,0,0,-1.2774445836787656,0,1,0,0,0,0,0,0,2,0,0,3,-0.9874960280176428,-0.12114743165082403,1
0,1,0,0,-1.2774445836787656,1,0,1,0,2,0,0,0,0,0,1,2,0.27380789510844483,1.273036933729286,1
0,0,1,0,-1.1960038562387048,1,0,2,1,1,1,1,1,1,0,1,3,-1.491020519067978,0.2992788448823348,0
1,0,1,1,1.125056875803025,1,0,0,0,2,0,2,2,2,2,0,0,0.40508985812156867,0.32628355533975434,0
0,0,0,0,-0.7888002190384014,0,1,0,0,0,2,2,0,0,2,0,3,-0.9758634490164798,0.3013968613887991,0
1,0,1,1,1.2064976032430856,1,0,2,1,1,1,1,1,1,2,0,0,-1.4727407520661506,-1.4385536986716039,0
0,0,0,0,0.5142514200025698,1,2,1,2,2,0,0,0,2,1,0,0,1.0631614701873533,0.2706856220450671,0
0,0,0,0,-0.30015585439803716,0,1,0,0,0,2,2,2,2,1,0,2,-0.3510277769540174,-1.3130612206635957,0
1,0,0,0,0.47353105628253944,1,0,1,0,0,2,2,2,2,2,0,0,1.1745018691984834,0.24209239920779937,0
0,0,0,0,-1.2367242199587352,1,0,0,0,0,0,0,0,0,0,1,3,-0.6484894399837535,1.3011006524399376,0
1,1,0,0,0.025607055362205634,1,2,1,0,2,2,0,0,0,0,1,1,0.6344178441444933,-0.4775037088634385,1
0,0,0,0,-1.2774445836787656,1,0,1,0,0,0,0,0,0,0,1,2,0.1774236690988095,1.188845777597331,1
0,0,0,0,-0.4223169455581282,1,0,2,1,1,1,1,1,1,1,0,0,-1.4594463760648215,0.3019263655154152,0
0,0,0,0,0.10704778280226633,0,1,0,0,0,2,2,0,0,0,1,3,-1.0406735320229585,-1.5513380776408268,0
0,0,1,1,-0.13727439951791576,1,0,2,1,1,1,1,1,1,2,0,3,-1.481049737066981,0.721293633795342,0
1,1,1,0,-0.21871512695797646,1,2,1,2,0,2,0,0,0,1,1,2,0.7025515211513048,-0.7422557721714731,0
1,0,0,1,0.880734693482843,1,0,0,0,2,2,2,0,0,1,1,2,-0.12502338493142473,-0.21328114968202005,0
0,1,0,0,-1.2367242199587352,1,0,1,0,0,0,0,0,0,0,1,2,0.19570343610063723,-1.3167677495499082,1
1,0,0,0,1.002895784642934,1,2,1,0,0,0,0,2,0,1,1,2,0.7357874611546272,0.49095933871735187,0
1,0,0,0,1.2064976032430856,1,2,0,2,2,2,2,0,0,2,0,0,0.15415851109648415,0.1886124824195764,0
0,0,1,1,-0.7073594915983407,1,0,2,1,1,1,1,1,1,1,0,1,-1.4760643460664828,-0.18468792684475233,0
1,0,0,0,-1.2367242199587352,1,0,2,1,1,1,1,1,1,0,0,3,-1.4760643460664828,-0.21010412492232364,1
0,0,1,0,1.5322605130033284,1,2,1,0,0,2,2,2,2,2,1,0,1.3140928172124378,1.2502682562847949,0
0,0,1,1,-0.46303730927815856,1,0,0,0,0,0,0,0,0,0,1,2,-0.6584602219847502,1.6537504007662396,0
0,0,0,1,-0.38159658183809786,1,0,0,0,0,0,2,0,0,1,1,2,-0.5088984919697991,-1.6048179944290497,0
1,0,0,0,-1.0738427650786138,1,0,2,1,1,1,1,1,1,1,0,3,-1.4677553610656522,-1.5672232014393088,0
1,0,1,1,-1.1552834925186746,1,0,2,1,1,1,1,1,1,2,0,1,-1.502653098069141,1.1247757782767867,0
0,0,0,0,-1.1960038562387048,1,0,1,2,0,2,0,2,2,0,1,1,1.1379423351948288,-0.41343370954289416,1
0,0,0,0,-0.38159658183809786,1,2,1,0,0,0,0,2,2,0,1,2,0.9551446651765553,-0.6787152769775447,0
1,0,0,0,-0.2594354906780068,0,1,0,2,0,0,2,2,2,1,0,1,-0.3393951979528547,-1.37713121998414,0
0,0,0,1,-0.9924020376385531,1,0,2,1,1,1,1,1,1,0,0,3,-1.4860351280674797,-1.140972379513373,0
1,0,0,0,-0.2594354906780068,1,2,1,0,0,0,0,0,2,0,1,2,0.6377414381448259,-0.7242526318665268,1
1,0,0,0,-1.2367242199587352,1,2,1,0,2,0,0,0,0,0,1,2,0.4881797081298748,-1.2834089895730958,0
1,0,0,0,1.4100994218432374,1,2,1,2,2,2,2,2,2,2,0,1,1.7096005032519754,1.395881891104214,1
0,0,1,0,1.5729808767233588,1,2,1,0,0,0,0,2,2,2,1,0,0.9617918531772199,1.0569992500699297,1
0,0,0,0,1.0843365120829946,1,2,0,2,2,2,2,0,2,1,0,1,0.5014740841312035,0.41682876099110217,0
1,0,1,1,0.26992923768238775,1,2,1,0,0,2,0,2,2,1,0,2,1.1711782751981514,0.012817112383041444,0
1,0,0,1,-0.46303730927815856,1,0,2,1,1,1,1,1,1,2,0,3,-1.5009913010689746,0.07159207043742512,0
1,0,0,0,-1.2774445836787656,1,0,2,1,1,1,1,1,1,0,0,3,-1.4976677070686424,-0.9371132907661865,1
0,0,1,1,0.6364125111626608,1,0,2,1,1,1,1,1,1,2,0,0,-1.481049737066981,-1.6943041918271653,0
0,1,1,0,-0.055833672077855064,0,1,0,2,2,2,0,0,2,1,1,1,-0.4773243489666429,-1.178567172503114,0
0,0,1,1,1.2879383306831464,1,2,1,2,2,2,2,2,2,1,0,2,1.614878074242506,1.2566223058041877,0
1,0,1,1,0.5549717837226001,1,2,1,0,2,0,0,0,0,0,1,0,0.5064594751317021,-0.01312858982114594,0
0,0,0,0,0.7992939660427822,1,2,0,0,0,2,2,2,2,2,1,0,0.5380336181348585,0.18702397003972818,0
0,0,1,1,1.4100994218432374,1,2,2,1,1,1,1,1,1,2,1,3,-1.3248408190513656,-1.1033775865236322,0
0,1,0,0,1.4100994218432374,1,2,0,0,2,0,0,0,0,0,0,2,-0.32776261895169184,-0.02636619298654767,0
0,0,0,0,-1.1145631287986442,1,2,1,0,0,0,0,0,0,0,0,2,0.358559542116917,0.1404276068975141,1
0,0,1,0,1.5729808767233588,1,2,1,0,2,2,2,2,2,2,0,2,1.478610720228884,1.3842328003186604,0
0,0,0,0,-0.9516816739185228,1,0,1,0,0,0,0,2,0,0,1,0,0.4283550161238945,1.2396781737524736,1
0,1,0,0,-0.2594354906780068,1,2,1,2,2,0,0,0,2,0,1,2,1.0049985751815391,-0.5902880878326613,1
1,0,0,0,1.5729808767233588,1,2,1,2,2,2,2,2,2,1,1,0,1.7129240972523074,1.5261399062517669,0
0,0,0,0,-0.015113308357824713,1,0,2,1,1,1,1,1,1,0,0,0,-1.491020519067978,0.8806743759067787,0
0,0,0,0,-1.2367242199587352,1,0,1,0,0,0,0,0,0,0,0,2,0.1857326540996401,-1.3495970054001043,0
0,0,1,0,1.5729808767233588,1,2,2,1,1,1,1,1,1,2,0,1,-1.3015756610490399,-0.9503508939315882,0
0,0,0,0,1.125056875803025,0,1,0,2,0,2,0,0,2,1,1,2,-0.6750781919864114,-0.45155800665925117,0
0,1,0,0,0.9214550572028734,1,2,1,0,0,2,0,2,2,1,1,2,1.1761636661986499,0.6561646262215654,0
1,0,0,0,0.880734693482843,1,0,1,2,2,0,2,2,2,1,1,1,1.3506523512160928,0.7488278483793775,1
1,0,0,0,-1.2367242199587352,1,0,1,0,0,2,0,2,2,0,1,2,1.0332491241843629,-0.8921054400038206,1
0,0,0,0,-1.0738427650786138,1,2,1,0,0,0,0,0,0,0,1,3,0.3020584441112687,0.08747719423590719,0
0,0,1,1,0.6364125111626608,1,0,0,2,2,2,0,0,2,2,1,1,0.1774236690988095,-0.23446131474666282,0
1,0,1,1,1.247217966963116,1,2,2,1,1,1,1,1,1,2,0,3,-1.3132082400502028,-1.1833327096426587,0
1,0,0,0,-1.2774445836787656,1,2,1,0,2,0,0,0,0,0,1,2,0.47820892612887816,1.4324176758407228,1
1,0,0,1,-0.8295205827584317,1,0,2,1,1,1,1,1,1,0,0,1,-1.4527991880641573,-0.6702432109516877,0
1,1,1,0,0.880734693482843,0,1,0,0,0,0,0,0,0,0,1,0,-1.3231790220511994,-1.3750132034776756,0
0,0,1,1,-0.0965540357978854,1,0,0,0,0,2,2,2,0,1,1,2,-0.00869759491979612,-0.8820448615981153,0
0,0,1,0,-0.0965540357978854,1,0,2,1,1,1,1,1,1,0,0,0,-1.4993295040688086,1.0479976799174566,1
0,0,0,0,-1.1552834925186746,1,0,1,0,0,0,0,2,0,0,1,2,0.4732235351283796,-0.33030156166417135,1
0,0,0,0,0.3106496014024181,1,2,1,0,0,2,2,2,2,1,1,1,1.3689321182179202,0.22726628366254942,0
0,0,1,1,-0.9516816739185228,1,0,1,0,0,0,2,0,0,0,1,2,0.36853032411791364,1.0257585065995816,0
0,0,1,1,-0.62591876415828,1,0,1,2,0,0,2,2,0,0,0,2,0.9003053641710731,-1.1817441972628104,1
0,0,0,0,1.2064976032430856,0,1,0,0,2,2,0,0,2,2,1,1,-0.7033287409892356,-0.4610890809383404,0
1,0,0,0,-0.1779947632379461,1,0,1,0,2,0,2,2,0,1,1,0,0.8803638001690798,-0.5961126332254381,0
0,0,0,0,1.5322605130033284,1,2,0,2,2,2,2,2,2,2,0,1,0.830509890164096,0.9929292507493853,0
0,0,0,0,0.5549717837226001,1,0,1,0,2,2,2,2,2,2,1,0,1.3174164112127704,0.47507421491886975,0
0,0,1,0,-0.38159658183809786,1,2,1,0,0,2,0,0,2,0,0,3,0.8438042661654253,-0.8370370108357494,0
1,0,1,1,0.5956921474426305,0,1,0,2,0,2,2,0,0,1,0,2,-0.8130073430001998,-1.018127422138445,0
1,0,1,1,1.4508197855632678,1,0,1,2,2,2,0,2,2,2,1,0,1.3456669602155942,1.2470912315250986,0
0,1,0,0,1.125056875803025,1,2,1,0,0,2,2,2,2,1,1,2,1.3705939152180862,1.0183454488269568,1
0,0,0,1,1.4100994218432374,1,2,1,0,2,0,2,2,2,2,1,2,1.304122035211441,1.2073784220288932,0
0,0,0,0,-0.748079855318371,1,0,0,0,0,0,2,2,2,0,1,2,0.16246749609731476,1.650043871879927,0
1,0,1,1,1.002895784642934,1,2,1,0,0,0,0,0,0,0,1,2,0.3170146171127639,0.09489025200853216,0
0,0,1,1,0.9214550572028734,1,2,1,2,0,0,0,2,2,1,0,3,1.2010906212011416,0.6720497500200475,0
1,0,0,0,-1.2774445836787656,1,0,2,1,1,1,1,1,1,0,1,3,-1.479387940066815,-0.8719842831924101,0
1,0,0,1,-1.2774445836787656,1,0,0,0,0,0,2,0,0,0,1,3,-0.49394231896830415,0.47083818190594123,1
1,0,0,0,-0.38159658183809786,1,2,1,0,0,2,2,2,0,0,1,1,1.068146861187852,-0.817974862277571,0
0,0,0,0,-0.7888002190384014,1,2,1,2,0,0,0,2,2,0,1,2,1.182810854199314,-1.3813672529970684,1
1,0,1,0,0.5956921474426305,1,2,1,0,2,2,0,2,2,0,1,2,1.3074456292117733,0.5624423958105211,0
1,0,0,0,0.22920887396235737,1,0,2,1,1,1,1,1,1,1,0,3,-1.4843733310673135,1.2772729667422145,0
0,1,1,0,0.22920887396235737,1,2,1,0,0,0,0,0,0,0,1,0,0.3386179781149237,-0.4139632136695102,1
0,1,0,0,-1.2367242199587352,1,2,0,0,2,0,0,0,0,0,1,1,-0.2729233179462098,-1.5481610528811303,0
1,1,1,1,-1.2774445836787656,1,0,0,0,0,0,2,0,0,0,1,1,-0.5155456799704636,0.4660726447663966,1
1,0,1,0,-0.7073594915983407,1,0,1,0,0,0,0,0,0,0,1,0,0.12756975909382579,-1.615408076961371,0
0,0,0,0,-0.2594354906780068,1,0,1,0,0,0,0,0,0,0,1,1,0.142525932095321,-1.0001242818334988,0
0,0,1,1,0.10704778280226633,1,0,2,1,1,1,1,1,1,2,0,1,-1.4976677070686424,1.2778024708688305,0
1,0,0,1,-1.1960038562387048,1,0,2,1,1,1,1,1,1,0,1,3,-1.4860351280674797,1.3307528835304374,0
1,0,1,1,0.7178532386027215,1,2,1,0,2,0,2,2,2,0,0,2,1.2941512532104444,0.5470867761386552,1
1,0,1,0,0.3920903288424788,1,2,1,2,0,2,0,0,2,0,1,2,0.9850570111795457,0.09118372312221967,0
1,0,1,0,-0.9109613101984924,1,0,0,2,0,0,2,0,0,0,1,1,-0.32610082195152557,0.7588884267850828,0
0,0,1,0,1.1657772395230555,1,0,1,2,2,0,2,0,2,1,0,0,0.9617918531772199,0.8256059467387075,0
0,0,0,0,1.4508197855632678,1,2,1,2,2,0,2,2,2,2,0,1,1.5118466602322065,1.2682713965897412,0
1,0,0,0,-0.9109613101984924,1,0,1,2,0,2,0,2,2,1,1,2,1.1346187411944968,-1.6588274153438887,0
1,0,1,0,1.3286586944031769,1,2,1,2,2,2,0,0,0,1,0,2,0.830509890164096,0.7959537156482076,1
0,0,1,1,1.6137012404433893,1,0,0,2,0,2,2,2,2,2,1,0,0.5214156481331973,0.8324895003847164,0
1,0,1,1,0.9214550572028734,1,0,1,0,2,0,2,0,0,0,0,2,0.48651791112970877,0.18914198654619246,0
0,0,0,0,-1.2774445836787656,1,0,2,1,1,1,1,1,1,0,1,3,-1.477726143066649,-0.8714547790657939,1
0,0,0,0,-1.0331224013585834,1,0,0,0,0,2,2,0,2,0,0,0,-0.0651986929254444,0.16690281322831754,0
0,0,0,0,-1.2367242199587352,1,2,1,0,0,0,0,0,0,0,1,3,0.33695618111475767,-1.3787197323639881,0
0,0,0,0,-0.9516816739185228,1,0,1,2,0,0,0,0,0,0,1,2,0.33529438411459117,1.2169094963079825,0
1,0,0,1,-0.21871512695797646,1,2,2,1,1,1,1,1,1,2,1,1,-1.2932666760482092,1.4250046180680978,0
1,1,1,0,-1.0331224013585834,1,2,1,0,0,2,0,2,2,0,1,2,1.2359883582046303,1.1983768518764202,1
0,0,1,0,1.2879383306831464,1,0,0,0,2,2,2,0,2,2,1,3,0.11759897709282914,0.24262190333441544,0
1,0,0,0,1.5322605130033284,0,1,0,2,0,2,2,0,2,2,0,0,-0.5437962289732878,-0.14550462147516321,0
1,1,0,0,-1.2367242199587352,1,2,1,0,0,0,0,2,2,0,1,2,0.9717626351782166,-1.0043603148464273,1
1,1,0,0,1.4100994218432374,1,0,1,2,2,0,2,2,2,2,1,2,1.3390197722149297,1.2465617273984824,0
0,0,0,0,0.5142514200025698,1,2,1,0,2,0,0,2,0,0,1,1,0.8155537171626008,0.09330173962868395,1
0,0,0,0,-0.3408762181180675,1,2,2,1,1,1,1,1,1,2,0,1,-1.3165318340505352,0.7059380141234759,0
1,0,1,1,-1.1552834925186746,1,0,2,1,1,1,1,1,1,2,0,1,-1.504314895069307,1.7003467639084537,0
1,0,1,1,0.47353105628253944,1,0,1,0,0,2,0,2,2,0,1,0,0.9368648981747281,0.13725058213781768,0
0,0,1,1,1.6137012404433893,1,0,2,1,1,1,1,1,1,2,1,3,-1.46443176706532,-1.2595813038753727,0
0,0,0,0,-1.2774445836787656,1,0,1,0,2,0,0,0,0,0,1,1,0.3170146171127639,1.3021596606931698,1
1,0,0,0,1.369379058123207,1,0,2,1,1,1,1,1,1,2,0,0,-1.5093002860698053,-1.4909746072065948,0
1,0,0,0,-1.2774445836787656,0,1,0,0,2,0,2,0,2,0,1,3,-0.6684310039857471,0.25797752300628146,1
1,0,1,1,-0.7888002190384014,1,0,1,2,0,0,0,0,2,0,0,2,0.641065032145158,-1.6249391512404603,1
1,0,0,0,-0.9109613101984924,1,2,1,0,2,0,0,0,0,0,1,0,0.5297246331340278,1.4260636263213298,1
1,1,1,0,1.3286586944031769,1,2,1,0,2,2,0,2,2,0,1,2,1.3157546142126038,1.0538222253102334,0
1,0,0,1,-1.2774445836787656,1,0,2,1,1,1,1,1,1,0,0,3,-1.502653098069141,-0.9387018031460347,0
1,0,1,1,0.22920887396235737,1,0,0,2,2,2,2,2,0,1,0,2,0.3087056321119333,-0.43779089936723337,0
1,0,0,1,-0.38159658183809786,0,1,0,2,0,2,2,0,0,2,0,3,-0.8196545310008642,1.5764427982802935,0
0,0,1,0,-0.9109613101984924,1,0,2,1,1,1,1,1,1,1,0,3,-1.4843733310673135,-0.9852981662882488,0
1,0,0,1,-1.1552834925186746,1,2,1,0,2,0,0,2,2,0,1,2,1.2276793732037996,-0.06078396121659216,1
1,0,1,1,1.6137012404433893,1,2,0,2,0,2,2,2,2,2,1,1,0.6244470621434968,0.9103266069972785,0
0,0,1,0,0.10704778280226633,1,0,0,0,2,0,2,0,0,0,0,2,-0.2629525359452129,-0.9672950259833024,0
0,0,0,0,-1.2774445836787656,1,0,2,1,1,1,1,1,1,0,0,3,-1.4744025490663168,-0.8703957708125618,1
0,0,1,1,1.0436161483629645,1,0,2,1,1,1,1,1,1,2,0,1,-1.502653098069141,-1.6429422915454066,0
1,0,1,1,1.5322605130033284,1,0,1,0,2,2,2,2,2,1,1,2,1.3755793062185846,1.3249283381376606,0
1,0,1,1,0.22920887396235737,1,2,0,0,2,2,0,2,2,1,0,1,0.47156173812821356,-0.41714023842920667,0
0,0,1,1,1.125056875803025,0,1,0,0,2,0,0,2,2,0,1,2,-0.4989277099688025,-0.31388693373907317,0
1,0,0,0,-0.2594354906780068,1,2,1,2,2,0,0,2,0,0,1,1,0.9185851311729007,-0.6739497398380002,0
0,0,0,0,-0.9924020376385531,1,0,0,2,2,0,2,0,0,1,0,0,-0.21808401694072754,0.3765864473682809,0
1,0,1,1,0.35136996512244845,1,2,1,0,0,2,2,2,2,1,1,2,1.2575917192067896,0.17908140814048715,1
0,1,1,0,0.14776814652229667,1,2,1,0,2,0,0,2,0,0,1,1,0.9036289581714056,-0.2058680919093951,0
1,1,0,0,0.880734693482843,1,0,0,0,0,2,2,0,2,1,0,0,0.016229360082695727,-0.10579181197895804,0
1,0,1,1,1.5729808767233588,1,2,1,0,2,2,0,2,2,2,1,0,1.3705939152180862,1.3889983374582051,1
0,0,0,0,0.9214550572028734,1,2,1,0,0,0,0,0,0,0,1,2,0.2771314891087769,0.1488996729233712,0
0,0,0,0,1.6137012404433893,1,2,0,2,2,0,0,0,0,2,0,0,-0.16656830993557784,0.2002615732051299,0
0,0,0,1,-1.1960038562387048,1,0,0,2,0,0,2,0,0,0,1,3,-0.32111543095102724,-1.209278411846846,1
0,0,1,1,0.880734693482843,1,2,0,0,2,2,0,0,0,2,1,0,-0.16490651293541178,-0.22916627348050214,0
1,0,1,1,1.6137012404433893,1,2,1,2,2,2,2,2,2,2,1,0,1.722894879253304,1.5330234598977759,0
1,0,0,0,0.7992939660427822,1,2,1,2,0,2,2,2,2,2,1,2,1.48027251722905,0.7816571042295738,0
0,1,0,0,1.125056875803025,1,2,1,2,0,0,0,2,2,1,1,0,1.217708591202803,0.9405083422143945,0
0,0,0,0,0.26992923768238775,0,1,0,0,0,2,0,2,2,0,1,1,-0.4690153639658123,-0.9286412247403294,0
0,0,0,0,-0.7073594915983407,1,0,0,0,0,0,0,2,0,1,0,3,-0.28621769394753876,1.6653994915517931,0
1,0,0,0,1.4915401492832983,1,2,1,0,0,2,2,2,2,2,1,0,1.3872118852197473,1.289451561654384,1
1,0,1,1,0.43281069256250915,1,0,2,1,1,1,1,1,1,1,1,3,-1.5142856770703037,1.3969408993574461,0
0,1,0,0,1.247217966963116,1,2,0,2,2,2,2,2,0,1,0,0,0.6061672951416694,0.6016257011801103,0
1,1,1,0,-1.2367242199587352,1,0,1,0,0,0,0,0,0,0,0,2,0.1774236690988095,-1.3284168403354615,0
0,0,1,1,1.6137012404433893,1,0,1,2,2,2,2,2,2,2,1,0,1.4470365772257276,1.3768197425460353,0
0,0,1,1,-0.015113308357824713,1,2,1,0,0,2,0,0,2,0,1,0,0.8737166121684152,-0.3742504041733051,1
1,0,1,1,0.3106496014024181,1,2,2,1,1,1,1,1,1,2,0,1,-1.3132082400502028,-1.7176023733982724,0
0,0,1,0,1.0436161483629645,0,1,0,2,2,0,0,2,0,1,1,2,-0.6451658459834212,-0.5632833773752417,0
1,0,0,0,1.4100994218432374,0,1,0,2,0,0,2,2,0,2,0,2,-0.6933579589882389,-0.2980018099405911,0
0,1,1,0,0.758573602322752,1,2,1,2,0,0,0,0,0,0,1,2,0.4233696251233959,0.002756533977336132,1
1,0,1,0,-0.055833672077855064,1,2,0,0,0,2,2,2,2,1,1,3,0.4831943171293762,-0.5955831290988219,0
1,1,1,0,1.4915401492832983,1,2,1,2,2,0,0,0,0,0,1,1,0.6693155811479823,0.8017782610409844,0
1,0,1,0,-0.015113308357824713,1,2,1,0,0,0,2,0,0,1,1,2,0.4815325201292102,-0.5256885843855008,0
0,0,0,0,-0.46303730927815856,1,0,0,2,2,0,2,2,0,2,0,1,0.2089978121019659,-1.2230455191388638,0
1,0,0,0,0.7992939660427822,1,0,0,2,0,2,0,0,0,1,0,2,-0.3659839499555126,-0.4441449488866262,0
0,0,1,1,1.6137012404433893,1,2,2,1,1,1,1,1,1,2,0,1,-1.3464441800535252,-1.0271289922909184,0
0,0,1,0,1.6137012404433893,0,1,0,0,2,2,0,2,2,2,1,2,-0.3510277769540174,0.05676595489217518,1
1,0,1,1,0.7992939660427822,0,1,0,2,0,2,0,0,2,1,0,0,-0.681725379987076,-0.7120740369543571,0
0,0,0,0,0.35136996512244845,1,0,0,0,0,0,2,0,0,1,0,0,-0.4889569279678058,-0.8455090768616066,0
1,0,0,0,0.35136996512244845,1,0,2,1,1,1,1,1,1,2,0,3,-1.4827115340671475,1.4684239564506154,0
0,0,0,0,-1.0738427650786138,1,0,1,0,0,0,0,0,0,0,1,3,0.14917312009598557,0.16743231735493364,1
1,0,1,1,1.4100994218432374,1,2,0,2,2,2,2,0,0,1,1,1,0.15249671409631763,0.36070132356979884,0
0,0,1,1,-0.6666391278783103,1,0,2,1,1,1,1,1,1,0,0,3,-1.5093002860698053,-0.4595005685584922,0
1,0,0,0,-0.62591876415828,1,0,2,1,1,1,1,1,1,2,0,3,-1.51594747407047,-0.15291767924778818,0
1,0,1,0,0.10704778280226633,1,0,0,2,2,2,0,0,0,0,0,3,-0.12502338493142473,-0.7973242013395443,0
0,0,1,1,1.0436161483629645,1,0,2,1,1,1,1,1,1,2,0,1,-1.4710789550659844,-1.5359824579689607,0
1,0,0,0,-1.2774445836787656,1,0,0,0,0,2,0,0,0,0,1,2,-0.4740007549663106,0.5142575202884588,1
1,0,1,1,0.7992939660427822,0,1,0,0,2,2,2,2,0,2,0,3,-0.48397153696730727,-0.5537523030961525,0
0,0,0,0,1.5322605130033284,1,0,0,2,0,2,2,2,2,2,0,0,0.4931650991303729,0.7250001626816543,0
0,0,1,1,-0.5444780367182193,1,2,2,1,1,1,1,1,1,2,1,0,-1.3248408190513656,0.36758487721580774,0
1,1,0,0,-1.2774445836787656,1,2,1,0,0,0,0,0,0,0,1,2,0.32033821111309646,1.3032186689464018,1
0,0,1,1,0.10704778280226633,1,0,1,2,0,2,2,2,2,0,1,2,1.4005062612210766,-0.016305614580842356,0
0,0,0,0,-0.015113308357824713,1,2,1,0,0,2,0,2,2,0,1,2,1.2160467942026365,-0.19315999287060945,0
0,0,1,1,-0.62591876415828,1,0,0,2,0,0,2,0,0,0,1,1,-0.31280644595019663,1.648984863626695,0
0,0,1,1,1.4100994218432374,1,0,0,0,2,0,0,0,0,1,0,1,-0.47233895796614456,-0.15132916686793998,0
0,0,0,0,-0.9516816739185228,1,0,2,1,1,1,1,1,1,0,0,0,-1.504314895069307,-1.246873204836587,0
1,0,0,1,-0.055833672077855064,1,2,0,0,2,0,2,2,2,1,1,3,0.4881797081298748,-0.5399851958041347,1
1,0,0,0,-1.1552834925186746,1,2,1,2,0,0,0,2,0,0,0,2,0.8604222361670865,-0.04913487043103864,0
1,1,1,1,1.0436161483629645,1,2,1,2,2,0,2,0,0,1,1,0,0.8338334841644282,0.5603243793040569,0
1,0,0,0,1.125056875803025,1,0,0,2,0,2,2,2,2,1,0,3,0.4732235351283796,0.423182810510495,0
1,0,0,0,1.0436161483629645,1,2,1,0,0,2,2,2,2,1,1,2,1.325725396213601,0.9495099123668677,1
1,0,0,0,-1.2774445836787656,1,0,2,1,1,1,1,1,1,0,0,3,-1.502653098069141,-0.9387018031460347,0
0,0,1,1,-0.21871512695797646,1,0,2,1,1,1,1,1,1,2,0,3,-1.491020519067978,0.6937594192113063,0
1,1,1,1,1.369379058123207,1,2,1,2,2,2,2,2,2,1,1,2,1.7112623002521414,1.4218275933084012,0
1,0,0,0,-0.7073594915983407,1,2,1,2,0,0,0,2,0,0,1,0,0.7640380101574512,-1.4904451030799788,0
1,1,1,0,0.5956921474426305,1,2,1,0,0,2,0,2,2,0,1,2,1.1728400721983174,0.453894049854227,1
0,0,0,0,0.35136996512244845,1,2,1,2,0,0,0,0,0,0,1,1,0.5496661971360212,-0.2551119756846895,0
1,0,1,0,1.0843365120829946,0,1,0,0,0,0,0,2,2,0,1,2,-0.6800635829869099,-0.496565857421617,0
0,0,0,1,0.7178532386027215,1,0,1,0,0,0,0,0,0,2,0,1,0.1857326540996401,-0.10314429134587769,0
1,0,1,1,-0.62591876415828,0,1,0,2,0,2,0,2,0,1,0,1,-0.6750781919864114,1.44353726249966,0
1,0,1,1,-1.0738427650786138,1,0,0,2,0,0,0,0,0,0,1,2,-0.518869273970796,-0.37583891655315327,0
1,1,1,0,0.758573602322752,0,1,0,0,2,0,0,0,0,0,1,1,-1.1736172920362484,-1.278113948306935,0
1,0,0,0,0.47353105628253944,1,0,1,0,2,0,2,2,2,0,0,2,1.1894580421999785,0.25109396936027256,1
1,0,1,0,0.6771328748826912,1,0,1,0,2,0,0,2,0,0,1,1,0.682609957149311,0.208733639230987,0
1,0,0,0,-1.2367242199587352,1,0,1,0,2,0,0,2,2,0,0,2,1.0266019361836989,-1.1139676690559537,1
1,0,1,0,1.0843365120829946,1,2,0,2,0,0,2,0,2,1,1,3,0.14418772909548702,0.12295397071918382,0
1,1,0,0,0.7178532386027215,1,2,0,2,2,0,0,2,0,0,1,0,0.1857326540996401,-0.1423275967154668,0
0,0,1,1,1.0843365120829946,1,0,2,1,1,1,1,1,1,2,0,3,-1.4677553610656522,-1.4496732853305414,0
1,0,0,0,-0.5851984004382496,1,2,1,0,0,0,0,0,0,0,0,3,0.31202922611226586,-1.355421550792881,0
1,0,0,0,-0.9109613101984924,1,2,1,0,0,0,0,0,0,0,0,2,0.3419415721152558,1.4207685850551692,0
1,0,1,0,-0.748079855318371,1,0,0,0,0,0,0,0,0,1,0,2,-0.6700928009859131,1.0093438786744835,0
1,0,0,0,0.10704778280226633,1,0,2,1,1,1,1,1,1,2,0,0,-1.439504812062828,1.2110849509152057,0
1,0,1,1,-0.9924020376385531,1,0,0,0,0,0,0,0,0,1,1,3,-0.7083141319897339,-0.14444561322193109,0
1,0,1,1,-0.5851984004382496,1,0,2,1,1,1,1,1,1,1,0,0,-1.4860351280674797,-0.14391610909531502,0
0,0,1,1,1.125056875803025,1,2,1,2,2,0,0,2,0,1,0,0,0.9767480261787151,0.8118388394466897,0
0,0,0,0,-1.2774445836787656,1,0,1,0,0,2,0,2,2,0,0,2,0.9850570111795457,1.6744010617042662,1
0,0,0,0,-1.0738427650786138,1,0,2,1,1,1,1,1,1,2,0,3,-1.502653098069141,-1.492563119586443,0
0,0,0,1,-0.5444780367182193,1,2,0,2,2,0,2,2,0,0,1,3,0.37019212111808014,-1.3654821291985864,0
1,0,1,1,0.8400143297628127,1,2,0,2,2,0,2,0,0,1,0,0,-0.020330173920958795,-0.12273594403067224,0
1,1,1,0,1.6137012404433893,1,2,1,2,2,2,0,2,2,2,1,0,1.4885815022298807,1.4440667666262763,0
0,0,1,0,1.125056875803025,1,2,1,0,2,2,2,2,2,2,1,1,1.5301264272340338,1.07447288624826,0
0,0,0,0,-1.2774445836787656,1,0,0,0,0,0,0,2,0,0,1,1,-0.3244390249513595,0.6884643779451456,1
0,0,0,1,-0.7888002190384014,1,0,0,0,0,2,2,0,0,0,0,3,-0.37595473195650925,1.2481502397783306,0
0,0,1,1,-1.1145631287986442,1,0,1,0,0,0,0,0,0,0,0,1,0.1724382780983114,-0.2524644550516092,0
1,0,0,0,-1.2774445836787656,1,2,1,0,0,2,0,2,2,0,1,2,1.219370388202969,-1.7138958445119599,1
1,0,1,1,-0.7888002190384014,1,0,1,0,0,2,0,2,2,0,0,2,1.071470455188184,-1.4057244428214077,0
1,0,0,0,0.18848851024232702,1,2,0,2,2,2,2,2,2,1,1,0,0.85876043916692,-0.18204040621167197,0
1,0,1,0,1.2879383306831464,1,0,1,2,0,0,0,0,0,0,1,3,0.2920876621102721,0.4110042155983254,0
0,0,1,0,-1.1145631287986442,1,2,0,0,0,2,2,2,0,0,0,0,0.10596639809166647,-0.11638189451127942,1
0,0,1,0,1.1657772395230555,1,2,1,0,2,0,2,0,2,2,1,0,0.9833952141793793,0.7663014845577077,0
0,0,0,0,-1.2774445836787656,1,0,1,0,0,0,0,0,0,0,1,2,0.1574821050968162,1.158664042380215,1
1,0,0,0,-1.2774445836787656,1,0,2,1,1,1,1,1,1,0,1,3,-1.5259182560714666,-1.0138913891255166,1
1,0,0,0,-0.2594354906780068,1,0,2,1,1,1,1,1,1,1,0,3,-1.5076384890696393,0.6032142135599585,0
0,0,0,0,-1.2774445836787656,1,0,1,0,0,0,0,0,0,0,1,2,0.14751132309581955,1.1565460258737508,1
1,0,1,0,-0.3408762181180675,1,0,2,1,1,1,1,1,1,2,0,3,-1.4960059100684764,0.4343023971694325,0
1,0,1,0,-0.62591876415828,0,1,0,0,0,2,2,2,2,1,0,2,-0.33773340095268845,1.6675175080582574,0
0,0,0,1,-0.2594354906780068,0,1,0,0,0,2,0,0,0,0,1,3,-1.1619847130350858,1.4212980891817852,0
1,0,0,0,-1.2774445836787656,1,0,1,0,0,0,0,0,0,0,1,2,0.16246749609731476,1.1602525547600633,1
1,1,1,0,0.3106496014024181,1,2,1,2,0,0,0,2,2,0,0,2,1.2326647642042976,0.12083595421271955,1
1,0,0,0,0.7992939660427822,1,2,1,0,2,2,0,2,2,0,1,2,1.2725478922082847,0.6434565271827798,0
0,0,0,0,-1.2774445836787656,1,0,1,0,2,2,0,0,0,0,1,2,0.5829021371393436,1.504959741187124,1
1,0,0,0,-1.2774445836787656,1,0,2,1,1,1,1,1,1,0,0,3,-1.477726143066649,-0.8714547790657939,0
0,0,0,0,-0.46303730927815856,0,1,0,2,0,0,2,0,0,2,0,3,-0.9858342310174765,1.382644287938812,0
0,0,1,0,1.4100994218432374,1,2,1,0,2,2,0,2,2,1,1,0,1.3606231332170895,1.127423298909867,0
0,0,1,1,0.47353105628253944,1,0,0,2,0,0,2,0,0,0,0,0,-0.28289409994720643,-0.6331779220885628,0
1,0,1,1,1.5322605130033284,0,1,0,0,2,2,2,2,2,1,0,2,-0.1466267459335843,0.14572264816367478,0
1,0,0,0,-1.1960038562387048,1,0,1,0,0,0,0,2,0,0,0,2,0.4815325201292102,-0.4939183367885367,1
1,0,1,1,0.9621754209229036,1,0,0,2,2,2,0,0,0,2,1,0,-0.16490651293541178,-0.14179809258885073,0
0,0,0,0,-0.7888002190384014,1,2,1,0,0,0,0,0,2,0,1,2,0.6593447991469852,-1.606936010935514,1
0,0,1,1,1.0436161483629645,1,2,1,2,2,0,0,0,2,0,1,0,0.9518210711762233,0.6662252046272708,1
0,0,1,1,0.3920903288424788,1,2,1,0,0,0,0,2,2,0,1,2,0.9784098231788811,0.16849132560816577,1
1,1,1,0,-1.2774445836787656,0,1,0,0,0,0,0,0,0,0,0,2,-1.3198554280508674,-0.5876405671995809,1
0,0,1,1,0.5549717837226001,1,2,1,2,0,2,2,0,2,2,0,3,1.1595456961969886,0.35540628230363813,0
0,0,1,1,1.247217966963116,1,0,0,2,0,0,0,0,0,2,1,0,-0.4690153639658123,-0.2402858601394396,0
1,0,0,0,-0.8702409464784621,1,0,0,0,2,2,2,0,0,0,1,2,-0.12834697893175703,1.1486034639745097,0
1,0,1,1,-0.7073594915983407,1,2,0,0,0,2,2,0,0,0,1,0,-0.1698919039359101,1.589150897319079,0
1,0,1,0,1.6137012404433893,0,1,0,2,2,2,2,2,2,2,1,2,-0.0020504069191315333,0.399884628939388,0
0,0,0,0,-0.13727439951791576,0,1,0,0,0,0,0,0,0,0,1,1,-1.3181936310507012,1.2338536283596968,1
1,0,0,1,-1.2774445836787656,1,0,0,0,0,2,0,0,0,0,0,2,-0.5255164619714603,0.4215942981306468,1
0,0,1,1,-1.0738427650786138,1,0,0,0,0,0,0,2,0,0,0,2,-0.32942441595185784,-0.09679024182648485,0
1,0,0,0,-1.2774445836787656,1,0,0,0,0,0,0,0,0,0,0,2,-0.6468276429835875,0.29557231599602235,1
1,0,1,1,1.247217966963116,1,2,1,0,2,0,0,0,2,1,1,2,0.8836873941694119,0.7954242115215916,0
1,0,0,0,-1.2367242199587352,1,0,1,0,0,2,0,0,2,0,1,2,0.7008897241511383,-1.1139676690559537,1
0,0,1,1,-0.5851984004382496,1,2,2,1,1,1,1,1,1,2,0,3,-1.3181936310507012,0.20290909383821026,0
0,0,1,0,0.43281069256250915,0,1,0,2,0,0,2,0,0,0,0,0,-1.0223937650211312,-1.2399896511905781,0
0,0,0,0,-0.7073594915983407,0,1,0,2,2,2,2,0,0,1,0,3,-0.626886078981594,1.1708426372923846,0
1,0,0,1,-0.9109613101984924,1,2,1,0,0,0,0,2,2,0,0,2,1.0116457631822036,1.6622224667920966,1
1,0,1,1,0.9214550572028734,1,0,2,1,1,1,1,1,1,2,0,3,-1.4710789550659844,-1.5502790693875945,0
1,0,0,1,0.6771328748826912,1,2,1,0,0,0,2,2,2,1,1,0,1.1911198392001445,0.5449687596321909,1
1,0,1,1,-1.0738427650786138,1,0,0,0,2,2,0,0,0,0,1,3,-0.31446824295036285,-0.23287280236681462,1
1,0,1,1,1.5322605130033284,1,0,2,1,1,1,1,1,1,2,0,1,-1.4760643460664828,-1.278643452433551,0
1,1,0,0,-1.2367242199587352,1,2,1,0,0,0,0,0,0,0,1,3,0.33529438411459117,-1.1918047756685157,1
1,1,1,0,1.247217966963116,0,1,0,2,0,0,2,0,0,1,0,0,-0.952598291014154,-0.6983069296623393,0
0,0,0,0,-0.30015585439803716,1,0,0,0,2,0,2,0,2,0,1,0,0.034509127084522986,-1.1070841154099447,0
0,1,0,0,-0.5851984004382496,1,0,2,1,1,1,1,1,1,1,0,0,-1.4760643460664828,-0.03907429202533333,0
1,1,1,0,-0.1779947632379461,1,2,1,0,2,0,2,2,2,0,1,2,1.3639467272174215,-0.3530702391086623,0
0,1,0,0,0.8400143297628127,1,0,1,2,2,0,2,0,2,1,1,3,1.0631614701873533,0.58415206500178,0
1,0,0,0,0.10704778280226633,1,0,1,0,2,2,0,2,2,1,1,0,1.249282734205959,-0.06554949835613678,1
1,0,0,0,-1.2774445836787656,0,1,0,0,0,0,0,0,0,0,0,3,-1.341458789053027,-0.6453565170007325,0
1,0,1,0,1.5322605130033284,1,2,1,2,2,2,2,2,2,1,0,1,1.6913207362501481,1.4520093285255173,1
1,0,0,0,-1.2367242199587352,1,0,1,0,0,2,2,0,0,0,1,2,0.5014740841312035,-1.2283405604050246,1
0,0,1,0,-0.2594354906780068,1,0,0,0,2,0,2,2,2,0,1,2,0.27546969210861083,-0.8979299853965974,0
0,0,0,0,0.06632741908223598,1,0,0,2,2,0,0,0,2,1,0,2,-0.013682985920294679,-0.8343894902026691,0
0,0,0,1,-0.5444780367182193,1,0,2,1,1,1,1,1,1,2,0,3,-1.4710789550659844,0.07582810345035366,0
1,0,0,0,-0.7073594915983407,1,2,1,0,0,0,0,0,0,0,1,3,0.3735157151184122,-1.5899918788837997,1
0,0,1,1,1.2064976032430856,1,0,0,2,0,2,0,0,0,1,0,1,-0.3327480099521901,-0.15344718337440424,0
0,1,0,0,0.3920903288424788,1,2,1,0,2,2,0,2,2,0,1,0,1.329048990213933,0.22303025064962087,1
0,0,0,0,-0.9516816739185228,1,0,0,2,2,0,0,2,2,0,1,2,0.32864719611392706,1.204730901395813,1
1,0,0,0,-0.3408762181180675,1,0,0,2,0,0,0,0,0,0,1,2,-0.4523973939641511,-1.4565568389765502,0
1,1,1,0,1.4508197855632678,0,1,0,2,2,2,0,0,0,2,1,2,-0.7581680419947175,-0.3684258587805283,0
1,0,1,1,-0.055833672077855064,1,0,0,0,0,2,2,0,0,0,0,3,-0.34604238595351905,-1.1303822969810517,0
0,0,0,0,-1.2774445836787656,1,0,0,0,0,0,0,0,2,0,1,2,-0.28289409994720643,0.729236195694583,1
1,0,1,0,-0.46303730927815856,1,2,1,0,0,2,2,2,2,0,1,2,1.3739175092184182,-0.7279591607528392,1
0,0,1,0,1.247217966963116,1,0,1,0,2,0,0,2,2,1,1,2,1.0382345151848615,0.9166806565166714,0
0,1,0,0,-1.2367242199587352,1,0,1,0,0,0,0,0,2,0,1,0,0.4981504901308714,-1.1716836188571051,1
0,0,1,1,1.1657772395230555,0,1,0,0,2,2,2,2,2,2,1,0,-0.11006721192992953,-0.018423631087306633,0
0,0,0,0,-1.2774445836787656,1,0,1,0,0,0,0,0,0,0,0,2,0.12923155609399228,1.1237167700235544,1
1,0,0,0,-0.5851984004382496,1,0,2,1,1,1,1,1,1,1,0,3,-1.4993295040688086,0.1282490119853445,0
0,0,1,1,-1.0738427650786138,1,0,2,1,1,1,1,1,1,1,0,1,-1.5209328650709681,-1.6741830350157547,0
0,0,0,0,0.025607055362205634,1,2,1,0,2,0,0,2,2,0,1,2,1.1711782751981514,-0.19792553001015406,0
1,0,0,0,-0.6666391278783103,1,0,2,1,1,1,1,1,1,0,0,0,-1.479387940066815,-0.21857619094818076,1
0,0,1,0,0.9621754209229036,1,0,1,0,0,2,2,2,2,0,1,2,1.1279715531938321,0.7551818978987703,0
1,0,0,1,-0.38159658183809786,1,0,2,1,1,1,1,1,1,1,0,3,-1.4943441130683104,0.3585833070633346,0
1,0,0,0,-0.9516816739185228,1,0,1,0,0,2,0,0,0,0,1,2,0.3003966471111027,1.2084374302821255,0
0,1,1,0,-0.748079855318371,1,2,1,0,2,0,0,2,2,0,1,2,1.1778254631988159,-1.3739541952244436,1
1,0,1,1,-0.7073594915983407,1,2,1,0,0,0,0,0,0,0,1,0,0.33695618111475767,-1.6169965893412193,1
1,0,0,0,-1.1145631287986442,1,0,2,1,1,1,1,1,1,0,0,1,-1.4860351280674797,1.687109160743052,0
1,0,1,0,1.1657772395230555,1,2,1,2,2,0,0,2,2,0,1,2,1.3772411032187506,0.9961062755090817,0
1,0,1,1,1.5322605130033284,1,2,1,2,2,2,2,2,2,2,1,1,1.721233082253138,1.495958171034651,0
1,0,0,0,-0.7073594915983407,1,2,1,2,0,0,0,2,2,0,1,2,1.1612074931971548,-1.1875687426555872,0
1,0,1,1,-0.9924020376385531,1,0,2,1,1,1,1,1,1,2,0,3,-1.4976677070686424,-1.4348471697852914,0
0,0,1,1,-0.9924020376385531,1,0,2,1,1,1,1,1,1,2,0,3,-1.504314895069307,-1.1510329579190783,0
0,0,0,0,-1.1552834925186746,0,1,0,2,0,0,0,0,0,0,1,3,-1.1835880740372453,-1.6207031182275318,0
0,0,0,0,0.06632741908223598,1,0,0,2,2,0,0,0,0,1,0,3,-0.3244390249513595,-0.9524689104380525,0
1,0,1,0,1.4508197855632678,1,2,0,2,2,2,2,2,2,2,1,1,0.8654076271675846,0.9743966063178229,0
0,0,1,1,0.5142514200025698,0,1,0,0,2,2,2,0,2,1,0,0,-0.4573827849646494,-0.7178985823471339,0
0,1,0,0,-0.9516816739185228,1,2,1,0,0,2,0,2,0,0,1,2,0.8421424691652587,1.496487675161267,0
0,0,0,0,-0.4223169455581282,1,2,0,2,0,0,2,0,0,0,1,3,-0.18983346793790365,-1.4803845246742735,0
0,0,0,0,-1.2367242199587352,1,0,2,1,1,1,1,1,1,0,0,3,-1.477726143066649,0.12401297897241595,0
1,0,1,0,1.5322605130033284,1,2,0,0,2,2,2,2,0,2,0,0,0.2721460981082788,0.6090387589527353,0
0,0,0,1,-0.9109613101984924,1,2,0,2,0,2,2,0,2,1,0,1,0.2920876621102721,1.1703131331657686,0
1,0,0,0,1.6137012404433893,1,2,0,2,0,2,2,2,2,2,0,1,0.6493740171459885,0.8737908222607698,0
0,0,1,1,0.6771328748826912,1,0,0,0,2,2,0,2,2,1,0,1,0.43998759512505714,0.008581079370112892,0
0,1,0,0,0.880734693482843,1,2,0,0,2,0,2,2,0,1,0,3,0.2438955491054544,0.03452678157430028,0
0,0,0,0,1.5729808767233588,1,2,1,2,2,2,0,2,2,2,1,1,1.395520870220578,1.2693304048429734,0
0,0,0,0,-0.4223169455581282,1,0,2,1,1,1,1,1,1,1,1,3,-1.5126238800701375,0.1356620697579695,0
0,0,1,1,0.7178532386027215,1,0,2,1,1,1,1,1,1,2,0,1,-1.4694171580658184,-1.6519438616978799,0
0,0,1,1,0.43281069256250915,1,0,2,1,1,1,1,1,1,1,0,3,-1.4876969250676457,1.4986056916677313,0
0,0,1,1,0.5142514200025698,1,2,2,1,1,1,1,1,1,2,1,1,-1.3331498040521963,-1.5555741106537553,0
1,1,0,0,1.2879383306831464,1,2,1,2,2,0,0,2,2,0,1,0,1.28750406520978,1.0458796634109924,0
0,0,1,1,-0.38159658183809786,1,2,2,1,1,1,1,1,1,2,0,3,-1.3597385560548543,0.9574524742661087,0
0,0,1,0,1.4508197855632678,1,2,2,1,1,1,1,1,1,2,0,1,-1.2949284730483754,-0.9238756876007848,0
0,0,0,0,-1.2774445836787656,1,0,1,0,0,0,0,0,0,0,1,2,0.20235062410130134,1.196788339496572,1
1,0,0,0,-1.2367242199587352,1,0,1,0,0,0,0,0,0,0,1,1,0.16745288709781284,-1.3967228726689345,1
1,0,0,0,-0.2594354906780068,1,0,0,0,0,0,2,2,0,1,0,1,-0.17653909193657447,-1.2373421305574976,0
1,0,1,0,0.9214550572028734,0,1,0,0,0,2,2,2,2,0,1,0,-0.3393951979528547,-0.3631308175143676,1
1,0,0,0,-0.748079855318371,1,0,2,1,1,1,1,1,1,0,1,2,-1.4860351280674797,-0.3562472638683587,0
1,0,1,0,1.5729808767233588,1,0,0,2,0,2,2,2,2,2,1,2,0.5912111221401742,0.8208404095991629,0
1,0,0,0,1.2879383306831464,1,2,0,2,2,2,2,2,0,1,0,2,0.5480044001358552,0.7186461131622616,0
0,0,0,0,-1.0331224013585834,1,0,0,0,0,0,2,2,2,0,1,1,0.19902703010096928,0.30245586964203125,1
0,0,0,0,1.002895784642934,1,0,0,2,2,2,2,2,0,2,1,1,0.3170146171127639,0.16054876370892474,0
0,0,1,0,-0.7888002190384014,1,2,1,0,2,2,0,2,0,0,0,2,0.9750862291785486,-1.5169203094107822,1
0,0,1,1,-1.1960038562387048,0,1,0,2,0,0,0,0,0,0,0,1,-1.1653083070354178,1.6357472604612933,1
1,1,1,0,1.6137012404433893,1,2,1,0,2,2,2,2,2,2,0,1,1.4935668932303794,1.4308291634608745,0
0,0,1,1,0.3106496014024181,1,2,1,0,2,2,0,2,0,0,1,1,1.0498670941860242,0.050411905372782354,0
1,0,1,0,-0.748079855318371,1,2,0,0,0,0,2,2,0,0,1,1,0.06109787908718086,1.7162318877069358,0
1,0,1,1,-1.2367242199587352,1,0,0,0,0,0,0,0,0,0,1,2,-0.6734163949862454,1.6219801531692755,0
1,1,0,0,1.369379058123207,1,2,1,0,2,2,2,2,2,1,0,1,1.5334500212343665,1.3169857762384196,1
0,0,1,0,0.22920887396235737,1,2,1,0,0,2,2,2,2,0,1,2,1.3373579752147637,0.0991262850214607,1
1,0,0,1,-1.2774445836787656,0,1,0,0,0,0,0,0,0,0,1,2,-1.3115464430500368,-0.5849930465665005,1
1,0,0,0,-0.4223169455581282,1,0,0,0,2,0,2,0,0,1,1,1,-0.3194536339508612,-1.5343939455891125,1
1,0,0,0,-1.2774445836787656,1,0,2,1,1,1,1,1,1,0,1,3,-1.4843733310673135,-0.8735727955722582,1
1,0,0,0,-1.1145631287986442,1,0,1,0,0,0,0,2,0,0,1,3,0.5097830691320341,0.07582810345035366,0
1,0,1,1,-0.13727439951791576,1,2,0,2,0,0,2,2,0,1,0,0,0.142525932095321,-0.8989889936498295,0
1,0,1,1,-1.2774445836787656,1,0,1,0,0,0,0,0,0,0,1,3,0.17077648109814536,1.1629000753931436,1
0,0,0,0,-1.1960038562387048,1,0,2,1,1,1,1,1,1,0,0,3,-1.4744025490663168,0.9701605733048944,0
1,0,1,1,1.5729808767233588,1,0,2,1,1,1,1,1,1,2,0,1,-1.4976677070686424,-1.432199649152211,0
1,0,0,1,-0.9516816739185228,1,0,0,0,2,0,0,0,0,0,1,2,-0.48729513096763954,0.43800892605574493,0
1,0,0,0,0.43281069256250915,1,2,1,0,2,0,0,2,2,0,1,2,1.217708591202803,0.31622297693404905,1
0,0,0,0,0.6364125111626608,1,2,0,2,2,2,0,2,2,1,1,1,0.6211234681431647,0.036644798080764554,0
1,0,0,0,-0.2594354906780068,1,2,1,2,2,0,0,0,0,0,1,1,0.7274784761537967,-0.7512573423239463,0
0,0,0,0,-0.9516816739185228,1,0,2,1,1,1,1,1,1,0,0,0,-1.4827115340671475,-0.6570056077862859,0
1,0,0,0,-1.2774445836787656,1,0,1,0,0,0,0,0,2,0,1,2,0.53304822713436,1.4636584193110709,1
0,0,1,1,0.5549717837226001,1,0,2,1,1,1,1,1,1,2,0,1,-1.5076384890696393,1.6961107308955252,0
1,0,0,0,-1.2367242199587352,1,2,0,0,0,0,0,0,2,0,0,0,-0.09012564792793624,-1.5476315487545143,1
1,1,0,0,-1.2774445836787656,1,2,1,0,0,0,0,0,0,0,1,2,0.3884718881199074,1.358816602241089,1
1,0,1,1,1.2879383306831464,0,1,0,2,0,2,2,2,2,2,1,0,-0.15659752793458118,0.01652364126935393,0
0,1,0,0,-0.8295205827584317,1,2,1,0,2,0,0,2,0,0,1,2,0.8820255971692458,-1.6254686553670763,1
1,1,1,0,-1.0738427650786138,1,0,1,0,0,2,0,2,2,0,1,2,1.0299255301840309,0.7800685918497255,1
0,0,1,0,1.0843365120829946,1,0,2,1,1,1,1,1,1,1,0,3,-1.4760643460664828,-1.4666174173822557,0
0,0,0,0,-1.0331224013585834,1,0,1,0,2,0,0,2,2,1,1,3,0.9734244321783826,0.9833981764702961,0
0,1,1,0,1.6137012404433893,1,2,0,2,2,2,0,2,2,2,1,1,0.642726829145324,0.9235642101626803,0
1,1,0,0,-0.6666391278783103,1,0,1,0,0,0,0,0,2,0,1,2,0.464914550127549,-1.5137432846510859,0
1,0,1,0,-0.30015585439803716,1,2,0,0,0,2,0,0,0,0,0,1,-0.30615925794953225,-1.3326528733483902,0
0,0,1,0,0.06632741908223598,1,2,0,2,2,0,2,0,0,0,0,2,-0.07018408392594272,-0.7131330452075892,1
0,0,0,0,-1.2774445836787656,1,2,1,0,0,0,0,0,0,0,1,2,0.3236618051134285,1.304277677199634,1
0,0,1,1,-0.9109613101984924,1,2,1,0,2,2,0,2,2,0,1,1,1.2409737492051283,-1.6551208864575762,1
1,0,1,0,-0.3408762181180675,1,0,2,1,1,1,1,1,1,1,0,3,-1.4843733310673135,0.6349844611569226,0
0,0,1,1,-0.9109613101984924,1,2,0,2,2,0,0,2,0,1,0,2,0.18407085709947407,1.1083611503516884,0
1,0,1,0,1.4915401492832983,1,0,0,2,2,0,0,0,0,1,1,1,-0.3693075439558449,0.002227029850720063,0
1,0,0,0,1.002895784642934,1,0,2,1,1,1,1,1,1,2,0,3,-1.462769970065154,-1.6053474985556657,0
1,0,1,1,0.7178532386027215,1,0,1,0,2,2,2,2,2,1,1,0,1.284180471209448,0.5989781805470299,0
1,0,1,1,-0.1779947632379461,0,1,0,2,0,2,2,2,0,1,0,3,-0.46402997296531395,-1.3564805590461133,0
0,0,0,0,-0.6666391278783103,1,0,0,2,0,0,0,0,0,0,1,2,-0.4856333339674735,1.365170651760482,1
1,0,0,0,-0.30015585439803716,1,0,0,2,2,0,2,2,2,0,1,3,0.4732235351283796,-0.9291707288669455,0
0,1,1,0,-1.1960038562387048,1,0,1,0,2,0,0,0,0,0,1,0,0.32698539911376057,-0.6527695747733574,0
1,0,1,0,1.1657772395230555,1,2,1,0,0,0,0,2,2,1,1,0,1.0548524851865226,0.7567704102786186,0
0,0,0,0,-1.2367242199587352,1,0,2,1,1,1,1,1,1,0,0,3,-1.4843733310673135,0.04405785585338952,0
1,0,1,1,0.758573602322752,1,0,2,1,1,1,1,1,1,1,0,3,-1.5076384890696393,1.7305284991255696,0
0,0,1,1,1.5729808767233588,1,0,0,2,0,2,0,2,2,2,0,1,0.42503142212356193,0.7197051214154937,0
0,0,1,1,-0.5037576729981889,1,0,2,1,1,1,1,1,1,0,0,3,-1.4860351280674797,0.11236388818686244,0
1,0,1,1,-1.0738427650786138,1,0,2,1,1,1,1,1,1,0,0,1,-1.4926823160681442,-1.3612460961856578,0
0,0,0,0,-1.0738427650786138,1,0,2,1,1,1,1,1,1,0,0,3,-1.481049737066981,-1.5031532021187644,0
0,0,0,0,-0.13727439951791576,1,2,0,2,2,0,2,0,0,0,0,3,0.08934842809000525,-1.01071436436582,0
1,0,0,0,0.14776814652229667,1,0,2,1,1,1,1,1,1,2,1,1,-1.5358890380724635,1.151780488734206,0
0,0,0,0,-0.1779947632379461,0,1,0,0,0,2,0,0,0,0,1,3,-1.1636465100352518,1.4403602377399638,0
0,0,1,0,-1.0331224013585834,1,2,1,0,0,0,0,2,0,0,1,2,0.722493085153298,0.8155453683330022,1
0,0,0,0,1.247217966963116,1,2,2,1,1,1,1,1,1,2,0,3,-1.3481059770536914,-1.1515624620456946,0
1,0,1,1,0.6364125111626608,1,2,2,1,1,1,1,1,1,2,0,3,-1.3697093380558512,-1.553985598273907,0
0,0,1,0,0.6771328748826912,1,0,2,1,1,1,1,1,1,1,0,0,-1.4727407520661506,1.626216186182204,0
1,1,0,0,-0.21871512695797646,1,2,1,0,2,0,0,0,0,0,1,2,0.5546515881365197,-0.7989127137193924,1
1,0,1,0,1.6137012404433893,1,2,0,2,2,2,2,2,2,2,0,1,0.9152615371725683,1.0961825554395188,0
1,0,1,0,-1.2774445836787656,1,0,1,0,0,0,0,0,0,0,1,2,0.14584952609565352,1.1560165217471345,1
0,0,1,1,1.6137012404433893,0,1,0,0,2,0,2,2,2,2,0,1,-0.3693075439558449,-0.004656523795288836,0
0,0,0,0,0.5956921474426305,0,1,0,2,2,0,2,0,0,1,0,1,-0.8346107040023594,-1.0160094056319808,0
0,0,0,0,-1.2774445836787656,1,0,0,0,0,0,0,2,0,0,1,2,-0.33607160395252245,0.6519285932086368,0
0,0,0,0,0.14776814652229667,1,2,1,0,2,2,0,2,2,1,1,0,1.330710787214099,0.035056285700916345,0
1,0,1,1,0.43281069256250915,0,1,0,0,2,0,0,0,0,0,0,1,-1.1786026830367469,-1.5063302268784609,0
0,1,1,0,-0.21871512695797646,1,2,0,0,2,2,2,2,2,0,0,2,0.6344178441444933,-0.6935413925227948,0
0,0,0,0,-0.9516816739185228,1,0,1,0,0,0,0,0,2,0,1,2,0.4915033021302069,1.2587403223106521,1
0,0,0,0,0.22920887396235737,1,2,1,0,0,2,2,2,2,0,1,2,1.2924894562102784,0.07741661583020187,0
0,1,0,0,0.10704778280226633,1,2,1,2,0,0,0,2,2,0,1,2,1.1396041321949948,-0.09467222532002058,0
0,0,1,1,-1.318164947398796,1,2,0,0,2,2,2,2,0,2,0,3,0.2854404741096075,-1.7250154311708974,0
0,0,1,0,1.0843365120829946,1,0,1,0,2,0,2,2,2,2,1,3,1.1728400721983174,0.8891464419326358,0
1,0,0,0,-0.21871512695797646,1,0,2,1,1,1,1,1,1,2,0,1,-1.4760643460664828,0.6275714033842976,0
0,1,0,0,-1.2367242199587352,1,0,0,0,0,0,0,0,0,0,0,2,-0.6916961619880726,1.5621461868616597,0
1,0,0,0,-1.0331224013585834,1,2,2,1,1,1,1,1,1,0,0,3,-1.3713711350560172,-1.070548330673436,0
0,0,0,0,0.14776814652229667,1,2,0,0,2,0,2,0,2,1,1,3,0.19736523310080326,-0.5744029640341792,0
0,0,1,1,0.35136996512244845,1,2,1,2,2,0,0,2,0,0,1,0,0.9817334171792131,0.040351326967077036,0
0,0,0,0,-0.7888002190384014,0,1,0,0,2,0,0,0,0,0,0,2,-1.1835880740372453,-0.08831817580062776,0
1,0,0,1,-0.5444780367182193,1,0,2,1,1,1,1,1,1,2,0,1,-1.4594463760648215,0.3665258689625756,0
0,0,1,0,1.125056875803025,0,1,0,2,2,0,2,0,0,2,0,0,-0.8994207870088381,-0.7046609791817322,0
0,0,0,1,0.6364125111626608,1,0,1,0,2,2,2,2,0,2,1,3,1.0216165451832002,0.35381776992378994,1
1,1,0,0,-1.1960038562387048,1,2,1,0,0,2,0,2,0,0,0,2,0.8737166121684152,-0.40496164351703706,1
1,0,1,0,1.4915401492832983,1,2,1,0,2,0,2,2,0,2,1,3,0.9202469281730669,1.0236404900931173,0
1,0,0,0,0.43281069256250915,0,1,0,0,0,2,2,0,2,1,0,2,-0.6850489739874083,-0.9132856050684635,0
0,0,0,1,-0.8702409464784621,0,1,0,2,0,0,2,0,0,1,1,3,-0.9542600880143203,0.09647876438838036,0
0,0,1,0,0.5142514200025698,1,0,0,0,0,2,0,0,0,0,1,1,-0.4823097399671412,-0.741726268044857,0
1,0,1,0,1.6137012404433893,1,2,1,0,2,2,2,2,2,2,1,1,1.4952286902305454,1.39641139523083,0
0,1,1,0,-1.2367242199587352,1,2,1,0,0,2,0,0,0,0,0,2,0.47987072312904416,-1.0753138678129806,1
0,0,1,1,-0.8295205827584317,1,0,2,1,1,1,1,1,1,2,0,0,-1.477726143066649,-0.7316656896391517,0
0,0,1,1,1.4100994218432374,1,2,1,0,2,2,2,2,2,1,1,1,1.5816421342391835,1.297394123553625,0
1,0,1,0,0.18848851024232702,1,2,1,0,0,2,2,2,0,2,0,3,0.9817334171792131,-0.13862106782915432,0
0,0,0,0,0.26992923768238775,0,1,0,2,2,0,2,0,0,1,0,0,-0.7847567939973756,-1.0896104792316144,0
0,0,0,0,0.35136996512244845,1,2,0,2,0,2,2,0,2,0,1,0,0.32864719611392706,-0.3022378429535197,0
0,0,0,0,-0.30015585439803716,0,1,0,0,0,2,0,2,2,0,1,2,-0.5487816199737862,-1.4412012193046844,0
1,0,1,1,-0.9924020376385531,1,2,0,2,2,0,2,0,2,2,1,1,0.37850110611891075,1.021522473586653,0
0,0,1,1,1.5729808767233588,1,2,0,2,2,2,2,0,0,2,0,3,0.21065960910213194,0.5931536351542531,0
1,0,0,0,-1.1145631287986442,1,2,1,0,2,2,0,0,2,0,0,2,1.0565142821866886,0.5184935533013875,0
0,0,0,0,-0.0965540357978854,1,2,0,2,0,2,0,2,2,1,1,1,0.4831943171293762,-0.6262943684425539,0
1,0,0,0,0.3106496014024181,1,0,1,0,2,0,2,0,2,1,1,1,0.8255244991635975,-0.12432445641052045,0
0,0,0,0,0.880734693482843,1,0,2,1,1,1,1,1,1,2,1,3,-1.4710789550659844,-1.6858321258013083,0
1,0,1,0,1.6137012404433893,1,2,1,0,2,2,0,2,2,2,1,0,1.3805646972190828,1.350874040341848,0
1,0,1,1,-0.1779947632379461,1,0,1,0,2,2,0,2,2,1,0,0,1.182810854199314,-0.4414974282535458,0
1,0,1,1,-0.5851984004382496,1,0,1,0,0,0,2,0,2,0,1,2,0.6925807391503077,-1.1626820487046319,0
0,0,0,0,-1.2367242199587352,0,1,0,0,0,0,0,2,2,0,1,2,-0.6484894399837535,1.5637346992415078,1
0,0,1,1,1.0843365120829946,1,2,1,0,2,2,0,2,2,1,1,2,1.3755793062185846,0.9606294990258051,0
1,0,1,1,-0.4223169455581282,1,0,0,0,0,0,2,0,0,0,1,2,-0.45405919096431707,-1.500505681485684,0
0,0,0,0,-1.2774445836787656,1,0,2,1,1,1,1,1,1,0,0,3,-1.491020519067978,-0.9349952742597223,0
0,1,1,0,1.6137012404433893,1,2,2,1,1,1,1,1,1,2,1,1,-1.2982520670487077,-0.9106380844353831,0
0,1,0,0,-0.748079855318371,1,2,1,0,0,0,0,0,0,0,1,2,0.3170146171127639,-1.623880142987228,1
1,0,1,0,0.7178532386027215,1,2,1,0,0,0,2,2,2,1,0,2,1.1512367111961581,0.5407327266192623,0
0,0,1,1,0.6364125111626608,1,0,0,2,0,2,2,2,0,1,0,0,0.16412929309748078,-0.3340080905504838,0
0,0,1,1,0.6771328748826912,1,2,1,0,2,0,0,2,2,0,1,2,1.116338974192669,0.46130710762685195,0
1,0,1,1,-0.1779947632379461,1,0,1,0,0,2,0,2,0,0,0,2,0.6875953481498096,-0.7041314750551161,0
1,1,0,0,1.4508197855632678,1,2,1,0,2,2,0,0,2,0,1,2,1.0349109211845293,1.0331715643722066,0
1,0,0,0,-0.7888002190384014,1,2,1,0,0,0,2,2,2,0,0,2,1.1961052302006432,-1.4205505583666576,0
0,0,0,0,-0.8702409464784621,1,2,1,0,0,2,0,2,0,0,1,2,0.8122301231622688,1.7236449454795606,0
0,0,1,0,-1.1960038562387048,1,2,1,0,0,0,0,0,0,0,1,1,0.31036742911209936,-0.7099560204478929,1
1,1,1,0,1.002895784642934,1,2,1,0,0,2,0,2,2,0,0,2,1.1911198392001445,0.7874816496223506,1
1,0,0,0,-1.1960038562387048,1,2,1,0,0,0,0,0,0,0,0,3,0.3402797751150897,-0.8153273416444906,1
1,0,1,0,1.6137012404433893,1,2,2,1,1,1,1,1,1,2,0,1,-1.2965902700485417,-0.9651770094768382,0
1,0,1,1,1.5322605130033284,1,2,0,0,2,2,2,2,2,2,1,2,0.642726829145324,0.867966276867993,0
0,0,1,1,0.6771328748826912,1,2,0,0,2,0,2,2,2,2,0,0,0.4831943171293762,0.046705376486469864,0
0,1,1,0,1.4100994218432374,1,2,1,2,0,2,0,2,2,1,1,1,1.4054916522215746,1.2402076778790896,0
1,0,0,0,0.5549717837226001,1,0,2,1,1,1,1,1,1,2,0,0,-1.4860351280674797,1.6272751944354362,0
0,1,0,0,1.2879383306831464,1,0,0,2,2,0,2,2,0,2,1,1,0.18074726309914202,0.2876297540967813,1
0,0,1,0,0.18848851024232702,1,0,2,1,1,1,1,1,1,0,0,0,-1.504314895069307,1.4737189977167762,0
0,1,0,0,-1.2367242199587352,1,0,1,0,0,0,0,0,0,0,0,2,0.19902703010096928,-1.2082194035936138,1
0,1,1,0,-0.7888002190384014,0,1,0,0,0,0,0,2,2,0,0,2,-0.6468276429835875,0.6138042960922798,0
0,0,1,0,1.6137012404433893,1,2,1,2,2,2,2,2,2,2,0,2,1.6747027662484868,1.5362004846574722,0
1,0,1,1,1.4508197855632678,1,0,0,0,0,2,2,2,2,2,1,0,0.2721460981082788,0.4967838841101286,0
1,0,1,1,-0.7073594915983407,1,0,2,1,1,1,1,1,1,1,0,3,-1.4993295040688086,-0.19845503413677013,0
0,0,0,0,-0.3408762181180675,1,0,2,1,1,1,1,1,1,2,1,0,-1.502653098069141,0.3834700010142898,0
0,0,0,0,-0.3408762181180675,1,2,1,0,0,0,2,0,2,0,1,2,0.8238627021634315,-0.7226641194866785,0
1,0,0,0,-0.21871512695797646,1,0,0,2,0,0,0,0,0,0,0,3,-0.47898614596680894,-1.3262988238289972,0
1,0,0,0,-0.8295205827584317,1,0,0,0,0,0,2,0,0,0,0,0,-0.4823097399671412,0.8510221448162788,1
0,0,1,1,1.5729808767233588,1,0,0,2,2,2,2,2,2,2,0,1,0.7474200401557899,0.9818096640904479,0
1,0,1,1,1.4100994218432374,1,0,2,1,1,1,1,1,1,2,1,3,-1.461108173064988,-1.3252398155757652,0
0,0,1,0,1.247217966963116,1,2,1,0,2,2,2,2,2,2,1,0,1.478610720228884,1.13642486906234,0
1,0,0,0,-1.2774445836787656,1,0,2,1,1,1,1,1,1,0,0,3,-1.4760643460664828,-0.8709252749391779,0
1,0,0,0,-1.1552834925186746,1,0,0,0,0,0,0,0,2,0,1,2,-0.29452667894836937,-0.6564761036596699,0
0,1,0,0,0.3106496014024181,1,0,1,2,2,0,0,0,0,0,1,1,0.47987072312904416,-0.23604982712651104,1
0,0,0,0,-0.8295205827584317,1,0,1,0,0,2,0,2,2,0,1,2,1.0382345151848615,-1.659886423597121,1
1,0,1,1,0.7992939660427822,1,0,0,2,2,2,0,2,2,2,0,2,0.47987072312904416,0.0922427313754518,0
1,0,0,0,-0.9109613101984924,1,2,2,1,1,1,1,1,1,0,1,2,-1.3547531650543558,-0.7210756071068303,0
1,0,0,0,1.4508197855632678,1,2,1,2,2,2,0,2,0,1,0,0,1.2160467942026365,1.2296175953467683,0
0,0,0,0,0.880734693482843,1,2,1,0,0,0,2,2,2,0,1,2,1.1745018691984834,0.6699317335135831,1
0,0,1,1,-1.1552834925186746,1,0,0,0,2,0,2,0,0,0,0,3,-0.27458511494637583,-0.672361227458152,1
0,0,1,0,0.7992939660427822,0,1,0,2,0,2,0,0,0,1,0,3,-0.9742016520163136,-0.8984594895232135,0
0,1,0,0,-1.2774445836787656,1,0,1,0,0,2,0,0,2,0,1,2,0.6726391751483144,1.5610871786084275,1
1,0,1,0,1.5322605130033284,1,2,0,2,2,2,2,2,0,1,0,0,0.48651791112970877,0.7054085099968598,0
1,0,0,0,0.43281069256250915,0,1,0,2,0,2,0,0,0,1,1,1,-0.9825106370171443,-1.270171386407694,0
1,0,0,0,0.7992939660427822,1,0,2,1,1,1,1,1,1,2,0,3,-1.4993295040688086,-1.6964222083336296,0
0,0,0,0,-0.8295205827584317,0,1,0,2,0,2,2,0,2,2,0,3,-0.49560411596847015,0.7017019811105474,0
0,0,1,1,0.9621754209229036,1,2,0,2,2,0,0,0,2,1,0,0,0.13255515009432434,0.006463062863648616,0
1,0,0,1,-1.318164947398796,1,2,0,2,2,0,2,0,0,2,1,0,-0.09511103892843457,-1.7250154311708974,0
1,0,0,0,0.3920903288424788,1,2,1,0,0,2,0,0,0,0,0,2,0.50313588113137,-0.20110255476985048,0
1,1,1,0,-0.4223169455581282,1,0,1,0,0,0,0,2,2,0,1,0,0.830509890164096,-0.909579076182151,0
1,0,1,1,0.758573602322752,0,1,0,2,2,2,0,2,2,1,0,2,-0.18152448293707302,-0.34195065244972483,1
1,0,0,0,-0.21871512695797646,1,0,2,1,1,1,1,1,1,0,1,1,-1.5076384890696393,0.34534570389793284,0
1,1,1,0,0.758573602322752,1,2,1,2,0,2,0,0,2,1,1,0,0.9601300561770538,0.43747942192912886,0
1,0,0,1,-1.1552834925186746,1,0,0,2,0,0,0,0,0,0,1,2,-0.5105602889699654,-0.9852981662882488,1
1,0,0,0,-1.2774445836787656,1,0,2,1,1,1,1,1,1,0,1,3,-1.491020519067978,-0.9349952742597223,0
1,0,0,0,0.10704778280226633,1,0,0,0,0,0,0,2,0,0,0,3,-0.3244390249513595,-0.8571581676471601,1
1,1,1,1,1.5729808767233588,1,2,0,0,2,2,2,0,2,1,1,0,0.2704843011081128,0.5640309081903694,0
0,0,0,0,-1.2774445836787656,1,0,1,0,0,0,0,0,0,0,1,2,0.14751132309581955,1.1565460258737508,1
0,0,1,1,1.4915401492832983,1,2,2,1,1,1,1,1,1,2,1,0,-1.3015756610490399,-1.1107906442962572,0
1,0,1,1,-0.748079855318371,1,0,2,1,1,1,1,1,1,1,0,3,-1.4960059100684764,-0.3038263553333679,0
1,0,1,0,1.002895784642934,1,0,0,2,0,0,2,0,0,0,0,2,-0.3011738669490337,-0.26570205821701093,0
0,0,1,1,1.6137012404433893,1,2,1,2,2,2,2,2,2,2,0,1,1.7528072252562945,1.5902099055723113,0
1,0,0,0,0.6364125111626608,1,0,2,1,1,1,1,1,1,2,0,1,-1.4926823160681442,1.6405127976008378,0
0,0,1,1,-1.1552834925186746,1,0,1,0,0,0,0,2,0,0,1,3,0.46989994112804756,-0.3546587514885105,0
1,0,1,1,-0.055833672077855064,1,0,2,1,1,1,1,1,1,0,1,2,-1.4660935640654862,1.2031423890159647,0
1,0,0,0,0.22920887396235737,1,0,0,0,0,2,2,0,2,1,1,3,-0.08181666292710564,-0.6686546985718395,1
1,1,1,0,0.18848851024232702,1,2,1,0,0,0,0,2,2,0,1,2,0.9219087251732329,-0.13279652243637755,1
0,0,0,0,-1.2774445836787656,1,0,2,1,1,1,1,1,1,0,0,3,-1.4993295040688086,-0.9376427948928026,0
1,1,0,0,1.002895784642934,1,2,0,0,2,2,0,2,2,2,1,0,0.4981504901308714,0.26962661379183495,0
0,1,1,0,1.2064976032430856,1,0,0,2,0,2,2,2,2,2,1,1,0.5047976781315361,0.4300663641565039,0
1,0,1,0,-1.1960038562387048,0,1,0,0,0,0,2,0,0,0,1,2,-1.1586611190347533,1.6463373429936146,0
0,0,0,1,1.6137012404433893,1,0,2,1,1,1,1,1,1,2,1,3,-1.4960059100684764,-1.186509734402355,0
1,0,0,1,-0.13727439951791576,0,1,0,2,2,2,2,0,0,0,1,3,-0.6567984249845842,-1.4893860948267466,0
1,0,1,1,-0.7888002190384014,1,0,0,0,0,0,0,0,0,0,0,0,-0.6634456129852487,0.7255296668082705,0
1,0,0,1,-1.1960038562387048,1,0,1,0,0,0,0,0,0,0,0,2,0.16246749609731476,-0.7602589124764194,1
0,0,0,0,-0.8702409464784621,1,0,0,0,2,0,0,0,0,0,0,2,-0.45405919096431707,0.6265123951310655,0
0,0,0,1,-0.46303730927815856,0,1,0,2,2,2,2,2,0,2,0,3,-0.3859255139575061,-1.5439250198682017,0
0,0,0,0,-0.5444780367182193,1,2,2,1,1,1,1,1,1,0,0,0,-1.33148800705203,0.3596423153165667,0
1,0,0,0,1.1657772395230555,1,2,1,2,0,2,2,2,2,2,1,1,1.5567151792366918,1.1470149515946615,1
0,0,0,0,-0.8702409464784621,1,0,0,2,0,0,0,0,0,0,0,1,-0.5388108379727895,0.5200820656812356,1
1,0,1,1,0.10704778280226633,1,2,1,0,2,2,2,2,2,0,1,2,1.5018758782312098,-0.005186027921904904,0
1,0,0,1,-0.30015585439803716,1,0,2,1,1,1,1,1,1,0,0,3,-1.461108173064988,0.3448161997713168,0
0,0,0,0,-1.2774445836787656,1,0,2,1,1,1,1,1,1,0,1,3,-1.481049737066981,-0.8725137873190261,1
0,0,0,0,1.4100994218432374,1,2,2,1,1,1,1,1,1,2,1,0,-1.3015756610490399,-1.0213044468981416,0
1,0,0,0,-0.5444780367182193,0,1,0,0,0,2,0,2,0,0,1,2,-0.8346107040023594,1.2841565203882233,1
1,0,0,0,0.9621754209229036,1,2,2,1,1,1,1,1,1,1,0,2,-1.3248408190513656,-1.4062539469480237,1
1,0,1,1,1.6137012404433893,1,2,1,2,2,2,0,2,2,2,1,1,1.4503601712260603,1.3974704034840622,0
1,0,0,0,0.43281069256250915,1,0,2,1,1,1,1,1,1,2,0,3,-1.502653098069141,1.5986819715981684,0
0,0,1,1,0.9214550572028734,1,2,1,2,2,0,0,0,0,0,1,2,0.6759627691486464,0.346404712151165,0
1,0,1,1,-1.2367242199587352,1,2,0,2,0,0,0,0,0,0,0,3,-0.2679379269457112,-1.592109895390264,1
1,0,0,0,-0.21871512695797646,1,0,1,0,0,0,0,0,0,0,1,3,0.142525932095321,-1.0191864303916773,0
0,0,0,0,-0.7888002190384014,1,0,1,0,0,0,0,0,0,0,1,3,0.179085466098976,1.6050360211175612,0
0,0,0,0,1.5322605130033284,1,2,1,2,2,2,0,2,2,2,1,3,1.541759006235197,1.3921753622179014,0
0,0,1,0,-0.748079855318371,1,0,1,2,2,0,2,2,2,1,0,3,1.3689321182179202,-1.3882508066430774,1
0,0,1,1,-0.5444780367182193,1,2,1,0,0,0,2,0,2,1,1,0,0.8172155141627669,-1.0991415535107036,0
0,0,0,0,-0.5037576729981889,1,2,1,2,0,0,0,2,0,0,1,0,0.8089065291619363,-0.956175439324365,0
1,0,1,1,0.43281069256250915,1,2,1,2,0,2,2,0,0,1,1,1,0.8803638001690798,0.08959521074237146,0
1,0,1,1,-1.1145631287986442,1,0,1,2,0,2,0,0,2,0,1,3,0.8504514541660894,0.22885479604239764,0
0,1,1,0,1.5322605130033284,1,2,1,0,2,0,2,2,2,1,1,0,1.3556377422165908,1.250797760411411,0
0,0,1,0,0.3106496014024181,1,0,2,1,1,1,1,1,1,2,0,3,-1.517609271070636,1.4070014777631514,0
1,0,1,1,-1.0738427650786138,1,0,2,1,1,1,1,1,1,2,1,1,-1.4744025490663168,-1.653002869951112,0
1,0,0,0,0.26992923768238775,1,0,1,2,0,2,0,2,2,2,1,2,1.1861344481996465,0.0016975257241039939,0
1,1,1,0,-1.1552834925186746,1,2,1,0,0,0,0,0,0,0,0,2,0.3386179781149237,-0.3091213965995286,1
1,0,0,0,-0.7073594915983407,0,1,0,0,0,0,2,0,0,0,1,2,-1.1653083070354178,0.2447399198408797,1
1,0,1,0,-1.2774445836787656,0,1,0,0,0,2,0,2,2,0,1,2,-0.47898614596680894,0.5131985120352267,1
0,1,0,0,0.5142514200025698,1,0,1,2,2,0,2,0,0,0,1,0,0.6959043331506402,-0.00783354855498525,0
0,0,1,0,1.2879383306831464,0,1,0,2,0,2,2,0,2,2,0,2,-0.562075995975115,-0.2757626366227162,1
0,1,1,0,1.002895784642934,1,2,1,0,2,2,0,0,2,0,0,1,0.9717626351782166,0.668872725260351,0
1,0,1,1,1.6137012404433893,1,2,0,2,2,2,2,0,0,2,0,0,0.16911468409797886,0.5544998339112801,0
1,0,0,0,-1.2774445836787656,1,0,1,0,0,0,0,0,0,0,1,2,0.18407085709947407,1.1909637941037952,1
1,0,1,0,1.6137012404433893,1,2,2,1,1,1,1,1,1,2,0,1,-1.2932666760482092,-0.9593524640840614,0
0,0,0,0,-1.1960038562387048,1,0,0,2,2,0,2,0,2,2,0,3,0.21065960910213194,-0.7978537054661603,0
1,1,0,0,0.9214550572028734,1,2,1,2,0,0,0,2,2,0,1,2,1.1312951471941644,0.73770826172044,1
0,0,1,0,1.0843365120829946,1,2,1,0,0,2,2,2,0,0,0,2,0.9501592741760567,0.6476925601957083,0
0,0,0,0,-0.5851984004382496,1,2,1,0,0,0,2,2,2,0,1,0,1.1661928841976528,-1.0361305624433914,1
1,1,1,0,-0.015113308357824713,1,0,1,0,0,0,0,0,2,0,1,1,0.5164302571326987,-0.5971716414786702,1
0,0,0,0,-1.1552834925186746,1,0,0,2,0,0,0,0,0,0,1,0,-0.47233895796614456,-0.6707727150783037,0
0,1,0,0,1.369379058123207,1,2,1,0,2,0,0,0,0,0,1,1,0.5214156481331973,0.592094626901021,1
1,0,0,0,-0.21871512695797646,1,2,1,0,0,2,0,0,0,0,1,2,0.5496661971360212,-0.7147215575874375,0
1,0,0,0,-1.1552834925186746,1,0,2,1,1,1,1,1,1,0,1,1,-1.46443176706532,1.5224333773654544,0
1,0,1,1,1.125056875803025,1,0,0,2,2,0,2,2,2,0,1,1,0.4748853321285456,0.3628193400762631,0
0,0,1,1,-0.9924020376385531,1,0,2,1,1,1,1,1,1,2,0,3,-1.5192710680708021,-0.8582171759003923,0
1,0,1,1,-0.9924020376385531,1,0,2,1,1,1,1,1,1,2,0,1,-1.5009913010689746,-1.484620557687202,0
1,0,0,0,0.10704778280226633,1,0,2,1,1,1,1,1,1,2,1,3,-1.481049737066981,1.1337773484292597,0
1,0,0,0,-1.0331224013585834,1,2,1,0,0,0,0,0,2,0,1,2,0.7324638671542947,0.9458033834805551,1
0,0,1,1,0.8400143297628127,1,0,2,1,1,1,1,1,1,2,0,3,-1.4577845790646555,-1.5778132839716301,0
0,1,0,0,-0.5851984004382496,1,2,1,0,2,0,2,2,2,0,1,1,1.290827659210112,-1.0080668437327398,0
0,0,0,0,-0.7073594915983407,0,1,0,0,2,0,0,0,2,2,1,3,-0.8628612530051836,0.8875579295527876,0
1,0,1,0,1.4100994218432374,1,2,1,0,2,0,0,2,0,1,1,0,0.785641371159611,0.8054847899272969,0
1,1,1,0,-1.0738427650786138,1,0,1,0,2,0,0,0,2,0,1,2,0.6460504231456565,0.5772685113557711,1
1,1,0,0,-1.0738427650786138,1,0,1,0,0,0,0,2,0,0,1,2,0.4964886931307054,0.5020789253762893,0
1,0,0,0,-0.7888002190384014,1,2,1,0,0,0,2,2,2,0,1,3,1.1379423351948288,-1.431670145025595,1
0,0,0,0,-0.8702409464784621,1,2,1,0,0,2,0,2,2,0,1,2,1.1961052302006432,-1.5942279118967282,1
1,0,0,1,-1.2774445836787656,1,0,2,1,1,1,1,1,1,0,1,3,-1.5109620830699715,-0.9408198196524991,0
1,0,0,0,-1.1145631287986442,1,0,0,2,0,0,2,0,0,0,1,3,-0.2995120699488677,-0.4992133780546974,0
1,0,0,0,-0.7888002190384014,1,0,2,1,1,1,1,1,1,1,1,3,-1.4893587220678117,-0.5468687494501436,0
0,0,1,0,-0.9516816739185228,1,2,1,2,2,2,0,0,0,0,0,0,0.896981770170741,1.5870328808126148,1
1,0,0,0,-0.13727439951791576,1,0,1,0,2,0,2,2,0,0,0,3,0.827186296163764,-0.5230410637524204,0
1,1,0,0,-1.2774445836787656,1,0,0,0,0,0,0,0,0,0,1,3,-0.62854787598176,0.300337853135567,0
0,0,0,0,-1.2774445836787656,1,2,1,0,0,2,0,0,0,0,1,3,0.4915033021302069,1.435594700600419,1
0,0,1,1,-0.5851984004382496,1,0,0,0,0,0,0,2,0,0,0,3,-0.2928648819482031,-1.6376472502792458,0
0,0,1,0,-1.2367242199587352,1,0,0,0,0,2,0,2,2,0,0,1,0.14086413509515497,-1.2654058492681493,0
1,0,1,1,-0.0965540357978854,1,2,1,0,2,0,2,0,0,0,1,0,0.6244470621434968,-0.5447507329436793,0
1,0,0,1,1.369379058123207,1,2,0,2,2,0,2,0,0,2,0,0,0.03118553308419093,0.2431514074610315,0
1,0,1,1,0.22920887396235737,1,2,1,0,0,2,2,2,0,2,1,0,1.001674981181207,-0.0703150354956814,0
1,0,1,1,0.47353105628253944,1,0,0,0,2,2,2,0,0,0,1,3,-0.09511103892843457,-0.38695850321209074,0
0,0,0,0,0.880734693482843,1,2,1,0,2,2,2,2,2,0,0,2,1.5400972092350305,0.8822628882866269,1
1,0,0,0,-1.2367242199587352,1,0,2,1,1,1,1,1,1,0,0,3,-1.4876969250676457,-0.25299395917822526,0
0,0,0,0,0.3920903288424788,1,0,0,2,2,0,2,0,2,1,1,3,0.09765741309083585,-0.40655015589688526,0
0,0,1,1,1.0436161483629645,1,2,2,1,1,1,1,1,1,2,0,1,-1.3165318340505352,-1.2362831223042656,0
1,0,1,1,1.0436161483629645,1,0,1,0,2,0,0,2,2,0,1,2,0.9335413041743955,0.6243943786246012,0
0,0,1,1,-0.30015585439803716,1,2,1,0,0,2,0,0,2,0,1,2,0.8089065291619363,-0.664948169685527,1
0,0,0,0,1.5729808767233588,1,2,1,2,2,2,2,2,2,2,0,3,1.5467443972356951,1.4551863532852136,0
0,0,0,0,0.18848851024232702,1,2,1,0,2,2,0,2,2,0,1,0,1.2343265612044643,-0.09837875420633306,1
0,0,1,1,-0.748079855318371,1,2,1,0,0,0,2,2,0,0,1,2,0.893658176170409,-1.432729153278827,1
0,1,0,0,-1.1552834925186746,1,2,1,0,0,2,0,0,2,0,1,2,0.8005975441611056,-0.028484209493011944,1
0,0,1,0,0.6364125111626608,1,2,0,2,0,0,2,0,0,1,1,0,-0.1383177609327537,-0.358365280374823,0
0,1,0,0,-1.1960038562387048,0,1,0,0,0,0,0,0,0,0,0,2,-1.3115464430500368,1.382114783812196,1
0,0,1,0,-0.9924020376385531,1,0,0,2,0,0,2,0,2,2,0,3,0.02453834508352634,0.7472393359995293,0
1,0,0,0,-1.2774445836787656,1,2,1,0,0,0,0,2,2,0,1,2,1.0199547481830342,1.686579656616436,1
1,0,0,0,1.4100994218432374,1,0,2,1,1,1,1,1,1,2,0,0,-1.4893587220678117,-1.4221390707465058,0
1,0,0,0,-0.7888002190384014,1,0,1,0,0,0,0,2,2,0,1,2,0.8753784091685812,-1.5846968376176391,1
0,0,1,1,0.5142514200025698,1,0,0,0,2,0,2,0,0,1,1,1,-0.35268957395418365,-0.6908938718897144,1
1,0,0,0,0.6771328748826912,1,2,1,0,0,0,0,0,0,0,1,0,0.32698539911376057,-0.027954705366395875,0
0,0,1,0,0.7992939660427822,1,2,1,0,2,2,0,2,0,0,0,0,0.9917041991802098,0.5280246275804766,0
0,0,1,0,1.247217966963116,1,0,1,2,0,2,0,0,0,1,1,1,0.544680806135523,0.5926241310276371,0
0,0,1,1,1.4508197855632678,1,2,0,2,2,2,2,2,2,2,1,0,0.8072447321617703,0.9420968545942427,0
0,0,1,0,-0.055833672077855064,1,0,0,0,0,0,2,0,0,0,1,3,-0.5172074769706297,-1.2489912213430512,0
0,0,1,0,1.2879383306831464,1,0,2,1,1,1,1,1,1,2,0,1,-1.505976692069473,-1.523274358930175,0
0,0,1,0,1.2064976032430856,1,0,1,2,0,2,2,2,2,1,1,2,1.3140928172124378,1.0681188367288672,0
0,0,0,0,-1.2774445836787656,1,0,1,0,0,0,0,0,0,0,0,0,0.16412929309748078,1.1607820588866793,1
0,0,0,0,-1.0738427650786138,1,0,1,0,0,0,0,2,2,0,1,2,0.8222009051632655,0.7795390877231095,1
0,0,1,0,-0.46303730927815856,1,0,1,0,0,0,2,2,0,0,1,2,0.7075369121518029,-0.9980062653270345,0
0,0,1,1,1.6137012404433893,1,2,2,1,1,1,1,1,1,2,0,0,-1.3148700370503688,-1.0255404799110701,0
0,0,1,1,-0.015113308357824713,0,1,0,2,2,0,0,0,0,0,1,2,-0.9841724340173105,-1.6725945226359065,0
0,1,0,0,1.5729808767233588,1,2,1,2,2,0,2,2,0,1,1,1,1.1595456961969886,1.2492092480315629,0
0,0,0,1,0.06632741908223598,1,0,1,2,2,2,0,2,2,0,1,0,1.3489905542159264,-0.04225131678502974,0
1,0,1,0,-1.1960038562387048,0,1,0,0,0,0,0,0,2,0,1,2,-0.9841724340173105,1.7225859372263286,1
1,0,0,1,-0.8295205827584317,1,2,1,0,0,0,0,0,0,0,1,1,0.29873485011093664,1.5949754427118559,1
0,1,0,0,-0.9924020376385531,1,2,1,0,0,2,0,2,2,0,0,2,1.2160467942026365,1.4091194942696157,1
0,0,1,1,0.10704778280226633,1,2,2,1,1,1,1,1,1,2,0,0,-1.3447823830533592,1.5076072618202045,0
0,0,1,1,-1.1960038562387048,1,0,1,0,0,0,0,2,0,0,1,2,0.5297246331340278,-0.6522400706467414,0
1,0,0,0,-1.1960038562387048,1,0,1,0,0,2,2,2,0,0,1,3,0.8338334841644282,-0.6199403189231611,0
1,0,0,0,0.8400143297628127,1,0,0,0,0,2,0,0,2,1,1,2,-0.12169979093109246,-0.18256991033828807,0
0,0,1,0,-1.1552834925186746,0,1,0,2,0,0,0,0,0,0,1,2,-1.1869116680375775,-1.4449077481909969,0
0,0,1,1,0.6364125111626608,1,0,1,2,0,2,0,2,2,1,1,0,1.1612074931971548,0.5041969418827535,0
0,0,1,1,-1.0738427650786138,1,0,0,2,2,0,0,0,0,0,0,1,-0.29452667894836937,-0.05601842407704754,1
1,1,1,0,-1.1960038562387048,1,2,1,0,2,2,0,2,2,0,1,2,1.3672703212177542,-0.19157148049076123,1
1,0,1,1,0.880734693482843,0,1,0,0,0,2,2,0,2,2,0,1,-0.6235624849812617,-0.6284123849490182,0
0,0,0,0,-1.2774445836787656,1,0,0,0,0,0,0,0,0,0,0,3,-0.6916961619880726,0.21349917637053165,1
1,0,0,0,1.2064976032430856,1,0,0,0,2,2,2,2,2,0,1,0,0.5197538511330312,0.5057854542626018,0
1,0,1,1,-0.4223169455581282,1,0,1,0,2,2,0,2,2,1,1,3,1.1728400721983174,-0.8142683333912585,0
1,0,0,0,-1.2774445836787656,1,0,0,0,0,0,0,0,0,0,1,0,-0.6534748309842519,0.2934542994895581,1
1,1,0,0,0.758573602322752,1,0,1,0,0,2,0,2,2,1,1,0,0.9717626351782166,0.476662727298718,0
0,0,0,0,-0.0965540357978854,1,2,0,0,2,2,0,2,0,1,1,1,0.13920233809498894,-0.8402140355954458,0
0,1,1,0,0.9621754209229036,1,2,0,2,2,2,2,0,0,1,1,1,0.1225843680933277,0.09012471486898753,0
1,0,1,0,0.10704778280226633,1,2,0,0,2,0,2,2,0,1,1,2,0.14086413509515497,-0.6162337900368486,0
0,1,0,0,1.2879383306831464,0,1,0,0,2,0,2,2,0,0,1,2,-0.6950197559884049,-0.45897106443187613,0
1,0,0,1,-0.0965540357978854,0,1,0,0,0,0,0,2,2,0,1,2,-0.6734163949862454,-1.4269046078860503,0
0,0,1,1,-0.30015585439803716,1,0,2,1,1,1,1,1,1,2,1,3,-1.5309036470719648,0.011228600003193237,0
0,0,0,0,0.35136996512244845,1,0,1,0,0,0,0,0,0,0,0,0,0.18240906009930805,-0.4150222219227424,1
1,0,0,1,-0.9516816739185228,1,0,0,0,0,0,0,2,0,0,0,2,-0.31280644595019663,0.29027727472986165,1
0,0,1,0,-1.2774445836787656,1,0,0,2,2,0,0,0,0,0,1,3,-0.3726311379561772,0.622276362118137,0
1,0,0,1,1.5322605130033284,1,2,1,2,2,2,2,2,2,2,1,2,1.656422999246659,1.4281816428277943,0
0,0,1,1,1.002895784642934,1,0,2,1,1,1,1,1,1,2,1,0,-1.4843733310673135,-1.6344702255195496,0
1,0,0,0,-0.9516816739185228,1,2,1,0,0,0,0,2,0,0,1,2,0.6892571451499756,1.441948750119812,0
0,0,1,1,1.4915401492832983,1,2,1,0,2,2,2,2,2,1,1,0,1.461992750227223,1.3281053628973571,0
1,1,1,0,0.43281069256250915,1,2,1,0,2,2,0,2,2,0,1,2,1.2708860952081187,0.26274306014582605,1
0,0,1,0,1.6137012404433893,1,2,1,0,0,2,0,2,2,2,1,2,1.099721004191008,1.135895364935724,0
1,0,0,1,0.47353105628253944,1,0,2,1,1,1,1,1,1,2,0,0,-1.502653098069141,1.5028417246806598,0
0,0,1,0,1.6137012404433893,1,2,1,2,2,0,0,0,0,2,1,0,0.641065032145158,0.8955004914520286,0
0,0,1,0,0.025607055362205634,1,0,1,2,0,2,2,2,2,1,1,2,1.2958130502106107,-0.18045189383182378,1
1,0,0,0,0.880734693482843,1,2,1,0,0,2,0,0,2,0,0,1,0.8188773111629334,0.45177603334776273,0
1,0,0,1,-0.21871512695797646,1,0,2,1,1,1,1,1,1,2,0,1,-1.4976677070686424,0.5507933050249676,0
1,0,0,0,0.880734693482843,1,2,1,0,2,0,0,0,0,0,1,0,0.5014740841312035,0.21720570525684413,0
1,0,0,0,-1.1960038562387048,1,0,1,0,2,0,0,0,0,0,0,1,0.32200000811326246,-0.749668829944098,0
0,0,1,0,0.8400143297628127,1,2,0,2,2,2,0,0,2,1,0,0,0.31036742911209936,0.011758104129809308,0
1,0,0,0,-1.2774445836787656,1,0,1,0,0,0,0,0,0,0,1,2,0.15249671409631763,1.1576050341269828,1
1,0,1,0,-0.7073594915983407,1,0,2,1,1,1,1,1,1,1,0,3,-1.5275800530716328,-0.37742742893300146,0
0,0,0,0,0.9621754209229036,1,0,1,0,2,0,0,0,0,0,1,2,0.3020584441112687,0.12242446659256775,1
1,0,1,1,-1.1145631287986442,1,2,0,2,2,0,2,0,0,0,0,1,-0.012021188920128179,-0.2731151159896359,0
1,0,1,1,0.6364125111626608,1,0,0,0,2,2,0,0,0,1,1,1,-0.29785027294870164,-0.5071559399539384,0
0,0,0,1,-0.30015585439803716,1,0,2,1,1,1,1,1,1,0,0,1,-1.4860351280674797,0.3871765299006023,0
0,0,1,0,-1.1960038562387048,1,2,1,0,0,0,0,0,0,0,1,1,0.34526516611558833,-0.7846161023007586,1
1,0,0,0,1.0436161483629645,1,0,1,2,2,0,0,2,2,1,0,0,1.1429277261953275,0.776362062963413,0
1,0,0,0,-0.9109613101984924,1,0,0,0,0,0,0,0,2,0,1,0,-0.2662761299455452,0.530142644086941,0
1,0,0,0,-1.2774445836787656,1,0,1,0,0,0,0,0,0,0,1,2,0.16080569909714826,1.159723050633447,1
1,0,1,0,1.5729808767233588,1,2,1,0,2,0,2,2,2,2,1,1,1.3091074262119398,1.2926285864140805,0
0,0,1,1,1.3286586944031769,1,2,1,0,2,2,2,2,2,2,1,1,1.5301264272340338,1.2619173470703484,0
1,0,1,1,-1.1145631287986442,1,2,1,0,2,0,0,0,0,0,1,2,0.5114448661322006,0.019700666029050344,1
0,0,0,0,-0.1779947632379461,0,1,0,0,0,2,2,0,0,0,1,3,-0.9642308700153169,1.7008762680350697,0
0,0,1,1,1.4100994218432374,1,2,0,0,0,2,2,0,2,2,1,0,0.17077648109814536,0.3495817369108614,0
1,0,0,0,0.10704778280226633,1,0,1,2,0,0,2,0,2,1,1,2,0.8122301231622688,-0.2265187528474218,0
0,0,1,1,1.6137012404433893,0,1,0,2,2,2,2,0,2,2,0,1,-0.3028356639492,0.03293826919445207,0
0,0,1,1,1.1657772395230555,0,1,0,2,2,0,2,0,2,1,1,0,-0.467353566965646,-0.3064738759664482,0
1,1,0,0,1.4508197855632678,1,0,2,1,1,1,1,1,1,2,1,1,-1.4876969250676457,-1.3432429558807115,0
0,0,1,1,-1.2774445836787656,0,1,0,2,0,0,0,0,0,0,0,0,-1.1387195550327598,-0.3520112308554302,1
1,0,0,0,-1.1960038562387048,1,0,2,1,1,1,1,1,1,0,1,3,-1.517609271070636,0.6206878497382887,0
1,0,1,1,1.5322605130033284,1,2,1,0,2,0,0,2,2,2,0,0,1.114677177192503,1.142778918581733,1
0,0,0,1,0.6364125111626608,0,1,0,0,2,2,0,0,2,0,0,1,-0.6385186579827569,-0.8047372591121692,0
1,0,1,1,1.4508197855632678,1,2,1,0,2,0,0,2,2,1,1,1,1.2060760122016398,1.1120676792380009,0
0,0,0,0,0.5956921474426305,1,0,1,2,0,2,2,2,2,1,1,2,1.2941512532104444,0.3930010752933791,0
1,0,1,1,-0.015113308357824713,0,1,0,0,0,2,2,0,0,1,1,3,-0.9476129000136557,-1.5730477468320856,0
0,0,1,1,-1.1145631287986442,1,0,0,2,0,0,0,0,0,0,1,3,-0.5105602889699654,-0.688246351256634,0
1,0,0,0,0.6771328748826912,1,0,2,1,1,1,1,1,1,2,1,1,-1.491020519067978,-1.7011877454731743,0
0,0,0,0,0.6364125111626608,1,2,1,0,2,2,0,2,2,0,1,0,1.4171242312227377,0.5576768586709765,1
0,1,0,0,-0.7888002190384014,1,2,1,0,0,0,0,0,2,0,1,2,0.572931355138347,-1.5968754325298087,1
1,0,0,0,-0.7073594915983407,1,0,2,1,1,1,1,1,1,0,1,3,-1.4943441130683104,-0.3032968512067518,0
0,0,0,0,-0.8295205827584317,1,0,0,0,0,0,0,0,0,0,1,2,-0.6551366279844181,0.5947421475341014,0
1,1,0,0,1.4100994218432374,1,2,0,2,2,0,2,0,0,2,1,0,-0.007035797919630092,0.19390752368573708,0
1,0,0,0,-0.9516816739185228,1,0,1,0,0,0,2,2,0,0,0,2,0.7141841001524675,1.3831737920654283,0
0,0,1,1,-0.7888002190384014,1,0,2,1,1,1,1,1,1,2,1,0,-1.4960059100684764,-0.6072322198843755,0
0,0,0,0,0.22920887396235737,1,0,1,0,0,0,0,2,2,1,1,3,0.8089065291619363,-0.18998296811091303,0
0,1,1,0,0.3920903288424788,1,2,1,0,2,2,0,2,0,0,1,2,1.0232783421833662,0.05623645076555911,0
0,0,1,0,-0.3408762181180675,1,2,1,0,0,0,0,0,0,0,1,1,0.35357415111641893,-1.0536041986217217,1
0,1,1,0,-0.21871512695797646,1,0,1,2,0,2,0,2,2,0,1,2,1.2127232002023045,-0.45738255205202794,1
1,0,1,1,-0.9516816739185228,1,2,1,0,2,2,0,2,2,0,1,1,1.2575917192067896,1.6198621366628112,0
0,0,1,0,0.6771328748826912,0,1,0,0,2,0,2,2,2,1,1,1,-0.28123230294704044,-0.4489104860261708,0
0,1,1,0,1.1657772395230555,1,2,1,2,2,2,2,0,0,0,1,1,0.9784098231788811,0.8361960292710289,0
1,0,0,1,0.7178532386027215,0,1,0,2,2,0,0,2,0,1,1,0,-0.721608507991063,-0.7517868464505624,0
1,1,0,0,-0.30015585439803716,1,2,1,0,2,0,0,2,0,0,1,2,0.8222009051632655,-0.7634359372361158,1
0,1,0,0,-0.4223169455581282,1,2,1,0,0,0,0,0,0,0,1,0,0.32033821111309646,-1.0938465122445429,1
1,0,0,0,-1.2774445836787656,1,0,2,1,1,1,1,1,1,0,0,3,-1.4710789550659844,-0.8693367625593297,1
1,0,0,0,-1.1552834925186746,1,2,1,0,0,0,0,0,0,0,1,2,0.31867641411292996,-0.5098034605870188,1
0,1,1,0,-0.5851984004382496,1,2,1,0,0,0,2,2,2,0,0,0,1.1628692901973208,-0.9895341993011774,1
0,1,0,0,0.9621754209229036,1,2,1,0,2,2,2,2,2,1,1,2,1.5683477582378549,1.0119913993075638,1
0,1,1,0,0.8400143297628127,1,0,1,0,2,2,2,2,0,1,1,2,0.9717626351782166,0.45442355398084305,0
0,0,1,0,0.758573602322752,1,2,1,0,0,2,0,2,2,1,1,2,1.1329569441943304,0.4946658676036643,0
0,0,1,1,-0.3408762181180675,1,2,0,2,2,2,0,0,0,2,0,2,-0.013682985920294679,-1.1965703128080605,0
0,0,1,0,1.2064976032430856,1,0,0,2,2,2,0,2,0,2,1,1,0.24057195510512236,0.20449760621805846,0
1,0,0,0,-0.3408762181180675,1,0,0,0,2,0,0,0,0,0,1,3,-0.5005895069689685,-1.5137432846510859,0
0,0,1,1,1.5322605130033284,1,2,0,2,2,2,2,2,0,2,0,2,0.5297246331340278,0.7382377658470561,0
1,0,0,1,-1.2774445836787656,0,1,0,0,0,0,0,0,0,0,0,3,-1.3481059770536914,-0.6464155252539646,0
1,1,0,0,-0.6666391278783103,0,1,0,0,2,0,0,2,0,0,1,3,-0.8562140650045189,1.120010241137242,1
0,0,0,0,-0.9924020376385531,1,0,0,0,2,0,2,2,0,0,1,2,0.022876548083360315,0.7101740471364044,0
0,0,1,1,1.6137012404433893,1,0,0,2,2,2,2,0,2,2,1,2,0.31867641411292996,0.599507684673646,0
0,0,0,0,-0.38159658183809786,1,0,1,0,2,2,2,0,0,0,0,0,0.612814483142334,-0.8428615562285262,0
1,0,0,1,-0.055833672077855064,0,1,0,0,0,0,0,0,0,0,0,1,-1.3215172250510334,1.4292406510810263,0
1,0,1,1,0.18848851024232702,0,1,0,2,0,2,2,0,0,1,1,2,-0.8163309370005319,-1.2225160150122478,0
0,0,1,0,-0.0965540357978854,1,2,1,0,2,0,2,2,0,0,1,1,0.9750862291785486,-0.4372613952406173,1
0,1,0,0,0.10704778280226633,1,2,1,2,2,2,0,2,2,1,1,2,1.4486983742258936,-0.025836688859931598,0
0,0,1,1,-0.38159658183809786,1,2,0,0,2,0,2,2,0,0,1,1,0.1574821050968162,-1.1256167598415072,0
0,0,1,1,-0.5037576729981889,1,2,0,2,0,0,0,2,2,1,0,0,0.3735157151184122,-1.1738016353635694,0
1,0,1,0,0.14776814652229667,1,0,1,2,0,0,0,2,2,0,1,2,0.9584682591768874,-0.17780437319874343,0
0,0,0,0,-0.9924020376385531,1,2,1,0,0,0,0,2,2,0,0,0,1.0266019361836989,1.3995884199905264,1
1,0,1,1,1.5729808767233588,1,2,1,0,2,0,0,2,2,1,0,0,1.1894580421999785,1.2312061077266165,0
0,1,1,0,0.7178532386027215,1,2,1,0,2,0,0,2,0,0,1,2,0.7740087921584478,0.2383858703214869,1
0,0,1,1,0.43281069256250915,1,2,2,1,1,1,1,1,1,1,1,0,-1.3397969920528607,1.726292466112641,0
1,0,0,1,1.002895784642934,1,2,0,2,2,2,2,2,2,2,0,3,0.8238627021634315,0.522729586314316,0
0,0,1,1,0.35136996512244845,1,0,0,0,2,0,2,0,2,1,1,0,0.05777428508684881,-0.4690316428375814,1
0,0,1,0,-0.21871512695797646,1,0,1,0,2,0,0,0,0,0,1,2,0.37683930911874425,-0.8132093251380264,0
0,0,0,0,-0.7888002190384014,1,0,1,0,0,0,0,0,2,0,1,2,0.5230774451333633,-1.7107188197522634,0
1,0,0,0,-1.1960038562387048,0,1,0,2,2,0,0,0,0,0,1,3,-0.9742016520163136,-1.6625339442302012,1
0,0,0,0,1.4100994218432374,1,0,2,1,1,1,1,1,1,1,0,2,-1.4694171580658184,-1.3940753520358542,0
1,0,0,0,-1.1960038562387048,1,0,0,0,2,0,0,0,0,0,1,3,-0.49394231896830415,-1.4359061780385236,1
0,0,1,0,1.2879383306831464,1,2,1,0,2,0,2,2,2,2,1,0,1.3506523512160928,1.1210692493904741,0
1,0,0,0,-0.2594354906780068,0,1,0,0,0,2,2,0,0,0,0,2,-0.9642308700153169,-1.7017172495997903,0
1,0,0,0,0.22920887396235737,1,2,1,0,2,2,0,0,2,0,1,1,1.0083221691818711,-0.03854478789871726,0
1,0,1,0,-0.38159658183809786,1,0,2,1,1,1,1,1,1,1,0,1,-1.5109620830699715,0.446480992081602,0
1,0,0,0,0.3106496014024181,1,2,1,0,2,2,0,2,2,0,1,1,1.3207400052131024,0.10177380565454106,1
1,1,1,0,1.6137012404433893,0,1,0,2,2,2,2,2,2,2,1,0,-0.055227910924447524,0.37393892673520057,0
0,1,0,0,-1.1960038562387048,1,2,1,0,0,0,0,0,0,0,1,1,0.3419415721152558,-0.5521637907163043,1
1,0,0,0,-0.38159658183809786,1,2,1,0,0,2,0,0,0,0,1,2,0.5396954151350245,-0.9201691587144724,1
0,1,1,0,-1.2774445836787656,1,2,1,0,0,0,0,0,0,0,1,2,0.32200000811326246,1.3037481730730178,1
0,0,0,0,-1.1552834925186746,1,0,0,2,2,0,2,0,0,0,1,3,-0.14496494893341827,-0.47538569235697425,1
0,0,1,0,1.2064976032430856,1,2,0,2,2,0,2,2,2,2,1,2,0.6709773781481484,0.5677374370766819,0
0,0,0,0,0.3106496014024181,1,2,1,0,2,2,0,2,0,0,1,0,0.9518210711762233,-0.016835118707458425,0
1,0,0,0,0.35136996512244845,1,2,1,0,2,0,0,2,0,0,1,2,0.8122301231622688,-0.05760693645689575,0
1,1,1,0,0.06632741908223598,1,0,1,0,0,2,0,2,0,0,1,1,0.6792863631489789,-0.4113156930364299,0
0,0,0,0,-1.2774445836787656,1,0,0,0,2,0,0,0,0,0,0,2,-0.4922805219681379,0.4713676860325573,0
0,0,0,0,0.758573602322752,1,0,2,1,1,1,1,1,1,2,0,0,-1.4660935640654862,-1.7038352661062546,0
1,0,1,1,-1.2774445836787656,1,0,1,0,0,0,0,0,0,0,1,3,0.19570343610063723,1.1946703229901077,1
0,0,0,0,0.26992923768238775,1,0,2,1,1,1,1,1,1,2,0,3,-1.4827115340671475,1.5134318072129813,0
1,0,1,1,-0.8295205827584317,1,0,2,1,1,1,1,1,1,0,1,2,-1.5142856770703037,-0.6532990788999735,0
1,0,0,0,-0.8295205827584317,1,0,0,0,0,0,2,2,0,1,1,2,-0.16490651293541178,1.2672123883365092,1
1,0,0,0,1.6137012404433893,1,2,1,0,2,2,0,2,2,1,1,2,1.3356961782145975,1.3439904866958392,0
0,1,1,0,1.247217966963116,1,2,1,0,2,2,0,2,2,0,1,2,1.28750406520978,1.028406027232662,0
1,0,1,0,0.47353105628253944,1,2,1,2,0,2,0,0,0,0,1,1,0.6659919871476498,-0.06501999422952072,0
0,0,0,0,-0.5851984004382496,1,2,1,0,0,2,2,0,2,0,1,0,1.0066603721817051,-1.1076136195365607,0
0,0,0,0,-0.9516816739185228,1,0,0,0,0,0,0,0,0,0,1,0,-0.683387176987242,0.10071479740130891,1
1,0,0,0,-0.7888002190384014,1,0,0,0,2,0,2,2,2,0,0,3,0.2854404741096075,1.6643404832985609,0
0,0,1,0,1.4508197855632678,1,0,0,0,2,0,2,2,0,2,0,0,-0.021991970921125294,0.22355975477623694,0
0,1,0,0,-1.0738427650786138,0,1,0,0,0,0,0,2,2,0,1,2,-0.6767399889865777,-0.5188050307394919,0
0,0,0,0,-1.2367242199587352,1,0,2,1,1,1,1,1,1,0,1,3,-1.4860351280674797,0.04246934347354132,0
1,1,1,0,0.9214550572028734,1,2,0,2,2,0,0,0,0,1,0,1,-0.1582593249347472,-0.20004354651661832,0
1,1,0,0,-1.2774445836787656,1,2,1,0,0,0,0,0,0,0,1,2,0.3652067301175816,1.3334004041635177,1
1,0,0,0,0.22920887396235737,1,0,1,0,0,0,0,0,0,0,1,1,0.1574821050968162,-0.5219820554991883,0
0,0,0,0,1.4100994218432374,1,2,1,2,2,2,0,2,0,0,1,1,1.2692242982079527,1.150721480480974,1
1,0,0,0,-0.5444780367182193,1,0,1,0,0,0,0,2,0,0,1,0,0.46325275312738295,-1.2526977502293637,0
0,0,0,0,-0.8295205827584317,0,1,0,0,2,2,2,2,2,1,0,2,-0.13665596393258767,1.3148677597319554,0
0,0,0,0,1.6137012404433893,1,0,2,1,1,1,1,1,1,2,1,0,-1.4494755940638249,-1.3172972536765242,0
1,0,1,1,-0.3408762181180675,1,2,0,2,0,2,2,2,2,1,1,3,0.6659919871476498,-0.879397340965035,0
0,0,1,1,1.6137012404433893,1,2,1,0,2,2,0,2,2,1,1,1,1.2775332832087833,1.2920990822874643,0
0,0,1,1,-0.8702409464784621,0,1,0,2,0,0,0,0,0,0,1,2,-1.16863190103575,-0.13968007608238645,0
1,1,1,0,-1.1552834925186746,1,2,1,0,0,0,0,0,0,0,1,3,0.32033821111309646,-0.31653445437215355,1
1,0,0,0,1.369379058123207,1,0,1,2,0,2,2,2,2,2,1,0,1.3589613362169235,1.1380133814421882,0
