gender,SeniorCitizen,Partner,Dependents,tenure,PhoneService,MultipleLines,InternetService,OnlineSecurity,OnlineBackup,DeviceProtection,TechSupport,StreamingTV,StreamingMovies,Contract,PaperlessBilling,PaymentMethod,MonthlyCharges,TotalCharges,Churn,IsSenior
0,0,1,0,-1.2774445836787656,0,1,0,0,2,0,0,0,0,0,1,2,-1.1603229160349193,-0.5085076357067075,0,0
1,0,0,0,0.06632741908223598,1,0,0,2,0,2,0,0,0,1,0,3,-0.2596289419448806,-2.9712812814049525,0,0
1,0,0,0,-1.2367242199587352,1,0,0,2,2,0,0,0,0,0,1,3,-0.3626603559551803,0.30077508708833156,1,0
1,0,0,0,0.5142514200025698,0,1,0,2,0,2,2,0,0,1,0,0,-0.7465354629935549,-4.117182610946268,0,0
0,0,0,0,-1.2367242199587352,1,0,1,0,0,0,0,0,0,0,1,2,0.19736523310080326,0.30077508708833156,1,0
0,0,0,0,-0.9924020376385531,1,2,1,0,0,2,0,2,2,0,1,2,1.1595456961969886,0.9191178349271488,1,0
1,0,0,1,-0.4223169455581282,1,2,1,0,2,0,0,2,0,0,1,1,0.8089065291619363,-2.346370170152528,0,0
0,0,0,0,-0.9109613101984924,0,1,0,2,0,0,0,0,0,0,0,3,-1.1636465100352518,-0.420892244032657,0,0
0,0,1,0,-0.1779947632379461,1,2,1,0,0,2,2,2,2,0,1,2,1.330710787214099,-0.3914845611971262,1,0
1,0,0,1,1.2064976032430856,1,0,0,2,2,0,0,0,0,1,0,0,-0.28621769394753876,-0.1333645043078799,0,0
1,0,1,1,-0.7888002190384014,1,0,0,2,0,0,0,0,0,0,1,3,-0.4922805219681379,0.6036507027171607,0,0
1,0,0,0,-0.6666391278783103,1,0,2,1,1,1,1,1,1,2,0,1,-1.5225946620711341,-0.25275482984555697,0,0
1,0,1,0,1.0436161483629645,1,2,1,0,0,2,0,2,2,1,0,1,1.182810854199314,0.565283942148546,0,0
1,0,0,0,0.6771328748826912,1,2,1,0,2,2,0,2,2,0,1,0,1.2941512532104444,0.4274351031654727,1,0
1,0,0,0,-0.30015585439803716,1,0,1,2,0,2,2,2,2,0,1,2,1.3539759452164248,-0.668580014411589,0,0
0,0,1,1,1.4915401492832983,1,2,1,2,2,2,2,2,2,2,0,1,1.611554480242174,0.8880145663480506,0,0
0,0,0,0,0.7992939660427822,1,0,2,1,1,1,1,1,1,1,0,3,-1.4660935640654862,0.30077508708833156,0,0
1,0,0,1,1.5729808767233588,1,2,1,2,0,2,0,2,2,2,0,0,1.393859073220412,0.8308531443576231,0,0
0,0,1,1,-0.9109613101984924,1,0,0,0,0,2,2,0,0,0,0,1,-0.31779183695069496,0.47826614543038287,1,0
0,0,0,0,-0.46303730927815856,1,0,1,0,2,2,0,0,2,0,1,2,0.8404806721650927,-3.3883606579783905,0,0
1,1,0,0,-1.2774445836787656,0,1,0,0,0,2,0,0,2,0,1,2,-0.8346107040023594,0.042607617004811256,1,1
1,0,1,0,-0.8295205827584317,1,0,2,1,1,1,1,1,1,1,0,0,-1.4943441130683104,-1.9024951929859437,0,0
1,0,0,0,-1.2774445836787656,1,0,2,1,1,1,1,1,1,0,0,3,-1.4827115340671475,-2.0639091281602373,1,0
0,0,1,0,1.0436161483629645,1,2,0,0,2,0,2,0,0,2,1,1,-0.1615829189350795,-0.12193419470511718,0,0
1,0,1,1,0.6771328748826912,1,0,0,2,2,0,2,0,0,0,0,1,-0.17155370093607614,-0.45535676127615987,0,0
0,0,0,0,-0.0965540357978854,1,0,0,2,2,0,0,0,0,0,1,0,-0.31446824295036285,0.30077508708833156,0,0
1,0,1,1,0.5956921474426305,1,2,1,0,2,0,0,2,2,0,1,2,1.1495749141959914,0.3386567443451729,1,0
1,0,1,1,-1.2774445836787656,0,1,0,0,2,0,0,0,0,0,0,2,-1.1486903370337564,-0.4346993985566182,1,0
1,0,1,0,1.6137012404433893,1,2,0,2,2,2,2,2,2,2,1,1,0.8471278601657574,0.6901367833591304,0,0
0,0,0,1,-0.62591876415828,1,0,0,0,0,0,0,2,2,0,1,3,-0.0020504069191315333,0.30077508708833156,1,0
0,1,1,0,1.5729808767233588,1,2,1,2,2,2,2,0,0,2,1,1,1.0498670941860242,0.7466640906780656,0,1
1,1,1,0,-1.2367242199587352,1,0,1,0,0,2,0,2,2,0,1,1,1.0216165451832002,0.30077508708833156,0,1
0,0,1,1,-0.21871512695797646,1,0,0,2,2,2,2,0,0,1,0,3,0.046141706085686136,-3.1644811975640756,0,0
1,0,0,0,-1.2774445836787656,1,0,2,1,1,1,1,1,1,0,0,0,-1.481049737066981,-2.059747056066256,0,0
1,1,0,0,-1.2774445836787656,1,0,0,0,0,0,0,0,0,0,0,0,-0.6484894399837535,0.2585437539636674,0,1
0,0,1,1,1.6137012404433893,1,2,1,2,2,0,2,2,0,2,0,0,1.1678546811978192,0.8169148765586045,0,0
1,0,0,0,-1.1145631287986442,1,0,1,0,0,0,0,0,0,0,1,2,0.16412929309748078,-0.3189871578510296,1,0
0,0,0,0,0.5549717837226001,1,0,1,0,0,2,0,0,0,0,1,1,0.33363258711442517,-0.10297364436920156,0,0
1,0,0,0,0.06632741908223598,1,2,1,0,2,2,0,2,2,0,1,2,1.3822264942192488,-0.10238688124218953,1,0
0,0,0,0,-0.8702409464784621,1,2,1,0,0,2,0,2,2,0,1,0,1.099721004191008,0.30077508708833156,1,0
1,0,1,1,-0.9109613101984924,1,0,0,0,2,0,0,0,0,1,0,3,-0.5055748979694671,0.3405419258564202,0,0
0,0,1,1,1.5322605130033284,1,2,0,2,2,0,0,2,0,2,1,1,0.14751132309581955,0.37533750352996953,0,0
0,0,1,1,-0.62591876415828,1,0,2,1,1,1,1,1,1,1,0,3,-1.462769970065154,0.1538991988671735,0,0
0,0,0,0,1.247217966963116,1,2,0,2,2,2,2,2,0,2,1,1,0.5014740841312035,0.370596888385693,0,0
0,0,1,0,-0.7888002190384014,1,2,0,2,2,0,2,2,0,0,1,2,0.3801629031190768,1.000025043356882,0,0
0,0,0,0,0.6771328748826912,1,2,1,0,0,0,0,0,2,0,1,2,0.6560212051466532,0.04665873690055052,0,0
1,0,0,0,-1.2367242199587352,1,0,0,0,2,0,0,0,0,0,0,3,-0.5155456799704636,0.9957304812243639,0,0
0,0,0,0,-1.2367242199587352,1,0,1,0,0,0,0,2,0,0,1,2,0.5280628361338618,0.30077508708833156,1,0
1,0,0,0,0.7992939660427822,1,2,0,2,0,0,2,2,2,2,1,1,0.4981504901308714,0.16608200663481185,0,0
0,0,1,1,1.4915401492832983,1,2,0,2,0,2,2,0,0,2,1,1,-0.020330173920958795,0.17767496794479604,0,0
0,1,0,0,0.43281069256250915,1,2,1,0,2,0,0,2,0,0,1,2,0.8471278601657574,0.014302849601549279,0,1
0,0,0,0,-0.7073594915983407,1,0,1,2,2,0,0,2,2,0,1,1,1.141265929195161,0.30077508708833156,1,0
0,1,1,0,-0.30015585439803716,1,2,0,2,0,0,2,2,0,0,1,1,0.1574821050968162,0.30077508708833156,0,1
0,1,1,0,-0.9924020376385531,1,2,1,0,2,0,0,0,0,0,1,1,0.5280628361338618,0.6842775454942871,1,1
0,1,1,1,1.125056875803025,1,0,0,2,2,2,2,0,2,1,1,1,0.33529438411459117,0.2449591908986477,0,1
1,1,0,0,-0.5851984004382496,1,2,1,0,0,0,0,2,2,0,1,2,1.0199547481830342,0.30077508708833156,1,1
0,0,1,1,1.247217966963116,1,2,1,2,0,0,0,2,2,1,1,1,1.1595456961969886,0.6818706543925407,0,0
1,1,1,1,1.369379058123207,1,2,1,0,2,2,2,2,2,1,1,2,1.4520219682262263,0.7958752308007431,0,1
0,0,1,1,0.06632741908223598,1,2,2,1,1,1,1,1,1,2,0,1,-1.3231790220511994,0.9625151785590713,0,0
0,0,0,0,1.6137012404433893,1,2,1,0,0,2,2,2,2,2,1,1,1.42044782522307,0.8832097683406183,0,0
0,0,1,0,0.5956921474426305,1,2,1,0,0,2,0,2,2,0,1,2,1.1877962451998125,0.32574238668488864,0,0
1,0,0,0,1.125056875803025,1,2,1,0,2,0,0,2,0,0,1,0,0.8354952811645946,0.5149998569597612,0,0
1,0,1,0,1.6137012404433893,0,1,0,2,2,2,0,0,0,2,0,0,-0.7531826509942192,-0.4628991265558564,0,0
0,0,1,1,-0.5851984004382496,1,0,0,0,0,2,2,0,0,1,1,1,-0.34438058895335305,0.9914173962518573,0,0
0,0,0,0,-0.9516816739185228,1,2,1,0,0,0,0,2,2,0,0,2,0.9850570111795457,0.9462041485737936,1,0
0,0,0,0,-1.1960038562387048,1,0,0,0,2,0,2,2,2,0,1,2,0.3502505571160864,-0.9688211676524174,0,0
1,0,1,0,0.5956921474426305,1,2,1,0,2,0,0,0,0,1,1,2,0.46989994112804756,-0.05484792401911945,0,0
0,0,0,0,-0.055833672077855064,1,0,0,0,2,2,2,2,2,2,0,3,0.47987072312904416,-0.8923010195106714,0,0
0,0,1,1,0.7178532386027215,1,0,2,1,1,1,1,1,1,2,0,0,-1.4827115340671475,0.9795589997235095,0,0
1,0,0,0,-0.9109613101984924,1,0,1,2,0,2,0,0,0,0,1,3,0.5014740841312035,0.9576497438684756,0,0
1,0,0,0,-1.2774445836787656,1,0,0,0,0,0,2,0,0,0,0,3,-0.5221928679711283,0.3822259182242976,0,0
0,0,1,1,0.7992939660427822,1,0,2,1,1,1,1,1,1,1,1,2,-1.4744025490663168,0.30077508708833156,0,0
1,1,1,1,1.2879383306831464,1,2,1,2,0,2,2,2,2,2,1,0,1.5567151792366918,0.7977846462175435,0,1
1,0,1,1,1.2064976032430856,1,2,2,1,1,1,1,1,1,2,1,0,-1.3464441800535252,0.30077508708833156,0,0
0,0,0,1,-1.1960038562387048,1,0,0,2,0,0,2,0,2,0,1,0,-0.00869759491979612,0.30077508708833156,0,0
0,1,0,0,0.9621754209229036,1,2,1,2,2,2,0,2,2,1,0,2,1.5201556452330371,0.6561048772535415,0,1
0,0,0,0,0.5549717837226001,1,0,0,0,0,0,0,0,2,1,0,1,-0.3028356639492,-0.6665155301257876,0,0
0,0,1,1,-0.9924020376385531,1,0,0,2,2,0,0,0,0,0,0,3,-0.33607160395252245,0.3580910485872628,0,0
1,1,0,0,-0.0965540357978854,1,0,0,2,2,0,0,2,2,0,1,2,0.3319707901142591,-1.6226206370063279,0,1
0,0,1,1,0.5142514200025698,1,2,2,1,1,1,1,1,1,1,1,1,-1.2916048790480432,0.30077508708833156,0,0
0,0,0,1,-1.2774445836787656,1,0,1,0,0,0,0,2,0,0,1,2,0.48485611412954227,0.8895385369698976,1,0
0,0,1,1,-0.8702409464784621,0,1,0,2,0,0,0,2,2,0,0,2,-0.47233895796614456,0.5601561361415135,0,0
0,0,1,0,-1.0331224013585834,1,0,1,0,0,2,0,0,0,0,1,0,0.34526516611558833,0.40437944998791653,1,0
0,0,0,0,0.3920903288424788,1,0,1,0,2,2,2,2,2,0,1,0,1.2974748472107767,0.2026295817061146,0,0
0,0,1,0,0.6771328748826912,1,0,2,1,1,1,1,1,1,2,1,0,-1.4827115340671475,0.9976848415718214,0,0
1,0,0,0,-0.9516816739185228,1,2,1,0,2,0,0,2,2,0,1,1,1.1479131171958254,0.97257610073086,0,0
0,0,1,0,0.10704778280226633,1,0,0,2,0,0,0,2,0,1,1,0,-0.08680205392760396,-1.3640390135280827,0,0
0,0,1,1,0.6364125111626608,1,0,2,1,1,1,1,1,1,2,0,0,-1.4660935640654862,0.30077508708833156,0,0
0,0,1,1,0.5549717837226001,1,0,2,1,1,1,1,1,1,2,1,3,-1.4893587220678117,0.9761733956439145,0,0
1,0,1,0,-0.13727439951791576,0,1,0,0,0,0,0,2,0,0,0,3,-1.0307027500219619,0.30077508708833156,0,0
1,0,1,1,-0.0965540357978854,1,0,1,0,2,2,0,0,0,0,0,0,0.574593152138513,-0.7869101703563401,0,0
1,1,0,0,-1.2774445836787656,1,0,1,0,0,0,2,0,0,0,0,2,0.3303089931140931,0.8352267332233922,0,1
1,0,1,1,1.369379058123207,1,2,0,2,0,2,2,2,2,2,1,3,0.6394032351449919,0.5724787239959734,0,0
0,0,0,0,1.3286586944031769,1,2,1,2,2,2,0,2,2,0,1,1,1.5384354122348645,0.800641950696706,0,0
1,0,0,0,1.6137012404433893,1,2,1,0,2,2,0,2,2,2,1,0,1.2010906212011416,0.8416373560602353,0,0
0,0,0,0,-0.8295205827584317,1,2,1,2,0,0,0,0,0,0,1,2,0.47156173812821356,0.9765722974497002,1,0
1,0,1,1,1.5729808767233588,1,2,0,2,2,0,2,0,0,1,1,1,0.06940686408801149,0.3382792811983085,0,0
1,0,0,0,-1.1145631287986442,1,0,2,1,1,1,1,1,1,0,0,3,-1.4527991880641573,0.30077508708833156,1,0
1,0,0,0,0.7992939660427822,1,0,2,1,1,1,1,1,1,2,0,0,-1.4544609850643233,0.30077508708833156,0,0
0,1,1,0,-0.30015585439803716,1,0,1,0,2,2,0,2,2,0,1,2,1.1213243651931677,-0.8517771074080982,1,1
1,0,0,0,-1.2774445836787656,1,0,2,1,1,1,1,1,1,0,0,3,-1.481049737066981,-2.059747056066256,0,0
0,0,1,1,-1.2774445836787656,1,0,2,1,1,1,1,1,1,0,0,2,-1.505976692069473,-2.809432165024553,0,0
1,0,0,0,0.22920887396235737,1,2,1,0,0,2,2,2,0,1,0,0,1.0049985751815391,-0.07461961611789898,0,0
0,1,1,0,1.369379058123207,0,1,0,0,2,2,0,2,0,1,0,0,-0.6385186579827569,-0.40409541382375286,0,1
1,0,1,0,1.4508197855632678,1,2,1,0,2,2,2,2,2,2,1,0,1.503537675231376,0.8601783239286918,1,0
1,0,0,0,-1.1145631287986442,0,1,0,0,0,0,0,0,0,0,0,3,-1.3447823830533592,0.30077508708833156,0,0
0,0,1,1,1.6137012404433893,1,2,1,2,2,0,0,2,2,1,1,2,1.3091074262119398,0.8234435853095771,0,0
0,0,0,0,-0.015113308357824713,0,1,0,2,0,0,0,0,0,1,0,3,-1.150352134033923,0.9767716886974633,0,0
1,0,0,0,0.43281069256250915,1,2,1,0,0,0,0,2,2,1,0,3,0.9833952141793793,0.05169966651278228,0,0
1,0,1,1,1.6137012404433893,1,0,2,1,1,1,1,1,1,2,0,1,-1.5076384890696393,0.30077508708833156,0,0
1,0,1,0,0.9214550572028734,1,2,1,2,2,0,0,2,0,0,1,2,1.0631614701873533,0.47002687197578497,1,0
0,0,0,0,0.7992939660427822,1,0,0,2,0,2,2,0,0,1,0,1,-0.22639300194155818,-0.39462239631450696,0,0
0,0,0,0,0.43281069256250915,1,0,1,0,2,2,0,2,0,0,1,2,0.893658176170409,0.06270106854698214,0,0
0,1,1,0,0.18848851024232702,1,2,1,0,0,0,0,0,0,0,1,2,0.39013368512007346,-0.5352766584403726,1,1
0,0,1,1,1.2879383306831464,0,1,0,0,2,0,2,2,2,2,1,2,-0.33773340095268845,-0.1672083636102113,0,0
1,0,1,1,-1.1960038562387048,1,0,1,2,2,0,0,2,0,0,0,2,0.8338334841644282,-0.9118771105758149,0,0
0,0,0,0,0.14776814652229667,0,1,0,2,0,0,0,0,0,2,0,0,-1.1204397880309327,0.30077508708833156,0,0
0,0,1,1,-0.9109613101984924,1,2,1,2,0,0,0,2,2,0,1,2,1.1794872601989819,0.30077508708833156,1,0
0,0,0,0,0.35136996512244845,1,0,2,1,1,1,1,1,1,2,0,3,-1.4660935640654862,0.9308758456208942,0,0
1,0,1,1,-0.21871512695797646,1,2,1,0,2,0,2,0,0,0,1,1,0.6792863631489789,-1.5526920087148117,0,0
0,0,1,1,0.9621754209229036,1,2,1,0,0,2,0,2,2,1,1,1,1.1645310871974868,0.5310063988831025,0,0
0,0,0,0,-1.0738427650786138,1,0,2,1,1,1,1,1,1,0,0,3,-1.46443176706532,0.30077508708833156,0,0
1,0,0,0,-1.1960038562387048,1,2,1,0,0,0,0,0,0,0,1,2,0.32033821111309646,-1.2124854767787625,1,0
0,0,1,1,-1.0331224013585834,1,0,0,2,0,0,0,0,0,0,0,3,-0.467353566965646,-0.12313125108109947,0,0
0,0,1,1,-1.1552834925186746,1,0,2,1,1,1,1,1,1,0,0,3,-1.4594463760648215,0.6654027791644962,0,0
1,0,0,0,0.025607055362205634,1,0,1,2,0,0,2,2,0,2,1,2,0.8039211381614382,-0.402510332636035,0,0
0,1,0,0,-0.21871512695797646,1,2,1,0,0,2,0,0,0,0,1,2,0.44164939212522314,-1.588340481403755,1,1
1,0,1,0,1.6137012404433893,1,2,2,1,1,1,1,1,1,2,1,0,-1.3697093380558512,0.30077508708833156,0,0
1,0,0,0,-1.2774445836787656,1,0,2,1,1,1,1,1,1,0,0,3,-1.4960059100684764,-2.7580357189955564,0,0
1,1,0,0,1.5729808767233588,0,1,0,2,2,0,0,2,2,1,1,2,-0.2762469119465419,0.07407457532081212,0,1
0,0,0,0,-0.7888002190384014,1,2,1,0,0,0,0,0,2,0,1,2,0.7042133181514708,0.30077508708833156,0,0
0,0,1,1,-0.30015585439803716,0,1,0,2,2,2,0,2,2,0,1,1,-0.2047896409393986,0.30077508708833156,1,0
1,0,0,0,1.4100994218432374,1,0,0,0,0,0,2,0,0,2,0,0,-0.47233895796614456,-0.2520732898077774,0,0
1,0,0,0,-1.2774445836787656,0,1,0,0,0,0,0,0,2,0,1,2,-0.9742016520163136,-0.12733226898156708,1,0
1,0,0,0,-1.2367242199587352,1,0,0,0,0,0,0,0,0,0,0,2,-0.6784017859867437,0.909354962081683,1,0
0,0,0,0,0.43281069256250915,1,2,2,1,1,1,1,1,1,2,1,1,-1.2982520670487077,0.30077508708833156,0,0
0,0,0,0,-0.38159658183809786,1,0,1,2,0,0,0,0,0,0,1,0,0.3402797751150897,0.30077508708833156,0,0
0,0,1,1,1.2879383306831464,1,0,2,1,1,1,1,1,1,2,0,3,-1.481049737066981,0.30077508708833156,0,0
1,0,0,1,1.002895784642934,1,0,2,1,1,1,1,1,1,2,1,3,-1.5009913010689746,0.30077508708833156,0,0
0,1,1,0,-1.2774445836787656,1,0,1,0,0,0,0,0,0,0,1,3,0.18905624809997262,0.7850663019847097,1,1
0,1,1,1,1.6137012404433893,1,2,0,2,2,2,2,2,2,2,1,1,0.7740087921584478,0.7001771204343972,0,1
0,0,0,0,-0.9924020376385531,1,2,0,2,0,0,2,0,2,0,0,2,0.21232140610229844,0.5565206115961684,1,0
0,0,1,0,1.1657772395230555,1,2,1,0,2,0,0,2,2,2,1,0,1.2060760122016398,0.6239995280708244,0,0
1,0,0,0,1.2879383306831464,1,2,1,2,2,0,0,0,0,1,1,1,0.6493740171459885,0.4792503118202165,0,0
1,1,1,0,1.5729808767233588,1,2,2,1,1,1,1,1,1,2,0,0,-1.3564149620545218,0.30077508708833156,0,1
0,0,1,1,1.3286586944031769,1,2,1,2,2,0,2,2,0,2,1,1,1.1396041321949948,0.6988617687437855,0,0
1,0,0,0,-1.1960038562387048,1,0,2,1,1,1,1,1,1,1,0,3,-1.5009913010689746,0.6489359238473139,0,0
1,0,0,0,-1.2774445836787656,1,0,0,0,0,0,0,0,0,0,1,2,-0.6351950639824246,0.26099396960302024,1,0
1,0,0,1,-0.0965540357978854,1,0,0,0,2,2,0,2,0,1,0,1,-0.00869759491979612,-2.4761426742756543,0,0
1,0,1,1,-0.7073594915983407,1,0,0,0,2,2,2,0,2,0,1,3,0.1574821050968162,0.30077508708833156,0,0
0,0,1,1,-0.9924020376385531,1,0,0,0,0,0,2,2,2,0,1,2,0.12590796209365976,0.5580370200510129,0,0
1,0,0,0,-1.0331224013585834,1,2,1,0,0,0,0,2,2,0,0,3,1.0049985751815391,0.7166039936649978,1,0
0,0,1,1,1.5322605130033284,1,2,1,2,2,2,0,2,2,1,1,1,1.4420511862252297,0.8943130947926335,0,0
1,0,1,1,1.2064976032430856,1,0,0,2,2,2,2,2,2,2,0,2,0.7091987091519689,0.4630530310441154,0,0
0,0,1,1,-1.0738427650786138,1,0,2,1,1,1,1,1,1,0,0,3,-1.4976677070686424,0.30077508708833156,0,0
0,0,1,1,-0.748079855318371,1,0,1,0,0,0,0,0,2,0,1,0,0.5363718211346925,0.30077508708833156,0,0
0,0,0,0,-0.4223169455581282,1,2,1,0,0,0,0,2,0,0,1,0,0.6443886261454905,-5.372770409237254,0,0
1,0,1,1,-0.4223169455581282,1,0,2,1,1,1,1,1,1,1,0,3,-1.4827115340671475,0.158880494734748,0,0
1,0,1,1,-0.6666391278783103,1,0,0,2,0,2,0,2,0,2,0,3,-0.017006579920626735,0.30077508708833156,0,0
1,0,0,0,-0.9109613101984924,1,2,2,1,1,1,1,1,1,2,0,0,-1.2982520670487077,-0.8630094605090863,0,0
0,0,0,1,-0.7888002190384014,1,0,0,2,2,0,0,0,0,0,1,2,-0.29120308494803704,0.8628630302698118,0,0
0,0,1,0,-0.5037576729981889,1,2,1,2,0,0,0,0,0,0,0,2,0.5862257311396761,0.30077508708833156,1,0
0,0,0,0,-1.2367242199587352,1,0,1,0,0,0,0,0,0,0,1,2,0.16412929309748078,0.30077508708833156,0,0
1,0,0,0,0.8400143297628127,1,2,0,0,2,2,2,0,2,2,1,0,0.30372024111143525,0.06419192592845079,0,0
0,0,1,1,-0.8702409464784621,1,0,2,1,1,1,1,1,1,1,0,3,-1.4677553610656522,-1.152045718598289,0,0
1,0,1,0,1.4915401492832983,1,0,2,1,1,1,1,1,1,2,0,3,-1.491020519067978,0.30077508708833156,0,0
0,0,0,0,-1.1552834925186746,1,0,1,0,0,0,0,0,0,0,1,0,0.20401242110146783,-0.6320561051234992,1,0
1,0,1,0,1.6137012404433893,1,2,0,2,2,2,2,2,2,2,1,0,0.8072447321617703,0.6729954897467706,0,0
1,1,1,0,1.0436161483629645,0,1,0,0,2,2,0,0,2,0,1,2,-0.6468276429835875,-0.7075624631984431,1,1
0,0,1,1,-0.6666391278783103,1,0,2,1,1,1,1,1,1,0,0,2,-1.4744025490663168,-0.2846186600440919,0,0
1,0,1,0,0.43281069256250915,1,0,1,2,0,2,2,0,0,1,1,0,0.6477122201458225,-0.10827006342230637,0,0
0,0,1,0,-1.2367242199587352,1,2,1,0,0,2,2,2,2,0,1,2,1.3174164112127704,-0.9971209938720524,1,0
1,0,1,0,-0.748079855318371,1,0,0,0,2,2,2,2,2,2,0,3,0.5712695581381809,0.30077508708833156,0,0
0,0,1,0,0.8400143297628127,1,0,1,0,0,2,0,2,2,1,1,0,1.0000131841810405,0.41841592412532147,1,0
0,0,0,0,-0.015113308357824713,1,0,2,1,1,1,1,1,1,1,0,0,-1.4694171580658184,0.7150511039936474,0,0
0,0,1,0,0.06632741908223598,1,2,2,1,1,1,1,1,1,0,0,2,-1.33148800705203,0.8788216459086713,0,0
0,1,0,0,-0.7073594915983407,1,2,1,0,0,0,0,0,0,0,1,3,0.32200000811326246,0.30077508708833156,1,1
0,1,0,0,-1.0331224013585834,1,0,1,2,0,0,0,0,0,0,0,0,0.3884718881199074,0.4257069514927152,1,1
0,0,1,1,-0.7073594915983407,1,2,1,0,2,2,0,2,2,0,1,0,1.3489905542159264,0.30077508708833156,0,0
1,0,1,0,1.1657772395230555,1,0,2,1,1,1,1,1,1,1,1,1,-1.4694171580658184,0.30077508708833156,0,0
0,0,0,0,-1.2774445836787656,0,1,0,0,2,0,0,0,0,0,0,0,-1.156999322034587,-0.506748257108614,1,0
0,0,0,0,-1.2774445836787656,1,0,0,0,0,0,0,0,0,0,0,3,-0.6468276429835875,0.2589525403775922,0,0
1,0,0,0,-0.9924020376385531,1,2,1,0,0,0,0,0,2,0,0,0,0.6560212051466532,0.7274072200404069,1,0
1,0,1,1,0.025607055362205634,1,0,0,2,0,2,0,2,2,1,0,1,0.3319707901142591,-0.9440184895858892,0,0
0,0,0,0,-0.7888002190384014,1,0,1,0,2,2,0,0,0,0,1,2,0.4815325201292102,0.30077508708833156,1,0
0,0,1,0,-1.2774445836787656,0,1,0,0,0,0,0,0,0,0,1,2,-1.328164413051698,-1.0292046930205385,1,0
1,0,0,0,-0.5037576729981889,1,0,0,0,2,0,0,0,0,0,1,3,-0.4307940329619915,0.30077508708833156,0,0
1,0,0,0,-1.1960038562387048,0,1,0,0,0,0,2,0,0,0,0,2,-1.1420431490330922,0.9180612583908451,0,0
0,0,0,0,-0.7888002190384014,1,0,2,1,1,1,1,1,1,1,0,2,-1.4993295040688086,-0.9632560542568207,0,0
0,0,1,0,0.3106496014024181,1,2,0,0,2,0,0,0,0,0,0,1,-0.27126152094604356,-1.0731334955582112,0,0
1,0,1,1,0.43281069256250915,1,2,0,2,0,0,2,0,2,1,1,1,0.2372483611047903,-0.30811957480142166,0,0
1,0,1,0,-1.0738427650786138,1,0,1,0,2,2,0,0,2,0,1,2,0.8720548151682491,0.4861124889327758,1,0
0,0,1,1,1.4915401492832983,1,0,2,1,1,1,1,1,1,2,0,0,-1.4960059100684764,0.30077508708833156,0,0
0,0,1,1,1.6137012404433893,1,2,1,2,2,2,0,2,2,2,0,1,1.4935668932303794,0.9131865758223906,0,0
1,0,1,1,1.0843365120829946,1,0,2,1,1,1,1,1,1,2,0,1,-1.5109620830699715,0.30077508708833156,0,0
0,0,1,0,-0.5037576729981889,1,0,1,2,2,0,2,2,0,0,1,2,1.0565142821866886,-2.654986794446423,0,0
1,0,1,1,-0.3408762181180675,1,2,2,1,1,1,1,1,1,2,1,0,-1.3514295710540236,0.6033611217194499,0,0
1,0,0,0,1.0843365120829946,1,2,1,0,2,2,2,2,2,0,1,2,1.5484061942358611,0.7119380714742906,0,0
1,0,1,1,1.6137012404433893,1,2,1,0,2,2,2,2,2,2,1,0,1.5783185402388515,0.9050803235328202,0,0
1,0,0,1,-1.2774445836787656,1,0,2,1,1,1,1,1,1,0,0,3,-1.462769970065154,-2.0150723493244436,0,0
0,0,1,0,-0.21871512695797646,1,0,1,2,0,0,2,2,2,1,1,1,1.2343265612044643,-0.6727218134331531,0,0
0,0,0,0,-0.748079855318371,1,0,1,0,2,0,2,0,0,0,1,1,0.5081212721318681,0.30077508708833156,0,0
1,0,1,1,1.5729808767233588,1,2,1,2,0,2,0,2,2,2,0,2,1.3556377422165908,0.8368332458053562,0,0
1,0,0,1,-0.7888002190384014,1,0,1,0,0,0,0,2,0,0,1,1,0.4499583771260538,0.30077508708833156,0,0
1,0,0,0,0.47353105628253944,1,0,1,0,0,0,0,0,0,0,0,1,0.13587874409465642,-0.4679591606713047,0,0
0,0,0,0,0.025607055362205634,1,0,1,0,2,0,2,0,0,1,1,0,0.5047976781315361,-0.6696138570431361,0,0
1,0,1,1,1.6137012404433893,0,1,0,2,2,2,2,0,2,2,1,1,-0.3094828519498643,0.1534451209577729,0,0
1,0,0,0,-1.2774445836787656,1,0,1,0,0,0,0,0,2,0,0,2,0.50313588113137,0.8912773785577106,1,0
0,0,0,0,-0.5444780367182193,1,0,1,2,0,2,2,2,2,0,1,2,1.3905354792200795,-2.426982246530505,1,0
1,0,1,0,1.2879383306831464,1,0,1,0,2,2,2,2,2,1,1,1,1.2526063282062914,0.7307275600410243,0,0
1,0,0,0,-1.2367242199587352,1,0,0,0,0,0,0,0,0,0,1,1,-0.6235624849812617,0.9337938728895039,1,0
0,0,0,0,-1.2774445836787656,0,1,0,0,0,0,0,0,0,0,0,2,-1.3132082400502028,-0.8807367104539991,0,0
1,0,0,1,1.1657772395230555,1,0,2,1,1,1,1,1,1,2,0,3,-1.4960059100684764,0.30077508708833156,0,0
0,0,1,1,-0.13727439951791576,1,0,2,1,1,1,1,1,1,1,0,2,-1.4876969250676457,0.5032247762014891,0,0
1,1,1,0,-0.38159658183809786,1,2,1,0,0,0,0,0,2,0,0,2,0.7324638671542947,-2.1928244720709498,0,1
0,0,1,0,1.002895784642934,0,1,0,2,2,2,0,2,2,0,1,0,-0.19980424993890028,-0.16159130147944842,0,0
1,0,1,1,1.6137012404433893,0,1,0,2,2,2,2,0,0,2,0,1,-0.6484894399837535,-0.3299741440739542,0,0
1,0,1,0,1.369379058123207,0,1,0,2,2,2,2,2,0,2,1,0,-0.27126152094604356,-0.004135559317977713,0,0
1,0,1,1,1.3286586944031769,1,2,0,0,2,2,2,2,2,2,1,0,0.6460504231456565,0.489363715173291,0,0
0,0,0,0,-0.9924020376385531,1,0,1,0,0,0,0,2,0,0,1,0,0.5064594751317021,0.6708320200560686,0,0
0,0,0,0,-1.1552834925186746,1,0,1,0,0,0,0,0,0,0,1,2,0.179085466098976,-0.6768808383246709,1,0
0,0,1,0,1.5729808767233588,1,2,2,1,1,1,1,1,1,2,0,0,-1.329826210051864,-4.510286931354372,0,0
1,0,1,1,-1.2774445836787656,1,0,2,1,1,1,1,1,1,1,1,2,-1.481049737066981,-2.059747056066256,0,0
1,0,1,0,-1.1552834925186746,1,0,0,0,0,0,2,0,0,0,0,3,-0.4889569279678058,0.30077508708833156,1,0
0,0,0,0,-0.8295205827584317,1,0,2,1,1,1,1,1,1,1,1,0,-1.5093002860698053,-1.4618867086474494,0,0
1,0,0,0,-0.3408762181180675,0,1,0,2,0,0,0,2,2,1,1,3,-0.47067716096597834,0.30077508708833156,0,0
0,0,1,1,-0.055833672077855064,1,0,0,2,0,2,2,2,2,1,1,3,0.544680806135523,-0.823632613105953,0,0
0,0,1,0,-1.2774445836787656,1,0,0,0,0,0,0,2,0,0,0,3,-0.31779183695069496,0.5244464691589033,1,0
1,0,0,0,-0.0965540357978854,1,2,1,0,0,0,2,0,2,0,1,1,0.8354952811645946,-0.6400580259704681,0,0
0,0,1,1,0.5956921474426305,1,2,0,2,2,0,2,2,2,2,1,1,0.682609957149311,0.11831755175698698,0,0
1,0,0,0,0.880734693482843,1,2,1,2,2,0,2,2,2,2,1,1,1.437065795224731,0.5840609524998871,0,0
1,0,0,0,0.7178532386027215,1,0,1,2,2,0,2,0,2,0,1,1,0.9551446651765553,0.33714603613348537,0,0
1,0,0,0,-1.2774445836787656,1,0,1,2,0,0,0,0,2,0,1,3,0.6593447991469852,0.9340019779459395,1,0
0,0,0,0,1.6137012404433893,1,0,2,1,1,1,1,1,1,2,0,1,-1.479387940066815,0.30077508708833156,0,0
0,0,0,0,-0.13727439951791576,1,2,2,1,1,1,1,1,1,0,0,2,-1.3165318340505352,0.7896443305860177,0,0
1,0,0,0,-1.2367242199587352,1,2,0,0,2,0,0,0,0,0,1,3,-0.34438058895335305,0.30077508708833156,1,0
0,0,0,0,-0.9109613101984924,0,1,0,0,0,0,2,0,0,2,1,3,-1.16863190103575,-0.44208698567163984,0,0
1,0,1,0,-0.5851984004382496,1,2,1,0,0,0,0,0,0,0,1,2,0.2787932861089434,0.30077508708833156,0,0
0,1,0,0,-0.8702409464784621,1,0,1,0,2,0,0,2,2,0,1,2,1.0049985751815391,0.30077508708833156,1,1
1,0,0,0,-0.6666391278783103,1,0,2,1,1,1,1,1,1,2,0,3,-1.4960059100684764,-0.5526086636261512,0,0
0,0,0,0,1.6137012404433893,1,2,0,0,2,2,2,2,2,2,0,0,0.7258166791536301,0.6882762016386669,0,0
1,0,0,0,1.6137012404433893,1,2,1,0,2,2,2,2,2,2,0,0,1.476948923228718,0.8851781586990564,0,0
0,0,1,1,0.35136996512244845,1,0,0,2,0,0,2,2,2,1,1,1,0.3303089931140931,-0.29808195938140447,0,0
0,1,1,0,1.3286586944031769,1,0,1,2,2,2,0,0,2,0,0,2,0.9850570111795457,0.6533536662344636,0,1
0,1,0,0,-0.7888002190384014,1,0,0,0,2,2,0,0,0,0,1,2,-0.3310862129520241,0.8239082946751934,0,1
1,1,0,0,-1.1552834925186746,1,0,1,2,0,0,0,0,0,0,0,2,0.35191235411625243,-0.6290718160336851,0,1
1,0,0,0,0.35136996512244845,1,2,0,0,0,2,0,0,2,1,0,3,0.00792037508186511,-0.8369942400771087,0,0
1,1,0,0,-0.7073594915983407,1,0,1,0,2,0,0,0,0,0,1,2,0.32033821111309646,0.30077508708833156,1,1
1,0,0,0,-1.2774445836787656,1,0,0,2,0,0,0,0,0,0,1,3,-0.5388108379727895,0.35066094607726206,1,0
1,0,0,0,0.3920903288424788,1,2,1,2,2,2,0,0,2,1,1,2,1.1379423351948288,0.1900112016778924,0,0
0,0,1,0,0.758573602322752,1,0,1,2,2,2,0,2,0,1,1,2,0.9551446651765553,0.3009710682781639,0,0
0,0,1,1,-1.2367242199587352,1,0,1,0,0,0,0,0,0,0,0,2,0.1873944510998066,0.30077508708833156,1,0
1,1,1,0,-1.2774445836787656,0,1,0,0,2,0,0,2,0,0,0,2,-0.8163309370005319,0.0794686879677707,1,1
1,0,0,1,-0.015113308357824713,1,2,0,0,2,2,2,2,2,1,0,1,0.6294324531439953,-0.7292843794050339,0,0
1,0,0,0,-0.9109613101984924,1,0,2,1,1,1,1,1,1,0,1,3,-1.4926823160681442,-2.4698638215005326,0,0
0,0,1,1,1.4100994218432374,0,1,0,0,2,2,2,2,2,2,1,2,-0.1732154979362424,0.11784702225421798,0,0
0,0,1,1,1.1657772395230555,1,2,1,2,2,2,2,2,2,2,0,1,1.6730409692483204,0.7884416167204616,0,0
1,0,0,0,0.7178532386027215,1,2,1,2,2,2,2,2,2,1,0,1,1.6481140142458286,0.5896553475049506,0,0
0,0,1,0,-1.2367242199587352,1,0,0,0,0,0,0,0,0,0,1,1,-0.6700928009859131,0.9014324584850577,1,0
0,1,1,0,-0.13727439951791576,0,1,0,2,0,2,0,0,2,0,1,2,-0.6567984249845842,0.30077508708833156,0,1
1,1,0,0,-1.1960038562387048,0,1,0,0,0,2,0,0,2,0,1,2,-0.7847567939973756,0.30077508708833156,1,1
1,1,0,0,-0.7888002190384014,1,2,1,0,2,2,0,2,2,0,1,2,1.4005062612210766,0.30077508708833156,1,1
1,1,1,0,1.002895784642934,1,2,1,0,2,0,0,0,2,0,1,2,0.8338334841644282,0.39693066636366253,0,1
0,0,0,0,-0.055833672077855064,0,1,0,2,2,0,2,0,2,2,1,0,-0.49560411596847015,0.30077508708833156,0,0
0,0,1,0,0.5142514200025698,1,2,1,2,2,2,2,2,2,1,0,3,1.61321627724234,0.4267442008360258,0,0
0,0,1,1,1.1657772395230555,1,2,0,2,2,2,2,2,2,2,0,3,0.7756705891586139,0.5334941439184179,0,0
1,0,0,0,0.7178532386027215,1,2,2,1,1,1,1,1,1,2,0,0,-1.3248408190513656,0.30077508708833156,0,0
0,1,0,0,-0.5444780367182193,1,0,1,2,2,0,2,2,2,0,1,3,1.3373579752147637,-1.9685099586056471,0,1
1,0,0,0,1.0843365120829946,1,0,2,1,1,1,1,1,1,2,0,3,-1.5093002860698053,0.30077508708833156,1,0
0,0,1,0,1.5729808767233588,1,2,2,1,1,1,1,1,1,2,1,1,-1.3464441800535252,0.30077508708833156,0,0
0,1,0,0,-0.6666391278783103,1,0,1,0,0,0,2,2,2,0,1,2,0.9867188081797118,0.30077508708833156,1,1
1,0,1,0,1.002895784642934,1,0,0,2,2,0,2,0,0,2,1,2,-0.16656830993557784,-0.15476857648289988,0,0
1,0,0,0,-1.2774445836787656,0,1,0,0,0,0,0,0,0,0,0,0,-1.328164413051698,-1.0292046930205385,1,0
1,1,1,0,-0.5037576729981889,1,2,1,0,2,0,2,2,2,0,0,2,1.4054916522215746,-1.5014944358703695,0,1
1,0,0,0,-1.2774445836787656,1,0,1,0,0,0,0,0,0,0,0,3,0.19404163910047073,0.7857905434139103,1,0
1,0,1,0,-1.1145631287986442,1,2,1,0,2,0,2,0,0,0,1,2,0.6859335511496436,0.08337348380659008,1,0
0,0,1,0,0.7992939660427822,1,2,1,0,2,2,0,2,2,0,1,2,1.3390197722149297,0.5546978808911542,1,0
1,1,1,0,-0.46303730927815856,1,0,0,2,2,0,0,0,2,0,1,0,0.006258578081699082,0.30077508708833156,0,1
1,0,0,0,-0.748079855318371,0,1,0,0,0,2,2,2,2,0,1,2,-0.3244390249513595,0.869099456667264,0,0
0,0,0,0,-1.1145631287986442,1,0,0,0,2,0,0,0,0,0,0,0,-0.47233895796614456,-0.9646444318165208,0,0
0,0,0,0,-1.0738427650786138,1,0,0,2,2,0,0,0,0,0,0,3,-0.3194536339508612,-0.2755102693333163,0,0
0,0,0,0,-0.9109613101984924,1,0,0,0,2,0,0,0,0,0,0,2,-0.4507355969639848,0.4089629502767038,0,0
0,0,0,1,-1.2774445836787656,1,2,2,1,1,1,1,1,1,0,0,3,-1.3082228490497045,-0.8769114695435078,0,0
0,0,0,0,1.4508197855632678,1,2,0,2,0,0,0,0,0,0,0,3,-0.3427187919531868,-0.04427620870313508,0,0
1,0,1,1,-0.5851984004382496,1,0,1,0,0,2,0,2,2,0,0,3,1.0099839661820376,0.30077508708833156,1,0
0,0,0,0,-0.4223169455581282,1,2,1,0,0,0,0,0,0,1,1,1,0.3735157151184122,0.30077508708833156,0,0
0,0,0,0,-0.5037576729981889,1,0,0,0,0,0,0,0,0,0,1,2,-0.6784017859867437,0.9763728664371386,0,0
1,0,1,0,-1.2774445836787656,1,0,1,0,0,0,0,0,0,0,0,2,0.17410007509847744,0.7828904252147942,1,0
1,1,0,0,-0.9924020376385531,1,0,1,0,2,0,0,0,0,0,1,2,0.3236618051134285,0.6411575997221441,1,1
1,0,0,0,-0.9109613101984924,1,0,0,0,0,0,0,0,0,0,1,1,-0.6617838159850825,0.20952388655854565,1,0
1,1,0,0,-0.3408762181180675,1,2,1,0,0,0,0,0,0,0,1,2,0.37683930911874425,0.30077508708833156,1,1
1,0,0,0,0.10704778280226633,1,0,0,2,2,2,0,0,0,1,0,3,-0.11837619693076015,-1.8883988026664429,0,0
1,0,1,1,-0.38159658183809786,1,0,1,0,2,2,2,0,0,1,0,3,0.7324638671542947,-2.3801257465704317,0,0
0,1,0,0,-1.0738427650786138,1,0,1,0,0,0,0,2,2,0,1,2,0.8172155141627669,0.5631756760947706,0,1
0,0,0,0,-0.8295205827584317,1,0,2,1,1,1,1,1,1,0,0,3,-1.4976677070686424,-1.4259895255425596,0,0
1,0,0,0,-1.2774445836787656,1,0,2,1,1,1,1,1,1,0,0,3,-1.479387940066815,-2.0556022350409986,0,0
0,0,1,1,1.5729808767233588,1,0,1,0,0,2,0,0,0,2,0,2,0.37517751211857825,0.5108784476231183,0,0
1,1,1,0,0.10704778280226633,1,2,1,0,0,2,0,2,2,0,1,2,1.1977670272008092,-0.16096912663330687,0,1
1,0,1,1,0.3106496014024181,1,2,0,0,0,2,0,2,2,0,1,2,0.32532360211359457,-0.41767102058354644,0,0
0,0,0,1,-1.2774445836787656,1,0,1,2,0,0,0,0,0,0,1,3,0.2937494591104381,0.8225135182117481,1,0
1,0,0,0,-0.38159658183809786,1,0,0,0,0,0,0,2,2,1,1,0,0.004596781081533054,0.30077508708833156,0,0
0,1,0,0,-1.1552834925186746,1,2,1,0,0,0,0,2,2,0,1,2,1.0199547481830342,0.06617628459341957,1,1
1,0,0,0,-1.1552834925186746,1,0,1,0,0,2,2,0,2,0,1,2,0.8521132511662559,-0.09712144885710547,0,0
0,0,1,1,1.4508197855632678,0,1,0,0,2,2,2,2,2,2,0,1,-0.14828854293375057,0.11972781333386952,0,0
1,0,0,1,0.22920887396235737,1,2,1,0,2,0,0,0,0,0,1,3,0.5679459641378485,-0.32629838635246494,0,0
1,0,1,1,0.7992939660427822,1,2,2,1,1,1,1,1,1,2,0,3,-1.328164413051698,0.30077508708833156,0,0
1,1,1,0,-0.015113308357824713,1,2,1,0,0,0,0,0,0,0,1,2,0.33695618111475767,-1.1913491955952216,1,1
1,0,1,1,-0.13727439951791576,1,0,0,0,0,2,2,2,2,2,0,3,0.358559542116917,-1.7949243887626984,0,0
1,1,1,1,0.22920887396235737,1,2,1,0,2,0,0,2,2,0,0,2,1.2093996062019723,-0.020215098687307295,0,1
1,0,0,1,0.6364125111626608,1,2,0,2,0,2,0,2,2,1,1,1,0.464914550127549,-0.04593801470640973,0,0
0,0,0,0,-1.2774445836787656,1,0,2,1,1,1,1,1,1,0,1,0,-1.5126238800701375,-2.836156174181261,0,0
0,0,0,0,-0.4223169455581282,1,0,1,2,0,0,2,0,2,0,1,2,0.8072447321617703,-3.035292695679711,0,0
0,0,0,0,0.43281069256250915,1,2,1,2,2,2,2,2,2,2,0,1,1.6713791722481544,0.38114142343314017,0,0
0,1,1,0,-1.1145631287986442,1,0,1,0,0,0,0,0,0,0,1,2,0.15249671409631763,-0.17537800849360116,0,1
1,0,0,0,-1.1145631287986442,1,0,1,0,0,0,0,2,0,0,1,2,0.5264010391336954,0.14248493248445823,1,0
1,0,1,1,0.758573602322752,1,2,1,2,2,0,2,2,2,1,0,1,1.505199472231542,0.566486672990249,0,0
1,0,0,0,1.5729808767233588,1,0,2,1,1,1,1,1,1,2,1,1,-1.491020519067978,0.30077508708833156,0,0
0,0,1,1,0.22920887396235737,1,0,0,2,2,0,2,2,2,1,0,1,0.5164302571326987,-0.3821297028760326,1,0
1,1,1,0,-0.3408762181180675,1,0,1,0,0,2,0,2,2,0,1,2,0.9435120861753926,-1.3334409461126897,1,1
1,0,1,0,0.10704778280226633,1,2,1,0,0,0,2,2,0,0,1,1,0.8886727851699104,-0.26855983735406236,0,0
0,1,0,0,0.880734693482843,1,2,0,2,2,0,2,2,2,1,0,0,0.5878875281398422,0.2103823421868965,1,1
0,0,1,1,1.6137012404433893,0,1,0,0,2,2,2,2,2,2,1,2,-0.1582593249347472,0.18121516231965176,0,0
1,0,0,0,-1.2774445836787656,1,0,0,0,0,0,0,0,0,0,1,2,-0.6634456129852487,0.23076724527823544,0,0
0,0,1,1,-0.9516816739185228,1,0,0,2,0,0,0,0,0,1,0,3,-0.5371490409726233,0.1665303837955304,0,0
1,0,0,0,1.4915401492832983,0,1,0,2,2,0,2,2,2,2,1,0,-0.15659752793458118,0.15208164879678276,0,0
0,0,1,0,0.7992939660427822,1,2,1,0,2,0,2,2,2,0,1,1,1.260915313207122,0.44692779594142107,0,0
0,1,1,0,-0.8702409464784621,1,0,1,0,0,0,2,2,0,0,1,2,0.6028437011413373,0.9564296773555605,0,1
0,1,0,0,-1.2367242199587352,1,0,1,0,0,0,0,0,0,0,1,2,0.1857326540996401,0.30077508708833156,1,1
0,1,1,1,-0.1779947632379461,0,1,0,0,0,0,0,2,0,0,1,2,-0.9592454790148186,0.9982704056443475,0,1
0,1,0,0,-0.62591876415828,1,2,1,0,0,2,0,0,0,0,1,1,0.5945347161405068,0.30077508708833156,0,1
0,0,1,1,0.10704778280226633,1,0,2,1,1,1,1,1,1,2,1,3,-1.4926823160681442,0.8320059446185241,0,0
0,0,0,0,-0.9924020376385531,1,0,2,1,1,1,1,1,1,1,1,3,-1.5142856770703037,0.30077508708833156,0,0
1,0,0,0,0.5549717837226001,1,2,1,0,2,2,0,2,0,1,1,1,1.001674981181207,0.23621738629761002,0,0
0,0,0,0,-1.0331224013585834,1,2,1,0,0,0,0,0,0,0,1,2,0.3020584441112687,0.44149441235861914,1,0
0,0,0,0,-1.2367242199587352,1,2,1,0,0,2,0,0,0,0,0,3,0.5264010391336954,0.30077508708833156,1,0
1,0,1,1,1.4508197855632678,1,2,0,0,2,2,2,0,2,1,1,0,0.36686852711774764,0.4815429403374055,1,0
0,0,0,0,0.43281069256250915,1,2,1,0,2,2,0,2,2,2,1,2,1.3240635992134344,0.343175223624278,1,0
0,0,0,0,1.4508197855632678,1,2,0,2,2,2,2,2,2,2,1,2,0.7773323861587803,0.6583004092334661,0,0
0,0,0,0,0.14776814652229667,1,0,1,0,2,0,0,2,2,0,1,1,0.9983513871808745,-0.09479012659324218,0,0
1,0,1,0,1.247217966963116,1,2,1,0,2,2,0,2,2,0,1,2,1.284180471209448,0.7253584406102455,1,0
0,1,0,0,-0.015113308357824713,1,0,0,0,2,0,2,0,0,0,0,0,-0.33607160395252245,-4.85129068905753,0,1
0,0,1,0,1.5729808767233588,1,2,0,2,2,2,2,2,2,2,0,1,0.6975661301508063,0.6683925087266307,0,0
0,0,1,1,1.369379058123207,1,2,0,2,2,2,0,0,0,0,1,0,0.08934842809000525,0.2662822639008753,0,0
1,0,0,0,1.247217966963116,1,0,2,1,1,1,1,1,1,1,0,3,-1.4710789550659844,0.30077508708833156,0,0
0,0,0,1,0.35136996512244845,1,0,2,1,1,1,1,1,1,1,1,1,-1.479387940066815,0.9494877079975201,0,0
0,1,0,0,-1.2774445836787656,1,2,1,0,0,0,0,0,0,0,1,2,0.2438955491054544,0.8117551064184573,0,1
0,0,0,0,-1.2367242199587352,1,0,1,0,0,0,0,2,2,0,1,2,0.8521132511662559,0.30077508708833156,1,0
0,0,1,0,1.5322605130033284,1,0,2,1,1,1,1,1,1,2,0,0,-1.505976692069473,0.30077508708833156,0,0
0,0,0,0,-0.38159658183809786,0,1,0,0,0,0,0,2,2,0,1,2,-0.6584602219847502,1.0039132505520856,0,0
0,1,1,0,1.2879383306831464,1,0,1,2,2,2,0,0,2,1,0,0,1.071470455188184,0.700702777050645,0,1
1,0,1,1,0.18848851024232702,1,2,0,2,0,2,2,0,0,2,1,1,-0.0651986929254444,-1.2395499817493745,0,0
1,0,0,1,-0.62591876415828,1,0,0,0,0,0,0,0,0,1,0,3,-0.6700928009859131,0.7544136155027994,0,0
0,1,0,0,-1.0331224013585834,1,0,1,0,0,0,0,2,2,0,1,2,0.8105683261621028,0.5790287734278181,0,1
1,0,1,1,-1.1552834925186746,1,2,1,0,2,2,0,0,0,0,1,0,0.6659919871476498,-0.03053418129812327,1,0
0,1,0,0,-0.46303730927815856,0,1,0,2,0,0,0,2,0,0,1,2,-0.7598298389948839,0.9350418541076664,1,1
0,0,0,0,-0.9109613101984924,1,0,1,0,0,0,0,0,2,0,1,0,0.5147684601325326,0.9379477677459496,1,0
0,1,0,0,-0.6666391278783103,1,2,0,2,0,0,0,0,0,0,1,2,-0.3543513709543497,0.9582592193677277,0,1
1,0,1,0,1.2879383306831464,1,2,1,0,2,0,2,2,2,2,1,2,1.3456669602155942,0.7561552277803232,0,0
1,1,1,0,-0.21871512695797646,0,1,0,2,0,0,0,0,0,0,0,1,-1.1304105700319294,0.9055086105896467,1,1
1,0,1,1,0.3920903288424788,1,2,1,2,0,0,0,2,2,1,0,2,1.074794049188516,0.08871780276022957,0,0
1,0,0,1,-1.1145631287986442,1,0,2,1,1,1,1,1,1,0,0,3,-1.481049737066981,0.9252240615451877,0,0
0,0,0,0,0.35136996512244845,1,0,1,0,2,0,2,2,2,2,1,0,1.1312951471941644,0.06518459747076832,0,0
1,0,1,0,1.0436161483629645,1,0,0,0,0,2,0,0,0,1,0,1,-0.4806479429669752,-0.527170443292116,0,0
0,0,0,0,0.5956921474426305,1,0,2,1,1,1,1,1,1,2,1,3,-1.4694171580658184,0.986098512755733,0,0
1,0,0,0,-0.5851984004382496,1,0,1,0,0,0,2,0,0,0,1,0,0.37019212111808014,0.30077508708833156,0,0
1,0,0,0,-1.1145631287986442,1,0,1,0,0,2,0,2,2,0,0,0,1.0548524851865226,0.3951489384040827,1,0
1,0,1,0,-0.38159658183809786,1,0,0,2,0,0,0,0,2,0,1,0,-0.15992112193491323,0.30077508708833156,0,0
0,0,0,0,-1.2774445836787656,1,0,2,1,1,1,1,1,1,0,0,3,-1.51594747407047,-2.8543773750829557,0,0
1,0,1,0,1.5729808767233588,1,2,1,0,0,2,0,2,2,1,1,1,1.1263097561936661,0.7782813007852798,0,0
1,0,1,1,1.6137012404433893,1,2,1,2,2,2,2,2,2,2,1,1,1.5899511192400142,0.9127615652431557,0,0
1,0,1,1,0.025607055362205634,1,0,2,1,1,1,1,1,1,1,0,3,-1.4677553610656522,0.7719394530635109,0,0
1,0,0,0,-1.2367242199587352,1,2,1,0,0,0,0,2,0,0,1,2,0.6942425361504742,0.30077508708833156,1,0
1,0,0,1,-0.3408762181180675,0,1,0,2,0,0,2,0,0,2,0,3,-0.9642308700153169,0.9258536172821292,0,0
0,0,1,1,0.9621754209229036,1,2,1,0,2,2,2,0,2,1,1,1,1.1628692901973208,0.5501264656555203,0,0
1,0,0,0,0.18848851024232702,1,0,1,0,2,0,0,2,2,0,1,1,1.0415581091851935,-0.05877111247757117,0,0
0,0,0,0,0.43281069256250915,1,2,0,0,2,2,2,2,2,1,0,1,0.6759627691486464,-0.05205504003251762,0,0
1,0,0,0,-1.2774445836787656,0,1,0,0,0,0,0,0,0,0,0,3,-1.3098846460498705,-0.8781849247089059,0,0
0,0,1,0,-0.30015585439803716,1,2,1,0,0,2,2,2,2,0,1,0,1.3356961782145975,-0.7950852524210502,1,0
0,0,0,0,1.1657772395230555,1,2,0,2,2,2,2,2,2,2,0,2,0.827186296163764,0.48546097330074267,0,0
1,0,0,0,-0.62591876415828,1,2,1,0,0,2,2,0,0,1,0,2,0.7308020701541287,0.30077508708833156,0,0
0,0,1,0,0.35136996512244845,1,0,1,0,2,2,2,0,0,1,1,0,0.7125223031523015,-0.21331820923391354,0,0
1,0,0,0,-1.2774445836787656,1,0,0,0,2,0,0,0,0,0,0,3,-0.4690153639658123,0.4159737204980138,1,0
1,1,1,1,1.6137012404433893,0,1,0,2,2,2,2,2,2,2,1,0,0.001273187081200524,0.3322204129493807,0,1
1,0,0,0,-1.2774445836787656,1,2,1,0,2,0,0,0,2,0,1,1,0.8670694241677506,0.9651407715572877,1,0
1,0,0,0,0.6364125111626608,1,2,1,0,2,2,0,2,2,2,1,0,1.440389389225063,0.43431799871481686,0,0
1,1,1,0,-0.8702409464784621,1,0,2,1,1,1,1,1,1,0,0,3,-1.4893587220678117,-1.572906698320088,1,1
0,1,1,0,0.9214550572028734,1,2,1,0,2,2,0,0,0,0,1,2,0.6875953481498096,0.37606483836763005,1,1
0,0,0,0,0.3920903288424788,0,1,0,2,2,2,2,0,2,1,1,2,-0.3327480099521901,-1.122329052744755,0,0
1,0,0,0,0.47353105628253944,1,2,1,0,0,2,0,0,2,0,1,3,0.8521132511662559,0.10886463698524346,0,0
1,0,0,1,-1.2774445836787656,1,0,0,0,0,0,0,0,0,0,0,2,-0.6900343649879066,0.22486445180598927,0,0
0,0,0,0,-0.21871512695797646,1,2,1,0,0,0,0,2,2,0,1,0,1.0249401391835322,-0.7707578110030082,0,0
1,1,1,0,-0.21871512695797646,1,2,0,0,2,2,2,2,2,0,1,0,0.6659919871476498,-1.187869510817021,0,1
0,1,0,0,-1.2367242199587352,1,0,0,0,0,0,0,0,0,0,1,2,-0.6800635829869099,0.9594770571157851,0,1
0,0,0,0,-0.5444780367182193,1,0,2,1,1,1,1,1,1,0,0,3,-1.491020519067978,-0.05094006684043572,0,0
0,1,1,0,0.3920903288424788,1,2,1,0,0,0,0,2,2,0,1,2,1.0066603721817051,0.05771543000704344,0,1
0,0,0,0,1.369379058123207,1,2,0,2,2,2,2,2,2,2,1,1,0.8404806721650927,0.6220116056236504,0,0
1,1,1,0,0.025607055362205634,1,2,1,2,0,2,2,2,2,0,1,0,1.5002140812310438,-0.037656463769143285,0,1
0,0,0,0,0.06632741908223598,1,0,1,0,2,0,0,0,0,0,1,1,0.30538203811160125,-0.8443583573455171,1,0
1,1,0,0,0.025607055362205634,0,1,0,0,0,2,2,2,2,0,1,2,-0.33773340095268845,0.30077508708833156,0,1
0,0,1,1,-0.38159658183809786,1,0,2,1,1,1,1,1,1,1,0,3,-1.4860351280674797,0.1415661379073779,0,0
0,0,0,0,-0.015113308357824713,1,0,2,1,1,1,1,1,1,1,0,0,-1.4960059100684764,0.6705612569430588,0,0
0,0,0,0,-0.8702409464784621,1,0,2,1,1,1,1,1,1,1,0,1,-1.4860351280674797,-1.0809063775711638,0,0
1,0,1,1,1.4915401492832983,1,2,1,0,0,2,0,2,2,0,1,1,1.1528985081963241,0.7882009002673962,1,0
0,0,1,0,1.4508197855632678,1,0,0,2,0,0,2,0,0,1,0,0,-0.29452667894836937,0.01898971059875434,0,0
1,0,0,0,-0.5037576729981889,1,0,2,1,1,1,1,1,1,2,1,3,-1.4976677070686424,0.15797664824525715,0,0
1,0,0,0,1.6137012404433893,1,0,2,1,1,1,1,1,1,2,1,1,-1.4943441130683104,0.30077508708833156,0,0
1,0,1,1,1.125056875803025,1,2,1,2,0,2,0,2,0,1,1,0,1.0182929511828682,0.5946344670799025,0,0
1,1,1,1,-0.015113308357824713,1,0,1,0,2,0,0,2,2,0,1,3,0.9701008381780505,-0.5407175395378494,0,1
0,0,0,0,-1.2774445836787656,1,0,2,1,1,1,1,1,1,0,1,3,-1.491020519067978,-2.7332953080327056,1,0
1,0,0,0,-1.2774445836787656,1,0,2,1,1,1,1,1,1,0,1,3,-1.5009913010689746,-2.7834037790144714,1,0
1,1,0,0,-1.1960038562387048,1,2,1,0,2,0,0,0,0,0,1,2,0.5513279941361872,-1.1537228248415041,1,1
0,0,1,0,0.5549717837226001,1,2,2,1,1,1,1,1,1,1,1,0,-1.3397969920528607,0.30077508708833156,0,0
0,0,1,0,-0.13727439951791576,1,2,1,0,0,0,0,0,0,0,1,2,0.3386179781149237,-1.5627482751776416,0,0
1,0,0,0,0.758573602322752,1,2,1,0,2,2,2,0,0,0,1,2,0.750743634156122,0.2503327360631409,0,0
0,1,1,0,0.6364125111626608,1,0,1,0,0,0,0,0,0,0,1,0,0.19570343610063723,-0.10473600232861606,0,1
0,0,1,1,-0.6666391278783103,1,0,1,0,2,0,0,0,0,0,0,0,0.28211688010927544,0.30077508708833156,0,0
1,0,1,0,1.5322605130033284,1,2,1,0,2,2,2,0,2,2,1,0,1.1279715531938321,0.7616092026579225,0,0
0,0,1,1,0.3106496014024181,1,2,2,1,1,1,1,1,1,2,1,3,-1.328164413051698,0.30077508708833156,0,0
0,0,1,1,-0.4223169455581282,1,0,1,0,2,0,0,0,2,0,0,2,0.6161380771426661,-3.939015504602389,1,0
0,1,0,0,-1.2774445836787656,1,0,1,0,0,2,0,0,0,0,1,0,0.3502505571160864,0.8457368749447759,1,1
0,0,1,1,-1.1145631287986442,1,2,2,1,1,1,1,1,1,0,1,3,-1.3447823830533592,0.30077508708833156,0,0
0,0,0,0,-1.0331224013585834,1,0,1,0,0,0,0,0,0,0,1,0,0.16911468409797886,0.44895772777936893,0,0
1,0,0,1,-0.13727439951791576,1,2,1,0,2,2,2,0,2,1,0,1,1.1894580421999785,-0.5618528789275572,0,0
1,0,1,1,0.47353105628253944,1,2,2,1,1,1,1,1,1,1,0,3,-1.2982520670487077,0.30077508708833156,0,0
0,0,0,0,-0.9109613101984924,0,1,0,2,2,2,0,0,0,0,0,0,-0.7997129669988706,0.25444667259159975,0,0
0,1,1,0,0.9214550572028734,1,2,0,0,0,0,0,0,0,0,0,0,-0.4357794239624898,-0.5581449318574389,0,1
1,1,1,0,0.7992939660427822,1,2,1,0,2,2,0,2,2,1,1,0,1.3406815692150957,0.49808958991831803,0,1
0,0,1,1,-0.9109613101984924,1,2,1,0,0,0,0,0,2,0,0,2,0.7042133181514708,0.9468206377946782,0,0
1,0,0,0,-0.5851984004382496,1,2,1,0,0,0,0,0,0,0,1,0,0.36022133911708304,0.30077508708833156,0,0
0,0,1,0,1.4508197855632678,1,2,0,2,0,0,2,0,0,1,0,0,-0.21642221994056152,0.07210584334237236,0,0
0,0,1,1,1.1657772395230555,1,0,2,1,1,1,1,1,1,0,1,3,-1.5076384890696393,0.30077508708833156,1,0
0,0,1,1,1.6137012404433893,0,1,0,2,2,2,2,2,2,2,1,1,0.014567563082529699,0.3480473125360257,0,0
1,0,0,0,-1.2367242199587352,1,0,0,2,0,2,0,0,0,0,0,2,-0.37595473195650925,0.30077508708833156,0,0
1,0,0,0,-0.8295205827584317,1,0,0,0,0,0,0,0,0,0,1,0,-0.6435040489832552,0.4546869244839152,1,0
1,0,1,0,0.35136996512244845,1,0,2,1,1,1,1,1,1,2,1,2,-1.4960059100684764,0.9635258380115506,0,0
0,0,0,0,-0.2594354906780068,0,1,0,0,0,2,2,2,0,0,1,1,-0.6750781919864114,0.30077508708833156,0,0
1,0,1,0,0.14776814652229667,1,0,2,1,1,1,1,1,1,1,0,0,-1.4594463760648215,0.8122252781139314,0,0
1,0,1,1,1.6137012404433893,1,2,1,2,2,2,2,2,2,2,1,1,1.638143232244832,0.9383622097898414,0,0
1,0,1,0,0.10704778280226633,1,2,1,0,0,0,2,0,2,0,1,0,0.8338334841644282,-0.31753130482206693,0,0
1,0,0,0,-1.2774445836787656,1,0,0,0,0,2,2,0,0,0,0,3,-0.3227772279511935,0.5241330155998971,0,0
0,0,1,1,-0.6666391278783103,1,2,1,2,0,2,2,2,2,0,1,2,1.6015836982411773,-3.080362984424418,0,0
0,1,0,0,0.6771328748826912,1,2,1,2,0,0,0,2,2,0,0,1,1.222693982203301,0.4360313457660582,0,1
0,0,1,0,0.880734693482843,1,2,1,2,2,2,2,2,2,1,1,3,1.6580847962468257,0.638085199278839,0,0
0,0,0,1,-0.5851984004382496,1,2,0,2,0,0,0,0,2,0,0,2,0.001273187081200524,0.30077508708833156,0,0
0,0,1,0,0.14776814652229667,1,0,1,0,0,0,0,0,2,0,0,2,0.5197538511330312,-0.4790112018025919,0,0
0,0,0,0,1.125056875803025,1,2,1,0,2,2,0,2,2,0,1,2,1.3672703212177542,0.6956978476718684,1,0
0,0,0,0,-1.2774445836787656,1,0,1,0,0,0,0,0,0,0,0,3,0.15914390209698223,0.7697347938818963,1,0
0,0,1,1,0.7992939660427822,1,2,2,1,1,1,1,1,1,2,1,0,-1.3198554280508674,0.30077508708833156,0,0
1,0,1,1,-0.9924020376385531,1,0,1,0,0,2,0,2,2,0,1,2,0.9966895901807084,0.8570370296013567,0,0
1,0,1,1,1.6137012404433893,1,0,1,2,2,0,2,2,2,2,0,0,1.3539759452164248,0.8599542727150575,0,0
0,0,0,0,1.2879383306831464,1,2,2,1,1,1,1,1,1,1,0,3,-1.33148800705203,0.30077508708833156,0,0
0,1,0,0,-0.4223169455581282,1,0,0,2,0,2,2,0,2,0,1,3,0.1657910900976468,0.30077508708833156,0,1
1,0,1,0,1.125056875803025,0,1,0,0,2,2,2,2,2,0,1,0,-0.15161213693408263,-0.08436591715496015,0,0
0,0,1,1,-0.1779947632379461,1,0,1,0,0,0,0,0,2,0,1,2,0.5413572121351905,-1.3496433305887052,1,0
0,0,1,0,1.1657772395230555,1,2,2,1,1,1,1,1,1,2,0,3,-1.341458789053027,0.30077508708833156,0,0
0,0,0,0,-0.3408762181180675,1,2,1,0,2,2,0,2,2,0,1,2,1.3091074262119398,-0.8974839540438622,0,0
1,0,1,1,-0.1779947632379461,1,0,1,0,2,2,2,2,0,1,0,0,0.9352031011745621,-0.6026065660016585,0,0
0,0,1,1,-0.0965540357978854,1,0,0,0,2,2,2,2,2,2,0,0,0.53304822713436,-1.0903142967266866,0,0
1,0,1,0,-1.2367242199587352,1,0,2,1,1,1,1,1,1,0,0,3,-1.4876969250676457,-0.0020110239159821137,0,0
1,0,0,0,-1.2774445836787656,1,2,1,0,0,0,0,0,0,0,1,2,0.3436033691154218,0.8455095642601024,0,0
1,0,0,1,-1.0738427650786138,1,0,2,1,1,1,1,1,1,0,0,3,-1.4993295040688086,0.30077508708833156,0,0
0,0,1,0,-0.3408762181180675,1,0,0,0,2,0,0,2,2,0,1,0,0.15582030809665018,0.30077508708833156,0,0
1,0,1,1,-1.1552834925186746,1,2,1,0,0,2,0,2,2,0,0,2,1.2093996062019723,0.020547128794269304,1,0
1,0,0,0,-1.0331224013585834,1,2,1,0,2,0,0,2,2,0,1,2,1.1645310871974868,0.742388715502958,1,0
1,1,1,0,1.6137012404433893,1,2,1,2,2,2,2,2,2,2,1,0,1.7046151122514768,0.9352496996418613,0,1
1,0,0,0,1.5322605130033284,0,1,0,0,0,0,2,0,2,2,1,3,-0.8213163280010305,-0.5815484266627523,0,0
1,1,1,0,1.2879383306831464,1,2,1,0,0,2,2,2,2,2,0,2,1.2409737492051283,0.7145329377590812,0,1
1,0,1,1,1.6137012404433893,1,2,1,0,2,0,0,2,0,1,1,2,0.82884809316393,0.7217629452342984,0,0
0,0,0,1,0.47353105628253944,1,0,2,1,1,1,1,1,1,2,0,3,-1.491020519067978,0.9521476838538211,0,0
0,0,1,1,-0.7888002190384014,1,0,0,0,0,0,0,0,2,0,0,2,-0.2928648819482031,0.8273867483714316,1,0
0,1,0,0,-0.62591876415828,1,0,2,1,1,1,1,1,1,1,0,3,-1.4660935640654862,-0.23184013239550205,0,1
1,0,0,0,-1.2774445836787656,1,0,0,0,0,0,0,0,2,0,1,2,-0.3244390249513595,0.5238194637569491,1,0
1,0,1,0,-0.9516816739185228,1,0,0,0,0,2,0,2,2,0,1,3,0.17576187209864347,0.558340025997771,0,0
1,0,1,0,-0.3408762181180675,1,0,0,2,0,0,2,0,0,0,0,3,-0.3709693409560109,0.30077508708833156,0,0
0,0,1,1,-1.2774445836787656,1,0,1,0,2,0,0,0,0,0,1,2,0.3303089931140931,0.8352267332233922,1,0
1,0,0,0,-0.3408762181180675,1,2,1,0,2,0,0,0,0,0,1,2,0.5147684601325326,-3.4041674436334257,1,0
1,1,1,1,0.10704778280226633,1,0,0,0,2,0,2,2,2,0,1,2,0.37517751211857825,-0.6191880203130852,0,1
0,0,1,1,-1.0331224013585834,1,0,0,2,2,2,2,2,0,0,1,2,0.36354493311741554,0.5359757154333411,0,0
1,0,0,0,-1.1145631287986442,1,0,1,0,0,0,2,2,2,0,1,2,1.0415581091851935,0.27516846361020364,1,0
0,0,0,1,-0.7073594915983407,1,0,1,0,0,0,0,0,0,0,0,0,0.14086413509515497,1.0033309823810943,1,0
1,0,1,1,-0.8702409464784621,1,0,2,1,1,1,1,1,1,2,0,3,-1.4993295040688086,-1.294047575068989,0,0
0,0,1,0,0.6364125111626608,0,1,0,2,0,2,0,0,2,0,1,0,-0.6468276429835875,-1.5678145876092349,1,0
0,1,0,0,-0.5037576729981889,1,0,1,0,0,0,0,0,2,0,1,2,0.5546515881365197,0.30077508708833156,0,1
0,0,1,0,1.6137012404433893,1,2,1,0,2,2,2,2,2,1,1,0,1.4536837652263923,0.9025067420020517,0,0
0,0,1,1,-0.9924020376385531,1,0,1,0,2,0,0,2,0,0,1,2,0.6244470621434968,0.7541645659546756,1,0
1,0,1,1,1.6137012404433893,1,2,1,0,0,0,0,0,2,2,1,1,0.6560212051466532,0.655005300978512,0,0
0,0,0,0,-0.7073594915983407,1,2,1,0,2,0,0,2,2,0,1,2,1.1761636661986499,0.30077508708833156,0,0
1,0,0,0,1.6137012404433893,1,2,0,0,2,2,2,2,2,2,1,0,0.7922885591602751,0.6664909880361455,0,0
0,0,1,1,-1.318164947398796,0,1,0,2,0,2,2,2,0,2,1,0,-0.40586707795949967,0.30077508708833156,0,0
1,0,0,1,-1.2774445836787656,1,2,1,0,0,0,0,0,0,0,1,2,0.31867641411292996,0.8340776420462057,1,0
1,0,1,1,1.247217966963116,1,2,1,0,2,2,0,2,2,2,1,0,1.330710787214099,0.7240758186442795,0,0
0,0,0,0,-1.2367242199587352,1,0,0,0,2,0,0,2,0,0,1,2,-0.19149526493806968,0.30077508708833156,0,0
0,0,1,0,-1.2367242199587352,1,0,1,2,0,0,0,0,0,0,1,2,0.32033821111309646,0.30077508708833156,1,0
1,1,1,0,1.1657772395230555,1,2,0,0,2,0,0,0,2,1,0,0,-0.023653767921291324,0.046153243512893447,0,1
1,0,0,0,-1.2774445836787656,1,0,2,1,1,1,1,1,1,0,0,3,-1.4744025490663168,-2.043269862977273,0,0
1,0,0,0,-0.4223169455581282,0,1,0,0,2,2,0,0,2,1,1,0,-0.6983433499887373,0.9663502625098056,1,0
1,0,1,0,-0.1779947632379461,1,0,0,2,2,0,2,0,0,0,0,3,-0.12834697893175703,0.30077508708833156,0,0
0,0,1,0,1.5322605130033284,1,0,2,1,1,1,1,1,1,2,0,0,-1.4943441130683104,0.30077508708833156,0,0
0,1,0,0,-1.1145631287986442,0,1,0,0,2,0,0,0,0,0,0,2,-1.2068532320395708,0.30077508708833156,1,1
0,0,0,0,-0.8295205827584317,1,2,1,2,2,2,0,0,2,0,1,0,1.1612074931971548,0.30077508708833156,1,0
1,0,0,0,0.06632741908223598,1,2,1,2,2,2,2,2,2,1,0,1,1.7112623002521414,0.04108420591289124,0,0
0,1,1,0,1.5729808767233588,1,2,1,2,0,0,0,0,0,2,1,1,0.5297246331340278,0.5637784915105502,0,1
0,0,1,1,1.5322605130033284,1,2,0,2,0,0,0,0,2,1,0,0,0.014567563082529699,0.28198139282009077,0,0
0,0,1,1,0.7992939660427822,1,0,1,2,0,2,2,0,0,0,1,0,0.641065032145158,0.20219710537155247,0,0
1,0,0,1,1.4915401492832983,1,2,0,2,2,2,2,2,0,2,1,1,0.4881797081298748,0.5282002680825065,0,0
0,1,0,0,-0.5037576729981889,1,2,1,0,2,2,0,0,2,0,1,2,0.9750862291785486,0.30077508708833156,1,1
1,0,0,1,-0.8702409464784621,1,2,1,0,0,2,0,0,0,0,1,3,0.43998759512505714,0.942703512517487,0,0
1,0,1,0,-1.2367242199587352,1,0,1,0,0,0,2,2,2,0,1,2,0.9784098231788811,0.30077508708833156,1,0
0,0,1,1,-1.0738427650786138,1,2,1,0,0,0,2,0,0,0,1,2,0.5230774451333633,0.42293568180975294,1,0
0,0,0,0,-1.2774445836787656,1,0,2,1,1,1,1,1,1,0,0,3,-1.4926823160681442,-2.7414742900176625,0,0
1,1,1,1,-0.5037576729981889,1,0,1,2,0,2,2,0,2,1,0,1,0.9817334171792131,-6.526425398826551,0,1
1,0,0,0,1.1657772395230555,1,2,1,2,0,2,0,2,2,0,1,2,1.3855500882195813,0.6791895189262048,0,0
0,1,1,0,-1.1145631287986442,1,2,1,0,0,0,0,0,0,0,1,2,0.31867641411292996,-0.21200824999928314,1,1
0,0,0,0,0.9621754209229036,1,2,1,0,2,0,2,2,2,0,1,0,1.3523141482162588,0.6120122802116365,0,0
1,0,0,0,-0.0965540357978854,1,2,1,2,2,2,2,0,0,0,1,1,1.0049985751815391,-0.545274330601868,0,0
1,0,0,0,0.3106496014024181,1,2,1,0,0,2,2,2,2,0,0,0,1.330710787214099,0.13233146125164,1,0
0,0,0,0,-0.1779947632379461,1,0,0,2,0,0,2,0,0,1,0,3,-0.3477041829536853,0.30077508708833156,0,0
0,1,1,0,-1.1145631287986442,1,0,1,0,0,0,0,0,0,0,0,2,0.17576187209864347,-0.4112595363948961,0,1
0,1,1,0,-0.21871512695797646,1,0,1,2,0,0,0,0,0,0,1,0,0.3469269631157543,-2.4824612002764552,1,1
1,0,0,0,-0.8295205827584317,1,0,2,1,1,1,1,1,1,0,0,1,-1.4860351280674797,-0.7118692630342291,0,0
1,0,1,1,1.4100994218432374,1,2,1,0,2,2,0,2,2,1,1,2,1.3506523512160928,0.7807098036792594,0,0
1,1,1,0,-0.13727439951791576,1,2,0,0,0,0,0,0,0,0,1,2,-0.43744122096265586,0.30077508708833156,0,1
1,0,1,1,0.9214550572028734,1,2,1,0,0,0,0,0,2,0,0,0,0.6892571451499756,0.3280335437641119,0,0
0,0,0,0,-0.38159658183809786,1,2,1,0,0,0,0,0,0,0,0,0,0.36022133911708304,0.30077508708833156,1,0
1,0,1,0,0.06632741908223598,1,2,1,0,0,2,0,2,2,0,1,2,1.1728400721983174,-0.13639432252329017,1,0
1,0,0,0,0.7992939660427822,1,0,1,2,0,2,0,2,0,1,0,2,0.8803638001690798,0.3337385750372746,0,0
1,1,1,1,1.6137012404433893,1,2,1,2,2,2,2,2,2,2,1,1,1.6946443302504801,0.9329610193160505,0,1
1,0,1,1,1.0436161483629645,1,2,1,0,2,0,2,2,0,1,1,1,0.9950277931805424,0.5086521714493129,0,0
1,0,1,1,0.10704778280226633,1,0,2,1,1,1,1,1,1,2,0,3,-1.5009913010689746,0.762350627138302,0,0
0,1,0,0,0.9621754209229036,1,2,1,0,2,2,2,2,0,2,1,0,1.1678546811978192,0.5700862104279066,0,1
0,0,1,1,-0.3408762181180675,1,0,2,1,1,1,1,1,1,2,1,1,-1.451137391063991,0.3869118521368363,0,0
1,0,1,1,1.5322605130033284,1,0,2,1,1,1,1,1,1,2,0,1,-1.4860351280674797,0.30077508708833156,0,0
1,0,0,0,-1.2367242199587352,1,0,1,0,0,0,0,2,0,0,1,2,0.5047976781315361,0.30077508708833156,0,0
1,1,1,1,1.4508197855632678,1,2,1,0,0,2,2,2,2,1,1,1,1.4088152462219072,0.8303916518901414,0,1
0,0,0,0,-1.2774445836787656,1,2,1,0,0,0,0,0,2,0,1,2,0.6726391751483144,0.940431847484723,1,0
1,0,0,0,-0.8295205827584317,1,2,1,0,0,2,0,2,0,0,1,2,0.8238627021634315,0.30077508708833156,0,0
0,0,1,0,1.247217966963116,1,2,1,0,2,0,0,0,0,0,1,0,0.5579751821368518,0.42466862514598663,0,0
0,0,1,1,0.025607055362205634,1,0,0,2,2,2,0,0,0,1,1,3,-0.20977503193989694,-2.308376893432872,0,0
0,0,1,0,1.4915401492832983,1,0,1,0,2,0,0,2,2,1,1,1,1.0266019361836989,0.7441513783591573,0,0
0,0,1,1,1.125056875803025,1,0,0,0,2,2,2,2,2,2,1,0,0.5264010391336954,0.401548356626423,0,0
0,0,1,1,1.6137012404433893,1,2,1,2,2,2,2,2,2,2,1,0,1.6065690892416755,0.9205951691096109,0,0
0,0,0,0,-0.8702409464784621,1,2,0,0,0,0,0,0,2,0,1,3,-0.1931570619382357,0.6319119336176701,0,0
0,0,0,0,-1.2774445836787656,1,0,2,1,1,1,1,1,1,0,0,3,-1.502653098069141,-2.7920048515792057,0,0
1,0,0,0,-0.9109613101984924,1,2,1,0,0,0,0,2,0,0,1,0,0.7075369121518029,0.9296226511916843,1,0
1,0,0,0,-0.7888002190384014,0,1,0,2,0,0,2,2,0,0,1,1,-0.6385186579827569,0.6234319533627631,1,0
1,0,1,1,0.06632741908223598,1,0,1,0,0,0,0,0,2,1,1,0,0.47156173812821356,-0.7161946916542049,0,0
1,0,1,1,0.26992923768238775,1,0,1,0,2,0,0,2,0,0,1,3,0.7158458971526335,-0.2479937753014152,1,0
0,0,0,0,1.3286586944031769,1,2,1,0,2,0,2,2,2,1,1,0,1.3390197722149297,0.7444029338990358,0,0
1,1,1,0,0.7178532386027215,1,2,1,2,2,2,0,2,0,1,1,0,1.2343265612044643,0.47530782138018585,0,1
1,0,0,0,-0.7073594915983407,1,0,2,1,1,1,1,1,1,0,0,3,-1.4960059100684764,-0.34630994472220583,0,0
1,0,1,1,1.6137012404433893,1,2,1,2,2,2,0,2,2,2,1,0,1.5135084572323727,0.8966918521747756,0,0
0,0,1,1,1.6137012404433893,1,2,1,2,2,2,2,2,2,2,1,0,1.6896589392499817,0.9195401531605882,0,0
1,0,1,1,0.9214550572028734,1,0,2,1,1,1,1,1,1,2,0,0,-1.5093002860698053,0.30077508708833156,0,0
0,0,1,1,-0.38159658183809786,1,2,2,1,1,1,1,1,1,2,1,1,-1.3015756610490399,0.4482815415770971,0,0
1,0,0,0,-0.015113308357824713,1,2,1,0,2,0,0,0,0,0,1,0,0.5180920541328647,-0.7684714824273666,1,0
0,0,1,1,0.9621754209229036,1,2,0,2,0,2,0,0,2,1,1,0,0.13255515009432434,0.0032806508792661854,0,0
0,0,0,0,-1.2774445836787656,1,0,2,1,1,1,1,1,1,0,0,0,-1.491020519067978,-2.7332953080327056,0,0
1,0,0,0,0.22920887396235737,1,0,0,2,2,0,2,2,0,1,0,3,0.19404163910047073,-0.652182261041065,0,0
1,0,0,0,-0.8702409464784621,1,0,1,0,0,0,0,0,0,0,0,2,0.18074726309914202,0.8588332630435287,0,0
1,0,0,0,-1.2774445836787656,1,0,0,0,0,0,2,0,0,0,1,2,-0.5138838829702976,0.38294826189741643,0,0
1,0,1,0,0.9621754209229036,1,2,1,0,2,0,2,2,2,1,1,2,1.4121388402222392,0.6358447822520352,0,0
1,0,1,0,-1.1960038562387048,1,2,2,1,1,1,1,1,1,0,1,3,-1.368047541055685,0.9586653300981258,0,0
1,0,1,1,-1.0331224013585834,1,0,0,2,0,0,0,2,2,0,0,1,0.16412929309748078,0.4509835473402828,0,0
1,0,1,1,1.0843365120829946,1,2,1,0,0,2,0,2,2,2,1,1,1.15456030519649,0.6022019584278516,0,0
1,0,0,0,-1.0331224013585834,1,0,0,0,0,2,2,2,0,0,0,0,-0.015344782920460707,0.24329996636099416,0,0
1,0,1,1,1.5729808767233588,1,0,0,2,0,2,2,0,2,2,1,1,0.20235062410130134,0.407554878768623,0,0
1,0,1,1,-0.7073594915983407,1,0,1,2,0,0,2,2,2,1,0,2,1.2343265612044643,0.30077508708833156,0,0
1,0,1,0,1.5729808767233588,1,2,0,2,2,0,2,2,0,2,0,1,0.29042586511010604,0.4955120740010611,0,0
0,0,0,0,0.10704778280226633,1,2,1,0,0,2,0,2,2,0,1,2,1.1794872601989819,-0.11240898240164869,1,0
0,0,0,0,-0.8702409464784621,0,1,0,0,2,2,2,0,0,1,1,1,-0.8096837489998675,0.1678743102857405,0,0
0,0,1,1,1.125056875803025,1,0,2,1,1,1,1,1,1,2,1,1,-1.5126238800701375,0.30077508708833156,0,0
1,1,0,0,0.5956921474426305,1,2,0,0,2,0,2,0,0,2,0,0,-0.17155370093607614,-0.6123270327319104,0,1
0,0,0,0,-0.8702409464784621,1,0,0,0,0,2,2,0,2,1,0,1,0.004596781081533054,0.7785244166397904,0,0
1,0,1,0,0.9621754209229036,1,2,1,0,2,0,0,2,2,1,0,1,1.1811490571991479,0.5522623936471847,1,0
0,1,1,0,-0.1779947632379461,1,2,1,0,2,2,2,2,2,0,1,2,1.5317882242341998,-0.2888506785683518,0,1
1,0,1,0,1.1657772395230555,1,0,0,2,2,0,2,2,2,2,1,3,0.5413572121351905,0.33752392720020846,0,0
1,0,1,1,-0.055833672077855064,1,2,1,2,0,2,0,2,0,1,0,0,1.1063681921916724,-0.3690250253164925,0,0
1,0,0,0,-0.9516816739185228,1,0,1,0,0,0,0,0,0,0,1,2,0.19071804510013865,0.6237157809844244,0,0
1,1,1,0,0.10704778280226633,1,2,1,2,2,0,0,0,2,0,1,2,0.9900424021800438,-0.19706577832108887,0,1
1,0,0,0,-1.2367242199587352,1,0,2,1,1,1,1,1,1,0,1,3,-1.4993295040688086,0.0006383137053255118,0,0
0,0,1,1,-0.8295205827584317,1,0,2,1,1,1,1,1,1,0,0,3,-1.5209328650709681,-1.1570854990432697,1,0
0,0,0,0,-1.2774445836787656,1,0,1,2,0,0,0,0,0,0,0,3,0.3502505571160864,0.8457368749447759,1,0
0,1,0,0,-1.1552834925186746,1,2,1,0,0,2,0,2,0,0,1,2,0.8122301231622688,-0.15168265962106517,1,1
0,0,1,1,-1.2774445836787656,1,0,2,1,1,1,1,1,1,0,1,3,-1.5209328650709681,-2.882347240052353,0,0
0,0,0,0,-1.1960038562387048,1,0,2,1,1,1,1,1,1,0,1,3,-1.4876969250676457,0.6494892101308134,0,0
0,1,0,0,-1.2774445836787656,1,2,1,0,0,0,0,2,0,0,1,2,0.6959043331506402,0.9418780494604179,1,1
1,0,0,0,0.7992939660427822,1,0,0,2,2,0,0,2,0,2,1,1,-0.0502425199239492,-0.2100465230256681,0,0
1,0,1,1,-1.1145631287986442,1,0,2,1,1,1,1,1,1,1,0,3,-1.4843733310673135,0.9408452615116742,0,0
1,0,1,0,1.6137012404433893,1,2,1,2,2,2,0,0,2,2,1,2,1.1429277261953275,0.838894976902466,0,0
1,0,1,1,1.5729808767233588,1,2,0,2,2,2,2,2,2,2,0,2,0.8521132511662559,0.731746989098186,0,0
1,0,1,0,1.6137012404433893,1,2,1,2,0,2,2,2,2,2,1,1,1.5666859612376889,0.9070061724265074,0,0
1,0,1,1,0.5549717837226001,1,2,2,1,1,1,1,1,1,1,0,2,-1.3248408190513656,0.30077508708833156,0,0
1,0,1,1,1.247217966963116,1,2,0,2,2,2,0,2,2,2,0,1,0.6227852651433307,0.5102428743008924,0,0
1,0,0,0,-0.0965540357978854,1,0,1,2,2,2,0,0,0,0,1,1,0.6493740171459885,-0.9702172986411104,0,0
1,0,0,0,-1.2774445836787656,1,0,0,0,0,0,0,0,0,0,0,3,-0.6368568609825906,0.26058601701648154,0,0
0,0,0,0,-0.8295205827584317,1,2,0,2,0,2,2,0,0,0,1,3,-0.10342002392926519,0.8049126576365658,1,0
1,0,0,0,-0.6666391278783103,0,1,0,2,2,2,2,2,0,2,0,3,-0.32942441595185784,0.9711736505011661,0,0
1,0,0,0,-1.1552834925186746,1,2,0,0,0,0,2,0,2,0,0,3,0.02620014208369237,-1.0871684790920566,0,0
1,0,1,0,0.758573602322752,1,2,1,0,2,0,0,0,2,1,1,1,0.8504514541660894,0.29900971822581834,0,0
1,0,1,0,1.3286586944031769,1,0,2,1,1,1,1,1,1,2,1,1,-1.4744025490663168,0.30077508708833156,0,0
1,0,0,0,-0.6666391278783103,1,0,1,0,0,0,2,0,0,0,1,1,0.32532360211359457,0.30077508708833156,0,0
1,0,0,0,-1.2367242199587352,1,0,2,1,1,1,1,1,1,1,0,3,-1.4893587220678117,0.32344596814777027,0,0
0,0,1,1,1.369379058123207,1,2,1,0,0,0,0,0,0,1,1,0,0.3153528201125979,0.36803491028504787,0,0
1,0,0,0,0.5549717837226001,1,2,1,0,2,2,2,2,2,2,0,2,1.4586691562268908,0.3883492714938733,0,0
0,0,0,0,-0.015113308357824713,1,2,1,2,0,2,2,2,2,1,1,0,1.4885815022298807,-0.07404925176124322,0,0
1,0,1,0,1.6137012404433893,1,2,0,2,0,2,2,2,2,2,0,1,0.7274784761537967,0.6475513673547144,0,0
1,0,1,1,0.22920887396235737,1,0,0,2,0,2,2,2,2,2,0,1,0.5396954151350245,-0.36825948399860786,0,0
1,0,0,1,0.758573602322752,1,0,0,0,0,0,2,0,0,1,0,1,-0.562075995975115,-1.1029974728850838,0,0
1,0,1,1,1.6137012404433893,1,2,1,2,2,2,2,2,2,2,0,0,1.654761202246493,0.9262731010253923,0,0
0,1,1,0,1.3286586944031769,1,2,1,2,0,2,0,2,2,0,0,0,1.3456669602155942,0.7501713145117185,1,1
1,0,1,1,-0.9516816739185228,0,1,0,0,2,0,0,0,0,0,1,2,-1.156999322034587,-0.9105600476697386,1,0
0,0,1,1,-0.9516816739185228,1,0,0,2,2,2,2,0,0,0,0,3,0.00792037508186511,0.7279187597102132,1,0
1,0,0,1,1.369379058123207,1,0,2,1,1,1,1,1,1,2,0,3,-1.4694171580658184,0.30077508708833156,0,0
0,1,0,0,0.47353105628253944,1,2,1,2,2,2,0,2,2,1,1,1,1.4968904872307114,0.36986556416598604,0,1
1,0,0,0,0.7178532386027215,1,2,0,0,0,2,2,0,2,2,0,0,0.1574821050968162,-0.1709706771799667,0,0
0,0,0,0,-0.7073594915983407,1,2,0,0,0,0,0,0,0,0,0,3,-0.5288400559717926,0.681067068273872,0,0
1,0,0,0,-0.9924020376385531,0,1,0,0,0,0,0,0,0,0,1,1,-1.3132082400502028,-3.436550921408251,0,0
0,1,0,0,1.369379058123207,1,2,1,0,0,2,2,2,2,1,1,1,1.2659007042076202,0.7794962894353767,0,1
0,0,0,0,1.002895784642934,1,2,1,2,2,0,2,0,0,0,1,0,0.7573908221567865,0.3778808643782331,0,0
0,0,0,0,-1.0331224013585834,1,2,1,0,2,0,0,0,0,0,1,0,0.4582673621268844,0.4640522766015412,0,0
1,1,1,1,-0.9109613101984924,0,1,0,0,0,0,0,0,2,0,1,0,-1.004113998019304,-0.07063388040861165,0,1
0,0,0,0,1.2064976032430856,1,2,1,2,2,2,0,0,0,1,1,2,0.9069525521717376,0.5825835266817557,0,0
1,0,1,1,0.3106496014024181,1,0,1,0,0,2,0,2,0,1,1,2,0.6743009721484804,-0.20223787385761371,0,0
0,0,0,0,-0.5037576729981889,1,0,2,1,1,1,1,1,1,2,0,3,-1.4976677070686424,0.1069632836208944,0,0
0,0,0,0,-1.0331224013585834,1,0,2,1,1,1,1,1,1,0,0,0,-1.4876969250676457,0.30077508708833156,1,0
0,0,1,0,-0.30015585439803716,1,0,1,0,0,0,2,2,2,0,1,2,1.0099839661820376,-1.0456409969231268,0,0
1,0,1,0,-0.38159658183809786,1,2,1,0,2,2,0,0,0,0,0,2,0.6477122201458225,-2.236464526360523,0,0
0,1,1,0,1.369379058123207,1,2,1,0,2,2,0,2,2,1,0,1,1.3240635992134344,0.7551603922092306,0,1
0,1,0,0,1.6137012404433893,1,2,1,0,2,2,2,2,2,2,0,2,1.5583769762368582,0.8953950496638469,0,1
1,1,1,0,0.6771328748826912,1,2,1,0,2,0,0,0,2,0,0,1,0.8404806721650927,0.2831788709374004,1,1
1,1,1,1,0.43281069256250915,1,2,1,0,2,2,2,2,2,0,1,0,1.5284646302338678,0.3180670606342768,1,1
0,0,1,0,0.5549717837226001,1,2,0,2,0,0,0,0,0,0,0,0,-0.3244390249513595,-0.9171627775914356,0,0
1,0,1,1,1.6137012404433893,1,2,0,2,2,2,2,2,2,2,0,1,0.8338334841644282,0.7181544756084698,0,0
1,0,0,0,-0.9109613101984924,1,0,2,1,1,1,1,1,1,1,0,3,-1.4760643460664828,0.30077508708833156,0,0
0,0,0,0,0.3106496014024181,0,1,0,2,0,0,2,2,2,1,1,0,-0.3393951979528547,-1.3274320984951342,0,0
0,0,1,1,1.3286586944031769,1,2,1,0,2,2,0,2,2,0,1,2,1.3539759452164248,0.7804672186112364,1,0
1,0,0,0,-0.055833672077855064,1,0,1,0,0,2,2,2,2,2,0,0,1.1528985081963241,-0.3470588596059702,0,0
0,0,1,0,1.4508197855632678,1,2,0,2,2,2,2,0,0,2,0,1,0.20401242110146783,0.3908597943307057,0,0
1,1,1,1,0.9621754209229036,1,2,1,2,0,2,0,2,2,1,1,0,1.3224018022132684,0.5905358190684079,1,1
1,0,1,0,-0.9109613101984924,1,2,1,0,0,0,0,0,2,0,1,2,0.6809481601491449,0.9449700287822969,1,0
1,0,1,1,1.4508197855632678,1,2,2,1,1,1,1,1,1,2,0,0,-1.3082228490497045,0.30077508708833156,0,0
0,0,1,1,0.43281069256250915,1,0,0,0,0,0,0,2,0,0,0,2,-0.28621769394753876,-0.8884313715382025,1,0
1,0,0,0,-1.2774445836787656,1,0,1,0,0,0,0,2,2,0,1,2,0.8238627021634315,0.9600854202676958,1,0
0,1,0,0,0.6771328748826912,1,0,1,0,2,2,0,0,2,1,1,0,0.8338334841644282,0.18781943466532014,0,1
0,0,1,1,-0.7073594915983407,1,2,2,1,1,1,1,1,1,0,1,2,-1.3132082400502028,0.056214878487762784,0,0
1,1,1,0,-0.5037576729981889,1,2,1,0,0,0,0,2,2,0,1,2,0.9900424021800438,-2.8918471194055253,1,1
1,0,0,0,-1.2774445836787656,1,0,0,0,0,0,0,0,0,0,1,3,-0.6335332669822583,0.2614017558321097,1,0
1,0,1,1,0.7178532386027215,1,2,0,0,0,2,2,2,0,1,1,2,0.16246749609731476,-0.15786404571303114,0,0
0,1,0,0,-1.2367242199587352,1,2,1,0,2,0,0,0,2,0,0,2,0.8222009051632655,0.30077508708833156,1,1
1,1,0,0,-0.3408762181180675,1,0,1,0,0,0,0,0,0,0,0,1,0.17410007509847744,0.30077508708833156,0,1
0,0,0,0,-1.1960038562387048,1,0,1,0,0,0,0,0,0,0,1,0,0.15914390209698223,-1.3599047713552939,1,0
0,0,0,0,-1.2774445836787656,1,0,1,0,0,2,0,0,0,0,1,3,0.32698539911376057,0.8349970205965218,1,0
1,0,1,1,0.10704778280226633,1,0,2,1,1,1,1,1,1,2,0,3,-1.4843733310673135,0.716345346124929,0,0
0,0,0,0,-0.62591876415828,1,2,2,1,1,1,1,1,1,0,0,3,-1.328164413051698,0.34016517375972427,0,0
0,1,0,0,-0.9924020376385531,1,0,2,1,1,1,1,1,1,0,0,2,-1.4993295040688086,0.30077508708833156,1,1
1,0,0,0,-0.9109613101984924,1,0,1,0,0,0,2,2,2,0,1,1,1.0083221691818711,0.9498973958687408,0,0
1,0,1,1,1.4508197855632678,1,2,0,2,2,2,2,2,2,2,1,1,0.8005975441611056,0.6555552402495173,0,0
1,0,1,0,0.5142514200025698,1,0,0,2,2,2,0,2,2,1,0,0,0.466576347127715,-0.08034122379520514,0,0
1,0,1,1,-1.2367242199587352,1,0,2,1,1,1,1,1,1,1,0,3,-1.4926823160681442,-0.12492952671085208,1,0
1,0,1,0,0.18848851024232702,1,0,2,1,1,1,1,1,1,0,0,0,-1.4760643460664828,0.7787674734033478,0,0
0,0,0,0,-1.1552834925186746,0,1,0,0,0,0,0,0,0,0,1,3,-1.3464441800535252,0.9925955382546043,1,0
0,0,0,0,-0.9109613101984924,1,0,0,0,0,0,0,0,0,0,0,3,-0.6484894399837535,0.18518295738384025,0,0
1,0,0,0,-1.2774445836787656,1,0,2,1,1,1,1,1,1,0,0,3,-1.4860351280674797,-2.0722856041739153,0,0
1,0,1,1,1.3286586944031769,1,2,0,2,2,0,0,0,2,2,1,3,0.15914390209698223,0.24620180512292306,0,0
0,0,1,1,1.002895784642934,1,0,2,1,1,1,1,1,1,2,0,0,-1.504314895069307,0.30077508708833156,0,0
0,0,0,0,-1.1960038562387048,1,0,1,0,0,2,0,0,0,0,1,3,0.3319707901142591,-1.0715861430690565,0,0
0,0,0,0,-1.2367242199587352,1,0,1,0,0,0,0,0,0,0,0,2,0.16246749609731476,0.30077508708833156,1,0
1,0,0,0,0.6771328748826912,0,1,0,0,0,2,0,0,0,0,1,0,-1.1486903370337564,0.30077508708833156,0,0
0,0,0,0,-1.1552834925186746,1,0,0,0,0,0,0,0,0,0,0,3,-0.6351950639824246,-2.610785680909369,1,0
0,0,1,0,1.5322605130033284,0,1,0,0,2,2,2,2,2,2,0,0,-0.23137839294205673,0.09788215480986277,0,0
0,0,1,1,0.8400143297628127,1,0,2,1,1,1,1,1,1,1,1,0,-1.4926823160681442,0.30077508708833156,0,0
1,0,1,1,0.8400143297628127,1,2,2,1,1,1,1,1,1,2,0,1,-1.303237458049206,0.30077508708833156,0,0
0,0,0,0,-1.2774445836787656,1,2,1,0,0,0,0,0,0,0,1,3,0.3419415721152558,0.8452822018935335,1,0
1,0,0,0,-0.4223169455581282,1,2,2,1,1,1,1,1,1,0,1,1,-1.3265026160515319,0.3976424696214446,0,0
1,1,0,0,0.7992939660427822,0,1,0,0,2,0,0,2,2,0,1,2,-0.518869273970796,-0.8116386862278386,1,1
1,1,0,0,1.3286586944031769,1,2,1,2,0,2,2,2,2,2,1,2,1.5151702542325387,0.8164469051323598,0,1
0,0,0,0,0.6364125111626608,1,2,2,1,1,1,1,1,1,1,0,0,-1.3364733980525287,0.30077508708833156,0,0
0,0,0,0,-1.2367242199587352,0,1,0,0,0,0,0,0,2,0,1,2,-0.9991286070188055,0.6648582303318108,1,0
1,0,0,0,-1.1960038562387048,1,2,1,0,2,2,0,2,2,0,0,3,1.435403998224565,-0.3336634628527568,0,0
1,0,1,0,0.5142514200025698,1,2,1,0,2,0,0,0,0,0,0,0,0.5529897911363537,-0.00946672935140842,0,0
1,0,1,1,-1.2774445836787656,1,0,1,0,0,0,0,0,2,0,0,2,0.5064594751317021,0.8997112007445678,1,0
0,0,1,1,1.1657772395230555,1,0,0,0,0,2,2,2,2,2,1,0,0.3003966471111027,0.3001869898240831,0,0
1,0,0,0,-1.1960038562387048,1,0,0,2,0,0,2,2,0,0,1,1,-0.012021188920128179,-2.3299102737486446,0,0
0,1,0,0,0.3106496014024181,1,2,1,0,0,2,2,2,2,1,1,1,1.2958130502106107,0.15661934490295584,0,1
0,0,0,0,-1.2774445836787656,1,0,1,0,0,0,0,0,0,0,0,3,0.21065960910213194,0.7982614309483564,0,0
0,0,0,0,-1.2774445836787656,1,0,0,0,0,0,2,0,0,0,1,2,-0.49394231896830415,0.3858324300658321,0,0
1,0,0,0,0.758573602322752,1,2,2,1,1,1,1,1,1,1,1,0,-1.3348116010523623,0.30077508708833156,0,0
1,1,0,0,-1.2367242199587352,1,0,0,2,0,0,0,0,0,0,1,2,-0.5155456799704636,0.9683628356137914,1,1
1,0,0,0,0.7992939660427822,0,1,0,0,2,0,0,0,0,1,0,3,-1.152013931034089,0.30077508708833156,0,0
1,0,0,0,0.758573602322752,1,2,1,0,0,0,0,0,2,0,0,0,0.6194616711429987,0.14064649837041865,0,0
1,0,0,0,-1.2774445836787656,1,0,2,1,1,1,1,1,1,0,1,3,-1.4727407520661506,-2.0391926394936895,0,0
1,0,1,1,-0.055833672077855064,1,2,0,2,2,0,2,0,2,1,1,0,0.3485887601159204,-1.1304954928468716,0,0
1,0,0,1,0.5956921474426305,1,0,2,1,1,1,1,1,1,1,0,1,-1.4694171580658184,0.30077508708833156,0,0
0,0,0,0,-1.1960038562387048,1,2,1,0,0,0,0,0,0,0,1,1,0.3436033691154218,-0.6552364281521292,1,0
0,1,0,0,-0.4223169455581282,1,0,2,1,1,1,1,1,1,1,1,3,-1.4860351280674797,0.14934911459988823,0,1
0,0,1,0,-1.2774445836787656,1,0,2,1,1,1,1,1,1,0,1,3,-1.4660935640654862,-2.023047977174219,0,0
1,0,1,0,1.6137012404433893,1,2,0,0,2,2,2,2,2,2,1,0,0.677624566148813,0.682673595279024,0,0
1,0,1,1,-1.1960038562387048,1,0,0,0,0,2,0,0,0,0,1,2,-0.4856333339674735,0.30077508708833156,1,0
1,1,1,1,0.5956921474426305,1,0,1,0,2,0,0,2,0,1,1,0,0.6709773781481484,0.09017040090696807,0,1
1,0,1,1,1.6137012404433893,1,2,0,2,0,2,2,0,0,2,1,1,0.05777428508684881,0.35623869214978454,0,0
1,0,1,1,1.369379058123207,1,2,0,0,0,2,0,2,0,2,1,0,-0.04858072292378317,0.157071984078179,0,0
1,0,0,0,0.10704778280226633,1,2,1,0,0,0,0,2,0,0,0,2,0.611152686142168,-0.5471028769839661,0,0
1,0,0,0,-0.13727439951791576,1,2,1,0,0,0,0,0,2,0,1,2,0.6693155811479823,-0.8492980703721101,0,0
0,0,0,0,-1.2367242199587352,1,0,2,1,1,1,1,1,1,0,1,3,-1.4694171580658184,-0.23518402374680047,0,0
1,0,0,0,-1.1552834925186746,1,0,0,0,2,0,0,0,0,0,0,3,-0.5155456799704636,-1.7212183642819885,0,0
0,0,0,0,-0.30015585439803716,1,0,1,2,2,0,0,0,0,0,1,0,0.5014740841312035,-1.9312984793252614,1,0
0,0,0,0,1.3286586944031769,1,0,0,2,2,0,2,0,0,2,1,3,-0.17155370093607614,-0.022378705711887145,0,0
1,1,0,0,-0.21871512695797646,1,2,1,0,2,0,2,2,2,1,1,0,1.325725396213601,-0.4620582712224188,0,1
1,0,1,0,-0.13727439951791576,1,0,1,0,0,2,0,0,0,0,1,1,0.3502505571160864,-1.2711355469742758,0,0
1,0,1,1,-0.13727439951791576,1,2,0,0,2,2,0,2,2,0,0,1,0.5097830691320341,-1.3744500203276315,0,0
1,0,0,0,-1.2774445836787656,1,0,2,1,1,1,1,1,1,0,0,3,-1.502653098069141,-2.7920048515792057,1,0
0,0,1,0,-0.5037576729981889,1,0,1,0,0,2,2,0,0,0,1,3,0.5396954151350245,0.30077508708833156,0,0
0,0,0,0,1.0436161483629645,1,2,2,1,1,1,1,1,1,2,1,1,-1.33148800705203,0.30077508708833156,0,0
0,0,0,1,-0.748079855318371,1,2,1,2,0,0,2,0,0,0,1,3,0.7058751151516368,0.30077508708833156,0,0
1,0,1,0,1.6137012404433893,1,2,2,1,1,1,1,1,1,2,0,3,-1.3082228490497045,0.30077508708833156,0,0
1,0,0,0,0.5549717837226001,1,2,1,2,0,0,0,2,0,0,1,1,0.8105683261621028,0.17590015977192877,0,0
0,0,1,0,1.5729808767233588,0,1,0,0,2,2,2,2,2,2,0,0,-0.21642221994056152,0.13972601231803267,0,0
1,0,0,0,-0.015113308357824713,1,2,1,0,0,0,0,0,2,0,1,0,0.6942425361504742,-0.6884081588325621,0,0
0,0,0,0,-0.2594354906780068,0,1,0,0,0,2,0,2,2,0,1,1,-0.47898614596680894,0.30077508708833156,0,0
1,1,1,0,1.4508197855632678,1,2,1,0,0,2,0,0,0,0,1,1,0.5180920541328647,0.5449201387849708,0,1
1,0,1,1,-1.2367242199587352,1,0,2,1,1,1,1,1,1,1,0,3,-1.481049737066981,-0.18234330087812267,0,0
1,0,1,1,1.1657772395230555,1,0,2,1,1,1,1,1,1,2,0,1,-1.4694171580658184,0.30077508708833156,0,0
0,0,1,1,-1.1552834925186746,1,2,1,0,0,0,0,0,2,0,1,2,0.7042133181514708,0.00486270833044847,1,0
1,0,0,0,-1.1960038562387048,1,0,0,0,0,0,0,0,0,0,1,2,-0.6451658459834212,0.30077508708833156,1,0
1,1,1,0,0.025607055362205634,1,2,1,0,0,0,0,2,2,0,1,2,0.9883806051798778,-0.3485583740971552,1,1
1,1,1,0,-0.9516816739185228,1,0,2,1,1,1,1,1,1,0,1,3,-1.4461520000634926,-1.8306117266349906,0,1
0,0,0,0,-0.4223169455581282,1,2,2,1,1,1,1,1,1,2,0,3,-1.2799723000468803,0.6392035282986728,0,0
0,0,1,1,-1.1145631287986442,1,0,1,0,0,0,0,2,0,0,1,2,0.534710024134526,-0.0982891513106558,0,0
0,1,0,0,-0.0965540357978854,1,2,1,2,2,2,0,0,0,0,0,1,0.895319973170575,-0.6084275002346442,1,1
1,0,0,0,1.3286586944031769,1,2,0,0,2,2,2,0,2,2,1,1,0.31369102311243185,0.35438289811930246,0,0
0,0,0,0,0.5142514200025698,1,2,1,0,0,2,2,0,0,0,1,2,0.7474200401557899,0.05671531255309355,1,0
1,0,0,0,-1.1145631287986442,1,0,2,1,1,1,1,1,1,0,0,3,-1.4760643460664828,0.9739765868481557,0,0
1,0,1,1,-0.30015585439803716,1,0,1,0,2,0,0,0,0,0,1,2,0.356897745116751,-2.670165590426742,0,0
0,0,1,1,1.6137012404433893,1,2,1,2,0,0,0,0,0,2,0,0,0.4748853321285456,0.5772466469421167,0,0
0,0,1,0,-0.21871512695797646,1,2,1,0,0,2,0,0,2,0,0,0,0.8438042661654253,-0.9913965954210893,0,0
1,0,1,1,-0.015113308357824713,0,1,0,0,0,2,0,2,2,0,0,1,-0.47067716096597834,0.30077508708833156,0,0
0,0,0,0,-0.0965540357978854,1,2,1,0,2,2,2,2,2,1,0,1,1.5184938482328711,-0.2179166273923639,0,0
1,0,1,0,1.5322605130033284,1,0,1,2,2,2,2,0,2,2,0,1,1.2044142152014738,0.7973076340546106,0,0
1,1,0,0,0.3920903288424788,1,2,1,0,2,0,0,0,0,0,1,0,0.48485611412954227,-0.20874083977123878,0,1
0,1,1,0,1.6137012404433893,1,2,0,2,2,2,2,2,2,2,1,0,0.8338334841644282,0.7368286038751743,0,1
0,0,0,0,0.5956921474426305,1,2,0,2,0,2,2,0,0,2,1,3,0.00792037508186511,-0.5244829084898331,0,0
0,0,0,0,-1.2367242199587352,1,0,1,2,0,2,0,0,0,0,1,2,0.5214156481331973,0.30077508708833156,0,0
1,0,0,0,-0.9109613101984924,1,2,1,2,0,0,0,2,2,0,0,2,1.1229861621933337,0.30077508708833156,1,0
0,0,1,1,1.1657772395230555,1,2,2,1,1,1,1,1,1,2,1,3,-1.3514295710540236,0.30077508708833156,0,0
0,0,0,0,-1.1145631287986442,1,0,0,0,0,0,0,0,0,0,1,1,-0.6883725679877406,-1.9060505590472059,0,0
0,1,1,0,1.6137012404433893,1,2,1,0,2,2,2,2,2,2,1,1,1.5301264272340338,0.8869245922168684,0,1
1,1,1,1,1.6137012404433893,1,2,1,2,2,2,2,2,2,2,1,0,1.6680555782478224,0.9178498090550239,0,1
0,1,0,0,-1.1960038562387048,1,0,1,0,0,2,0,0,0,0,0,3,0.3419415721152558,-1.8954221595043366,0,1
1,0,1,0,0.6364125111626608,1,0,2,1,1,1,1,1,1,2,0,3,-1.5126238800701375,0.9447641939946547,0,0
0,0,0,0,1.247217966963116,1,0,1,0,0,2,2,2,0,1,1,1,0.8404806721650927,0.5955105674813013,0,0
0,0,0,0,-0.21871512695797646,1,0,0,2,2,0,0,0,0,0,1,3,-0.2679379269457112,0.30077508708833156,0,0
1,0,1,1,1.5322605130033284,1,0,0,2,2,2,0,2,2,2,1,1,0.5114448661322006,0.548903883915047,0,0
1,0,1,1,-1.0331224013585834,1,0,0,2,0,2,2,0,2,0,1,1,0.21896859410296257,0.4492956494973441,0,0
1,0,0,1,-1.318164947398796,1,0,2,1,1,1,1,1,1,2,0,3,-1.479387940066815,0.30077508708833156,0,0
0,0,1,0,-1.2367242199587352,1,0,1,2,2,0,0,2,0,0,0,2,0.8504514541660894,-2.6933747191020347,0,0
1,1,0,0,-0.5037576729981889,1,2,1,0,0,2,0,2,2,0,1,2,1.1229861621933337,-3.9949502285908522,1,1
1,0,0,0,1.369379058123207,1,0,2,1,1,1,1,1,1,2,0,0,-1.4976677070686424,0.30077508708833156,0,0
0,0,0,0,-1.1960038562387048,1,0,2,1,1,1,1,1,1,0,0,3,-1.4926823160681442,0.5679880551653227,0,0
0,0,0,1,-0.7073594915983407,1,0,1,0,2,0,0,0,2,0,1,0,0.7025515211513048,0.30077508708833156,1,0
0,0,1,1,1.6137012404433893,1,2,1,2,2,0,2,0,0,2,1,0,0.8504514541660894,0.7184126557050081,0,0
1,0,0,0,-1.2774445836787656,1,0,2,1,1,1,1,1,1,0,0,3,-1.461108173064988,-2.011108263247159,0,0
0,0,0,0,-0.4223169455581282,1,0,1,0,0,0,0,2,2,0,0,2,0.8138919201624348,-2.6253033811209865,1,0
1,0,1,0,-1.1960038562387048,1,0,1,0,0,0,0,0,0,0,1,2,0.18407085709947407,-1.715314554506893,1,0
0,0,1,1,1.6137012404433893,1,2,0,2,0,2,2,0,0,2,0,0,0.06940686408801149,0.3420475164240612,0,0
1,0,1,1,1.3286586944031769,1,0,2,1,1,1,1,1,1,2,0,3,-1.491020519067978,0.30077508708833156,0,0
0,0,0,0,-0.8702409464784621,0,1,0,0,0,0,0,2,0,0,1,3,-0.9625690730151509,-0.06553259570566453,0,0
1,0,0,0,-0.4223169455581282,1,2,1,0,2,0,0,0,0,0,1,3,0.46823814412788106,0.30077508708833156,0,0
1,0,0,0,-0.748079855318371,1,0,2,1,1,1,1,1,1,1,0,0,-1.4744025490663168,-0.6162418311321792,0,0
1,0,0,0,0.35136996512244845,1,0,1,0,0,0,2,0,0,0,1,2,0.3153528201125979,-0.3652031658372551,0,0
1,0,1,0,-0.62591876415828,1,0,0,2,2,0,0,0,2,1,0,3,0.001273187081200524,0.30077508708833156,0,0
1,0,0,0,-0.8702409464784621,1,0,2,1,1,1,1,1,1,0,1,1,-1.4727407520661506,-1.0840325266001871,0,0
1,0,0,0,-0.7073594915983407,1,2,1,0,0,0,0,2,2,0,1,2,0.9501592741760567,0.30077508708833156,1,0
0,0,0,0,-1.2774445836787656,1,0,2,1,1,1,1,1,1,0,0,3,-1.491020519067978,-2.7332953080327056,1,0
0,0,1,0,-1.1145631287986442,1,0,1,2,0,2,0,0,2,0,1,3,0.8022593411612722,0.2799824038714895,1,0
1,0,1,0,0.025607055362205634,1,0,1,0,0,2,0,2,2,1,1,2,1.0315873271841969,-0.39698225103907436,1,0
0,0,1,0,1.6137012404433893,1,2,1,2,2,2,0,2,2,2,1,1,1.5251410362335358,0.9067923722799298,0,0
0,0,1,1,-1.1960038562387048,0,1,0,0,2,0,0,0,2,0,0,3,-0.8130073430001998,0.9735766480563656,0,0
1,0,0,0,-1.2367242199587352,1,2,1,0,2,0,0,0,0,0,1,2,0.572931355138347,-4.184400273623897,1,0
0,0,1,0,1.0843365120829946,1,2,1,2,2,2,2,0,2,1,1,1,1.4038298552214086,0.659122492566283,0,0
1,0,0,0,-1.2367242199587352,1,0,0,0,0,0,0,0,0,0,0,2,-0.6451658459834212,0.9598826736704704,1,0
1,0,1,1,1.5729808767233588,1,0,0,0,2,0,2,2,2,2,1,1,0.2854404741096075,0.45030873004449645,0,0
0,0,1,1,-1.1145631287986442,1,0,0,0,0,0,0,0,0,0,0,3,-0.6634456129852487,-1.4215916453976092,0,0
1,0,1,1,-0.21871512695797646,1,0,0,2,2,0,0,0,0,0,1,1,-0.3327480099521901,0.30077508708833156,0,0
0,0,0,0,-1.2774445836787656,1,0,0,0,0,0,2,0,0,0,1,2,-0.4174996569606623,0.45804177077955355,1,0
1,0,0,1,1.247217966963116,0,1,0,2,2,0,2,0,0,1,1,0,-0.803036560999203,-0.7753462100598651,0,0
0,1,0,0,0.5549717837226001,1,2,1,2,2,2,0,2,2,1,1,2,1.503537675231376,0.3764283075016178,1,1
1,0,1,1,1.6137012404433893,1,2,0,2,0,0,0,0,0,2,0,0,-0.31446824295036285,0.07358275557310938,0,0
0,0,1,0,0.06632741908223598,1,2,0,2,0,0,2,0,0,0,1,0,-0.13000877593192306,-1.9799488827333938,0,0
0,0,1,1,-0.3408762181180675,1,2,0,2,2,0,0,2,2,1,0,2,0.4532819711263863,-4.785759141519835,0,0
1,0,0,0,1.6137012404433893,1,2,0,2,2,2,2,0,0,2,0,0,0.16246749609731476,0.39014314499607244,0,0
0,0,1,1,1.125056875803025,0,1,0,2,0,2,2,2,2,2,0,1,-0.16324471593524553,-0.08206410931159341,0,0
1,0,0,0,1.4508197855632678,1,2,0,2,2,2,0,0,2,1,1,1,0.4034280611214026,0.4232825108076776,0,0
0,0,1,1,-0.9924020376385531,1,0,2,1,1,1,1,1,1,2,1,3,-1.4926823160681442,0.30077508708833156,0,0
0,0,0,1,0.06632741908223598,1,0,0,2,0,2,2,2,0,2,0,1,0.09599561609066982,-1.1403840758404906,0,0
0,0,0,0,-1.0738427650786138,0,1,0,0,0,0,0,2,2,0,0,1,-0.6567984249845842,-0.4462149064138027,0,0
1,0,1,0,-1.2367242199587352,1,0,0,0,2,0,2,0,2,0,1,3,-0.018668376920792765,0.30077508708833156,0,0
1,0,0,0,-0.055833672077855064,1,2,1,0,0,0,2,0,0,1,0,1,0.5629605731373504,-0.820019306234968,0,0
0,0,1,1,-0.5037576729981889,1,2,2,1,1,1,1,1,1,0,1,0,-1.303237458049206,0.43534635917226083,0,0
0,0,1,1,-1.2774445836787656,1,0,2,1,1,1,1,1,1,0,0,2,-1.4876969250676457,-2.076500301973109,0,0
1,0,0,0,1.2064976032430856,1,2,1,0,0,2,0,2,2,1,1,2,1.0631614701873533,0.6528025145636355,1,0
0,1,1,0,1.5322605130033284,1,2,1,0,0,0,0,0,0,2,1,1,0.36188313611724954,0.505782514276082,0,1
0,0,0,0,-0.9109613101984924,1,2,1,0,0,0,2,2,2,0,1,2,1.1213243651931677,0.30077508708833156,1,0
1,0,1,1,0.26992923768238775,1,2,2,1,1,1,1,1,1,2,1,3,-1.3614003530550205,0.9667531012970763,0,0
0,0,1,0,0.5549717837226001,1,0,0,0,2,0,2,2,0,2,1,1,-0.018668376920792765,-0.4233149893849137,0,0
1,0,0,0,-1.0738427650786138,1,0,1,0,2,0,0,2,0,0,1,2,0.684271754149477,0.38005575123602453,1,0
0,0,1,1,1.6137012404433893,1,2,0,0,0,2,0,2,2,2,1,0,0.40010446712107006,0.5181586534624698,0,0
1,0,0,0,-0.5851984004382496,1,0,0,0,0,2,2,0,0,0,0,1,-0.31779183695069496,0.30077508708833156,0,0
1,0,1,0,1.5729808767233588,1,2,1,2,0,2,2,2,2,2,1,1,1.4553455622265583,0.8604023249546239,0,0
1,0,1,0,0.3106496014024181,1,2,1,0,2,0,0,2,2,0,1,2,1.2143849972024705,0.12301070985315049,1,0
1,0,0,0,-1.2774445836787656,1,0,1,0,0,0,0,0,0,0,1,2,0.15914390209698223,0.7697347938818963,1,0
1,0,0,0,1.0436161483629645,1,2,1,0,2,2,0,2,2,1,1,0,1.2791950802089493,0.6327559899658579,1,0
1,0,0,0,1.5322605130033284,1,2,1,2,0,0,2,2,2,2,1,1,1.304122035211441,0.816680918220139,1,0
0,0,1,0,0.3920903288424788,1,2,2,1,1,1,1,1,1,2,0,2,-1.3132082400502028,0.30077508708833156,0,0
1,0,1,1,0.06632741908223598,0,1,0,2,0,0,0,0,0,1,0,0,-1.1420431490330922,0.9825368081634883,0,0
1,1,0,0,-1.1145631287986442,1,0,2,1,1,1,1,1,1,0,0,0,-1.4860351280674797,0.9835274437107019,0,1
0,0,0,0,-0.30015585439803716,1,2,1,0,0,0,0,2,0,0,1,3,0.6593447991469852,-1.700705743381011,0,0
0,0,0,0,-1.2367242199587352,1,0,1,0,0,2,0,0,2,0,1,3,0.7125223031523015,0.30077508708833156,1,0
0,0,1,1,0.9214550572028734,1,0,1,0,2,2,2,2,2,1,1,0,1.2941512532104444,0.561062955862996,0,0
1,0,1,0,-0.46303730927815856,1,2,1,0,2,2,2,2,2,0,1,2,1.5434208032353631,-1.1757850905168656,1,0
1,0,1,0,1.5322605130033284,1,2,1,2,2,0,2,0,0,2,1,1,0.7723469951582818,0.6265496352877662,0,0
0,0,1,0,1.1657772395230555,1,2,1,0,0,2,2,2,2,0,1,2,1.3822264942192488,0.7451572210602454,0,0
1,0,1,1,0.43281069256250915,1,0,0,2,0,2,2,2,2,2,1,1,0.47820892612887816,-0.09420814426713961,0,0
1,0,0,0,0.5956921474426305,1,2,1,0,2,2,0,2,2,1,1,2,1.2742096892084507,0.37969359841577066,0,0
1,0,0,0,-1.1145631287986442,1,0,0,0,0,2,2,2,0,0,1,1,-0.02697736192162338,-0.30596015917706765,0,0
0,0,0,0,1.2064976032430856,1,2,2,1,1,1,1,1,1,2,1,1,-1.2949284730483754,0.30077508708833156,0,0
0,0,1,1,-0.6666391278783103,1,0,1,0,2,2,0,2,0,0,1,1,0.8205391081630994,0.30077508708833156,1,0
1,1,1,0,-1.0331224013585834,1,2,1,0,0,0,0,2,2,0,1,0,1.0249401391835322,0.7014907442474568,1,1
0,0,1,1,-0.748079855318371,1,2,2,1,1,1,1,1,1,0,0,3,-1.303237458049206,-0.02889775655819651,0,0
1,0,1,1,1.125056875803025,1,0,1,0,2,2,0,2,0,1,0,2,0.8703930181680831,0.5153161859982158,1,0
1,0,1,1,0.06632741908223598,0,1,0,0,0,2,2,2,0,0,1,2,-0.6617838159850825,0.30077508708833156,0,0
0,0,1,0,0.7178532386027215,1,2,1,2,2,0,2,2,2,1,0,2,1.4553455622265583,0.551347554514865,1,0
1,0,1,1,0.22920887396235737,1,2,2,1,1,1,1,1,1,2,0,1,-1.3198554280508674,0.994164238222409,0,0
0,0,1,1,1.5322605130033284,1,0,0,2,2,2,2,0,2,1,0,1,0.31036742911209936,0.4643851366900854,0,0
0,0,1,1,0.18848851024232702,1,2,1,0,2,0,0,2,0,0,1,2,0.7989357471609396,-0.21135391331795192,0,0
0,1,0,0,-1.1552834925186746,1,0,1,0,0,0,0,2,0,0,1,2,0.46823814412788106,-0.4919172124885067,1,1
1,1,1,1,1.125056875803025,1,2,1,2,2,0,0,0,2,0,1,2,0.9468356801757247,0.5867148307790246,0,1
1,0,1,1,1.2064976032430856,1,0,0,2,0,2,2,0,2,1,0,1,0.22063039110312907,0.25403603970505273,0,0
1,0,0,0,-1.2774445836787656,1,0,0,0,0,0,0,0,0,0,0,3,-0.6767399889865777,0.22782020390713625,1,0
1,0,0,0,0.14776814652229667,1,0,0,2,0,2,2,2,2,0,1,1,0.47987072312904416,-0.5434491216998327,0,0
1,0,0,0,0.47353105628253944,1,0,2,1,1,1,1,1,1,2,0,1,-1.4744025490663168,0.966954459852392,0,0
0,1,0,0,0.9214550572028734,1,2,1,0,0,2,0,2,2,1,1,2,1.1711782751981514,0.5288245335595867,1,1
0,0,1,0,1.6137012404433893,1,2,1,2,0,2,0,2,2,2,1,1,1.3373579752147637,0.8565874666541251,0,0
0,0,1,1,-0.8295205827584317,1,0,2,1,1,1,1,1,1,1,0,0,-1.4943441130683104,-1.2107069564115467,1,0
0,0,0,0,-0.7888002190384014,0,1,0,2,0,0,0,0,0,0,1,0,-1.127086976031597,0.05571419386278446,0,0
1,0,0,0,-1.2774445836787656,1,0,1,0,0,0,0,2,2,0,1,2,0.8354952811645946,0.9604907901852536,1,0
0,0,1,1,-0.7073594915983407,1,0,2,1,1,1,1,1,1,1,0,3,-1.4694171580658184,-0.47049881171079755,0,0
0,0,0,0,1.3286586944031769,1,0,0,2,2,2,2,2,2,2,1,0,0.6676537841478158,0.5159485440411167,0,0
0,0,1,1,-0.8295205827584317,0,1,0,2,0,0,2,0,0,1,0,1,-1.0506443140239554,0.23913982041037787,0,0
1,0,1,0,1.6137012404433893,1,2,0,2,2,2,2,2,2,2,1,1,0.9052907551715716,0.749671035005933,0,0
0,0,1,1,1.6137012404433893,1,2,0,2,2,2,2,2,2,2,0,1,0.8321716871642622,0.7108982366877525,0,0
0,0,1,1,1.6137012404433893,1,2,1,2,2,2,2,2,2,2,1,0,1.6963061272506461,0.9391905789466565,0,0
1,0,0,1,0.7992939660427822,1,2,0,2,2,0,2,2,2,2,1,3,0.677624566148813,0.2482694036653194,0,0
1,0,0,0,-1.2367242199587352,1,2,2,1,1,1,1,1,1,0,0,3,-1.3265026160515319,0.664313384804122,0,0
0,0,0,0,-1.1145631287986442,1,0,0,2,0,0,2,2,0,0,1,2,-0.013682985920294679,-0.11597031310454438,0,0
0,0,0,0,1.4508197855632678,1,0,2,1,1,1,1,1,1,2,0,1,-1.4710789550659844,0.30077508708833156,0,0
0,0,0,1,1.2064976032430856,1,2,1,0,0,2,0,2,2,1,1,2,1.1761636661986499,0.6985984906601393,1,0
1,0,0,0,1.6137012404433893,1,2,0,2,2,0,2,2,2,2,0,1,0.7075369121518029,0.6807990626700793,0,0
1,0,0,0,-1.2774445836787656,1,0,0,0,2,0,0,0,0,0,0,2,-0.46402997296531395,0.4170211096098142,1,0
0,0,1,0,1.369379058123207,1,2,1,2,2,0,2,0,0,1,0,2,0.8055829351616043,0.6082726303059318,0,0
1,0,1,1,1.6137012404433893,0,1,0,2,2,2,2,2,2,2,1,1,0.001273187081200524,0.32879609773998814,0,0
1,0,0,0,-0.2594354906780068,1,0,2,1,1,1,1,1,1,1,0,1,-1.4943441130683104,0.2887482199387273,0,0
1,0,1,1,1.2879383306831464,1,2,1,2,0,2,0,0,2,2,0,0,0.9518210711762233,0.5966775086571798,0,0
1,1,1,0,-0.5037576729981889,1,0,1,0,2,0,0,0,0,0,1,2,0.2954112561106046,0.30077508708833156,1,1
0,0,0,0,-1.1960038562387048,1,0,1,0,2,0,0,2,2,0,1,2,1.0083221691818711,-0.37517054575862097,1,0
1,0,0,0,-0.4223169455581282,1,2,1,0,0,0,0,2,2,0,1,1,0.9933659961803764,-1.6443155038262687,1,0
1,0,1,0,-1.1552834925186746,1,0,1,0,0,2,2,0,0,0,1,3,0.5264010391336954,-0.2973688275281832,1,0
1,0,1,0,1.2064976032430856,0,1,0,0,0,0,2,2,0,2,1,0,-0.8562140650045189,-1.143702119994847,0,0
0,0,0,0,-1.1145631287986442,1,0,2,1,1,1,1,1,1,0,1,3,-1.4710789550659844,0.30077508708833156,0,0
1,0,1,0,1.0843365120829946,1,2,1,0,0,0,0,0,2,1,0,2,0.6909189421501416,0.4380834947992313,1,0
1,0,0,1,-1.1960038562387048,1,2,2,1,1,1,1,1,1,2,1,3,-1.2749869090463821,0.30077508708833156,0,0
0,0,1,0,1.6137012404433893,1,2,1,2,0,2,2,2,0,2,1,0,1.111353583192171,0.7894039035067224,0,0
1,0,1,1,1.002895784642934,1,0,1,0,2,2,0,2,2,1,1,1,1.0897502221900113,0.5467607626234503,0,0
1,0,0,1,1.369379058123207,1,0,2,1,1,1,1,1,1,2,0,1,-1.4893587220678117,0.30077508708833156,0,0
0,0,0,0,1.125056875803025,0,1,0,0,2,0,0,2,2,0,1,2,-0.46402997296531395,-0.4033025591696303,1,0
1,0,0,1,0.5142514200025698,1,2,1,0,0,2,0,2,2,2,0,0,1.1612074931971548,0.304882265289941,0,0
0,0,0,0,-1.1960038562387048,0,1,0,0,0,0,0,2,0,0,1,1,-0.9958050130184734,0.30077508708833156,0,0
0,0,0,0,-0.7073594915983407,1,0,1,2,0,2,2,2,2,0,0,2,1.3406815692150957,0.30077508708833156,1,0
0,0,0,1,0.758573602322752,0,1,0,2,0,2,2,2,2,1,0,0,-0.15327393393424887,-0.37363062132715463,0,0
0,0,0,0,1.125056875803025,1,2,0,2,0,2,2,0,0,1,0,2,-0.00038860991896550476,0.09836217049761119,0,0
1,0,0,0,0.025607055362205634,1,2,0,0,2,0,0,0,0,0,1,0,-0.33607160395252245,0.30077508708833156,0,0
1,0,0,0,-0.9109613101984924,1,0,1,2,2,2,2,2,2,0,1,2,1.506861269231708,0.30077508708833156,1,0
1,1,0,0,-0.2594354906780068,1,0,2,1,1,1,1,1,1,1,0,1,-1.5109620830699715,0.429504950686532,0,1
0,0,0,0,-1.0738427650786138,1,0,1,0,0,2,0,0,2,0,0,2,0.6360796411446599,0.40649752248477183,1,0
0,0,1,0,1.4100994218432374,1,2,1,2,0,2,2,2,2,1,1,2,1.5450826002355291,0.8489138110567043,0,0
0,0,1,1,0.6771328748826912,0,1,0,2,0,0,2,0,0,1,1,1,-0.9625690730151509,0.30077508708833156,0,0
1,0,0,0,-1.2774445836787656,1,0,2,1,1,1,1,1,1,0,1,3,-1.4860351280674797,-2.0722856041739153,0,0
0,1,0,0,-1.0331224013585834,1,0,1,0,0,2,0,2,0,0,1,2,0.6510358141461546,0.6467197123654779,0,1
0,1,0,0,-0.21871512695797646,1,2,1,2,2,2,0,2,2,1,1,0,1.5201556452330371,-0.5425377650009265,0,1
1,0,1,1,0.18848851024232702,1,0,1,0,0,0,0,2,2,1,0,1,0.8787020031689138,-0.25959590008671485,0,0
0,0,1,1,1.247217966963116,1,2,1,2,2,2,0,2,0,0,1,2,1.1894580421999785,0.6670346487194375,1,0
1,0,1,1,-0.055833672077855064,1,2,1,2,0,2,2,0,0,0,0,2,0.8155537171626008,-0.5646428898988557,0,0
1,0,1,1,0.7178532386027215,1,2,1,0,2,2,0,2,2,0,1,0,1.2991366442109427,0.4222416627341073,1,0
1,1,0,0,-0.015113308357824713,1,2,1,0,0,2,0,0,0,0,1,1,0.5430190091353566,-0.7447754368491489,0,1
0,0,0,0,-1.2774445836787656,0,1,0,0,0,0,0,0,0,0,0,2,-1.3348116010523623,-1.0336605962498935,1,0
0,0,1,0,1.247217966963116,1,2,1,0,0,0,2,0,0,1,1,1,0.5463426031356892,0.40543904701512706,0,0
1,0,0,0,-0.0965540357978854,1,2,1,2,2,0,0,0,2,0,1,1,0.9817334171792131,-0.6779233029116477,0,0
1,0,1,0,1.5729808767233588,1,2,1,2,2,2,2,2,2,2,1,0,1.7062769092516428,0.9271115409808752,0,0
0,0,0,0,0.8400143297628127,1,2,1,0,2,2,0,2,2,2,0,2,1.3556377422165908,0.565584760501293,0,0
0,0,0,0,-0.8295205827584317,1,0,1,2,0,0,2,2,2,0,1,0,1.1346187411944968,0.30077508708833156,1,0
1,0,1,0,0.7178532386027215,1,2,1,2,2,0,0,0,2,0,1,1,0.9850570111795457,0.39193380627758734,0,0
0,0,0,0,-1.2367242199587352,1,0,2,1,1,1,1,1,1,0,0,3,-1.504314895069307,-0.6593232154779177,0,0
0,0,0,0,-0.9516816739185228,1,2,1,0,0,2,0,2,2,0,0,1,1.114677177192503,0.9751754444119589,1,0
1,0,0,0,-0.62591876415828,1,0,1,2,0,0,0,2,2,0,0,2,0.966777244177718,0.30077508708833156,1,0
0,0,1,0,0.9621754209229036,1,0,1,2,2,2,0,2,2,1,1,1,1.3572995392167568,0.6422724999720367,0,0
1,0,1,1,1.4100994218432374,1,0,0,2,2,2,0,2,2,2,0,1,0.5513279941361872,0.5006604793235521,0,0
1,1,0,0,-0.9516816739185228,1,2,1,0,0,2,0,2,2,0,1,2,1.1877962451998125,0.9721756013256937,1,1
1,0,0,0,-1.1552834925186746,1,0,0,0,0,0,0,2,0,0,1,2,-0.2779087089467081,-1.138729173183041,0,0
1,0,0,0,-0.5444780367182193,1,0,0,0,2,0,2,0,2,1,1,0,0.019552954083027783,0.30077508708833156,0,0
0,0,0,1,-0.9924020376385531,1,0,2,1,1,1,1,1,1,0,0,3,-1.4893587220678117,0.30077508708833156,0,0
0,0,0,0,1.5729808767233588,1,2,1,0,2,2,2,2,2,2,1,2,1.5450826002355291,0.8979869751667215,0,0
1,1,0,0,-0.9109613101984924,1,0,1,0,2,0,0,0,0,0,1,2,0.2688225041079463,0.7650644901534559,1,1
0,1,0,0,-0.7073594915983407,1,2,1,0,2,0,0,2,0,0,0,1,0.8055829351616043,0.30077508708833156,0,1
1,0,1,1,1.6137012404433893,1,2,1,2,0,2,0,2,2,1,1,0,1.3739175092184182,0.882333682951871,0,0
1,0,0,0,-0.8295205827584317,1,0,2,1,1,1,1,1,1,1,0,1,-1.4860351280674797,-0.6842010154320373,0,0
1,0,1,1,1.6137012404433893,1,2,2,1,1,1,1,1,1,2,1,0,-1.3148700370503688,0.30077508708833156,0,0
1,1,1,0,-1.2774445836787656,1,2,1,0,0,0,0,0,0,0,1,2,0.2920876621102721,0.8222808662142829,1,1
0,1,0,0,-0.38159658183809786,1,0,1,2,0,0,0,0,0,0,1,0,0.35357415111641893,0.30077508708833156,0,1
1,0,0,0,1.6137012404433893,0,1,0,2,2,2,2,2,2,2,1,0,0.02620014208369237,0.3551256290591515,0,0
0,0,0,0,-0.2594354906780068,1,2,1,0,0,2,0,0,0,0,1,2,0.5297246331340278,-1.4482738111696059,0,0
0,0,0,0,-0.46303730927815856,1,0,1,0,2,2,2,2,2,1,1,3,1.3224018022132684,-1.3214591415728956,0,0
1,0,1,0,1.125056875803025,1,2,2,1,1,1,1,1,1,1,0,0,-1.3497677740538576,0.30077508708833156,0,0
1,0,0,0,-0.8295205827584317,1,0,2,1,1,1,1,1,1,0,0,3,-1.4727407520661506,-0.8164190083591378,0,0
1,0,1,0,-0.6666391278783103,1,2,1,0,0,0,0,0,0,0,1,2,0.35357415111641893,0.30077508708833156,0,0
0,0,1,0,1.247217966963116,1,2,0,2,2,0,0,2,2,1,1,1,0.4964886931307054,0.3487947622855602,0,0
0,1,0,0,-0.4223169455581282,1,0,1,2,2,0,0,0,0,0,0,2,0.5629605731373504,-5.791714772443991,0,1
0,0,1,1,-0.015113308357824713,1,0,0,2,2,2,2,0,2,0,0,0,0.38348649711940885,-1.0218220280435086,0,0
0,1,0,0,-1.1960038562387048,1,2,1,0,2,0,0,0,0,0,1,2,0.48651791112970877,-1.8013189820959898,1,1
0,0,0,0,-0.7888002190384014,1,0,1,0,2,2,0,0,0,0,1,2,0.544680806135523,0.989844377994207,1,0
0,0,1,1,1.4508197855632678,1,2,1,0,2,0,2,2,2,2,1,1,1.2958130502106107,0.7920454274346457,0,0
0,0,1,1,-0.0965540357978854,1,0,1,0,0,2,0,0,2,1,0,2,0.720831288153132,-0.8321147849417856,0,0
0,0,0,0,-0.6666391278783103,1,0,1,0,2,0,0,0,0,0,0,0,0.3436033691154218,0.30077508708833156,0,0
1,0,0,0,0.025607055362205634,1,0,1,0,2,0,2,0,0,2,0,0,0.5264010391336954,-0.7086374254817216,0,0
1,0,1,0,1.6137012404433893,1,0,2,1,1,1,1,1,1,2,0,1,-1.5109620830699715,0.30077508708833156,0,0
0,1,0,0,-1.1552834925186746,1,2,1,0,0,0,0,0,2,0,1,2,0.6593447991469852,-0.07804865081521643,1,1
0,0,0,0,-0.8295205827584317,0,1,0,2,0,0,2,0,0,1,1,3,-1.03568814102246,0.20995320649097649,0,0
0,1,1,0,-1.1552834925186746,1,2,1,0,0,0,0,2,0,0,1,2,0.6144762801425001,-0.37209306461729774,0,1
0,0,1,1,-1.318164947398796,1,0,0,2,2,2,0,2,2,2,0,3,0.534710024134526,0.30077508708833156,0,0
0,0,0,0,-1.0738427650786138,1,2,1,2,0,0,0,0,0,0,1,2,0.4748853321285456,0.20608267555048806,1,0
0,0,1,0,1.3286586944031769,1,2,1,0,2,2,2,2,2,1,1,1,1.438727592224897,0.8030168170261951,0,0
0,0,0,0,-0.7073594915983407,1,0,2,1,1,1,1,1,1,0,0,3,-1.491020519067978,-0.2902653407847897,0,0
0,0,0,1,-0.3408762181180675,1,0,2,1,1,1,1,1,1,1,0,0,-1.4527991880641573,0.4867635803685457,0,0
0,0,0,1,-0.7888002190384014,0,1,0,0,2,0,0,0,0,0,0,2,-1.150352134033923,0.00696823236883017,0,0
1,0,0,0,-0.3408762181180675,1,0,1,0,0,0,0,0,2,0,1,1,0.5014740841312035,-1.9876481789240734,0,0
0,0,1,0,1.6137012404433893,0,1,0,2,2,2,2,2,2,2,0,0,0.02453834508352634,0.3940783758484555,0,0
0,0,1,1,0.880734693482843,1,2,1,2,2,0,0,2,2,0,1,0,1.3074456292117733,0.5592484933515923,0,0
0,0,0,0,-1.1960038562387048,1,2,1,0,0,0,0,0,0,0,0,0,0.32033821111309646,-1.5551966104342194,1,0
1,0,1,1,-1.1552834925186746,1,0,2,1,1,1,1,1,1,0,1,3,-1.4710789550659844,0.8677663498494631,0,0
0,1,1,1,-0.015113308357824713,1,2,1,0,0,2,0,2,0,0,1,3,0.8836873941694119,-0.5138044205747927,0,1
1,1,0,0,0.10704778280226633,1,2,1,0,0,2,0,2,2,0,1,2,1.1396041321949948,-0.18488821149138868,1,1
1,0,1,1,0.10704778280226633,1,0,2,1,1,1,1,1,1,2,0,0,-1.4710789550659844,0.8568122733910962,0,0
1,1,0,0,-1.2367242199587352,1,0,0,0,0,0,0,0,0,0,0,3,-0.6584602219847502,0.9410519044511251,1,1
0,0,0,0,-0.9924020376385531,1,0,1,0,2,0,0,0,0,0,0,2,0.36022133911708304,0.49486665562161114,0,0
1,0,0,0,-0.4223169455581282,1,0,0,2,0,0,2,0,0,0,0,3,-0.32111543095102724,0.30077508708833156,0,0
0,0,0,0,-0.7073594915983407,1,0,0,2,0,2,2,0,0,0,0,2,-0.1931570619382357,0.990631196421305,0,0
1,0,0,0,-0.4223169455581282,1,2,1,0,0,0,0,2,2,0,1,2,1.0083221691818711,-1.5304284801635912,0,0
1,0,1,0,-1.2774445836787656,1,0,0,0,0,0,0,0,0,0,0,1,-0.6667692069855808,0.22992611931455156,1,0
0,0,1,1,1.5729808767233588,1,2,2,1,1,1,1,1,1,2,0,0,-1.3065610520495383,0.30077508708833156,0,0
1,0,0,0,-1.1552834925186746,1,0,0,2,0,2,0,0,0,0,0,2,-0.2662761299455452,-0.9481097840197303,0,0
1,0,0,0,-0.30015585439803716,1,2,0,2,2,2,2,0,2,0,0,0,0.5646223701375164,-1.8710532338529122,0,0
0,0,1,1,-0.015113308357824713,1,0,1,0,2,0,0,2,0,0,1,2,0.7091987091519689,-0.6380515348753816,0,0
1,1,1,0,-1.0331224013585834,0,1,0,2,0,0,0,0,0,0,0,0,-1.1619847130350858,-1.4215916453976092,0,1
1,0,0,0,-0.62591876415828,1,0,2,1,1,1,1,1,1,1,1,3,-1.4710789550659844,-0.055407438062004905,0,0
1,1,1,0,-0.9924020376385531,1,0,0,2,0,0,0,2,0,0,0,0,-0.12834697893175703,0.5297602016815035,0,1
0,1,0,0,0.9621754209229036,1,2,0,2,0,2,2,0,2,2,0,0,0.28211688010927544,0.10410445794591505,0,1
1,0,0,0,-1.2774445836787656,1,0,0,0,0,0,0,0,0,0,1,3,-0.6335332669822583,0.2614017558321097,1,0
1,1,0,0,-0.9924020376385531,1,0,1,2,0,0,2,2,2,0,0,1,1.1811490571991479,0.928367884295384,1,1
1,0,0,0,-1.0331224013585834,1,0,2,1,1,1,1,1,1,0,0,2,-1.5126238800701375,0.30077508708833156,1,0
1,0,0,1,-1.1960038562387048,1,0,2,1,1,1,1,1,1,0,0,3,-1.4594463760648215,0.6293754815491754,0,0
0,0,0,0,1.5729808767233588,1,0,0,2,2,2,2,2,0,2,0,1,0.4183842341228973,0.537832861091616,0,0
0,0,0,0,-1.2367242199587352,1,2,1,0,0,0,0,2,2,0,1,2,1.0382345151848615,0.30077508708833156,1,0
0,0,0,0,-1.2774445836787656,1,0,1,0,0,0,0,2,2,0,0,2,0.8570986421667539,0.9645354770626926,1,0
1,0,1,0,0.6771328748826912,1,2,1,2,2,0,0,2,0,0,1,0,0.966777244177718,0.3326001696025339,0,0
1,0,0,0,1.0436161483629645,1,0,0,0,2,2,2,2,0,2,0,0,0.1774236690988095,0.10219402355165995,0,0
1,1,1,0,0.47353105628253944,0,1,0,0,2,0,0,0,0,0,1,2,-1.1437049460332582,0.30077508708833156,1,1
0,0,1,1,1.0843365120829946,1,0,0,0,2,0,2,2,2,2,1,1,0.3718539181182462,0.2815819145791142,0,0
1,0,0,0,1.5729808767233588,1,2,1,2,0,2,2,2,2,2,1,2,1.438727592224897,0.8500459895400763,1,0
1,0,0,0,-1.2774445836787656,1,0,1,0,0,0,0,0,0,0,1,2,0.17077648109814536,0.7714499486745521,1,0
0,0,0,0,-0.8702409464784621,1,2,1,0,0,0,0,0,0,0,0,2,0.3485887601159204,0.957852943644397,0,0
1,1,1,0,1.2064976032430856,1,2,1,0,2,2,0,2,2,1,1,2,1.2958130502106107,0.6933183201757309,1,1
0,0,1,1,0.10704778280226633,1,0,0,2,0,0,2,0,0,1,1,0,-0.32610082195152557,-2.5411997948471012,0,0
0,0,0,0,-0.5037576729981889,1,0,2,1,1,1,1,1,1,0,1,0,-1.504314895069307,0.13047424813048283,0,0
1,0,1,1,0.3106496014024181,1,0,2,1,1,1,1,1,1,2,0,3,-1.5009913010689746,0.9076472987399689,0,0
0,0,0,0,0.26992923768238775,1,0,0,2,0,0,0,0,0,1,1,2,-0.562075995975115,-3.024335517494122,0,0
1,0,0,0,-1.2774445836787656,1,2,1,0,0,0,0,0,2,0,1,2,0.7258166791536301,0.9478472760053626,1,0
0,0,1,1,1.6137012404433893,1,2,2,1,1,1,1,1,1,2,0,0,-1.3630621500551865,0.30077508708833156,0,0
0,1,1,0,0.025607055362205634,1,2,1,0,2,0,0,0,0,0,1,0,0.5264010391336954,-0.7022049169222612,1,1
0,0,0,0,-0.8295205827584317,1,0,0,0,0,0,0,0,0,0,0,0,-0.6966815529885713,0.5035448514565894,0,0
1,0,0,0,-1.2774445836787656,1,0,2,1,1,1,1,1,1,0,0,0,-1.4960059100684764,-2.7580357189955564,0,0
1,0,0,1,-0.21871512695797646,1,0,2,1,1,1,1,1,1,0,0,3,-1.51594747407047,0.4971237998274499,0,0
1,0,1,1,0.06632741908223598,1,0,2,1,1,1,1,1,1,1,0,1,-1.5009913010689746,0.7491705050952862,0,0
0,0,1,0,0.9621754209229036,1,0,1,2,0,2,0,0,0,2,0,0,0.5164302571326987,0.26871361464110266,0,0
0,0,0,0,1.0436161483629645,1,2,2,1,1,1,1,1,1,2,0,1,-1.343120586053193,0.30077508708833156,0,0
0,0,1,1,-0.4223169455581282,1,2,2,1,1,1,1,1,1,2,0,1,-1.3132082400502028,0.5375235762295957,0,0
0,0,1,1,-0.9109613101984924,1,2,2,1,1,1,1,1,1,2,0,1,-1.2849576910473786,-1.299858557370248,0,0
1,0,0,0,-0.7888002190384014,1,0,2,1,1,1,1,1,1,2,0,1,-1.4876969250676457,-0.6747991636944644,0,0
0,0,0,0,0.10704778280226633,1,2,1,0,2,0,2,0,0,0,0,1,0.682609957149311,-0.4953871330878947,1,0
0,0,0,0,0.06632741908223598,1,0,1,0,0,0,0,0,0,0,1,1,0.17410007509847744,-1.0072182244859145,1,0
0,1,0,0,-1.1552834925186746,1,2,1,0,0,0,0,2,2,0,1,2,0.9817334171792131,0.1741221960536935,1,1
1,0,1,0,1.6137012404433893,1,0,2,1,1,1,1,1,1,2,0,0,-1.46443176706532,0.30077508708833156,0,0
1,0,0,0,-1.2367242199587352,1,0,0,0,0,0,2,2,2,0,0,2,0.18407085709947407,0.30077508708833156,0,0
0,0,0,0,-1.0331224013585834,1,0,1,0,0,2,0,2,2,0,1,2,1.0166311541827018,0.7248455892212596,1,0
1,1,1,0,-0.21871512695797646,1,2,1,0,0,0,0,0,0,0,1,2,0.356897745116751,-2.91112198472492,1,1
1,0,1,1,-1.1552834925186746,1,0,1,0,0,0,0,0,0,0,1,3,0.15914390209698223,-0.5516889248254873,0,0
0,0,0,0,0.18848851024232702,1,0,2,1,1,1,1,1,1,2,0,3,-1.4926823160681442,0.8810181140750233,0,0
1,0,0,0,-0.46303730927815856,1,0,2,1,1,1,1,1,1,0,0,3,-1.4876969250676457,0.15071631504093724,0,0
0,1,1,0,0.8400143297628127,1,2,1,0,0,0,0,2,2,1,1,1,1.0332491241843629,0.4211997301669336,0,1
0,0,0,0,-0.5851984004382496,1,2,1,0,0,0,2,0,2,0,1,2,0.8421424691652587,0.30077508708833156,1,0
0,0,0,0,-1.2367242199587352,1,0,1,0,0,0,0,0,0,0,0,2,0.13920233809498894,0.30077508708833156,1,0
1,0,1,1,-0.015113308357824713,1,2,1,2,0,0,0,2,2,0,1,1,1.156222102196656,-0.28814409722898554,1,0
1,1,1,0,-0.38159658183809786,1,0,2,1,1,1,1,1,1,1,1,2,-1.462769970065154,0.36509887546881165,0,1
1,0,0,0,-1.1960038562387048,1,0,0,2,0,0,0,0,0,0,1,3,-0.4856333339674735,0.30077508708833156,0,0
0,0,1,1,1.5729808767233588,0,1,0,2,2,0,2,2,2,2,0,3,-0.20312784393923258,0.13926545136127075,0,0
1,0,0,0,-0.9516816739185228,1,0,1,0,0,0,2,2,2,0,1,0,1.0349109211845293,0.9224913974394093,0,0
0,0,0,0,-1.2774445836787656,1,0,0,0,2,0,0,0,0,0,0,2,-0.5072366949696331,0.383309238160512,0,0
1,0,1,1,-0.5851984004382496,1,0,0,0,0,2,0,0,2,0,0,2,-0.24301097194321938,1.002359781381362,1,0
1,0,1,1,-0.8295205827584317,1,0,0,0,0,0,0,0,2,1,0,1,-0.3693075439558449,0.7777948916884231,1,0
1,0,1,0,1.5729808767233588,1,2,0,2,2,2,2,0,2,2,1,3,0.5097830691320341,0.543998554843752,0,0
0,0,0,0,1.2879383306831464,1,2,2,1,1,1,1,1,1,1,1,0,-1.341458789053027,0.30077508708833156,0,0
1,0,0,0,-1.1552834925186746,0,1,0,0,0,0,2,0,2,0,1,2,-0.8213163280010305,0.30077508708833156,0,0
0,0,0,0,-0.38159658183809786,1,0,2,1,1,1,1,1,1,0,1,3,-1.504314895069307,0.3245948366084468,0,0
0,0,1,1,0.26992923768238775,1,0,0,2,0,0,0,0,0,0,0,1,-0.45572098796448335,-1.7728599389526738,0,0
1,0,1,0,-0.1779947632379461,1,0,0,2,0,0,2,0,0,1,0,3,-0.34604238595351905,0.30077508708833156,0,0
0,1,0,0,-1.1145631287986442,1,0,1,0,2,0,0,2,0,0,1,2,0.6626683931473177,0.05019005398631068,0,1
0,1,1,0,0.5142514200025698,1,0,1,0,0,2,0,0,2,0,1,2,0.7091987091519689,0.023654707364727936,0,1
1,0,0,0,0.18848851024232702,1,0,1,0,0,0,0,0,0,0,1,3,0.1857326540996401,-0.8104471677240409,0,0
0,1,1,0,1.125056875803025,1,0,1,2,2,2,2,2,2,2,1,0,1.503537675231376,0.7320016840646408,0,1
1,1,0,0,-0.9924020376385531,1,2,1,0,0,2,0,2,2,0,1,2,1.1911198392001445,0.9170035643196991,1,1
0,0,0,0,0.5956921474426305,1,2,1,2,0,2,0,2,0,1,0,1,1.001674981181207,0.2994022961085353,0,0
1,0,1,1,-0.2594354906780068,1,2,1,0,0,0,0,2,0,0,1,2,0.6310942501441613,-1.7543274650345801,1,0
0,1,1,1,-1.1960038562387048,1,0,1,2,0,0,2,2,0,0,1,3,0.7823177771592784,-0.6280790288348576,1,1
0,0,1,1,0.7178532386027215,1,0,1,0,0,0,0,0,0,0,1,0,0.1657910900976468,-0.09887351425918234,0,0
1,0,1,1,-0.21871512695797646,1,2,0,0,0,0,2,2,2,0,0,0,0.22727757910379318,-2.297781625900734,0,0
0,1,0,0,-0.9924020376385531,1,0,1,0,0,2,0,2,2,0,1,2,0.9086143491719036,0.8201845589293728,1,1
0,0,1,0,1.2064976032430856,1,2,2,1,1,1,1,1,1,2,0,0,-1.3663857440555187,0.30077508708833156,0,0
0,0,1,0,1.5729808767233588,1,0,0,2,0,2,2,2,2,2,0,0,0.5679459641378485,0.6140201602140892,0,0
1,0,0,0,1.369379058123207,1,2,2,1,1,1,1,1,1,2,0,3,-1.3181936310507012,0.30077508708833156,0,0
1,0,1,1,1.4508197855632678,1,2,1,2,2,2,2,2,2,2,1,0,1.6597465932469917,0.8825527762650895,0,0
0,0,0,0,-0.7888002190384014,0,1,0,0,0,2,0,2,2,0,0,2,-0.518869273970796,0.7082939093640002,0,0
1,0,1,0,0.9621754209229036,1,0,1,0,0,0,0,0,2,1,1,2,0.5363718211346925,0.2863651531485166,0,0
1,0,1,0,0.22920887396235737,1,0,1,2,2,0,0,0,0,0,1,2,0.4881797081298748,-0.4192803352735988,1,0
1,1,0,0,-0.748079855318371,1,0,1,0,0,0,0,2,2,0,0,1,0.8537750481664219,0.30077508708833156,1,1
0,0,0,1,-0.6666391278783103,1,0,2,1,1,1,1,1,1,1,1,0,-1.5109620830699715,-0.07747632786283218,0,0
0,0,1,1,-0.748079855318371,1,0,1,0,0,0,0,0,0,0,0,2,0.18074726309914202,0.30077508708833156,0,0
1,0,1,1,-0.015113308357824713,1,0,1,0,0,0,0,0,0,0,1,0,0.1657910900976468,-1.1239570142184658,1,0
0,0,0,0,-0.9924020376385531,1,0,0,2,0,0,2,0,0,1,0,0,-0.3493659799538514,0.24950791391452815,0,0
0,0,1,1,0.43281069256250915,1,2,1,0,0,2,0,2,2,0,1,0,1.1479131171958254,0.16383710023303566,0,0
0,0,0,0,0.7992939660427822,1,2,0,2,0,2,2,2,0,1,0,1,0.3070438351117673,0.03086838786916153,0,0
1,0,0,0,-1.1960038562387048,1,0,0,0,0,0,2,0,0,0,1,3,-0.4823097399671412,0.30077508708833156,0,0
1,0,0,0,-0.13727439951791576,1,0,2,1,1,1,1,1,1,1,1,3,-1.4943441130683104,0.573374442890736,0,0
0,0,0,0,-1.2774445836787656,1,0,2,1,1,1,1,1,1,0,0,3,-1.4993295040688086,-2.7748760544756292,1,0
1,1,0,0,-0.8295205827584317,0,1,0,0,0,2,2,0,2,0,1,2,-0.7016669439890695,0.47333073208719156,1,1
0,0,1,1,-0.6666391278783103,0,1,0,0,0,0,0,0,2,0,1,1,-0.9725398550161476,0.5322510450099808,0,0
0,0,0,0,0.3106496014024181,1,2,0,0,0,2,2,2,2,1,1,3,0.531386430134194,-0.28602734382438033,0,0
0,0,0,0,-1.1145631287986442,0,1,0,0,0,2,0,0,2,0,0,2,-0.8395960950028577,-1.6470607575340506,1,0
1,0,1,0,0.3106496014024181,1,2,1,0,0,0,0,2,2,0,1,0,1.074794049188516,-0.033815086413106356,1,0
0,0,0,0,0.14776814652229667,1,0,2,1,1,1,1,1,1,1,0,3,-1.502653098069141,0.6662190468167105,0,0
0,0,0,0,-1.1145631287986442,1,0,1,0,0,0,0,0,2,0,1,2,0.5064594751317021,0.1267494420261075,1,0
0,0,0,0,-0.9109613101984924,1,0,1,2,0,0,0,2,0,0,1,3,0.6626683931473177,0.9279492785436723,1,0
1,0,1,1,-1.2367242199587352,1,0,1,0,0,0,0,2,2,0,1,0,0.8238627021634315,-3.7421366181907905,1,0
1,0,0,0,-0.38159658183809786,1,2,1,0,0,0,2,2,0,0,1,2,0.85876043916692,-2.363105535255642,1,0
1,0,1,1,-0.2594354906780068,1,0,2,1,1,1,1,1,1,1,1,0,-1.4860351280674797,0.43157052278677677,0,0
0,1,1,0,1.6137012404433893,1,2,1,2,2,2,0,2,2,2,1,2,1.58330393123935,0.9052944899899587,0,1
0,0,1,0,0.06632741908223598,1,0,0,0,0,0,2,0,0,0,0,0,-0.48397153696730727,0.30077508708833156,0,0
1,0,0,0,-0.9109613101984924,1,0,0,2,0,0,2,2,0,0,0,0,-0.08347845992727167,0.6525268247732884,0,0
0,0,0,0,-0.748079855318371,1,0,0,2,0,0,2,0,0,1,0,3,-0.3011738669490337,0.8956113002338224,0,0
0,0,0,0,-0.38159658183809786,1,2,1,2,0,0,0,2,0,0,1,0,0.8404806721650927,-1.5158568143022386,1,0
1,0,1,0,0.5956921474426305,1,0,2,1,1,1,1,1,1,2,0,3,-1.4993295040688086,0.9972942749448476,0,0
1,0,1,0,-0.3408762181180675,1,0,1,2,0,0,2,0,2,0,1,2,0.8138919201624348,-1.376545291855641,0,0
1,0,1,0,0.6771328748826912,1,2,1,0,2,0,0,2,2,0,1,0,1.1396041321949948,0.36620089896322644,1,0
1,1,0,0,-0.5037576729981889,1,0,0,2,0,0,2,0,0,1,0,3,-0.357674964954682,0.30077508708833156,0,1
0,0,0,0,-1.2367242199587352,1,0,1,0,0,0,0,0,0,0,0,0,0.1657910900976468,0.30077508708833156,1,0
0,0,0,0,-1.2367242199587352,1,0,0,0,2,0,0,0,0,0,1,1,-0.5221928679711283,0.9683628356137914,1,0
1,0,0,0,-0.4223169455581282,0,1,0,0,0,2,2,2,2,2,0,0,-0.2662761299455452,0.30077508708833156,0,0
1,0,0,0,-1.0331224013585834,1,2,1,0,0,2,0,2,2,0,1,0,1.1063681921916724,0.8042021385377562,1,0
1,0,0,0,-1.2774445836787656,1,0,2,1,1,1,1,1,1,0,0,3,-1.451137391063991,-1.6553420289052925,0,0
0,0,1,1,1.0843365120829946,1,2,1,0,2,0,2,0,2,0,1,0,1.0598378761870213,0.543383693368383,0,0
0,0,1,1,1.0436161483629645,1,2,2,1,1,1,1,1,1,1,1,1,-1.3381351950526947,0.30077508708833156,0,0
0,0,0,0,0.35136996512244845,1,2,1,2,2,2,2,2,2,0,1,0,1.653099405246327,0.27436388237365045,1,0
0,1,0,0,1.0843365120829946,1,2,1,0,2,0,0,0,0,2,1,1,0.47987072312904416,0.2927074211822764,0,1
0,0,1,1,-1.1960038562387048,1,0,1,0,0,0,0,0,0,0,1,2,0.15914390209698223,-1.9954072145253983,0,0
1,0,0,0,-0.015113308357824713,1,0,2,1,1,1,1,1,1,2,1,0,-1.4860351280674797,0.6563795825092358,0,0
1,1,1,0,0.5549717837226001,1,2,1,0,0,2,0,2,2,0,1,2,1.1329569441943304,0.28755739641936984,0,1
1,0,1,1,-1.318164947398796,1,2,2,1,1,1,1,1,1,2,0,3,-1.2965902700485417,0.30077508708833156,0,0
1,0,0,0,-1.2367242199587352,1,0,1,0,0,0,0,0,2,0,1,2,0.5380336181348585,0.30077508708833156,1,0
0,0,1,1,0.7992939660427822,1,0,2,1,1,1,1,1,1,1,0,1,-1.5009913010689746,0.30077508708833156,0,0
0,1,0,0,-0.7888002190384014,1,0,1,0,0,2,0,0,0,0,1,2,0.3170146171127639,0.9847149124263419,1,1
0,1,0,0,-0.8702409464784621,1,0,1,0,0,0,0,2,2,0,0,0,0.82884809316393,0.30077508708833156,1,1
1,0,0,0,-0.015113308357824713,1,2,1,2,0,0,2,0,0,0,0,0,0.7607144161571191,-0.6035743717445217,0,0
1,1,1,0,-0.62591876415828,1,2,1,0,0,2,0,2,2,0,1,1,1.1861344481996465,0.30077508708833156,1,1
0,0,0,0,-0.6666391278783103,1,2,1,0,0,0,0,0,0,0,1,1,0.3319707901142591,0.30077508708833156,0,0
0,0,0,0,0.758573602322752,1,2,1,2,2,2,0,2,2,1,0,0,1.4187860282229037,0.5649830332768873,0,0
1,0,0,0,-0.13727439951791576,1,0,0,0,0,2,2,2,2,1,1,0,0.35191235411625243,-1.3115828163005037,0,0
1,0,1,0,1.5322605130033284,1,0,0,2,2,2,2,0,0,2,0,1,0.006258578081699082,0.27275277523953073,0,0
0,0,1,1,1.5729808767233588,1,2,1,2,0,2,2,0,2,2,0,2,1.1861344481996465,0.8077496963931713,0,0
1,0,1,1,0.35136996512244845,1,2,0,0,2,2,0,2,0,1,0,0,0.12424616509349373,-0.5544506828826194,0,0
1,0,0,0,-1.2774445836787656,1,0,1,0,0,0,0,2,0,0,1,2,0.5247392421335293,0.9014324584850577,0,0
0,0,1,0,-1.0331224013585834,1,0,0,2,0,2,2,2,2,0,0,0,0.5480044001358552,0.5925872429371256,0,0
1,0,1,1,-0.30015585439803716,1,0,1,0,0,0,0,2,2,1,1,2,0.8521132511662559,-1.4967524530369167,1,0
1,0,1,1,1.4100994218432374,1,2,1,2,2,0,2,0,0,1,0,2,0.8238627021634315,0.6364053572595931,0,0
1,0,1,1,-1.1145631287986442,1,2,0,0,0,0,2,0,0,0,1,3,-0.3011738669490337,-0.774197135029885,0,0
1,0,0,1,-0.7073594915983407,1,2,2,1,1,1,1,1,1,0,1,2,-1.328164413051698,-0.26648409312532984,0,0
0,0,1,1,-0.5037576729981889,1,0,2,1,1,1,1,1,1,0,0,2,-1.4876969250676457,0.150260789222031,0,0
1,0,1,1,-1.1960038562387048,1,0,0,0,2,2,0,0,0,0,1,3,-0.28621769394753876,0.30077508708833156,1,0
1,0,1,1,0.880734693482843,1,2,1,0,2,0,2,2,2,1,1,2,1.3440051632154282,0.5571274509453309,0,0
1,0,0,0,0.3920903288424788,1,0,2,1,1,1,1,1,1,1,1,3,-1.502653098069141,0.9325443322679117,0,0
0,0,1,0,-0.9516816739185228,1,0,1,0,0,0,0,0,2,0,1,2,0.4981504901308714,0.8668766236273238,0,0
0,0,0,0,1.247217966963116,1,2,1,0,2,0,0,2,2,2,0,0,1.086426628189679,0.6724550609722031,0,0
0,0,1,0,1.4915401492832983,1,2,2,1,1,1,1,1,1,2,0,0,-1.3464441800535252,0.30077508708833156,0,0
0,0,0,0,1.4915401492832983,1,2,2,1,1,1,1,1,1,2,0,1,-1.3348116010523623,0.30077508708833156,0,0
1,0,1,0,0.3106496014024181,1,0,0,0,2,0,0,0,0,0,1,3,-0.4856333339674735,-1.791742361071022,0,0
1,0,0,0,1.125056875803025,0,1,0,2,2,2,0,0,0,2,0,0,-0.8362725010025254,-0.9871246990017704,0,0
0,0,0,0,-1.1552834925186746,1,0,1,2,0,2,2,0,2,0,1,0,0.9850570111795457,0.0257210743212215,1,0
0,1,0,0,1.5729808767233588,1,2,0,2,2,2,2,2,2,2,0,3,0.8338334841644282,0.6767703354281087,0,1
0,0,1,0,0.18848851024232702,1,2,1,0,0,2,0,0,0,0,1,1,0.47156173812821356,-0.5553729664634468,1,0
1,0,1,0,-0.015113308357824713,1,2,1,0,2,0,0,2,2,0,1,1,1.1329569441943304,-0.3240993996606179,0,0
1,0,0,0,0.26992923768238775,1,2,0,0,0,0,2,0,0,2,1,1,-0.3626603559551803,-1.4063496148612995,0,0
0,0,0,0,0.22920887396235737,1,2,2,1,1,1,1,1,1,1,1,2,-1.3464441800535252,0.9705719977774945,0,0
1,0,0,0,0.7992939660427822,1,2,1,0,0,2,0,0,2,2,1,1,0.8205391081630994,0.2899376270839151,0,0
0,0,1,1,0.6364125111626608,1,2,1,2,2,0,0,2,2,0,1,1,1.3456669602155942,0.4128249548886957,0,0
1,0,1,1,1.5322605130033284,0,1,0,2,0,2,2,2,2,2,0,0,-0.17487729493640844,0.13834369260968304,0,0
1,0,0,0,-0.5037576729981889,1,0,1,0,0,0,0,0,0,0,0,1,0.19237984210030468,0.30077508708833156,0,0
0,0,0,0,0.7178532386027215,1,2,0,2,0,2,2,2,2,1,1,1,0.5895493251400082,0.15299083676795358,0,0
0,0,0,0,-0.5444780367182193,0,1,0,0,0,0,0,2,2,1,1,1,-0.6617838159850825,0.9623129240388365,1,0
1,0,1,1,-0.30015585439803716,1,0,0,2,2,2,0,0,0,1,1,0,-0.10508182092943122,0.30077508708833156,0,0
1,0,0,0,-0.8295205827584317,1,0,0,0,2,0,0,0,0,0,1,0,-0.5221928679711283,0.6145931004981344,0,0
1,1,1,0,0.26992923768238775,1,2,1,0,2,2,0,2,2,0,1,2,1.3589613362169235,0.18694138101314592,1,1
1,0,0,0,-1.0331224013585834,1,0,1,0,0,2,0,0,0,0,0,3,0.32864719611392706,0.5124656158756629,1,0
0,0,1,1,-0.38159658183809786,1,0,0,2,2,2,2,0,0,1,1,3,0.04946530008601819,0.30077508708833156,0,0
1,0,0,0,-0.21871512695797646,1,0,2,1,1,1,1,1,1,0,1,2,-1.5076384890696393,0.4802335105787993,0,0
1,1,0,0,0.5956921474426305,1,2,1,0,0,0,0,2,0,0,1,1,0.7075369121518029,0.02520488274475644,0,1
1,0,1,1,-0.2594354906780068,1,0,2,1,1,1,1,1,1,2,1,1,-1.51594747407047,0.4492956494973441,0,0
0,0,1,0,-0.748079855318371,1,2,0,2,0,0,0,2,0,0,1,0,-0.0020504069191315333,0.9849126868599648,1,0
0,1,1,0,-0.8702409464784621,1,2,1,0,0,2,2,2,2,0,1,0,1.3057838322116073,0.30077508708833156,1,1
1,0,0,1,-1.2367242199587352,1,0,2,1,1,1,1,1,1,0,0,3,-1.5126238800701375,0.34991489042556734,0,0
0,0,1,1,-0.2594354906780068,1,0,1,2,2,0,0,0,0,0,0,2,0.5712695581381809,-1.7573924579241444,0,0
0,1,1,0,1.6137012404433893,1,2,1,2,2,2,2,2,2,2,1,0,1.6580847962468257,0.9292045704729608,0,1
0,0,1,1,1.247217966963116,1,0,2,1,1,1,1,1,1,2,0,1,-1.4876969250676457,0.30077508708833156,0,0
1,0,1,1,1.5729808767233588,1,0,2,1,1,1,1,1,1,2,0,3,-1.4943441130683104,0.30077508708833156,0,0
1,0,1,1,-0.8702409464784621,1,2,0,2,0,0,0,2,0,0,1,0,0.012905766082363669,0.8145728263754455,0,0
1,1,1,0,-0.748079855318371,1,0,2,1,1,1,1,1,1,1,0,3,-1.4993295040688086,-1.234078164438027,0,1
0,0,0,1,-0.7888002190384014,1,2,0,2,2,2,2,2,2,2,0,1,0.8039211381614382,0.30077508708833156,0,0
1,0,0,1,-1.0738427650786138,1,0,2,1,1,1,1,1,1,0,1,3,-1.481049737066981,0.9994405061363711,0,0
1,1,1,1,-0.8702409464784621,1,2,1,0,0,0,0,0,0,0,1,1,0.3469269631157543,0.872866970106627,0,1
1,0,1,0,-0.5851984004382496,1,2,0,0,2,0,0,0,0,0,0,1,-0.26461433294537917,0.30077508708833156,0,0
1,0,0,0,-1.2774445836787656,0,1,0,0,0,0,0,0,2,0,1,2,-0.9708780580159815,-0.12673104196245288,1,0
0,0,1,0,-0.015113308357824713,1,0,1,2,0,0,0,0,0,0,1,0,0.356897745116751,-1.1604595189855793,0,0
1,0,0,0,-0.13727439951791576,0,1,0,2,0,0,2,0,0,1,0,3,-0.9692162610158153,0.30077508708833156,0,0
0,0,0,0,-1.1960038562387048,1,2,0,0,0,0,0,2,0,0,1,2,-0.1499503399339166,0.30077508708833156,0,0
0,0,0,0,-1.2367242199587352,1,2,1,0,0,0,0,2,2,0,1,2,1.0099839661820376,-2.256488694360283,1,0
1,0,1,1,-0.7888002190384014,1,0,1,0,0,2,0,2,2,0,1,3,1.0598378761870213,0.30077508708833156,1,0
0,0,0,0,0.35136996512244845,0,1,0,0,2,0,0,0,2,0,1,2,-0.8113455460000336,0.30077508708833156,0,0
0,0,0,0,-1.2774445836787656,1,0,2,1,1,1,1,1,1,0,0,2,-1.5259182560714666,0.30077508708833156,0,0
1,0,0,0,-1.0331224013585834,1,0,0,0,0,0,0,2,0,0,0,3,-0.32942441595185784,-0.03600835197932609,0,0
0,0,1,0,0.7992939660427822,1,0,0,2,0,2,0,2,0,1,1,3,-0.015344782920460707,-0.17411678762926627,0,0
0,0,1,1,0.5142514200025698,1,2,2,1,1,1,1,1,1,2,1,0,-1.3331498040521963,0.30077508708833156,0,0
1,0,1,0,1.5322605130033284,1,2,0,0,2,2,2,2,0,2,0,1,0.37683930911874425,0.4736605185387784,0,0
0,0,0,0,0.8400143297628127,1,0,2,1,1,1,1,1,1,2,0,3,-1.5309036470719648,0.30077508708833156,0,0
0,1,1,0,1.2064976032430856,1,2,1,0,2,2,0,2,0,1,1,1,1.1030445981913404,0.6174528883295591,0,1
0,0,1,0,1.125056875803025,1,2,1,2,2,0,0,0,2,0,1,1,0.9750862291785486,0.5197343178281111,0,0
0,1,1,0,-1.1960038562387048,1,0,1,0,0,0,0,2,0,0,1,2,0.5197538511330312,-1.31749689878293,1,1
0,1,1,0,-0.38159658183809786,1,0,1,2,0,0,0,2,2,0,1,2,1.0083221691818711,-1.158771086013778,0,1
1,0,0,1,-1.2774445836787656,0,1,0,0,2,0,0,0,0,0,1,3,-1.1104690060299358,-0.35231702730539954,1,0
0,0,0,0,1.4100994218432374,1,0,0,2,0,2,2,0,2,1,1,0,0.252204534106285,0.41177315921916235,0,0
0,0,0,0,-0.8295205827584317,1,2,1,0,2,0,0,2,0,0,1,0,0.830509890164096,0.30077508708833156,1,0
0,1,1,0,1.5729808767233588,1,2,0,2,2,2,2,0,2,2,1,0,0.5961965131406728,0.5987163847244349,0,1
1,0,0,0,-0.30015585439803716,1,0,2,1,1,1,1,1,1,1,0,1,-1.491020519067978,0.44081315896052436,0,0
0,0,0,0,-1.1145631287986442,1,2,0,2,0,0,0,0,0,0,1,2,-0.3643221529553466,-0.5627820179461636,0,0
1,0,0,0,-0.2594354906780068,1,2,0,0,0,0,0,0,0,1,1,1,-0.43910301796282214,0.30077508708833156,0,0
1,0,1,1,-1.2774445836787656,1,0,2,1,1,1,1,1,1,1,0,3,-1.4993295040688086,-2.7748760544756292,0,0
1,1,0,0,1.5322605130033284,0,1,0,0,2,2,0,2,0,1,1,1,-0.6883725679877406,-0.42008596487193206,0,1
1,0,1,1,1.6137012404433893,1,2,1,2,2,2,2,2,2,2,1,2,1.6364814352446657,0.9085014949250426,0,0
1,0,1,0,1.125056875803025,1,0,1,0,2,0,0,2,2,1,1,2,0.9850570111795457,0.5510424220582657,1,0
0,1,1,1,-0.015113308357824713,1,2,1,0,2,0,0,2,2,0,1,2,1.1844726511994805,-0.2776048541322093,0,1
1,0,0,0,-1.2774445836787656,1,0,2,1,1,1,1,1,1,0,1,2,-1.4926823160681442,-2.7414742900176625,1,0
0,0,0,0,-0.748079855318371,1,2,0,0,2,0,0,0,0,1,1,3,-0.3493659799538514,0.8715388796677525,0,0
0,0,0,0,-0.7888002190384014,1,2,1,2,0,0,0,0,0,0,1,1,0.5064594751317021,0.30077508708833156,0,0
0,0,0,0,-1.0738427650786138,1,2,1,0,2,2,2,2,2,0,1,1,1.5002140812310438,0.7355606190182619,1,0
0,0,0,0,0.5549717837226001,1,2,0,2,0,2,0,2,2,2,0,3,0.47987072312904416,-0.08091518921555406,0,0
1,0,0,0,-0.7073594915983407,1,0,1,0,0,2,2,2,2,0,1,2,1.2160467942026365,0.30077508708833156,1,0
1,1,1,0,0.43281069256250915,1,2,1,0,2,0,2,2,0,0,1,2,0.9817334171792131,0.06170592738367779,0,1
1,0,0,0,0.26992923768238775,1,0,0,0,0,0,2,0,0,2,1,0,-0.4972659129686364,-2.2168334668711736,0,0
1,1,0,0,-0.46303730927815856,1,0,0,0,0,2,0,2,0,0,1,0,-0.15659752793458118,0.30077508708833156,1,1
1,0,0,0,1.002895784642934,0,1,0,2,0,2,0,2,2,0,1,2,-0.3659839499555126,-0.2938107767292585,0,0
0,0,1,0,0.8400143297628127,1,0,1,0,0,0,2,2,2,1,1,2,0.9534828681763893,0.3749736376339109,0,0
1,0,1,1,-0.5851984004382496,1,0,1,2,0,2,0,2,0,0,1,3,0.7690234011579498,0.30077508708833156,0,0
0,0,0,0,-1.2774445836787656,1,2,0,0,0,0,0,0,2,0,1,2,-0.15327393393424887,0.6290932559956772,1,0
0,0,1,0,1.0436161483629645,1,2,0,2,0,0,2,0,0,1,1,0,-0.12336158793125872,-0.13882480395475394,0,0
0,1,0,0,1.5729808767233588,1,2,1,0,0,2,0,2,2,2,0,0,1.3057838322116073,0.8382082053990796,0,1
0,0,0,0,0.10704778280226633,1,0,1,0,0,2,2,2,2,1,1,2,1.1462513201956595,-0.11063306193926076,0,0
1,0,0,0,-1.1960038562387048,1,0,1,0,0,2,0,0,2,0,0,1,0.6959043331506402,-0.8009657869891891,0,0
1,0,0,0,0.22920887396235737,1,2,1,2,2,0,0,2,2,1,1,2,1.332372584214265,0.03547842524581511,0,0
1,0,1,1,0.10704778280226633,1,2,0,2,2,2,2,0,0,2,1,1,0.14584952609565352,-0.9000855297958914,0,0
1,0,0,0,-1.0331224013585834,1,2,1,0,0,2,0,2,0,0,1,2,0.8537750481664219,0.615451895905424,1,0
0,0,0,0,0.5956921474426305,1,0,0,0,0,2,2,2,2,2,0,3,0.32200000811326246,-0.11954437222742938,0,0
0,0,0,0,-0.748079855318371,1,0,0,0,2,0,0,0,0,0,0,2,-0.4756625519664766,0.8635330821698797,0,0
0,1,1,0,-0.5037576729981889,1,0,0,0,2,0,0,0,2,0,1,2,-0.1582593249347472,0.30077508708833156,0,1
1,0,1,0,1.369379058123207,1,2,0,2,2,0,2,2,2,2,0,2,0.6809481601491449,0.535355899646778,0,0
1,0,1,0,-0.7073594915983407,1,0,2,1,1,1,1,1,1,0,1,1,-1.505976692069473,-0.1791712433344463,0,0
0,0,0,0,0.3920903288424788,1,0,2,1,1,1,1,1,1,2,1,0,-1.462769970065154,0.9369109105531122,0,0
0,0,1,0,-0.62591876415828,1,2,1,2,0,0,0,0,0,0,0,2,0.46989994112804756,0.30077508708833156,0,0
1,0,0,0,0.18848851024232702,1,2,1,0,2,0,2,2,2,1,1,1,1.3207400052131024,-0.008398219210289186,0,0
0,0,0,0,-0.8295205827584317,1,0,0,0,2,0,0,0,0,0,1,2,-0.5105602889699654,0.6511472345948799,0,0
1,0,1,0,0.8400143297628127,1,0,1,0,2,0,0,2,2,1,1,0,0.9800716201790471,0.37169287287620956,1,0
0,0,0,0,1.125056875803025,1,2,2,1,1,1,1,1,1,2,0,3,-1.3215172250510334,0.30077508708833156,0,0
1,0,1,1,-0.5851984004382496,0,1,0,0,0,0,0,0,0,0,0,1,-1.303237458049206,0.3134334277974776,0,0
1,0,0,0,-1.2774445836787656,1,2,1,0,0,0,0,0,0,0,1,2,0.33695618111475767,0.8354563930944903,1,0
0,0,0,0,-1.1960038562387048,1,0,1,0,0,0,0,0,0,0,1,2,0.179085466098976,-2.391635652382695,0,0
0,0,0,1,-0.9516816739185228,1,0,0,0,0,0,2,2,2,0,1,1,0.15415851109648415,0.571283182726916,0,0
0,0,0,0,-1.2774445836787656,1,0,1,0,0,0,0,2,0,0,1,2,0.5147684601325326,0.9005721999557932,1,0
1,0,1,0,0.9621754209229036,1,2,1,2,2,2,0,0,0,1,1,2,0.9435120861753926,0.47267083272726107,0,0
1,0,1,1,-0.62591876415828,1,0,1,0,0,0,0,0,0,0,1,2,0.14086413509515497,0.30077508708833156,1,0
0,0,1,1,-0.8702409464784621,1,2,0,0,0,0,2,0,2,0,1,2,0.05278889408635025,0.8366039019607264,1,0
1,0,0,0,-1.0331224013585834,1,0,1,0,0,0,0,0,0,0,1,2,0.15914390209698223,0.46138539970359643,0,0
0,0,1,1,1.4915401492832983,1,0,2,1,1,1,1,1,1,2,0,0,-1.481049737066981,0.30077508708833156,0,0
1,0,0,0,-0.5444780367182193,1,2,1,0,0,0,0,0,2,0,1,0,0.7058751151516368,0.30077508708833156,1,0
0,0,1,1,-1.1960038562387048,1,0,1,0,0,0,0,0,2,0,1,2,0.5164302571326987,-0.8705684060460094,1,0
1,0,1,1,0.880734693482843,1,0,2,1,1,1,1,1,1,2,0,1,-1.4744025490663168,0.30077508708833156,0,0
1,0,1,0,1.2064976032430856,1,2,2,1,1,1,1,1,1,1,1,1,-1.3630621500551865,0.30077508708833156,0,0
1,0,0,0,-0.3408762181180675,1,2,1,0,2,0,0,2,0,0,1,1,0.8570986421667539,-1.228636125045928,1,0
0,0,1,1,1.2064976032430856,1,2,0,0,0,0,0,2,2,0,1,1,0.18905624809997262,0.1939443171499652,0,0
1,0,0,0,-0.62591876415828,1,2,0,2,0,0,0,0,2,0,0,0,0.03284733008435696,0.30077508708833156,0,0
1,0,0,0,-0.9516816739185228,0,1,0,0,0,0,0,0,0,0,1,3,-1.3348116010523623,-2.7091522363181237,0,0
1,0,1,1,1.2879383306831464,1,0,0,2,0,2,2,2,0,2,0,3,0.14917312009598557,0.2412220567359173,0,0
0,0,0,0,-1.2367242199587352,1,2,1,0,0,0,0,0,0,0,1,2,0.37019212111808014,0.30077508708833156,1,0
1,0,1,1,-1.2774445836787656,1,0,0,0,0,0,0,0,0,0,1,3,-0.62854787598176,0.26262411773006666,1,0
0,0,1,0,-0.6666391278783103,0,1,0,0,0,0,2,2,2,0,1,2,-0.4922805219681379,0.9099945847723215,1,0
0,0,1,0,1.6137012404433893,1,2,2,1,1,1,1,1,1,2,0,0,-1.3331498040521963,-4.92141965664484,0,0
1,0,0,0,-0.0965540357978854,1,2,1,2,2,2,0,0,0,1,0,0,0.8521132511662559,-0.5655746260549022,0,0
0,0,1,0,0.6771328748826912,1,2,1,2,0,0,0,2,2,0,1,3,1.1994288242009752,0.36436351786271787,0,0
1,0,1,0,1.1657772395230555,1,2,0,2,0,2,2,0,2,2,0,1,0.35191235411625243,0.33031946344000135,0,0
1,0,1,1,0.5956921474426305,1,2,1,0,2,0,0,2,0,0,0,2,0.7457582431556239,0.0896864359359099,0,0
1,0,0,0,-0.5037576729981889,1,0,0,2,0,2,0,0,2,0,0,1,-0.012021188920128179,0.30077508708833156,0,0
1,0,1,1,0.06632741908223598,1,0,1,0,0,0,0,2,0,0,0,2,0.4499583771260538,-0.7986094218579602,1,0
0,0,1,1,1.5322605130033284,1,2,2,1,1,1,1,1,1,2,0,0,-1.33148800705203,0.30077508708833156,0,0
1,0,0,1,0.880734693482843,1,0,1,2,2,0,2,2,2,1,1,2,1.3656085242175875,0.5975518217576617,0,0
1,1,1,0,1.1657772395230555,1,2,1,0,2,2,2,2,0,1,1,3,1.114677177192503,0.6417152052224033,0,1
1,0,0,0,-1.1960038562387048,1,2,1,0,0,0,0,0,0,0,1,2,0.40508985812156867,-1.235898778813316,1,0
1,0,0,0,-0.7888002190384014,1,0,2,1,1,1,1,1,1,1,0,3,-1.505976692069473,-0.6572777340876456,0,0
0,1,0,0,-0.6666391278783103,1,2,1,0,0,0,0,2,2,0,1,2,1.04321990618536,0.30077508708833156,1,1
0,0,1,1,-1.1960038562387048,1,0,0,0,2,0,0,2,0,0,1,1,-0.2014660469390663,0.30077508708833156,0,0
1,0,0,0,-0.30015585439803716,1,0,2,1,1,1,1,1,1,0,1,3,-1.4827115340671475,0.49583462704613934,0,0
1,0,0,0,-0.0965540357978854,1,2,0,2,0,0,0,0,2,0,1,3,-0.00869759491979612,-2.9921664348198447,0,0
0,0,1,0,-0.46303730927815856,0,1,0,2,0,0,0,0,0,0,0,2,-1.2051914350394048,0.6756932613326153,0,0
1,0,0,0,-1.2774445836787656,1,0,0,0,0,0,0,0,0,0,0,2,-0.6468276429835875,0.2589525403775922,1,0
0,0,0,0,-0.7073594915983407,1,0,2,1,1,1,1,1,1,0,0,0,-1.5076384890696393,-0.518239940995646,1,0
1,1,1,0,-0.38159658183809786,1,0,1,0,0,0,0,2,2,0,1,2,0.8537750481664219,-1.6146048894276532,0,1
0,0,1,1,0.5142514200025698,1,2,1,2,2,0,0,2,2,0,1,2,1.3423433662152622,0.3318405120263227,0,0
0,0,1,1,-0.3408762181180675,1,2,1,0,2,2,0,0,0,1,0,0,0.611152686142168,-1.8472640529878017,0,0
0,0,0,0,-0.8702409464784621,1,2,1,0,0,0,2,2,0,0,0,2,0.8438042661654253,1.0006092390932309,1,0
1,0,0,0,-1.2774445836787656,1,0,0,0,0,0,0,0,0,0,0,3,-0.6551366279844181,0.2569069351925024,1,0
0,0,1,0,0.9621754209229036,1,2,1,0,0,2,2,2,2,2,0,0,1.2775332832087833,0.5805114565773858,0,0
0,0,0,0,-1.2774445836787656,1,0,1,0,2,0,0,0,0,0,0,2,0.36686852711774764,0.8475535026894115,1,0
1,0,0,0,-1.2774445836787656,1,0,2,1,1,1,1,1,1,0,0,2,-1.505976692069473,-2.809432165024553,0,0
0,0,0,0,-1.0331224013585834,1,0,1,0,0,0,0,0,2,0,1,2,0.4831943171293762,0.46704403625576246,1,0
0,1,1,0,0.9214550572028734,1,0,1,0,0,2,2,2,0,2,0,1,0.7989357471609396,0.35401132567842547,0,1
0,0,0,0,-1.2367242199587352,0,1,0,0,0,0,2,0,0,0,1,2,-1.125425179031431,0.6088488721115054,1,0
0,0,1,1,1.6137012404433893,1,2,0,2,0,2,2,2,2,2,1,1,0.7025515211513048,0.6516992990795204,0,0
0,1,0,0,0.5142514200025698,0,1,0,0,0,0,0,0,2,1,0,2,-1.0157465770204666,0.30077508708833156,0,1
0,0,0,0,0.5956921474426305,1,0,2,1,1,1,1,1,1,2,0,3,-1.4827115340671475,0.30077508708833156,0,0
0,1,0,0,0.5549717837226001,1,0,1,0,2,0,0,2,2,1,0,1,1.0133075601823696,0.23663540014425868,1,1
1,0,0,0,-1.2367242199587352,1,0,0,0,2,0,0,0,0,0,1,3,-0.4806479429669752,0.9739765868481557,0,0
0,0,1,0,-1.2367242199587352,1,0,1,2,0,0,2,0,0,0,1,2,0.5114448661322006,-2.385864139826494,0,0
0,0,1,0,-0.8295205827584317,1,0,0,0,2,0,0,0,0,0,1,2,-0.44907379996381874,0.6522510589571208,0,0
0,1,1,0,1.4508197855632678,1,2,1,0,2,0,0,0,2,0,1,0,0.8255244991635975,0.6536291281986557,1,1
1,0,1,1,1.4915401492832983,1,0,1,0,0,0,2,2,2,2,1,1,1.0116457631822036,0.7330198157304352,0,0
1,1,0,1,0.9621754209229036,1,0,1,2,0,0,0,2,2,1,0,1,0.9983513871808745,0.4739901962671161,0,1
0,1,0,0,-1.1552834925186746,1,2,1,2,0,0,0,0,0,0,1,2,0.5147684601325326,-0.4001374118258052,0,1
1,0,1,0,1.2879383306831464,1,2,0,0,2,2,2,2,0,2,1,0,0.37683930911874425,0.3573505177082975,0,0
1,0,1,0,1.0843365120829946,1,2,1,2,2,2,0,2,2,1,1,2,1.5085230662318745,0.7030648184068241,1,0
1,0,1,1,1.2064976032430856,1,2,1,2,2,2,2,2,2,2,0,0,1.6879971422498155,0.8075135836736534,0,0
1,0,1,1,1.247217966963116,1,2,2,1,1,1,1,1,1,2,0,1,-1.3331498040521963,0.30077508708833156,0,0
0,0,0,0,0.8400143297628127,0,1,0,2,2,2,2,2,0,1,1,2,-0.3709693409560109,-0.5253779511255923,0,0
1,0,1,1,-1.1145631287986442,1,0,2,1,1,1,1,1,1,0,0,3,-1.505976692069473,0.9474367471907492,0,0
1,1,1,0,0.6771328748826912,1,2,1,2,2,2,0,0,0,0,1,2,0.7789941831589463,0.14615169215534432,0,1
0,0,1,1,1.2064976032430856,1,2,1,2,0,0,0,2,2,2,1,0,1.2093996062019723,0.7291964652359876,0,0
0,0,1,0,0.9214550572028734,1,0,0,2,2,0,2,0,0,2,0,3,-0.26461433294537917,-0.34481379547785945,0,0
0,1,1,0,1.5729808767233588,1,0,1,2,2,2,2,2,0,2,1,2,1.1512367111961581,0.8084577002405973,0,1
0,0,1,1,1.6137012404433893,1,0,2,1,1,1,1,1,1,2,1,1,-1.4843733310673135,0.30077508708833156,0,0
1,0,1,1,0.14776814652229667,0,1,0,2,0,2,2,2,2,1,0,1,-0.1349941669324214,-1.3314339824268677,0,0
1,0,1,0,-0.30015585439803716,1,0,2,1,1,1,1,1,1,1,1,0,-1.4561227820644893,0.4026109561266394,0,0
0,1,1,0,1.6137012404433893,1,2,1,2,2,2,2,2,2,2,1,0,1.6647319842474897,0.9277399099379322,0,1
0,0,0,0,0.14776814652229667,1,0,2,1,1,1,1,1,1,1,1,0,-1.5126238800701375,0.7511711233100075,0,0
1,0,0,0,-1.2774445836787656,1,0,0,0,0,0,0,2,2,0,1,3,-0.0651986929254444,0.6651305418148319,0,0
0,0,1,0,1.6137012404433893,1,2,1,2,0,2,0,2,2,2,1,2,1.3539759452164248,0.8516288890289766,0,0
1,0,1,1,1.0843365120829946,1,0,2,1,1,1,1,1,1,2,0,3,-1.4926823160681442,0.30077508708833156,0,0
1,1,1,0,-1.0331224013585834,1,0,1,0,0,0,0,2,2,0,1,2,0.8222009051632655,0.7464131033734126,1,1
0,0,0,0,-1.2774445836787656,1,0,0,0,0,2,2,2,2,1,0,1,0.31036742911209936,0.8331574174610848,0,0
0,0,1,1,-0.0965540357978854,1,2,1,0,2,2,2,2,2,0,1,2,1.42044782522307,-0.26234548626225807,0,0
1,0,0,0,1.2879383306831464,1,0,2,1,1,1,1,1,1,2,0,3,-1.502653098069141,0.30077508708833156,0,0
1,0,0,0,1.247217966963116,1,2,0,2,2,2,2,0,0,1,0,0,0.1342169470944904,0.12254238396190935,0,0
1,1,1,0,1.6137012404433893,1,2,0,2,2,2,0,2,2,2,0,1,0.6543594081464871,0.6085607927155454,0,1
1,0,1,0,-0.9924020376385531,1,0,1,2,0,0,0,0,0,0,0,2,0.3402797751150897,0.6832085312524006,1,0
0,0,0,0,1.2064976032430856,1,2,0,0,2,2,2,2,2,2,0,0,0.6560212051466532,0.45603021390292314,0,0
1,0,1,1,1.4100994218432374,1,2,1,0,2,2,2,2,2,2,1,0,1.5434208032353631,0.8498196563664316,0,0
1,0,0,0,-1.0738427650786138,1,0,0,0,0,0,0,0,0,0,0,2,-0.6651074099854147,-0.6531992806593225,1,0
0,0,1,1,1.5322605130033284,1,2,0,2,0,0,2,2,2,2,1,0,0.5264010391336954,0.5172120617596839,0,0
0,1,0,0,-0.5037576729981889,1,0,1,0,0,0,0,2,0,0,0,0,0.5297246331340278,0.30077508708833156,0,1
0,0,0,0,-1.1145631287986442,1,2,1,0,0,0,0,0,0,0,0,2,0.36022133911708304,0.09162089207255762,0,0
0,0,1,1,-0.3408762181180675,0,1,0,2,2,2,0,2,2,1,0,2,-0.23802558094272108,0.30077508708833156,0,0
0,0,1,0,-0.8702409464784621,1,0,0,0,0,0,0,0,0,0,1,2,-0.6883725679877406,0.36141666797133476,1,0
1,0,1,0,1.6137012404433893,1,2,1,0,2,2,2,2,2,2,1,1,1.5234792392333694,0.896259771499395,0,0
0,0,1,1,1.369379058123207,1,0,0,2,2,0,2,0,0,2,1,1,-0.21808401694072754,0.005916024503471483,0,0
0,0,1,1,0.5142514200025698,1,0,0,2,0,2,2,2,2,2,1,3,0.5396954151350245,-0.10886028978005151,0,0
0,0,1,1,1.4915401492832983,1,0,2,1,1,1,1,1,1,2,0,0,-1.4976677070686424,0.30077508708833156,0,0
1,1,1,0,-0.7073594915983407,1,2,1,0,0,0,0,0,2,0,1,0,0.6925807391503077,0.30077508708833156,1,1
0,0,0,0,-0.1779947632379461,1,0,0,0,0,2,0,2,0,0,1,0,-0.1732154979362424,0.30077508708833156,0,0
0,0,0,0,1.5322605130033284,1,2,1,2,2,2,2,2,2,1,0,1,1.6879971422498155,0.912974093112022,1,0
0,0,0,0,0.14776814652229667,1,0,0,2,2,2,2,0,2,1,1,3,0.358559542116917,-0.6737599491408921,0,0
1,1,0,0,-0.6666391278783103,1,2,1,0,0,0,0,2,0,0,1,2,0.7258166791536301,0.30077508708833156,1,1
0,0,0,0,-0.5851984004382496,1,2,1,0,0,0,0,2,0,0,1,2,0.6792863631489789,0.30077508708833156,1,0
0,0,1,0,0.06632741908223598,1,2,1,0,0,0,0,2,2,0,1,2,1.0930738161903437,-0.28673243056029385,1,0
1,0,1,1,0.3920903288424788,0,1,0,0,2,2,0,0,2,1,1,1,-0.6534748309842519,-1.8045316784803735,0,0
1,0,0,0,0.6364125111626608,1,2,0,2,0,0,2,0,2,1,1,0,0.20567421810163386,-0.06609812172393646,0,0
1,0,1,0,0.5956921474426305,1,2,1,0,2,2,2,2,2,0,1,2,1.4885815022298807,0.443875151041868,1,0
0,0,1,1,0.26992923768238775,1,2,1,0,2,2,2,0,0,1,1,2,0.8238627021634315,-0.14065154952329323,1,0
0,0,1,1,-0.8702409464784621,1,0,2,1,1,1,1,1,1,2,0,1,-1.4577845790646555,-1.898952422782847,0,0
1,0,0,0,-1.0331224013585834,1,0,2,1,1,1,1,1,1,0,1,3,-1.4893587220678117,0.30077508708833156,0,0
0,0,0,0,-1.1960038562387048,1,2,2,1,1,1,1,1,1,0,0,3,-1.3348116010523623,0.9476420326647942,0,0
1,0,0,0,-0.9924020376385531,1,0,0,2,0,2,0,0,2,0,1,2,0.06442147308751339,0.5890679354840654,0,0
1,0,0,1,-1.2774445836787656,1,0,2,1,1,1,1,1,1,0,1,3,-1.505976692069473,-2.809432165024553,1,0
1,0,1,1,-0.015113308357824713,1,0,1,2,2,2,0,0,2,1,0,3,0.9983513871808745,-0.33292450940765383,0,0
1,0,1,1,1.125056875803025,1,0,0,2,2,2,2,0,0,1,1,0,0.03617092408468901,0.05270481027626115,0,0
0,0,1,0,-0.9109613101984924,1,0,2,1,1,1,1,1,1,0,1,0,-1.4893587220678117,-3.242681352922114,0,0
0,0,1,0,1.5729808767233588,1,2,2,1,1,1,1,1,1,2,1,0,-1.3331498040521963,0.30077508708833156,0,0
0,0,1,1,-1.1552834925186746,1,0,2,1,1,1,1,1,1,0,0,3,-1.4760643460664828,0.8577109952988723,1,0
0,1,0,0,-1.2774445836787656,1,0,1,0,0,0,0,0,0,0,1,2,0.14917312009598557,0.7687533830203758,1,1
0,0,1,1,0.43281069256250915,0,1,0,2,2,0,2,2,0,1,1,0,-0.44907379996381874,-1.5526920087148117,0,0
1,0,1,0,1.0843365120829946,1,2,1,0,0,2,0,2,2,1,1,0,1.15456030519649,0.6214429011776491,1,0
0,0,1,0,-0.38159658183809786,1,0,0,0,0,2,2,0,0,0,0,2,-0.3493659799538514,0.30077508708833156,0,0
0,0,1,0,1.6137012404433893,1,0,2,1,1,1,1,1,1,2,0,0,-1.5076384890696393,0.30077508708833156,0,0
1,0,1,0,-0.4223169455581282,1,0,0,2,0,0,2,0,0,1,1,1,-0.28289409994720643,0.30077508708833156,0,0
0,0,0,0,-1.2774445836787656,0,1,0,0,0,0,0,0,0,0,1,3,-1.3165318340505352,-0.8832950244718861,0,0
1,0,0,0,1.4915401492832983,1,2,2,1,1,1,1,1,1,2,0,0,-1.3564149620545218,0.30077508708833156,0,0
1,0,0,0,0.7178532386027215,0,1,0,2,0,0,2,0,0,1,1,3,-0.9758634490164798,0.30077508708833156,0,0
0,1,0,0,-1.2774445836787656,0,1,0,0,0,0,0,0,0,0,1,2,-1.3148700370503688,-0.8820150493418388,1,1
1,0,0,0,-1.2367242199587352,1,0,0,0,0,0,0,0,0,0,1,3,-0.6567984249845842,0.992987944008703,1,0
0,0,1,0,-0.7073594915983407,1,0,1,0,2,0,0,0,0,0,0,0,0.35191235411625243,0.30077508708833156,0,0
1,0,0,0,-0.055833672077855064,1,0,2,1,1,1,1,1,1,2,0,0,-1.4744025490663168,0.6464423402646812,0,0
1,0,0,0,-1.2774445836787656,1,0,2,1,1,1,1,1,1,0,0,3,-1.4827115340671475,-2.0639091281602373,1,0
1,0,1,0,1.369379058123207,1,2,1,0,2,2,0,2,2,0,1,1,1.3373579752147637,0.8056226722564064,1,0
0,0,1,1,-1.318164947398796,0,1,0,2,2,2,2,2,0,2,0,1,-0.28954128794787104,0.30077508708833156,0,0
1,0,0,1,-1.1960038562387048,1,0,0,0,0,0,0,2,0,0,1,1,-0.33440980695235617,0.30077508708833156,1,0
0,0,0,0,-0.9924020376385531,1,0,2,1,1,1,1,1,1,2,0,3,-1.4876969250676457,0.30077508708833156,0,0
1,0,1,1,1.2879383306831464,1,0,0,2,0,2,0,2,2,1,1,1,0.27546969210861083,0.31845222929081246,0,0
0,0,1,0,-0.1779947632379461,1,0,2,1,1,1,1,1,1,0,0,3,-1.4710789550659844,0.5559134037693921,0,0
0,0,1,0,1.002895784642934,1,2,1,0,0,2,0,2,2,1,1,1,1.1961052302006432,0.6259835065214054,0,0
0,0,1,1,-0.748079855318371,1,2,1,0,0,2,0,0,2,0,1,2,0.7474200401557899,0.30077508708833156,1,0
1,0,0,0,-0.5444780367182193,1,0,2,1,1,1,1,1,1,2,1,3,-1.4893587220678117,-0.0240044885643286,0,0
1,0,1,0,-0.9109613101984924,1,0,1,0,0,0,0,2,0,0,1,2,0.5047976781315361,0.9459985676803495,1,0
0,0,1,0,0.758573602322752,0,1,0,0,2,0,0,2,2,0,1,2,-0.5022513039691348,-0.8092570672471506,0,0
0,0,1,0,1.4100994218432374,1,2,0,2,2,2,0,0,0,2,0,3,0.0295237360840249,0.20046532724531504,0,0
1,0,1,1,-0.8702409464784621,1,0,2,1,1,1,1,1,1,0,1,2,-1.4727407520661506,-0.8680424035830736,0,0
1,0,1,1,1.6137012404433893,0,1,0,2,0,2,2,2,2,2,0,0,-0.12668518193159078,0.2835777118652794,0,0
1,0,1,1,1.369379058123207,1,0,2,1,1,1,1,1,1,1,1,2,-1.4760643460664828,0.30077508708833156,0,0
0,0,0,0,-0.5851984004382496,1,2,1,0,0,0,2,2,0,0,1,2,0.7839795741594444,0.30077508708833156,1,0
0,0,0,0,-0.9516816739185228,1,0,2,1,1,1,1,1,1,0,1,2,-1.504314895069307,0.30077508708833156,0,0
0,0,0,0,-0.9516816739185228,1,2,1,0,0,0,0,0,0,0,1,1,0.3469269631157543,0.6850785568862756,0,0
1,0,1,0,0.6364125111626608,1,2,1,2,2,2,0,2,2,0,1,0,1.5517297882361936,0.4877394233614598,0,0
1,0,0,0,-0.9109613101984924,1,0,1,0,0,0,0,0,0,0,0,3,0.179085466098976,0.8287747490066235,0,0
0,0,0,0,-0.9516816739185228,1,2,1,0,0,0,0,2,2,0,1,2,0.9966895901807084,0.9584622953486673,1,0
0,1,0,0,-0.7888002190384014,1,2,1,0,0,0,0,2,2,0,1,2,1.0066603721817051,0.30077508708833156,1,1
1,0,0,0,-1.1552834925186746,1,2,1,0,2,0,0,0,0,0,0,2,0.45494376812655235,-0.23384512511458655,1,0
1,0,0,0,-1.1552834925186746,1,0,1,0,0,0,0,0,0,0,1,2,0.18074726309914202,-1.077789970901734,1,0
0,0,1,0,1.6137012404433893,1,2,0,2,2,2,2,2,2,2,0,0,0.9052907551715716,0.7067280511296005,0,0
0,0,1,1,0.758573602322752,1,0,0,2,2,2,2,2,2,2,0,1,0.6892571451499756,0.2357991976423104,0,0
1,0,1,0,1.0843365120829946,0,1,0,0,2,0,0,0,2,0,1,0,-0.788080387997708,-0.9453803953890405,1,0
1,0,1,0,-0.9109613101984924,1,2,1,0,0,0,0,2,0,0,1,2,0.6925807391503077,0.9138237531943159,1,0
1,1,1,0,1.1657772395230555,1,2,1,0,2,0,0,0,0,0,1,2,0.5779167461388456,0.389425981706823,0,1
1,0,0,0,0.880734693482843,1,0,1,2,0,2,2,0,0,1,0,2,0.6526976111463211,0.2536252381298667,0,0
0,0,0,0,0.025607055362205634,1,2,0,2,2,0,0,0,0,0,1,3,-0.12834697893175703,-1.8439113298168086,0,0
0,0,0,0,-0.21871512695797646,1,0,2,1,1,1,1,1,1,2,1,0,-1.479387940066815,0.49873293217311854,0,0
0,1,0,0,-1.2774445836787656,1,0,1,0,0,0,0,2,0,0,1,2,0.47987072312904416,0.8891033537290359,1,1
1,0,0,0,-0.38159658183809786,1,0,1,0,2,0,0,2,2,0,0,3,1.0149693571825356,-1.4505297974939648,0,0
1,0,0,1,-1.2774445836787656,1,0,2,1,1,1,1,1,1,0,0,3,-1.4926823160681442,-2.7414742900176625,0,0
1,0,1,1,0.5142514200025698,1,0,0,2,2,2,2,2,2,2,1,3,0.6510358141461546,0.022619920475412454,0,0
0,0,1,1,0.26992923768238775,1,0,2,1,1,1,1,1,1,2,1,0,-1.4926823160681442,0.9439404309026824,0,0
1,0,0,0,-1.1145631287986442,1,0,0,0,0,2,0,2,2,1,1,3,0.17410007509847744,-0.14553924844566993,1,0
1,0,1,1,1.6137012404433893,1,2,0,2,2,2,2,2,0,2,0,0,0.5829021371393436,0.5952186192894106,0,0
0,0,1,1,1.0436161483629645,1,2,0,0,2,0,0,2,0,0,1,0,0.06774506708784545,0.06963946532653087,0,0
0,0,0,0,1.5322605130033284,0,1,0,2,2,2,2,0,0,2,1,0,-0.6700928009859131,-0.3836827812383482,0,0
1,0,1,1,1.1657772395230555,1,0,1,0,2,0,2,2,2,1,1,0,1.1196625681930017,0.6577519779819122,0,0
1,0,0,0,-1.2367242199587352,1,0,1,0,0,0,0,0,0,0,0,3,0.19736523310080326,0.30077508708833156,0,0
0,0,1,1,0.5549717837226001,1,2,2,1,1,1,1,1,1,1,0,3,-1.3231790220511994,0.30077508708833156,0,0
0,0,0,0,-1.2774445836787656,1,2,0,0,0,0,0,0,0,0,1,0,-0.4922805219681379,0.38619236689969055,1,0
0,0,1,0,-0.4223169455581282,1,0,1,0,0,0,0,0,0,0,1,2,0.14917312009598557,0.30077508708833156,1,0
0,0,0,0,0.6364125111626608,1,0,1,2,0,2,2,2,2,2,1,1,1.2542681252064576,0.38906720709874565,0,0
1,0,0,0,1.2879383306831464,1,2,0,0,2,2,2,2,2,2,0,1,0.7241548821534641,0.5568240773024984,0,0
1,0,1,1,1.6137012404433893,1,2,2,1,1,1,1,1,1,2,0,0,-1.3447823830533592,0.30077508708833156,0,0
0,0,1,1,-0.8295205827584317,1,0,0,0,0,2,0,2,0,0,1,1,-0.2130986259402292,0.8363745055054314,0,0
0,1,1,0,0.06632741908223598,1,2,1,0,2,2,0,0,2,0,1,2,0.9800716201790471,-0.27830402515332237,1,1
0,0,1,1,1.6137012404433893,1,0,0,2,2,2,0,0,2,2,0,1,0.13255515009432434,0.3786063523614167,0,0
1,0,1,0,-0.13727439951791576,1,2,1,0,2,2,0,0,0,0,1,2,0.6992279271509723,-0.9591024497991473,0,0
1,0,1,1,0.025607055362205634,1,0,2,1,1,1,1,1,1,1,0,1,-1.4843733310673135,0.665947031625132,0,0
0,0,0,0,-1.2774445836787656,1,0,2,1,1,1,1,1,1,0,0,3,-1.4760643460664828,-2.0473637782917353,0,0
0,0,1,1,1.2064976032430856,1,2,1,0,2,2,2,2,2,1,1,2,1.5301264272340338,0.7583899958190943,0,0
1,0,1,0,0.35136996512244845,1,2,0,0,0,2,0,2,2,1,1,2,0.27380789510844483,-0.428990993461728,1,0
0,0,0,0,1.2879383306831464,1,2,1,0,0,2,0,2,2,1,1,1,1.1728400721983174,0.6727253118673939,1,0
0,0,0,0,-1.1552834925186746,1,0,1,0,0,2,0,0,2,0,1,1,0.6011819041411709,-0.2966562038696138,0,0
0,0,0,0,-0.3408762181180675,1,2,1,2,0,0,2,0,0,0,1,2,0.6510358141461546,-2.4091527848711634,0,0
0,0,1,1,-0.748079855318371,1,0,2,1,1,1,1,1,1,1,0,3,-1.502653098069141,-0.47559754556028533,0,0
1,0,0,1,-1.1960038562387048,1,0,2,1,1,1,1,1,1,0,0,3,-1.4893587220678117,0.5917085765356055,0,0
0,1,0,0,-1.1552834925186746,1,0,1,0,2,2,0,2,2,0,1,1,1.1645310871974868,0.23538083403209262,1,1
0,0,0,1,-0.5851984004382496,0,1,0,0,0,0,0,0,2,0,1,2,-0.9891578250178088,0.5341151143668789,1,0
1,0,0,0,-0.9924020376385531,1,0,0,0,0,0,0,2,2,0,1,2,0.04946530008601819,0.5162645731719955,0,0
0,0,0,0,0.10704778280226633,1,2,2,1,1,1,1,1,1,2,0,0,-1.3780183230566818,0.8971237462370754,0,0
0,0,0,0,-1.2774445836787656,1,2,1,0,0,0,0,0,0,0,0,2,0.3735157151184122,0.8572617353076142,1,0
1,0,0,1,1.369379058123207,1,2,2,1,1,1,1,1,1,2,1,1,-1.3115464430500368,0.30077508708833156,0,0
1,0,0,1,-0.9924020376385531,0,1,0,2,0,0,2,0,2,2,1,3,-0.6717545979860794,-0.1659573980820849,0,0
0,0,1,0,1.5729808767233588,1,2,1,2,0,2,0,2,2,1,1,1,1.3074456292117733,0.8379791767123683,0,0
0,0,1,1,0.43281069256250915,1,2,1,0,0,2,0,0,2,0,1,0,0.9235705221733989,0.09740190859639347,0,0
0,1,0,0,-1.2367242199587352,1,2,1,0,0,0,0,2,2,0,1,2,0.966777244177718,0.30077508708833156,1,1
1,1,0,0,-0.13727439951791576,1,0,1,0,2,2,0,2,2,0,1,0,1.219370388202969,-0.47304492900320294,0,1
0,0,1,0,-0.7073594915983407,1,0,1,0,0,2,0,2,0,0,1,2,0.6493740171459885,0.30077508708833156,1,0
1,0,1,1,1.3286586944031769,1,2,1,2,2,2,2,0,0,2,0,1,0.9900424021800438,0.6439425231759582,0,0
1,0,0,0,0.10704778280226633,1,2,1,0,0,2,2,2,0,0,0,2,1.0216165451832002,-0.1709706771799667,0,0
1,0,0,0,1.2879383306831464,1,0,1,2,2,0,0,2,2,1,1,1,1.1811490571991479,0.7256147677072435,0,0
0,0,1,1,1.0436161483629645,0,1,0,0,0,2,2,2,2,2,1,1,-0.3078210549496983,-0.3139009181848586,0,0
0,1,0,0,-0.5851984004382496,1,0,0,0,2,0,0,0,0,0,1,1,-0.49560411596847015,0.950306915964543,0,1
1,0,1,1,1.4100994218432374,1,2,1,0,2,0,0,0,2,0,1,0,0.8238627021634315,0.6909331170204173,0,0
1,0,1,1,1.247217966963116,1,0,2,1,1,1,1,1,1,2,1,3,-1.51594747407047,0.30077508708833156,0,0
0,0,1,0,1.125056875803025,1,2,1,0,2,0,0,2,2,0,1,2,1.1645310871974868,0.6262666109673077,0,0
1,1,0,0,-0.9516816739185228,1,2,1,0,0,0,0,0,2,0,1,1,0.6526976111463211,0.8246049540590977,1,1
0,0,1,1,1.5322605130033284,1,2,1,2,2,2,2,2,2,2,1,1,1.6049072922415093,0.8847410733359159,0,0
1,0,1,0,-0.7073594915983407,1,2,1,0,0,2,0,2,2,0,1,2,1.2077378092018058,0.30077508708833156,1,0
0,0,0,1,0.6364125111626608,1,0,2,1,1,1,1,1,1,1,0,3,-1.4893587220678117,0.9815451902842739,0,0
1,0,1,0,-0.8295205827584317,1,0,0,0,0,2,2,2,2,0,1,2,0.31202922611226586,0.8372917757591091,0,0
1,1,1,0,1.5729808767233588,1,2,1,2,2,2,2,0,0,1,1,2,0.9052907551715716,0.7209907971496942,0,1
1,1,0,0,0.47353105628253944,1,0,1,0,0,2,0,0,0,0,0,2,0.3020584441112687,-0.339594830997305,0,1
1,0,0,0,-1.2774445836787656,1,2,0,0,0,0,0,0,0,0,1,2,-0.4756625519664766,0.4145754930129656,1,0
1,0,1,1,0.5142514200025698,1,2,2,1,1,1,1,1,1,2,0,3,-1.3397969920528607,0.30077508708833156,0,0
0,0,0,0,-0.38159658183809786,1,2,2,1,1,1,1,1,1,1,0,1,-1.328164413051698,0.6585745121091522,0,0
0,0,1,0,0.43281069256250915,1,2,0,0,0,0,2,2,0,1,1,0,0.0029349840813665527,-0.5023633055790624,0,0
1,0,0,0,0.10704778280226633,1,0,2,1,1,1,1,1,1,0,0,0,-1.462769970065154,0.8322363452826409,0,0
1,0,1,0,-0.9516816739185228,1,0,0,2,2,0,2,2,0,0,1,3,0.13920233809498894,0.6160240167118035,0,0
1,0,0,0,-0.8295205827584317,1,2,1,0,0,0,2,2,2,0,1,3,1.1695164781979852,0.30077508708833156,1,0
0,1,1,0,1.3286586944031769,1,2,1,2,2,2,0,2,2,0,1,1,1.4835961112293827,0.8141037573947812,0,1
0,0,0,0,-1.2367242199587352,1,2,1,0,0,2,0,2,0,0,1,2,0.8853491911695783,-2.463624146851804,1,0
1,0,0,0,-0.21871512695797646,1,2,0,0,0,0,0,0,0,0,0,3,-0.5238546649712943,0.30077508708833156,0,0
0,0,0,0,0.3106496014024181,1,0,0,0,0,2,0,0,0,1,1,3,-0.4823097399671412,-1.8814244295396882,0,0
0,1,0,0,-1.1145631287986442,1,0,1,0,0,2,0,0,0,0,1,1,0.358559542116917,-0.13215514270122514,1,1
1,0,1,1,-0.9924020376385531,1,0,2,1,1,1,1,1,1,1,0,1,-1.491020519067978,0.30077508708833156,0,0
0,1,1,0,1.0436161483629645,1,2,1,0,2,0,0,2,2,1,1,0,1.0980592071908417,0.5156324150042522,0,1
0,0,1,1,0.7992939660427822,1,0,1,2,0,2,0,2,2,1,0,2,1.1811490571991479,0.47134972616732546,0,0
1,0,1,0,-1.1960038562387048,1,0,0,0,0,2,2,0,0,0,1,3,-0.29785027294870164,0.30077508708833156,0,0
1,0,0,1,0.35136996512244845,1,0,1,2,2,2,2,2,2,2,1,2,1.541759006235197,0.2658764634299389,0,0
1,0,0,0,-0.5037576729981889,1,2,1,0,0,0,2,2,2,0,1,3,1.1229861621933337,-1.8540034111999955,0,0
1,0,0,1,-1.2774445836787656,1,2,0,0,0,0,0,0,0,0,1,2,-0.4889569279678058,0.41317530775007927,0,0
1,0,0,1,-1.1552834925186746,1,2,1,0,0,0,2,0,0,0,0,1,0.53304822713436,-0.22253628872296877,1,0
1,0,0,0,-0.38159658183809786,1,0,2,1,1,1,1,1,1,0,0,2,-1.4594463760648215,0.3310802769317344,0,0
0,1,0,0,-1.0738427650786138,1,0,2,1,1,1,1,1,1,0,0,0,-1.504314895069307,0.30077508708833156,0,1
1,0,1,1,-0.9924020376385531,1,0,2,1,1,1,1,1,1,0,1,3,-1.5093002860698053,0.30077508708833156,0,0
1,0,0,0,-0.5851984004382496,1,2,0,2,0,2,0,2,0,0,0,3,0.1574821050968162,0.30077508708833156,0,0
1,1,0,0,0.7992939660427822,0,1,0,2,0,0,0,2,2,0,1,1,-0.5305018529719588,-0.8056952403261255,0,1
1,0,0,0,-0.055833672077855064,1,0,1,0,2,0,0,2,2,0,1,2,0.9883806051798778,-0.4503599375403266,0,0
1,0,1,1,-0.13727439951791576,1,0,2,1,1,1,1,1,1,0,1,3,-1.4660935640654862,0.7153100864596069,0,0
0,0,1,0,0.14776814652229667,1,2,1,2,2,2,2,0,2,2,1,1,1.3722557122182522,0.012212728370548811,0,0
0,0,1,0,-0.6666391278783103,1,2,1,0,2,0,0,2,2,0,1,2,1.1711782751981514,0.30077508708833156,1,0
1,0,1,0,0.3920903288424788,1,2,1,0,0,2,2,2,2,1,1,2,1.4470365772257276,0.29112562122022223,0,0
1,0,0,0,-1.2774445836787656,1,0,2,1,1,1,1,1,1,0,0,2,-1.4694171580658184,-2.031087727422618,1,0
0,0,0,0,1.125056875803025,1,0,1,0,2,2,0,2,2,2,1,2,1.1595456961969886,0.6180238657975945,0,0
1,0,0,0,-1.1145631287986442,1,2,1,0,2,2,0,0,0,0,1,2,0.682609957149311,0.1736772107541989,1,0
1,0,1,0,-0.4223169455581282,1,2,1,2,0,0,2,2,0,0,0,1,1.0349109211845293,-1.3294310385779615,0,0
1,0,1,0,0.14776814652229667,1,0,2,1,1,1,1,1,1,1,0,3,-1.4876969250676457,0.73123740447405,0,0
0,0,0,0,-1.1552834925186746,1,0,1,0,0,0,0,0,0,0,0,2,0.1873944510998066,-0.5702463734781783,1,0
1,0,0,0,-0.9516816739185228,1,0,0,2,0,0,2,0,2,0,0,3,0.006258578081699082,0.5191043499767152,0,0
1,0,1,1,-1.2774445836787656,1,0,1,0,2,0,0,0,0,0,0,1,0.32698539911376057,0.8349970205965218,0,0
1,0,1,1,-0.8295205827584317,1,0,0,2,0,0,0,0,0,0,1,2,-0.5172074769706297,0.5709840739449923,0,0
0,0,0,0,-0.38159658183809786,1,2,0,0,0,0,2,2,2,1,1,3,0.29873485011093664,0.30077508708833156,0,0
1,0,0,0,1.2064976032430856,1,2,1,2,2,0,0,0,2,1,1,0,0.9152615371725683,0.5778410420599525,0,0
1,0,0,0,0.18848851024232702,1,2,1,0,0,0,2,2,2,0,0,0,1.1312951471941644,-0.1400422634808491,1,0
0,0,0,0,-0.9924020376385531,1,0,2,1,1,1,1,1,1,0,0,3,-1.5142856770703037,0.30077508708833156,0,0
1,0,1,0,-0.055833672077855064,1,2,1,0,0,2,0,2,0,0,0,1,0.7939503561604415,-0.6716847543335928,0,0
1,0,1,1,-0.7888002190384014,1,2,1,0,0,0,0,0,0,0,1,1,0.32033821111309646,0.9627173921806869,1,0
0,0,0,0,-0.3408762181180675,1,2,1,0,0,2,0,2,2,0,1,2,1.1296333501939984,-1.0159548893751469,1,0
1,0,1,1,0.5142514200025698,1,2,1,0,2,2,0,0,2,0,1,0,1.0365727181846955,0.24537356722932102,0,0
0,1,1,0,1.4915401492832983,1,2,1,0,2,0,2,2,2,2,0,1,1.3506523512160928,0.782648368620612,0,1
1,0,0,0,-1.2367242199587352,1,0,2,1,1,1,1,1,1,0,0,3,-1.479387940066815,-0.07862130150874524,0,0
1,0,1,1,1.1657772395230555,1,2,1,2,2,0,0,2,2,1,1,2,1.3705939152180862,0.7155690018710145,1,0
1,0,0,0,0.35136996512244845,1,2,1,0,2,2,0,2,2,0,1,2,1.327387193213767,0.20737451780245497,1,0
0,0,0,0,0.47353105628253944,0,1,0,0,0,2,0,2,2,1,1,2,-0.5221928679711283,-1.263613395823387,0,0
1,0,0,0,0.26992923768238775,0,1,0,0,0,2,2,0,0,1,0,3,-0.9708780580159815,0.30077508708833156,0,0
1,0,1,1,1.6137012404433893,0,1,0,2,2,2,2,2,2,2,1,1,0.011243969082197169,0.341671331241597,0,0
0,1,0,0,-0.7888002190384014,1,0,1,0,0,2,0,2,2,0,1,2,1.0664850641876853,0.30077508708833156,0,1
0,0,1,1,0.758573602322752,1,0,0,2,2,0,2,0,2,1,1,1,0.1657910900976468,-0.09595510834239043,0,0
0,1,1,0,1.5729808767233588,1,0,1,0,2,2,0,2,2,2,1,2,1.1445895231954935,0.8133997411173853,0,1
1,1,0,0,-0.4223169455581282,1,2,1,0,0,0,0,2,2,0,1,2,1.0614996731871873,-1.7094453952317523,1,1
0,0,0,0,-1.2367242199587352,1,0,0,0,2,0,2,0,0,0,1,1,-0.3227772279511935,0.30077508708833156,1,0
0,0,0,0,0.9621754209229036,1,2,1,0,2,2,0,2,2,1,1,2,1.397182667220744,0.6114378589366526,0,0
1,0,0,0,-1.2774445836787656,1,0,0,2,0,0,0,0,0,0,0,3,-0.44907379996381874,0.4401314411398297,0,0
0,0,1,1,-0.38159658183809786,1,0,0,2,2,0,2,0,0,1,1,3,-0.23304018994222275,0.30077508708833156,0,0
0,1,1,0,1.369379058123207,1,2,0,0,2,2,0,2,0,1,1,0,0.20235062410130134,0.33411775570489577,0,1
0,0,0,0,-1.2774445836787656,1,0,2,1,1,1,1,1,1,0,0,3,-1.502653098069141,-2.7920048515792057,0,0
1,1,0,0,-0.5444780367182193,1,2,1,0,2,0,0,2,0,0,1,2,0.7789941831589463,0.30077508708833156,1,1
1,0,0,0,-0.8702409464784621,1,0,1,2,0,2,0,0,0,0,1,0,0.4898415051300408,0.8958275040495995,0,0
0,0,1,1,-0.9924020376385531,1,0,2,1,1,1,1,1,1,1,1,3,-1.4960059100684764,0.30077508708833156,1,0
0,0,1,1,0.7992939660427822,1,2,1,2,2,2,0,0,2,0,0,0,1.109691786192005,0.4121238807093826,0,0
1,0,0,0,-1.1960038562387048,1,0,2,1,1,1,1,1,1,0,1,2,-1.479387940066815,0.6492126052547771,0,0
0,0,1,1,0.758573602322752,1,0,1,2,2,0,0,0,0,0,1,0,0.47820892612887816,0.09113762874907422,0,0
1,1,0,0,-0.7073594915983407,1,2,1,0,0,0,0,0,0,0,0,2,0.36188313611724954,0.30077508708833156,1,1
1,1,1,0,1.2879383306831464,1,2,1,0,2,2,0,0,2,0,1,2,0.9800716201790471,0.645609762051625,0,1
0,0,0,0,0.18848851024232702,0,1,0,0,0,2,0,0,2,0,1,1,-0.8163309370005319,0.30077508708833156,0,0
1,0,0,0,-0.7888002190384014,1,0,2,1,1,1,1,1,1,2,0,3,-1.4893587220678117,-0.9800451766471687,0,0
1,0,1,0,0.6771328748826912,1,2,0,2,0,0,0,0,0,1,1,2,-0.31280644595019663,-0.7270908315349504,0,0
0,1,0,0,0.5142514200025698,1,2,1,0,0,2,0,2,2,1,1,0,1.2426355462052947,0.3333592505371345,0,1
0,0,0,0,-0.5851984004382496,1,0,1,0,0,0,0,0,0,0,1,2,0.21065960910213194,0.30077508708833156,0,0
1,1,0,0,-1.2774445836787656,1,2,1,0,0,0,0,0,0,0,1,2,0.3303089931140931,0.8352267332233922,1,1
1,0,1,0,1.4508197855632678,0,1,0,2,0,2,0,2,2,2,1,0,-0.3543513709543497,-0.003072727410751731,0,0
1,0,0,0,0.880734693482843,1,0,2,1,1,1,1,1,1,2,0,1,-1.4993295040688086,0.30077508708833156,0,0
0,1,1,1,-0.38159658183809786,1,0,1,0,2,2,0,0,2,0,1,0,0.787303168159777,-1.593538467225245,0,1
1,0,0,0,-0.62591876415828,1,0,1,0,0,2,0,0,0,0,1,2,0.395119076120572,0.30077508708833156,1,0
1,0,1,0,1.5729808767233588,1,2,0,2,2,2,2,0,2,2,0,1,0.5197538511330312,0.5748655271025059,0,0
0,0,1,1,1.4100994218432374,1,0,2,1,1,1,1,1,1,2,1,0,-1.5126238800701375,0.30077508708833156,0,0
0,0,1,1,-0.748079855318371,1,2,1,0,0,0,0,2,0,0,1,2,0.6659919871476498,0.30077508708833156,0,0
0,1,0,0,-1.2774445836787656,0,1,0,0,0,0,0,0,0,0,1,3,-1.2949284730483754,-0.8731008053592575,1,1
0,0,0,1,1.247217966963116,1,0,2,1,1,1,1,1,1,2,0,1,-1.504314895069307,0.30077508708833156,0,0
0,0,0,0,0.35136996512244845,1,2,0,0,0,2,2,0,2,1,1,2,0.12756975909382579,-0.5289661542573416,0,0
0,0,1,0,-0.62591876415828,1,2,1,0,0,0,0,2,2,0,0,2,0.925232319173565,0.30077508708833156,0,0
1,0,1,0,0.9621754209229036,1,2,1,2,0,0,0,2,2,1,1,2,1.1894580421999785,0.5306949951469104,0,0
0,0,0,0,-1.1145631287986442,1,0,2,1,1,1,1,1,1,0,0,1,-1.4694171580658184,0.9927917603794381,0,0
0,0,0,0,-1.2367242199587352,0,1,0,2,2,0,0,0,2,0,1,2,-0.736564680992558,0.811990219898872,1,0
0,0,1,0,-1.1960038562387048,1,0,2,1,1,1,1,1,1,0,1,3,-1.5009913010689746,0.5247598244955631,0,0
1,0,0,0,0.18848851024232702,1,2,0,2,2,2,2,0,0,1,0,2,0.08934842809000525,-0.956342933985193,0,0
0,0,0,0,-0.13727439951791576,1,0,0,2,2,2,0,0,2,0,1,0,0.13587874409465642,-2.221705220860833,1,0
1,0,0,0,-0.9924020376385531,1,0,0,0,0,0,0,0,0,0,0,3,-0.7049905379894018,-0.20613457658577644,0,0
0,0,0,0,1.247217966963116,1,2,1,0,2,2,2,2,2,0,1,1,1.4985522842308774,0.7879601258559682,0,0
0,0,1,1,-1.0331224013585834,1,0,2,1,1,1,1,1,1,0,0,3,-1.4660935640654862,0.30077508708833156,0,0
0,0,0,0,-1.1960038562387048,1,0,1,0,2,0,0,2,2,0,0,2,1.0182929511828682,-0.4867348033255343,0,0
1,0,1,1,1.6137012404433893,1,0,2,1,1,1,1,1,1,2,0,0,-1.4544609850643233,0.30077508708833156,0,0
0,0,0,0,-0.5444780367182193,1,0,0,0,0,0,0,0,2,0,1,2,-0.2845558969473725,0.30077508708833156,0,0
0,0,1,0,1.0843365120829946,1,0,2,1,1,1,1,1,1,2,0,0,-1.5408744290729617,0.30077508708833156,0,0
1,0,1,1,-1.2367242199587352,1,0,1,0,0,2,2,0,2,0,0,1,0.8388188751649267,-2.717135336343393,1,0
0,0,1,1,0.10704778280226633,1,2,2,1,1,1,1,1,1,0,1,2,-1.2965902700485417,0.9568365316114242,0,0
1,0,0,0,-0.748079855318371,1,0,2,1,1,1,1,1,1,0,0,1,-1.5009913010689746,-0.43224894804187575,0,0
0,0,0,0,-0.748079855318371,1,0,1,0,0,2,0,0,0,0,0,2,0.35191235411625243,0.30077508708833156,1,0
0,0,1,1,1.4915401492832983,1,0,2,1,1,1,1,1,1,2,0,1,-1.4943441130683104,0.30077508708833156,0,0
1,1,1,0,-1.0331224013585834,1,2,0,2,2,0,2,0,0,0,0,2,-0.018668376920792765,0.33903406506736833,0,1
1,0,1,1,1.4915401492832983,1,0,0,2,2,2,2,2,0,2,1,0,0.3652067301175816,0.4996971701780155,0,0
0,0,1,1,1.6137012404433893,1,2,0,0,2,0,2,2,2,2,1,2,0.47156173812821356,0.576949316841093,0,0
1,0,0,0,-0.9924020376385531,1,2,1,0,2,0,0,2,2,0,0,2,1.1994288242009752,0.9172151926502006,1,0
0,0,1,1,-1.1552834925186746,1,0,0,2,0,0,0,0,0,0,0,2,-0.4806479429669752,-1.5134487139479391,0,0
1,0,1,1,1.247217966963116,1,0,1,0,2,2,0,0,0,0,1,1,0.5164302571326987,0.3815030523935967,0,0
1,0,0,0,1.6137012404433893,1,0,2,1,1,1,1,1,1,2,0,0,-1.4926823160681442,0.30077508708833156,0,0
0,0,0,0,0.5549717837226001,1,0,2,1,1,1,1,1,1,2,1,2,-1.451137391063991,0.9819419554404781,0,0
0,0,1,0,-1.1145631287986442,1,0,1,0,0,0,0,0,0,0,0,2,0.1724382780983114,-0.23317634744256766,1,0
1,0,1,0,-0.0965540357978854,1,0,0,0,0,2,0,0,0,0,1,3,-0.4906187249679718,0.30077508708833156,0,0
1,0,0,0,1.247217966963116,1,2,1,0,2,2,0,2,2,2,1,0,1.329048990213933,0.714273753920912,0,0
0,0,0,0,1.125056875803025,1,0,2,1,1,1,1,1,1,2,0,0,-1.4926823160681442,0.30077508708833156,0,0
0,0,1,0,1.247217966963116,1,2,1,0,2,2,0,2,2,1,1,2,1.42044782522307,0.7635851143339443,1,0
1,0,1,1,-0.30015585439803716,1,0,1,0,0,0,2,2,0,0,0,2,0.7025515211513048,-1.4304068325055466,0,0
1,0,0,0,-1.2774445836787656,1,0,0,0,0,0,0,0,0,0,1,3,-0.62854787598176,0.26262411773006666,1,0
1,1,1,0,-1.0738427650786138,1,2,1,0,0,2,0,0,0,0,1,2,0.53304822713436,0.2883514363070492,0,1
1,0,0,0,-0.4223169455581282,1,2,2,1,1,1,1,1,1,2,0,3,-1.3132082400502028,0.5616670458204002,0,0
0,0,1,1,-0.055833672077855064,1,2,0,0,2,0,2,2,2,2,0,0,0.5247392421335293,-0.9184885712671389,0,0
0,0,1,1,0.26992923768238775,1,0,1,0,0,2,2,0,0,0,1,0,0.5563133851366857,-0.34780833578362536,0,0
1,0,0,0,-0.2594354906780068,1,0,2,1,1,1,1,1,1,0,0,3,-1.4577845790646555,0.4540146025079606,0,0
0,0,1,0,0.8400143297628127,1,0,1,2,2,2,0,2,2,1,1,0,1.3739175092184182,0.5858309870183918,1,0
0,0,0,0,-1.2774445836787656,1,0,1,0,2,0,2,2,0,0,0,2,0.895319973170575,0.9691667320970863,1,0
1,0,0,0,-0.8295205827584317,1,2,0,2,2,0,2,0,0,0,1,2,0.08270124008934066,0.9281586033233749,0,0
0,0,0,0,-0.6666391278783103,1,2,1,0,2,2,0,0,2,0,1,1,1.0249401391835322,0.30077508708833156,1,0
0,0,0,0,-1.2367242199587352,1,0,2,1,1,1,1,1,1,0,0,3,-1.4760643460664828,0.2589525403775922,0,0
1,0,0,1,0.26992923768238775,0,1,0,2,0,0,2,2,0,1,0,0,-0.6551366279844181,0.30077508708833156,0,0
1,0,0,0,-1.2774445836787656,1,2,1,0,0,0,0,0,0,0,1,2,0.3386179781149237,0.835686000234042,1,0
0,0,1,1,-1.0331224013585834,0,1,0,2,0,0,2,0,0,0,0,3,-1.0007904040189717,-0.935885776945044,0,0
1,1,0,0,-1.1552834925186746,1,0,1,0,0,0,0,0,0,0,0,2,0.15249671409631763,-0.7514886339546577,0,1
1,1,0,0,-0.9109613101984924,1,2,1,0,0,0,0,2,2,0,1,2,1.0166311541827018,0.9633237878191402,1,1
0,0,0,0,0.9214550572028734,1,0,1,0,2,2,0,0,0,0,1,2,0.5579751821368518,0.26668789976458496,0,0
1,0,1,1,1.6137012404433893,1,0,0,0,2,2,0,2,2,2,1,0,0.35357415111641893,0.5206785261180981,0,0
0,0,1,0,-0.9109613101984924,1,0,0,0,0,2,0,2,2,0,1,1,0.10098100709116792,0.7132363462828294,0,0
1,1,0,0,-0.8702409464784621,1,2,1,0,2,2,2,2,2,0,1,2,1.5500679912360276,0.30077508708833156,0,1
0,0,1,1,-0.7073594915983407,1,0,0,0,0,0,0,0,0,0,0,2,-0.613591702980265,0.6943765870442398,0,0
0,0,1,1,-0.38159658183809786,1,0,2,1,1,1,1,1,1,2,0,0,-1.4744025490663168,0.34729930368743855,0,0
1,0,0,1,-1.2774445836787656,1,0,2,1,1,1,1,1,1,0,0,3,-1.4860351280674797,-2.0722856041739153,0,0
0,1,0,0,-1.1960038562387048,1,0,0,0,0,0,0,0,0,0,0,2,-0.6567984249845842,0.30077508708833156,1,1
1,0,1,1,0.5956921474426305,1,0,1,2,2,2,0,0,2,1,1,2,1.0415581091851935,0.22317151980872008,0,0
0,0,0,1,-0.7073594915983407,1,0,2,1,1,1,1,1,1,1,0,3,-1.4993295040688086,-0.6562565602537376,0,0
1,0,0,0,1.369379058123207,1,0,1,0,2,2,0,2,2,0,0,2,1.15456030519649,0.7391069328583267,1,0
0,1,1,0,1.4508197855632678,1,0,0,0,2,2,2,0,0,1,1,0,-0.13665596393258767,0.0725983898223463,0,1
0,0,1,1,-0.62591876415828,1,0,1,0,0,2,2,2,2,1,0,0,1.1246479591934997,0.30077508708833156,1,0
0,0,0,0,-1.0331224013585834,1,0,0,0,0,0,2,2,0,0,1,3,-0.17487729493640844,0.1434028836529237,1,0
1,1,1,0,-0.8295205827584317,1,0,1,0,0,0,0,0,2,0,1,2,0.5214156481331973,0.9892538576339366,1,1
0,1,1,0,-0.46303730927815856,1,2,0,0,2,2,0,0,2,1,0,0,0.2306011731041257,0.30077508708833156,0,1
1,0,0,0,-0.46303730927815856,0,1,0,0,2,0,2,0,0,0,1,3,-0.9559218850144864,0.878601733512747,0,0
0,0,1,1,0.9621754209229036,1,2,0,2,0,0,0,2,0,1,0,0,0.014567563082529699,-0.11894780792595148,0,0
0,0,1,1,-1.0738427650786138,1,2,0,0,0,0,0,0,0,0,1,1,-0.5255164619714603,-0.6300655898385057,0,0
0,1,0,0,1.3286586944031769,0,1,0,0,2,2,0,2,2,2,1,0,-0.3742929349563432,-0.11656510325312226,0,1
1,0,1,0,0.3920903288424788,1,2,0,2,0,0,2,2,2,1,0,1,0.5214156481331973,-0.19063805138998435,0,0
0,0,1,1,1.4508197855632678,1,2,1,2,0,2,2,2,2,2,1,0,1.4719635322282196,0.8482338881778968,0,0
1,0,1,1,0.6364125111626608,1,2,2,1,1,1,1,1,1,2,0,0,-1.2783105030467143,0.30077508708833156,0,0
0,1,0,0,0.7178532386027215,1,2,1,0,2,0,2,2,2,1,1,2,1.397182667220744,0.49357456782215725,0,1
0,1,0,0,-1.0331224013585834,1,0,0,0,2,2,0,2,0,0,1,2,0.006258578081699082,0.3979981813414986,0,1
0,0,1,1,1.247217966963116,1,0,2,1,1,1,1,1,1,2,0,2,-1.5093002860698053,0.30077508708833156,0,0
1,0,0,0,-0.62591876415828,1,0,2,1,1,1,1,1,1,0,0,1,-1.451137391063991,0.020028258854824236,0,0
0,0,1,1,0.3920903288424788,1,0,1,0,0,0,0,2,0,0,1,1,0.4383257981248911,-0.18680115373458092,1,0
1,0,1,1,-1.1552834925186746,1,0,2,1,1,1,1,1,1,0,0,3,-1.5259182560714666,0.9331692977476658,0,0
0,0,0,1,1.2064976032430856,1,2,2,1,1,1,1,1,1,2,0,0,-1.288281285047711,0.30077508708833156,0,0
1,1,0,0,-1.2367242199587352,1,0,1,0,2,0,0,0,0,0,1,2,0.3303089931140931,0.30077508708833156,1,1
0,0,1,0,-1.2367242199587352,1,0,1,0,0,0,0,0,0,0,1,2,0.1857326540996401,0.30077508708833156,0,0
1,0,1,0,0.6364125111626608,1,2,1,2,2,2,0,2,0,2,1,0,1.068146861187852,0.2507448921533145,0,0
1,0,1,0,-0.21871512695797646,1,0,2,1,1,1,1,1,1,2,0,0,-1.502653098069141,0.4590460338645297,0,0
0,0,1,1,1.5322605130033284,1,0,0,0,2,2,2,2,2,2,1,0,0.5197538511330312,0.5727773861155798,0,0
1,1,0,0,-1.2774445836787656,1,2,1,0,0,2,0,2,0,0,1,2,0.7989357471609396,0.9562261881368928,1,1
1,0,1,0,0.5549717837226001,1,2,1,0,2,2,0,2,0,1,1,2,0.9933659961803764,0.19829637862595456,0,0
1,0,0,0,-0.0965540357978854,1,0,1,0,0,0,0,2,2,0,1,2,0.8471278601657574,-0.6103753656902695,1,0
0,0,0,0,-0.7073594915983407,1,2,0,2,0,0,0,0,2,0,1,0,-0.003712203919297562,1.0031368176250015,1,0
1,0,1,1,1.4915401492832983,1,2,1,0,2,2,0,2,0,1,0,1,1.0299255301840309,0.7111582967697395,0,0
1,0,0,0,1.3286586944031769,1,0,2,1,1,1,1,1,1,2,1,1,-1.502653098069141,0.30077508708833156,0,0
1,1,1,1,1.6137012404433893,1,0,1,2,0,2,2,2,2,2,1,1,1.3074456292117733,0.8407240650465644,0,1
1,1,1,0,-0.7888002190384014,1,0,1,0,2,0,2,0,2,0,1,0,0.8072447321617703,0.30077508708833156,1,1
1,0,0,0,-0.62591876415828,1,0,2,1,1,1,1,1,1,1,1,3,-1.4843733310673135,-0.589154723118913,0,0
1,0,1,0,0.758573602322752,1,2,1,2,0,2,2,2,2,1,1,2,1.5550533822365258,0.5742693601911101,0,0
1,0,1,1,0.758573602322752,1,0,0,2,2,0,2,0,0,2,0,1,-0.14164135493308597,-0.3403387318152849,0,0
0,0,1,0,1.6137012404433893,1,2,0,2,2,2,2,2,2,2,1,0,0.8703930181680831,0.7056827818055479,0,0
1,0,1,1,1.4100994218432374,1,2,1,0,2,2,0,0,0,1,0,2,0.7524054311562884,0.6125863717162371,1,0
1,0,0,0,0.06632741908223598,1,0,2,1,1,1,1,1,1,0,0,3,-1.4976677070686424,0.7449058552177787,0,0
1,0,1,0,1.4100994218432374,0,1,0,2,2,0,2,0,2,2,1,0,-0.4590445819648154,-0.11478179308239711,0,0
0,0,1,0,0.6771328748826912,1,0,2,1,1,1,1,1,1,1,1,0,-1.4860351280674797,0.9749757346010879,0,0
1,0,1,1,0.8400143297628127,1,0,2,1,1,1,1,1,1,2,1,3,-1.5076384890696393,0.30077508708833156,0,0
1,0,0,0,-0.21871512695797646,1,2,0,0,0,2,2,0,0,0,0,2,-0.17653909193657447,0.30077508708833156,0,0
0,1,0,0,-0.38159658183809786,1,0,1,0,2,0,0,2,2,0,1,2,0.9966895901807084,-1.203624338521156,1,1
1,0,0,0,1.4915401492832983,1,2,0,2,2,2,2,0,2,2,1,1,0.5563133851366857,0.5390690448550761,0,0
0,0,1,1,-1.2367242199587352,0,1,0,0,0,0,2,0,0,0,0,0,-1.1869116680375775,0.23034677073300175,0,0
0,0,0,0,0.10704778280226633,1,2,1,0,0,0,0,2,0,0,1,2,0.720831288153132,-0.40171873322852697,1,0
0,0,1,0,0.5549717837226001,1,0,0,2,2,0,2,0,2,1,0,3,0.19404163910047073,-0.27063989926084686,0,0
0,0,0,0,0.880734693482843,1,2,1,0,2,0,0,2,2,2,1,0,1.0781176431888486,0.4459112826946535,0,0
0,0,1,0,0.9621754209229036,1,2,1,0,2,0,0,2,2,1,1,2,1.113015380192337,0.528512449534469,1,0
0,0,1,0,-0.9516816739185228,1,0,1,0,0,2,0,0,0,0,1,0,0.3652067301175816,0.7171210881359603,1,0
1,0,0,0,-0.5037576729981889,1,2,0,2,0,0,2,0,0,0,0,0,-0.18484807693740507,0.30077508708833156,0,0
1,0,0,0,-0.8702409464784621,1,0,1,0,2,0,0,0,0,0,1,3,0.37019212111808014,0.9509208818297621,0,0
0,1,1,0,-0.0965540357978854,1,2,1,0,2,0,0,2,0,0,1,2,0.8404806721650927,-0.7347893928654844,0,1
1,0,1,0,1.4508197855632678,1,0,0,2,2,2,0,0,2,2,0,0,0.20567421810163386,0.33563304222904683,0,0
1,1,1,0,0.22920887396235737,1,2,1,0,2,2,0,2,2,0,1,2,1.2575917192067896,0.08288621735696236,0,1
0,1,1,0,-0.62591876415828,1,2,1,2,0,2,0,0,0,0,1,0,0.684271754149477,0.30077508708833156,1,1
1,0,0,0,0.6364125111626608,1,2,1,0,2,2,0,2,2,1,1,1,1.3739175092184182,0.4373999129387194,1,0
0,0,0,0,-1.2774445836787656,1,0,0,0,0,0,0,0,0,0,0,2,-0.6966815529885713,0.1926349967293135,0,0
1,0,1,1,1.247217966963116,0,1,0,2,2,2,0,2,2,2,0,2,-0.19149526493806968,-0.033267520825320855,0,0
0,0,0,0,-1.1960038562387048,1,0,0,0,0,2,0,2,2,1,1,2,0.1724382780983114,-1.4215916453976092,0,0
0,0,0,0,0.6364125111626608,1,2,2,1,1,1,1,1,1,1,0,0,-1.343120586053193,0.30077508708833156,0,0
1,0,0,0,1.369379058123207,0,1,0,0,0,0,2,0,0,1,0,1,-1.1736172920362484,-2.1419500455484854,0,0
0,0,1,1,1.4508197855632678,1,2,1,0,2,2,0,0,0,2,1,1,0.6526976111463211,0.5811039148465,0,0
1,1,0,0,-0.62591876415828,1,0,0,0,0,0,0,0,0,0,1,2,-0.6551366279844181,0.8686552851624926,1,1
0,0,1,1,-1.0331224013585834,1,0,2,1,1,1,1,1,1,1,0,3,-1.4660935640654862,0.30077508708833156,0,0
1,0,1,0,1.6137012404433893,1,2,0,2,2,2,2,2,2,2,1,0,0.7424346491552913,0.6694774707683329,0,0
0,0,1,0,-0.13727439951791576,1,0,2,1,1,1,1,1,1,0,0,3,-1.4926823160681442,0.5757591115957539,0,0
1,0,1,0,0.18848851024232702,1,0,1,0,0,2,2,0,2,0,1,2,0.8504514541660894,-0.17034264110995584,0,0
0,0,0,0,0.06632741908223598,1,2,1,2,2,2,0,2,2,0,1,3,1.4968904872307114,-0.08378996828614908,1,0
0,1,0,0,0.3920903288424788,1,2,1,0,0,0,0,2,0,0,1,2,0.6610065961471517,-0.10591263550660657,1,1
0,0,1,1,1.0843365120829946,1,2,0,2,2,0,2,0,0,1,0,3,0.02453834508352634,0.0011673399909642905,0,0
1,0,1,1,-0.8702409464784621,1,0,1,0,0,0,0,2,0,0,1,0,0.4898415051300408,0.9523520046139284,1,0
1,1,1,1,1.125056875803025,1,2,1,2,0,0,0,0,0,0,1,2,0.5380336181348585,0.36766837700978694,0,1
0,0,0,0,-0.21871512695797646,1,0,0,0,2,0,2,0,0,0,1,3,-0.28621769394753876,0.30077508708833156,0,0
0,0,0,0,-1.2774445836787656,1,2,1,0,0,0,0,0,2,0,0,3,0.6992279271509723,0.9420844791137162,1,0
1,1,0,0,-1.2774445836787656,1,0,1,0,0,0,0,2,0,0,1,2,0.47654712912871167,0.8886679810212652,1,1
1,0,1,0,-0.62591876415828,0,1,0,2,0,2,0,0,0,0,0,3,-1.0090993890198023,0.6134468914812845,0,0
1,0,1,0,1.0436161483629645,1,0,2,1,1,1,1,1,1,2,0,3,-1.462769970065154,0.30077508708833156,0,0
1,0,1,1,-1.2774445836787656,1,0,2,1,1,1,1,1,1,1,0,3,-1.5275800530716328,0.30077508708833156,0,0
0,0,1,1,-1.1960038562387048,1,0,0,0,0,0,0,0,0,0,0,3,-0.6800635829869099,0.30077508708833156,1,0
0,0,0,0,0.8400143297628127,1,2,1,2,2,2,0,0,0,0,0,2,0.8654076271675846,0.3962183560810794,0,0
1,0,0,0,0.10704778280226633,1,2,2,1,1,1,1,1,1,0,1,2,-1.3015756610490399,0.965745699892081,0,0
1,0,1,1,0.7178532386027215,1,2,1,2,0,2,0,2,2,0,0,1,1.3689321182179202,0.49325128484571346,1,0
1,0,1,1,1.4508197855632678,1,2,0,0,2,0,2,0,2,2,0,1,0.2006888271011353,0.36840130926289,0,0
1,0,1,0,0.5956921474426305,1,2,2,1,1,1,1,1,1,0,0,2,-1.3082228490497045,0.30077508708833156,0,0
0,1,1,0,1.3286586944031769,1,2,1,0,2,2,0,2,2,0,1,0,1.463654547227389,0.7965916889000401,0,1
1,0,0,0,-1.1145631287986442,1,0,1,0,0,0,0,0,0,0,1,2,0.1657910900976468,-0.2637231196407965,1,0
1,0,1,0,0.758573602322752,1,2,1,0,0,0,0,2,2,0,1,2,0.9933659961803764,0.35660943803692663,1,0
0,0,0,0,0.5549717837226001,1,2,1,0,0,0,0,2,2,0,0,0,1.0398963121850275,0.22444148742010944,1,0
0,0,0,0,-0.9516816739185228,1,2,1,0,0,0,0,0,0,0,1,2,0.4017662641212361,0.7281744314512559,0,0
0,0,0,0,-0.9924020376385531,1,0,2,1,1,1,1,1,1,2,0,3,-1.479387940066815,0.30077508708833156,0,0
1,0,0,0,-0.748079855318371,1,2,2,1,1,1,1,1,1,1,1,1,-1.328164413051698,-0.28321195786267744,0,0
0,0,0,0,0.5142514200025698,1,2,1,2,2,2,2,2,2,0,1,2,1.6913207362501481,0.4445543223449709,0,0
0,0,0,0,-0.9924020376385531,1,2,1,0,0,0,0,0,0,0,1,1,0.32698539911376057,0.5203638890698513,0,0
1,1,0,1,-1.2774445836787656,1,0,0,0,0,2,0,0,0,0,1,3,-0.4856333339674735,0.4138756454463487,1,1
1,0,1,1,1.369379058123207,1,0,1,2,2,2,0,2,2,1,1,0,1.2758714862086173,0.7910856804162338,0,0
1,0,1,1,1.6137012404433893,1,2,0,2,2,2,2,0,0,2,0,1,0.2438955491054544,0.4215471616614498,0,0
0,0,1,0,0.35136996512244845,1,2,1,2,2,2,2,2,2,0,1,0,1.6231870592433366,0.29349738386751056,1,0
0,0,1,1,-0.38159658183809786,1,2,2,1,1,1,1,1,1,2,0,3,-1.3181936310507012,0.6508710880197814,0,0
0,0,0,0,-0.13727439951791576,1,0,1,0,0,0,0,2,0,0,1,2,0.46989994112804756,-1.0638850926420327,1,0
0,0,0,0,-1.1552834925186746,1,2,1,2,0,0,0,0,0,0,1,2,0.5114448661322006,-0.29594408768190883,0,0
1,0,1,1,-1.0738427650786138,1,2,2,1,1,1,1,1,1,2,0,3,-1.3082228490497045,0.30077508708833156,0,0
0,1,1,0,1.4100994218432374,1,2,1,2,2,2,2,0,2,1,1,1,1.3506523512160928,0.7915656690647277,0,1
1,1,0,1,-1.0331224013585834,1,0,0,0,0,0,0,0,0,0,1,3,-0.6318714699820923,-0.15972593704280147,0,1
1,0,1,1,0.9621754209229036,1,2,2,1,1,1,1,1,1,1,1,3,-1.3397969920528607,0.30077508708833156,0,0
0,0,1,0,1.6137012404433893,1,2,2,1,1,1,1,1,1,2,0,1,-1.3215172250510334,-3.8357387044438,0,0
1,0,1,0,1.6137012404433893,1,2,0,2,2,2,0,2,2,2,1,2,0.6809481601491449,0.6458873651504874,0,0
1,0,1,1,-0.38159658183809786,1,0,2,1,1,1,1,1,1,2,0,1,-1.5009913010689746,0.17944663175343228,0,0
0,0,0,1,0.10704778280226633,1,2,0,0,0,0,0,0,0,0,0,3,-0.4856333339674735,0.30077508708833156,0,0
1,1,1,0,-0.21871512695797646,1,0,1,0,0,0,0,0,0,0,1,2,0.19237984210030468,-2.3574959034385365,0,1
0,0,1,1,-0.2594354906780068,1,2,0,0,2,0,2,0,0,0,1,2,-0.15659752793458118,0.30077508708833156,1,0
1,0,1,1,-0.8295205827584317,1,2,2,1,1,1,1,1,1,1,0,3,-1.2749869090463821,-0.3270324577957495,0,0
0,0,0,0,0.3106496014024181,1,0,2,1,1,1,1,1,1,2,0,3,-1.4827115340671475,0.904866111198585,0,0
1,0,1,1,-1.0331224013585834,0,1,0,2,2,2,0,2,2,0,0,3,-0.196480655938568,0.3068321421652954,0,0
1,0,1,1,1.5322605130033284,1,2,1,2,2,0,0,2,0,0,1,1,1.0897502221900113,0.7322563141780871,0,0
1,0,1,1,1.125056875803025,1,0,2,1,1,1,1,1,1,2,0,1,-1.4993295040688086,0.30077508708833156,0,0
1,0,1,1,0.26992923768238775,0,1,0,0,0,0,0,0,0,1,1,1,-1.3132082400502028,0.9868882828599219,0,0
1,0,1,0,1.6137012404433893,1,2,1,2,2,2,2,2,2,2,0,1,1.651437608246161,0.9319189759620412,0,0
0,0,0,0,-1.2774445836787656,0,1,0,0,0,0,0,2,0,0,1,2,-0.9991286070188055,-0.18297892161057558,1,0
1,0,1,1,0.880734693482843,1,2,0,0,2,0,2,2,0,1,1,2,0.19736523310080326,-0.011607180887159379,0,0
1,0,0,0,-1.1960038562387048,1,2,1,0,0,0,0,0,2,0,1,2,0.682609957149311,-0.7216279209349551,1,0
0,0,1,1,1.247217966963116,1,0,0,2,2,2,2,2,0,2,0,1,0.358559542116917,0.3261246109254436,0,0
1,0,1,1,1.5729808767233588,1,2,1,0,2,0,2,0,0,2,1,2,0.6659919871476498,0.6593963702300021,0,0
0,0,0,0,0.3920903288424788,1,0,2,1,1,1,1,1,1,1,1,3,-1.4660935640654862,0.9916138496677318,0,0
1,0,0,0,0.5956921474426305,1,0,2,1,1,1,1,1,1,2,0,0,-1.4727407520661506,0.9853081184216961,0,0
0,0,1,1,1.369379058123207,1,2,1,0,2,2,0,2,2,1,1,1,1.2526063282062914,0.7271513520447153,1,0
0,0,1,0,-0.46303730927815856,1,2,1,2,0,2,0,2,2,0,1,0,1.3174164112127704,-1.4085128756975576,1,0
1,0,0,0,-0.8702409464784621,0,1,0,0,2,0,2,0,0,0,1,2,-0.9675544640156493,0.1763441572097429,0,0
1,0,0,1,-1.2774445836787656,1,2,1,0,0,2,0,2,2,0,1,2,1.1628692901973208,1.0015821408828405,1,0
0,1,1,0,0.9214550572028734,1,2,1,0,2,2,2,0,0,0,0,2,0.8537750481664219,0.4308824727098485,0,1
1,0,0,0,1.4915401492832983,1,2,1,0,2,2,2,2,0,2,1,1,1.0930738161903437,0.7438997595231666,0,0
0,1,0,0,-1.1960038562387048,1,0,1,0,0,2,0,0,0,0,0,2,0.3020584441112687,-2.266653176400155,0,1
1,0,0,0,-1.1552834925186746,1,0,0,0,0,2,2,2,2,0,1,2,0.32033821111309646,-0.43879687395919953,1,0
1,1,0,0,-0.0965540357978854,1,2,0,0,0,2,2,2,0,2,1,1,0.14418772909548702,-1.6749359391441383,0,1
0,0,0,0,-1.1145631287986442,1,2,1,0,0,2,2,0,0,0,1,2,0.5978583101408388,0.1511716334505485,0,0
0,0,1,0,1.5729808767233588,1,2,2,1,1,1,1,1,1,2,1,1,-1.341458789053027,0.30077508708833156,0,0
0,0,0,0,-0.13727439951791576,1,2,0,0,2,0,0,0,0,1,1,2,-0.3161300399505289,0.30077508708833156,0,0
1,0,1,0,0.7992939660427822,1,2,0,0,2,0,2,0,0,0,0,0,-0.11339080593026184,-0.3117289956664936,0,0
1,0,0,0,1.4508197855632678,1,2,0,2,2,2,0,0,2,1,0,1,0.39844267012090406,0.4687022655227902,0,0
0,0,1,1,0.5549717837226001,1,0,2,1,1,1,1,1,1,2,0,3,-1.5076384890696393,0.9951434275357506,0,0
1,0,0,0,-0.9924020376385531,1,0,0,0,0,0,0,0,2,0,1,1,-0.3327480099521901,0.21850112447851772,0,0
1,0,1,0,1.6137012404433893,1,0,2,1,1,1,1,1,1,2,0,1,-1.4976677070686424,0.30077508708833156,0,0
0,0,0,0,-0.62591876415828,1,0,2,1,1,1,1,1,1,1,0,0,-1.491020519067978,-0.2727242968452116,0,0
1,0,0,0,-1.1960038562387048,1,0,1,0,2,2,2,2,2,0,1,2,1.435403998224565,-0.30452313501519646,0,0
0,1,0,0,-1.2367242199587352,1,0,1,0,2,0,0,2,0,0,1,0,0.6327560471443273,0.30077508708833156,0,1
0,0,0,0,-0.9516816739185228,1,0,1,2,0,0,0,0,0,0,1,1,0.3153528201125979,0.6946409788650431,1,0
0,0,0,0,0.758573602322752,0,1,0,0,2,2,0,2,2,1,1,1,-0.2779087089467081,-0.48845929061545457,0,0
0,0,1,1,-1.0738427650786138,1,0,2,1,1,1,1,1,1,2,0,3,-1.4843733310673135,0.30077508708833156,0,0
0,0,1,0,-1.1960038562387048,1,2,1,0,0,0,0,2,2,0,0,2,1.001674981181207,-0.6310603522121967,0,0
0,1,0,0,-0.62591876415828,1,2,1,0,0,0,0,2,2,0,1,2,0.9784098231788811,0.30077508708833156,0,1
1,0,1,0,-0.0965540357978854,1,2,0,0,0,0,0,0,0,0,0,2,-0.49394231896830415,0.30077508708833156,0,0
1,0,0,0,-0.055833672077855064,1,2,0,0,2,0,2,2,0,0,1,2,0.2089978121019659,-1.5255476275463533,0,0
0,0,0,0,0.5142514200025698,1,0,0,2,0,2,2,2,2,2,0,0,0.5612987761371843,-0.07177104193381209,0,0
1,0,1,0,1.2879383306831464,1,2,1,2,2,2,0,0,0,1,0,0,0.8205391081630994,0.5673877727660084,0,0
1,0,0,0,-1.2774445836787656,1,2,0,0,0,0,0,2,0,0,1,2,-0.16324471593524553,0.6102880255585937,1,0
0,1,0,0,-1.2774445836787656,1,0,1,0,0,0,0,0,0,0,1,2,0.16080569909714826,0.7699799961762029,1,1
1,1,1,1,1.1657772395230555,1,2,1,0,2,0,0,2,2,1,0,2,1.1379423351948288,0.6225799868287247,0,1
1,0,0,0,-1.2774445836787656,1,0,2,1,1,1,1,1,1,0,0,3,-1.5192710680708021,-2.8729367597923128,0,0
1,0,0,0,-0.9516816739185228,0,1,0,0,0,0,0,2,2,0,1,2,-0.6435040489832552,0.15526019678408653,1,0
1,0,1,1,1.6137012404433893,1,2,1,2,2,2,2,2,2,2,0,0,1.651437608246161,0.9112726041088964,0,0
0,0,0,0,-1.2774445836787656,1,0,2,1,1,1,1,1,1,0,0,3,-1.504314895069307,-2.80068054487555,1,0
0,0,1,0,-1.0331224013585834,1,0,0,0,0,0,0,0,0,0,1,3,-0.681725379987076,-0.33440296275388415,0,0
0,0,1,0,1.369379058123207,1,2,1,0,2,2,2,0,0,1,1,0,0.8570986421667539,0.6552803084181644,0,0
1,0,0,0,-1.2774445836787656,1,0,1,0,0,0,0,0,0,0,1,2,0.17077648109814536,0.7714499486745521,1,0
1,0,1,1,0.3106496014024181,1,0,2,1,1,1,1,1,1,0,1,0,-1.4744025490663168,0.8409524660088037,0,0
1,0,0,0,-0.6666391278783103,1,2,0,0,2,2,0,0,2,0,1,0,0.22063039110312907,0.30077508708833156,0,0
0,0,0,0,-1.2367242199587352,1,0,1,0,2,0,0,2,0,0,1,0,0.7440964461554579,-4.996840114772366,1,0
1,0,1,0,1.4100994218432374,1,2,2,1,1,1,1,1,1,2,0,1,-1.3265026160515319,0.30077508708833156,0,0
0,0,1,0,0.35136996512244845,1,0,1,2,2,2,0,2,2,1,1,0,1.3190782082129364,0.14798004236238024,0,0
0,0,1,1,0.9621754209229036,1,0,2,1,1,1,1,1,1,2,1,1,-1.4943441130683104,0.30077508708833156,0,0
0,0,0,0,1.6137012404433893,1,2,1,2,2,2,2,2,2,2,1,0,1.7179094882528059,0.903150758587467,0,0
0,0,1,1,-1.1960038562387048,1,2,1,0,0,0,0,0,2,0,1,0,0.6643301901474837,-0.7205389109139217,1,0
0,0,1,0,0.880734693482843,1,0,2,1,1,1,1,1,1,2,0,1,-1.4860351280674797,0.30077508708833156,0,0
1,1,0,0,0.7992939660427822,1,2,1,0,2,2,2,2,2,0,1,2,1.5284646302338678,0.5990073136821203,0,1
0,0,0,0,0.7178532386027215,1,0,1,0,0,2,2,0,2,2,1,0,0.82884809316393,0.19568741525091185,0,0
1,0,0,0,-0.748079855318371,1,2,1,0,0,0,2,2,0,0,1,2,0.8371570781647607,0.30077508708833156,1,0
1,0,1,0,-0.21871512695797646,1,0,0,2,0,0,0,0,0,1,0,1,-0.533825446972291,0.30077508708833156,0,0
0,1,1,0,1.6137012404433893,1,2,1,2,2,2,2,0,0,2,1,0,1.0581760791868549,0.7566522746751679,0,1
1,0,0,0,1.2064976032430856,1,0,0,2,2,0,0,2,2,1,1,1,0.3170146171127639,0.3226793219077256,0,0
0,0,0,0,-0.8295205827584317,1,0,0,0,2,0,2,0,0,0,1,2,-0.3477041829536853,0.7147920544383948,0,0
0,1,0,0,0.47353105628253944,1,0,0,0,0,2,2,2,2,1,0,0,0.33529438411459117,-0.2473154713030888,0,1
1,0,1,1,0.880734693482843,1,0,1,0,2,0,2,0,0,2,1,0,0.5047976781315361,0.2129532962326755,0,0
0,0,0,0,1.4508197855632678,1,0,2,1,1,1,1,1,1,2,0,0,-1.4860351280674797,0.30077508708833156,0,0
1,0,0,0,-0.5037576729981889,1,0,2,1,1,1,1,1,1,0,0,3,-1.5076384890696393,0.1420256407188487,0,0
1,0,1,1,0.7178532386027215,1,2,0,0,0,2,0,0,0,1,0,0,-0.32776261895169184,-0.7481264020355594,0,0
1,0,0,0,1.0436161483629645,1,2,2,1,1,1,1,1,1,2,1,1,-1.3397969920528607,0.30077508708833156,0,0
1,0,1,1,0.10704778280226633,1,2,1,0,2,0,0,2,0,0,1,0,0.827186296163764,-0.31607756822031263,0,0
0,0,0,0,-1.2367242199587352,1,0,0,0,0,0,0,0,0,0,1,2,-0.6435040489832552,0.9020771670755388,0,0
1,0,1,1,1.247217966963116,1,2,0,2,0,2,2,0,2,2,0,3,0.36354493311741554,0.31536671808431743,0,0
0,0,1,0,1.0436161483629645,1,2,1,2,2,2,0,2,2,1,1,1,1.5251410362335358,0.7127172386039926,0,0
0,0,1,1,-0.21871512695797646,1,0,2,1,1,1,1,1,1,1,1,3,-1.4694171580658184,0.5981342727669017,0,0
0,0,1,0,1.5729808767233588,1,2,1,2,2,2,2,2,2,2,1,1,1.6747027662484868,0.9074336356369999,0,0
0,0,0,0,1.247217966963116,1,0,0,0,0,2,0,0,2,1,0,1,-0.20645143793956489,-0.12253254377512311,0,0
1,0,1,0,1.5729808767233588,1,2,1,0,2,2,0,0,2,0,1,0,0.9468356801757247,0.7325108794715435,0,0
0,1,0,0,0.35136996512244845,1,2,1,2,2,2,0,2,2,0,1,2,1.609892683242008,0.3192221218247067,1,1
1,1,0,0,-0.7888002190384014,1,0,1,0,0,0,0,2,2,0,1,2,0.8554368451665879,0.30077508708833156,1,1
1,0,0,0,-1.2367242199587352,1,0,1,0,0,0,0,2,0,0,0,2,0.4732235351283796,0.30077508708833156,1,0
0,0,1,1,1.4508197855632678,1,0,2,1,1,1,1,1,1,2,1,0,-1.5093002860698053,0.30077508708833156,0,0
1,0,1,1,-1.2774445836787656,1,0,0,2,0,0,0,0,0,0,1,3,-0.532163649972125,0.35140644554483996,0,0
1,1,0,0,1.3286586944031769,1,2,1,2,0,2,2,2,2,2,1,2,1.4719635322282196,0.8008796912899943,0,1
1,1,1,0,1.6137012404433893,1,2,2,1,1,1,1,1,1,2,1,0,-1.3215172250510334,0.30077508708833156,0,1
0,0,0,0,-0.1779947632379461,1,2,0,0,0,0,2,0,0,0,1,1,-0.32776261895169184,0.30077508708833156,0,0
1,0,1,1,1.6137012404433893,1,2,2,1,1,1,1,1,1,2,0,1,-1.329826210051864,-3.5224180317264837,0,0
0,0,0,0,-1.2367242199587352,1,0,1,2,2,0,0,2,0,0,1,2,0.8770402061687477,0.30077508708833156,0,0
0,0,0,1,-0.5851984004382496,1,0,2,1,1,1,1,1,1,1,0,0,-1.4827115340671475,0.04463522839782928,1,0
1,1,1,0,1.125056875803025,1,2,1,0,2,2,0,2,2,1,1,2,1.3157546142126038,0.686678657378422,0,1
0,1,0,0,-0.2594354906780068,1,2,0,0,0,0,2,0,2,0,1,2,0.042818112085353605,0.30077508708833156,0,1
1,0,0,1,-1.2774445836787656,1,0,1,0,0,0,0,0,0,0,1,2,0.22893937610395967,0.7996904227142168,1,0
0,0,0,0,-1.1552834925186746,1,0,2,1,1,1,1,1,1,0,0,3,-1.4760643460664828,0.8675439924966181,1,0
1,0,1,1,1.4508197855632678,1,2,0,2,2,2,2,2,2,2,1,1,0.9119379431722362,0.6951695528899086,0,0
0,0,0,0,0.22920887396235737,1,0,1,0,2,2,2,0,0,0,1,1,0.6477122201458225,-0.24935176514939703,1,0
0,1,1,0,0.3920903288424788,1,2,1,2,0,2,0,2,2,1,1,0,1.3440051632154282,0.2938921313179116,0,1
0,0,1,0,1.002895784642934,1,0,2,1,1,1,1,1,1,2,1,0,-1.5009913010689746,0.30077508708833156,0,0
1,0,1,0,0.880734693482843,0,1,0,0,2,0,0,0,0,0,0,2,-1.1420431490330922,0.30077508708833156,0,0
0,0,0,0,-0.8295205827584317,1,0,1,0,0,0,0,0,2,0,0,0,0.4433111891253892,0.9864934757749276,1,0
0,0,1,0,0.47353105628253944,1,0,0,2,2,2,0,0,0,1,1,3,-0.10840541492976351,-0.641062783292781,0,0
1,0,1,1,0.3920903288424788,1,2,0,2,2,0,0,2,0,0,1,0,0.15415851109648415,-0.38290594055067073,0,0
1,0,1,1,1.6137012404433893,1,2,2,1,1,1,1,1,1,2,0,0,-1.329826210051864,0.30077508708833156,0,0
0,0,1,1,1.5729808767233588,1,2,0,2,2,2,2,2,2,2,0,3,0.8737166121684152,0.6770394227857042,0,0
0,0,1,0,-0.5444780367182193,1,2,1,0,0,2,0,0,2,0,0,3,0.827186296163764,0.30077508708833156,1,0
0,0,1,0,-0.38159658183809786,1,2,0,0,0,0,2,2,2,0,1,1,0.2954112561106046,0.30077508708833156,0,0
0,0,0,0,-0.0965540357978854,1,0,2,1,1,1,1,1,1,2,0,1,-1.5076384890696393,0.587597894049645,0,0
1,0,0,0,0.10704778280226633,1,2,2,1,1,1,1,1,1,1,0,0,-1.2816340970470463,0.9904345498459727,0,0
0,0,0,0,-0.9109613101984924,1,2,1,2,0,0,0,2,2,0,1,2,1.1279715531938321,0.9974895773261205,1,0
1,0,0,0,-1.2774445836787656,1,0,0,0,0,0,0,0,0,0,1,0,-0.6950197559884049,0.1930716273772287,0,0
1,0,0,0,-0.4223169455581282,1,0,1,0,0,0,0,0,0,0,1,3,0.16412929309748078,0.30077508708833156,0,0
1,0,1,1,-1.0331224013585834,0,1,0,2,2,2,0,0,0,2,0,3,-0.8711702380060141,-0.579655858253516,0,0
0,0,0,0,0.14776814652229667,0,1,0,2,2,2,2,0,2,2,1,3,-0.3875873109576722,-2.6625473932321224,0,0
0,0,1,1,0.06632741908223598,1,0,2,1,1,1,1,1,1,0,0,3,-1.4660935640654862,0.8082217546503451,0,0
1,0,1,1,1.6137012404433893,1,2,0,2,2,2,0,0,0,2,0,1,-0.010359391919962149,0.329938839520042,0,0
1,0,1,1,0.14776814652229667,1,2,2,1,1,1,1,1,1,2,0,1,-1.3181936310507012,0.9797577963965203,0,0
0,0,0,0,-1.2774445836787656,1,0,1,0,0,2,0,0,0,0,0,2,0.3851482941195749,0.8577109952988723,1,0
0,0,0,0,-0.38159658183809786,1,2,1,0,2,0,0,0,0,0,1,2,0.47820892612887816,0.30077508708833156,1,0
1,1,1,0,-0.015113308357824713,1,2,1,0,0,0,0,0,2,0,1,2,0.6726391751483144,-0.7183644422557963,1,1
0,0,1,1,1.5729808767233588,1,2,1,2,2,2,2,0,0,1,1,1,1.0099839661820376,0.7479180831506241,0,0
0,1,0,0,-0.38159658183809786,1,2,1,0,0,2,0,0,0,0,1,3,0.48485611412954227,-4.611560905987005,0,1
1,0,1,0,-0.62591876415828,1,0,1,0,0,2,0,2,2,1,1,0,1.0598378761870213,0.30077508708833156,0,0
1,0,0,0,-1.2774445836787656,1,0,0,0,0,2,2,2,2,0,1,2,0.356897745116751,0.846418497142247,0,0
1,0,1,1,-0.8295205827584317,1,0,2,1,1,1,1,1,1,2,0,3,-1.4976677070686424,-0.7811114746540222,0,0
0,0,1,0,1.6137012404433893,1,0,2,1,1,1,1,1,1,2,0,1,-1.4710789550659844,0.30077508708833156,0,0
1,0,0,0,-1.2774445836787656,1,0,2,1,1,1,1,1,1,0,0,3,-1.5142856770703037,-2.8452252736859345,0,0
1,1,1,0,1.6137012404433893,1,2,1,0,2,0,0,2,2,2,0,0,1.116338974192669,0.7746274524607774,0,1
1,0,1,1,1.125056875803025,1,2,1,0,0,0,0,0,0,0,0,0,0.31867641411292996,0.24412992275803977,0,0
0,0,1,1,1.1657772395230555,0,1,0,0,2,2,2,2,0,2,0,1,-0.44575020596348647,-0.2609697481467671,0,0
0,0,1,0,-1.0738427650786138,1,0,0,0,0,0,0,0,0,0,0,3,-0.6351950639824246,-0.2713342158215761,0,0
1,1,1,0,-0.015113308357824713,1,2,1,0,0,0,0,0,2,0,0,2,0.682609957149311,-0.689462716145841,1,1
0,0,0,1,-0.055833672077855064,1,2,1,0,0,0,0,2,0,0,1,1,0.7241548821534641,-0.6613728894395994,1,0
1,0,0,0,-0.5444780367182193,1,0,1,0,2,0,0,0,0,0,1,1,0.3020584441112687,0.30077508708833156,1,0
1,0,1,1,1.6137012404433893,1,0,2,1,1,1,1,1,1,2,0,0,-1.477726143066649,0.30077508708833156,0,0
0,0,0,0,-0.015113308357824713,1,2,0,0,2,0,0,0,0,0,1,2,-0.3510277769540174,0.30077508708833156,0,0
1,0,1,0,1.3286586944031769,1,2,1,0,2,0,0,0,2,0,1,2,0.8604222361670865,0.6165958103831177,0,0
0,0,1,1,0.5142514200025698,0,1,0,2,0,0,0,2,2,0,1,0,-0.4607063789649817,-1.147031210227758,0,0
1,0,0,0,0.3920903288424788,1,2,2,1,1,1,1,1,1,1,0,2,-1.3198554280508674,0.9874802013799839,0,0
1,0,0,0,-0.9924020376385531,1,2,1,0,0,0,0,0,0,0,1,2,0.33529438411459117,0.5736728376527043,0,0
1,0,0,1,-0.015113308357824713,1,0,2,1,1,1,1,1,1,2,0,3,-1.4710789550659844,0.7780381258110773,0,0
0,1,1,0,-0.4223169455581282,1,2,0,2,2,0,2,0,0,0,1,3,-0.04027173792295256,0.30077508708833156,0,1
1,1,1,0,1.002895784642934,0,1,0,0,0,0,0,2,2,0,1,2,-0.6617838159850825,-0.7857477381061457,1,1
1,0,0,0,-1.2774445836787656,1,0,0,2,0,0,0,0,0,0,0,2,-0.5587524019747828,0.3238290709754601,0,0
1,1,0,0,-1.2774445836787656,1,0,0,0,0,0,0,0,0,0,0,2,-0.6534748309842519,0.25731639112652827,1,1
0,0,1,0,-1.2774445836787656,1,0,0,0,0,0,0,0,0,0,1,2,-0.6567984249845842,0.25649731153563715,0,0
1,0,0,0,-0.3408762181180675,1,0,1,0,0,0,2,2,2,0,1,2,1.0382345151848615,-1.601386460502872,1,0
1,0,0,0,-1.2774445836787656,1,0,2,1,1,1,1,1,1,0,0,0,-1.4860351280674797,-2.0722856041739153,1,0
1,1,0,0,0.880734693482843,1,2,1,0,2,0,0,0,2,0,1,2,0.8404806721650927,0.39870922541401776,0,1
0,0,0,0,-1.1552834925186746,1,2,2,1,1,1,1,1,1,2,1,1,-1.3115464430500368,0.30077508708833156,0,0
1,0,1,1,1.3286586944031769,1,2,1,2,0,2,2,2,2,2,0,0,1.4586691562268908,0.7756031181484211,1,0
0,0,1,0,0.9621754209229036,1,2,2,1,1,1,1,1,1,1,0,2,-1.3447823830533592,0.30077508708833156,0,0
1,0,0,0,0.5142514200025698,1,0,0,2,0,2,0,2,2,0,1,2,0.3718539181182462,-0.24460684693166304,0,0
0,0,1,1,1.5729808767233588,1,0,2,1,1,1,1,1,1,2,0,1,-1.4976677070686424,0.30077508708833156,0,0
1,0,1,0,1.0843365120829946,1,0,0,2,2,2,0,2,0,1,0,1,0.05445069108651675,0.06369522038878457,0,0
1,0,0,0,1.4915401492832983,0,1,0,0,2,2,0,0,0,1,1,0,-0.9642308700153169,-0.8987838958955661,0,0
1,0,0,0,-0.5444780367182193,1,0,2,1,1,1,1,1,1,1,0,3,-1.5275800530716328,-0.5920220667023088,0,0
0,0,1,1,0.9214550572028734,1,0,2,1,1,1,1,1,1,2,0,1,-1.5076384890696393,0.30077508708833156,0,0
0,0,0,0,0.22920887396235737,1,0,2,1,1,1,1,1,1,1,0,3,-1.5109620830699715,0.8527579994611337,0,0
1,0,0,0,-0.9109613101984924,1,0,0,0,0,0,0,0,0,0,1,2,-0.6385186579827569,0.09210392196540511,1,0
0,1,1,0,0.5956921474426305,1,2,0,2,2,2,0,0,0,0,1,1,0.08934842809000525,-0.2554856444839106,0,1
0,0,1,0,-1.2367242199587352,0,1,0,0,0,0,0,0,2,0,1,2,-0.9858342310174765,0.7534170449398344,1,0
1,0,0,0,-1.2774445836787656,1,0,0,0,0,0,0,0,0,0,0,1,-0.6169152969805971,0.294681159049399,1,0
0,0,0,0,-1.2774445836787656,1,0,0,0,0,0,0,0,0,0,0,2,-0.6518130339840859,0.25772567947500874,1,0
1,1,0,0,-1.2774445836787656,0,1,0,0,2,2,0,0,2,0,1,2,-0.7132995229902325,0.19219817535179418,1,1
1,0,1,1,0.5549717837226001,1,0,2,1,1,1,1,1,1,2,1,3,-1.4843733310673135,0.9817435925401995,0,0
0,1,0,0,0.22920887396235737,1,0,0,2,2,0,0,0,0,0,1,1,-0.2529817539442163,-1.2901922622140791,1,1
0,0,1,0,1.3286586944031769,1,0,0,2,0,2,2,0,0,2,0,1,-0.19481885893840195,0.022102125209584347,0,0
0,0,1,0,-0.5444780367182193,1,0,1,2,0,0,0,0,0,0,1,2,0.2804550831091094,0.30077508708833156,1,0
1,0,0,0,0.7992939660427822,1,0,1,0,2,0,0,0,2,0,1,2,0.684271754149477,0.20522051930751245,1,0
1,0,1,1,1.5729808767233588,1,0,2,1,1,1,1,1,1,2,0,3,-1.505976692069473,0.30077508708833156,0,0
0,0,0,0,-1.2774445836787656,1,0,0,0,0,0,0,0,0,0,0,3,-0.6252242819814278,0.26303123988391536,1,0
0,1,0,0,0.7992939660427822,0,1,0,0,2,2,2,2,0,0,1,2,-0.4740007549663106,-0.7962585961330563,0,1
1,0,1,0,-1.0738427650786138,1,2,2,1,1,1,1,1,1,1,0,3,-1.3181936310507012,0.30077508708833156,0,0
0,1,1,0,-0.2594354906780068,1,0,0,0,0,2,0,0,2,1,0,3,-0.1349941669324214,0.30077508708833156,0,1
1,1,0,0,0.6364125111626608,1,2,1,0,2,0,0,2,2,1,1,2,1.1379423351948288,0.33601150536713265,0,1
0,0,1,1,1.2879383306831464,1,2,1,2,0,0,2,2,2,1,1,0,1.3174164112127704,0.7411277656543618,0,0
0,0,0,0,-1.1960038562387048,1,0,1,0,2,0,0,2,0,0,0,2,0.6310942501441613,-0.9224765314060622,1,0
1,0,0,0,-1.2774445836787656,1,0,0,0,0,0,0,0,0,0,1,0,-0.6883725679877406,0.22528723736863057,0,0
1,0,1,1,1.6137012404433893,1,2,2,1,1,1,1,1,1,2,0,1,-1.3514295710540236,0.30077508708833156,0,0
1,0,0,0,-1.2774445836787656,1,0,0,0,0,0,0,0,0,0,1,3,-0.6385186579827569,0.2601778979367063,0,0
0,0,1,1,0.758573602322752,1,2,1,2,2,0,0,0,2,0,1,2,0.9651154471775519,0.27838033063001344,0,0
0,0,1,1,0.35136996512244845,1,0,2,1,1,1,1,1,1,2,0,0,-1.4976677070686424,0.9046518529675937,0,0
0,0,1,1,1.6137012404433893,1,0,0,2,2,2,0,2,0,2,1,1,0.19570343610063723,0.4198087958428244,0,0
0,0,1,0,0.43281069256250915,1,2,0,2,2,0,2,2,2,2,0,1,0.720831288153132,-0.08956443891779853,0,0
1,0,1,0,1.6137012404433893,1,2,1,2,2,2,2,2,2,2,1,1,1.639805029244998,0.907860916200768,0,0
1,0,1,0,0.5956921474426305,1,2,1,0,0,0,0,2,2,1,1,1,1.0116457631822036,0.2871601399130476,0,0
1,0,0,0,1.6137012404433893,1,2,0,2,2,2,2,2,2,2,0,1,0.7906267621601091,0.688808149751069,0,0
1,0,0,0,-1.1960038562387048,1,0,2,1,1,1,1,1,1,0,1,1,-1.462769970065154,0.7370820080263863,0,0
1,0,0,0,-1.2774445836787656,1,0,1,0,0,0,0,0,0,0,1,2,0.17576187209864347,0.7831324232317602,1,0
1,0,0,0,-1.2367242199587352,1,2,1,0,0,0,0,0,2,0,1,2,0.7058751151516368,0.30077508708833156,1,0
1,0,0,0,-0.2594354906780068,0,1,0,2,2,0,0,0,2,0,1,0,-0.6684310039857471,0.30077508708833156,0,0
1,0,1,1,-0.13727439951791576,1,0,0,2,0,0,0,0,2,0,1,3,-0.15161213693408263,-4.72425913809768,0,0
0,1,1,0,0.10704778280226633,1,2,1,2,2,0,2,2,0,0,1,0,1.1877962451998125,-0.05372983422635059,1,1
1,0,0,0,-0.21871512695797646,1,0,0,2,2,0,0,0,0,1,0,0,-0.3094828519498643,0.30077508708833156,0,0
1,0,1,1,-0.3408762181180675,1,0,0,2,2,0,2,0,2,0,1,1,0.18407085709947407,0.30077508708833156,0,0
1,0,1,1,1.4100994218432374,1,0,0,2,0,2,2,0,0,2,1,0,-0.14496494893341827,0.06220362175356673,0,0
0,0,0,0,-0.6666391278783103,1,2,1,0,0,0,0,0,0,0,0,2,0.2621753161072821,0.30077508708833156,1,0
0,0,0,0,-0.38159658183809786,1,0,0,0,2,2,0,0,0,1,0,0,-0.29785027294870164,0.30077508708833156,0,0
1,0,0,0,-0.748079855318371,0,1,0,0,2,0,0,0,0,0,1,3,-1.1187779910307663,0.15842867360730867,0,0
0,0,1,1,-1.2774445836787656,1,0,2,1,1,1,1,1,1,0,1,2,-1.4544609850643233,-1.6609012232648377,1,0
0,1,0,0,-1.2774445836787656,1,0,0,0,0,0,0,0,0,0,0,3,-0.6534748309842519,0.25731639112652827,1,1
1,1,0,0,-1.1552834925186746,0,1,0,0,2,0,0,2,2,0,1,1,-0.4590445819648154,-1.763550771034296,0,1
1,0,0,1,-0.6666391278783103,1,2,0,2,2,0,0,0,2,0,1,2,0.14418772909548702,0.30077508708833156,0,0
0,0,1,0,0.5549717837226001,0,1,0,0,0,0,0,2,2,0,1,2,-0.6916961619880726,-1.9647258778170091,0,0
1,0,0,1,1.4508197855632678,1,2,0,2,2,0,2,2,2,2,1,0,0.722493085153298,0.6048081888642561,0,0
1,0,0,0,0.22920887396235737,1,2,0,2,2,2,2,0,0,0,0,2,0.1724382780983114,-0.7000699095849903,0,0
1,1,1,0,-0.0965540357978854,1,0,0,0,2,0,0,0,0,0,1,0,-0.4773243489666429,0.30077508708833156,1,1
0,1,0,0,-1.1145631287986442,1,0,1,0,0,0,0,0,2,0,0,2,0.47156173812821356,-0.006264617982183334,1,1
1,0,0,0,-0.62591876415828,1,0,1,0,2,2,0,0,2,0,1,1,0.8703930181680831,0.30077508708833156,0,0
1,0,1,1,-1.1552834925186746,1,0,2,1,1,1,1,1,1,2,0,3,-1.491020519067978,0.8583845070725382,0,0
0,0,0,0,-0.8295205827584317,1,0,2,1,1,1,1,1,1,1,0,2,-1.4827115340671475,-0.7639144476661611,0,0
1,0,1,1,1.6137012404433893,1,2,0,2,2,2,2,2,2,2,1,1,0.85876043916692,0.7025404022732511,0,0
1,0,0,0,-1.1960038562387048,1,0,1,0,0,0,0,2,2,0,1,2,0.9052907551715716,-0.6936921016183198,0,0
1,0,0,0,0.9621754209229036,1,2,1,0,2,0,2,0,2,0,1,2,0.9867188081797118,0.4442147943526257,1,0
0,0,0,0,0.35136996512244845,1,2,2,1,1,1,1,1,1,1,1,3,-1.3265026160515319,0.9937722938719713,0,0
1,0,0,0,0.3106496014024181,0,1,0,0,2,0,2,0,0,1,0,1,-0.9559218850144864,0.30077508708833156,0,0
0,0,0,0,-1.0331224013585834,1,0,0,2,2,0,2,2,2,0,1,2,0.45660556512671835,0.5706848756702362,0,0
1,0,0,0,1.4915401492832983,1,0,2,1,1,1,1,1,1,2,0,1,-1.4893587220678117,0.30077508708833156,0,0
1,0,1,1,-1.0331224013585834,1,0,2,1,1,1,1,1,1,1,0,3,-1.4660935640654862,0.30077508708833156,0,0
0,0,1,1,-1.1145631287986442,0,1,0,0,2,0,0,0,0,0,1,2,-1.1387195550327598,0.30077508708833156,0,0
0,0,1,1,1.6137012404433893,1,2,1,2,2,2,2,2,0,2,0,1,1.3739175092184182,0.8639795341389823,0,0
1,0,1,1,0.47353105628253944,1,0,2,1,1,1,1,1,1,1,1,0,-1.4710789550659844,0.9496925729136493,0,0
0,0,0,0,1.3286586944031769,1,2,1,0,2,2,0,2,0,1,1,2,1.0216165451832002,0.6596701729052836,0,0
0,0,0,0,-1.1960038562387048,1,2,0,0,0,0,2,2,0,0,0,2,-0.005374000919464063,0.30077508708833156,0,0
1,0,0,0,-0.3408762181180675,1,0,0,0,0,0,2,0,0,0,1,1,-0.45405919096431707,0.30077508708833156,0,0
0,0,0,0,0.47353105628253944,1,2,1,0,2,2,0,0,0,0,1,0,0.6659919871476498,0.024171699542232184,1,0
0,1,1,0,1.6137012404433893,1,2,0,2,2,2,2,2,2,2,0,1,0.8089065291619363,0.6885422110659668,0,1
1,0,0,0,-0.3408762181180675,1,0,0,2,0,0,2,0,0,0,0,2,-0.32610082195152557,0.30077508708833156,0,0
1,0,0,0,-1.2774445836787656,1,0,0,0,0,2,0,0,0,0,0,3,-0.4607063789649817,0.4173699956724188,1,0
1,0,1,0,-0.4223169455581282,1,0,2,1,1,1,1,1,1,0,1,0,-1.4727407520661506,0.32688862139945196,0,0
1,0,1,1,1.5322605130033284,1,2,0,0,2,2,2,2,2,2,1,1,0.7042133181514708,0.6168815846599922,0,0
1,0,1,1,-0.30015585439803716,1,2,0,0,0,0,0,2,0,0,0,2,-0.1466267459335843,0.30077508708833156,0,0
1,0,1,1,0.18848851024232702,1,0,2,1,1,1,1,1,1,2,0,0,-1.4943441130683104,0.8173826290900259,0,0
0,1,1,1,-0.4223169455581282,1,2,1,0,0,0,0,2,0,0,0,0,0.684271754149477,-2.246426490284739,0,1
0,0,1,1,1.0843365120829946,1,2,0,0,0,2,2,2,0,2,1,0,0.2438955491054544,0.16068574058407248,0,0
1,0,1,1,0.6771328748826912,1,2,1,0,0,2,0,2,2,0,1,2,1.1645310871974868,0.37570123707579406,1,0
1,0,1,1,0.5956921474426305,1,2,1,0,0,2,2,2,2,0,1,0,1.4154624342225712,0.44217520196646226,1,0
0,0,1,1,-0.055833672077855064,1,0,2,1,1,1,1,1,1,0,1,3,-1.502653098069141,0.7204757003316506,1,0
1,0,1,1,-1.2774445836787656,1,0,1,0,0,0,0,0,2,0,1,2,0.5413572121351905,0.9089283195541336,0,0
1,0,0,0,-1.1960038562387048,1,0,2,1,1,1,1,1,1,0,1,2,-1.4710789550659844,0.8586089102307735,0,0
0,0,1,0,0.8400143297628127,1,2,1,0,2,2,2,2,2,1,1,0,1.5633623672373562,0.5931725919118069,0,0
1,0,0,0,-1.2774445836787656,1,0,2,1,1,1,1,1,1,0,0,3,-1.481049737066981,-2.059747056066256,0,0
1,0,0,0,-0.5037576729981889,1,0,2,1,1,1,1,1,1,1,1,3,-1.4976677070686424,0.14294401339798074,0,0
0,0,0,0,-1.1960038562387048,1,0,1,2,2,0,0,0,0,0,1,2,0.47654712912871167,-0.9372366442225959,1,0
0,0,0,0,0.758573602322752,1,0,2,1,1,1,1,1,1,1,1,0,-1.4926823160681442,1.004107264625397,0,0
0,0,1,0,0.758573602322752,1,0,0,2,2,0,2,0,0,1,1,0,-0.14164135493308597,-0.32483185807341747,0,0
0,0,1,1,-0.7888002190384014,1,0,2,1,1,1,1,1,1,2,0,3,-1.502653098069141,-0.7140296386794469,0,0
0,0,0,0,-1.2774445836787656,1,0,2,1,1,1,1,1,1,0,0,3,-1.4577845790646555,-2.003226923836432,0,0
1,0,0,1,-1.2774445836787656,1,0,2,1,1,1,1,1,1,0,1,3,-1.4527991880641573,-1.6581177630097983,0,0
1,0,0,0,1.247217966963116,1,2,0,2,2,2,2,0,0,1,0,2,0.22395398510346112,0.28954131520244597,0,0
1,0,0,0,-1.1960038562387048,1,0,0,0,0,0,0,0,2,0,0,3,-0.33607160395252245,-2.9610000305503035,0,0
1,0,0,0,0.5549717837226001,1,0,2,1,1,1,1,1,1,2,0,1,-1.5142856770703037,0.9675582923609702,0,0
1,0,0,0,-1.2774445836787656,1,2,0,0,0,0,0,0,0,0,1,1,-0.4972659129686364,0.3851121675012296,0,0
1,0,0,1,-0.9924020376385531,0,1,0,0,0,0,0,0,0,0,0,3,-1.304899255049372,-1.5602247118853636,1,0
0,0,1,1,1.5729808767233588,1,0,2,1,1,1,1,1,1,2,0,0,-1.4710789550659844,0.30077508708833156,0,0
1,0,1,1,0.9214550572028734,1,2,1,0,0,2,0,2,0,0,1,1,0.8521132511662559,0.43910799222996566,0,0
0,0,0,0,1.5322605130033284,1,2,1,0,2,2,2,0,0,1,1,0,0.8471278601657574,0.6938475936010745,0,0
0,0,0,0,-1.2367242199587352,1,0,1,0,0,0,0,0,2,0,0,2,0.531386430134194,0.30077508708833156,1,0
1,0,1,1,1.4100994218432374,1,2,1,2,0,0,2,2,2,2,0,0,1.3240635992134344,0.7655571294809465,0,0
1,0,1,0,1.3286586944031769,1,2,1,0,2,0,0,2,0,0,1,0,0.9003053641710731,0.6177384178154849,1,0
1,0,1,0,-0.748079855318371,1,0,0,0,0,2,0,0,0,0,0,1,-0.48397153696730727,0.7337827347928663,0,0
0,0,1,1,-0.5037576729981889,1,2,1,0,0,2,2,0,2,0,1,0,1.0216165451832002,-2.5345002884543466,0,0
1,0,0,1,-1.2774445836787656,1,0,1,0,2,0,0,0,0,0,1,2,0.35191235411625243,0.8459641339710442,1,0
1,0,0,0,-1.2774445836787656,1,2,1,0,0,0,0,0,0,0,1,2,0.35523594811658493,0.8461913413623818,1,0
0,0,1,1,0.6771328748826912,1,2,1,0,0,0,0,2,2,0,1,0,1.0182929511828682,0.29861698616517857,0,0
0,0,0,0,1.6137012404433893,1,2,1,2,2,2,0,2,0,2,1,0,1.2143849972024705,0.8176164233341522,0,0
0,0,1,0,0.5549717837226001,1,2,0,2,0,0,0,0,0,0,0,2,-0.3875873109576722,-0.9413002297433442,0,0
1,0,0,0,-0.3408762181180675,1,2,1,0,2,2,0,0,0,0,1,0,0.6676537841478158,-1.807754729558236,0,0
0,0,1,1,-1.1145631287986442,0,1,0,0,2,0,2,0,0,0,0,2,-1.0140847800203006,0.30077508708833156,0,0
0,0,1,1,0.025607055362205634,1,2,1,0,2,2,2,0,0,0,0,1,0.7922885591602751,-0.5200196725393748,0,0
0,0,0,0,0.3920903288424788,1,2,0,2,2,0,0,0,0,1,1,0,-0.15327393393424887,-0.9942546985599603,0,0
1,0,0,0,-0.38159658183809786,1,0,1,2,0,2,0,2,2,1,1,1,1.1695164781979852,-1.2053902957216884,0,0
1,0,0,0,-0.9924020376385531,1,0,1,0,0,0,0,0,0,0,0,0,0.19736523310080326,0.5344254550493344,0,0
1,0,0,0,1.369379058123207,1,0,0,2,2,0,0,0,0,1,1,3,-0.3310862129520241,-0.14737831218999023,0,0
1,0,0,0,-0.3408762181180675,1,0,0,2,0,0,0,0,0,0,1,0,-0.5055748979694671,0.30077508708833156,1,0
1,1,0,0,-0.3408762181180675,1,2,0,0,2,0,0,0,0,0,0,1,-0.3310862129520241,0.30077508708833156,0,1
1,0,0,0,1.4915401492832983,1,2,0,2,2,2,2,0,2,1,1,1,0.4599291591270504,0.49518941688194584,1,0
0,0,0,0,0.8400143297628127,1,0,1,0,2,2,0,2,2,1,1,3,1.1811490571991479,0.4597149827227217,0,0
0,0,0,0,1.125056875803025,0,1,0,2,0,2,0,2,2,2,0,2,-0.3709693409560109,-0.2678674437547803,0,0
0,0,1,0,-1.0331224013585834,1,0,1,0,0,0,0,2,0,0,1,2,0.5430190091353566,0.5831747589692323,1,0
0,0,0,0,-0.5037576729981889,1,0,2,1,1,1,1,1,1,1,1,1,-1.5093002860698053,0.2034939736720184,0,0
0,0,1,1,-0.38159658183809786,1,2,1,0,0,0,0,0,2,0,0,2,0.6925807391503077,-3.2842010245230684,0,0
1,0,1,1,1.6137012404433893,1,0,0,2,0,2,2,2,2,2,1,2,0.53304822713436,0.5754613388106655,0,0
1,0,1,0,-0.8702409464784621,1,2,1,0,0,0,0,0,0,0,1,2,0.3386179781149237,0.9212276448238883,1,0
1,0,0,0,-0.46303730927815856,1,0,2,1,1,1,1,1,1,2,0,3,-1.5009913010689746,0.04412871084505572,0,0
1,1,0,0,-1.2774445836787656,1,2,1,0,0,0,0,2,2,0,1,2,0.9568064621767214,0.978365389047352,1,1
1,1,0,0,-0.055833672077855064,1,2,1,0,2,0,0,2,0,0,1,2,0.8620840331672525,-0.549851981099026,0,1
0,0,0,0,1.002895784642934,1,0,0,0,2,2,2,2,0,2,0,3,0.1657910900976468,0.04006730766570171,0,0
0,0,1,1,0.5142514200025698,1,0,2,1,1,1,1,1,1,2,1,0,-1.4876969250676457,0.9572432204042195,0,0
1,0,0,0,-0.9109613101984924,1,2,1,0,2,2,0,0,2,0,1,2,1.0133075601823696,0.30077508708833156,0,0
0,0,1,0,1.0436161483629645,1,2,1,0,0,2,2,2,2,0,1,1,1.2409737492051283,0.6053864299098703,1,0
1,0,0,1,-0.748079855318371,1,0,2,1,1,1,1,1,1,0,0,3,-1.4893587220678117,-0.6758394593385072,0,0
1,0,1,0,-0.21871512695797646,1,2,0,2,0,0,2,2,2,1,0,3,0.534710024134526,-1.3956029542625585,0,0
0,0,1,1,-0.748079855318371,1,2,1,0,2,0,0,0,2,0,1,0,0.8687312211679171,0.30077508708833156,1,0
0,0,1,1,-0.8295205827584317,0,1,0,0,2,0,0,0,0,0,0,3,-1.181926277037079,-0.3636785025394777,1,0
0,0,1,1,1.4915401492832983,1,2,1,0,2,0,2,0,2,2,1,0,0.9484974771758907,0.6962258635058117,0,0
0,0,1,1,-0.30015585439803716,1,0,1,0,2,2,0,2,0,0,1,0,0.8105683261621028,-1.2863517557314503,1,0
1,1,1,0,1.0436161483629645,1,2,1,2,2,2,0,2,2,1,1,2,1.465316344227555,0.6751542889390341,1,1
0,0,1,1,0.10704778280226633,0,1,0,2,0,0,2,2,0,2,1,1,-0.6119299059800988,0.30077508708833156,0,0
0,1,0,0,-0.6666391278783103,1,2,1,0,0,0,0,2,0,0,1,2,0.6643301901474837,0.30077508708833156,1,1
1,0,1,1,0.5142514200025698,1,2,0,0,2,2,0,2,2,1,0,1,0.464914550127549,-0.07633266368240836,0,0
0,0,0,0,-0.62591876415828,1,0,1,0,2,0,0,2,0,0,1,2,0.6244470621434968,0.30077508708833156,0,0
0,0,1,1,-1.2774445836787656,1,0,0,0,0,0,0,0,0,0,1,2,-0.6335332669822583,0.2614017558321097,1,0
1,0,0,0,-0.4223169455581282,1,0,2,1,1,1,1,1,1,1,0,3,-1.5009913010689746,0.16742653544107255,0,0
0,1,0,0,-1.2774445836787656,1,0,1,0,0,0,0,0,0,0,1,2,0.1724382780983114,0.7716947308208495,1,1
1,0,1,1,1.4100994218432374,1,0,0,2,0,2,2,0,2,2,0,3,0.10264280409133394,0.3021460344523199,0,0
0,0,1,1,1.4100994218432374,1,2,1,0,0,2,2,2,2,2,1,0,1.3589613362169235,0.7398652238035988,0,0
0,0,1,0,-1.2367242199587352,0,1,0,0,0,0,0,2,2,0,0,2,-0.6700928009859131,0.9959260892273081,1,0
1,0,0,0,-0.38159658183809786,1,2,1,0,0,0,0,0,0,0,1,2,0.3386179781149237,0.30077508708833156,1,0
0,1,0,0,-0.9516816739185228,1,0,1,0,0,2,0,0,0,0,0,1,0.356897745116751,0.6904022983799372,0,1
0,0,0,0,-1.1145631287986442,1,0,2,1,1,1,1,1,1,0,0,3,-1.4827115340671475,0.30077508708833156,0,0
1,0,0,0,0.880734693482843,0,1,0,2,0,0,2,2,0,2,0,1,-0.6501512369839195,-0.9305004826394182,0,0
0,0,0,0,1.002895784642934,1,0,1,0,0,2,0,2,2,2,1,2,1.0133075601823696,0.5178432224439398,1,0
1,0,0,0,-0.3408762181180675,1,2,1,0,0,2,0,2,0,0,1,3,0.8338334841644282,-1.5279850760176439,1,0
0,0,1,1,0.6771328748826912,1,2,1,0,2,0,0,2,2,1,0,3,1.1861344481996465,0.40083932915311715,1,0
1,0,0,0,-1.1145631287986442,1,2,0,0,0,0,0,0,0,0,0,2,-0.5853411539774409,-1.345568057085252,1,0
1,0,0,0,-1.2367242199587352,1,0,1,0,0,0,0,0,2,0,1,2,0.5131066631323666,0.30077508708833156,1,0
0,0,0,1,-1.1552834925186746,1,2,1,0,0,2,2,0,0,0,1,3,0.7424346491552913,-0.17600921593202876,1,0
1,0,1,1,1.5322605130033284,1,2,0,2,2,2,2,2,0,2,1,0,0.4815325201292102,0.5781381071817663,0,0
1,0,0,0,-1.1145631287986442,1,2,1,0,0,0,0,0,0,0,1,0,0.37019212111808014,-0.09072334519528316,1,0
1,0,1,1,0.8400143297628127,1,2,0,2,0,2,2,2,2,0,0,2,0.6959043331506402,0.3005791058984993,0,0
0,0,1,0,0.5956921474426305,1,2,1,2,2,2,0,2,0,0,1,2,1.1296333501939984,0.27637412298255104,1,0
0,0,0,1,-0.055833672077855064,1,0,2,1,1,1,1,1,1,1,0,1,-1.4843733310673135,0.6059643367859989,0,0
1,0,1,1,-0.7888002190384014,1,0,0,0,2,2,2,0,0,0,0,0,-0.09843463292876686,0.8480071444472251,0,0
0,0,1,1,-0.1779947632379461,1,2,0,0,0,0,0,0,0,0,0,3,-0.49394231896830415,0.30077508708833156,0,0
0,0,0,0,-0.9109613101984924,1,2,1,0,0,0,0,0,2,0,0,2,0.720831288153132,0.926063381149587,1,0
1,0,1,0,0.22920887396235737,1,0,2,1,1,1,1,1,1,2,0,0,-1.4744025490663168,0.839581277074433,0,0
0,0,0,0,-1.2774445836787656,1,0,0,0,0,0,0,0,0,0,1,3,-0.6468276429835875,0.2589525403775922,1,0
1,0,1,0,1.4100994218432374,1,2,1,0,2,2,0,2,2,1,0,2,1.3074456292117733,0.7925249557468378,1,0
1,0,1,0,0.7992939660427822,1,0,0,2,2,0,0,2,2,1,1,3,0.35357415111641893,0.024688424576929623,0,0
1,0,1,1,1.2064976032430856,1,0,1,2,2,2,2,2,2,2,0,3,1.4420511862252297,0.7564037821096973,0,0
0,0,0,0,-0.6666391278783103,1,0,1,0,2,0,0,0,2,0,1,2,0.7141841001524675,0.30077508708833156,0,0
0,1,1,0,-1.1145631287986442,1,2,1,0,2,0,0,0,0,0,1,2,0.5396954151350245,-0.031080251838688927,1,1
1,0,0,0,-0.8295205827584317,1,0,1,0,0,2,0,2,2,1,0,2,1.0282637331838649,0.30077508708833156,0,0
0,0,1,1,1.6137012404433893,1,2,1,2,2,2,2,2,2,2,1,0,1.7312038642541347,0.9396045063437916,0,0
1,1,0,0,1.5729808767233588,1,2,1,0,2,0,2,2,2,1,0,0,1.3622849302172555,0.8310838107501913,0,1
0,0,1,0,-0.3408762181180675,1,0,2,1,1,1,1,1,1,1,0,3,-1.4827115340671475,0.2867627255312745,0,0
0,0,0,0,-0.7073594915983407,1,0,2,1,1,1,1,1,1,2,0,3,-1.5009913010689746,-0.22651305566049224,0,0
1,0,1,0,1.4100994218432374,1,0,1,2,2,0,0,0,2,1,1,1,0.85876043916692,0.6400414550821846,1,0
1,0,0,1,-1.2367242199587352,1,2,0,2,2,0,0,0,0,0,0,0,-0.12668518193159078,0.30077508708833156,0,0
0,0,1,1,-1.1145631287986442,0,1,0,0,0,0,0,0,0,0,0,3,-1.3198554280508674,0.30077508708833156,0,0
0,0,1,0,-0.7073594915983407,1,0,1,0,0,0,0,2,2,0,0,2,0.7773323861587803,0.30077508708833156,1,0
1,0,0,0,-1.2774445836787656,1,0,2,1,1,1,1,1,1,0,1,3,-1.481049737066981,-2.059747056066256,1,0
1,0,1,1,0.35136996512244845,1,0,0,2,2,2,0,0,0,1,1,0,-0.14828854293375057,-0.8567536948811845,0,0
0,0,0,1,0.43281069256250915,1,0,0,2,2,0,0,0,2,0,1,2,-0.02697736192162338,-0.6251065673330265,0,0
1,1,1,0,-1.2774445836787656,1,2,1,0,0,0,0,0,0,0,0,2,0.3170146171127639,0.8338476652764946,0,1
0,1,0,0,-1.2774445836787656,1,0,1,0,0,0,0,0,0,0,1,3,0.19404163910047073,0.7857905434139103,0,1
0,0,1,1,-0.2594354906780068,1,0,1,0,0,0,0,2,2,0,1,2,0.8654076271675846,-1.0998115660898569,1,0
1,0,0,0,-0.4223169455581282,1,2,1,0,2,0,0,0,0,0,1,2,0.48485611412954227,0.30077508708833156,1,0
1,0,1,0,1.5729808767233588,1,2,0,2,2,2,2,2,2,2,0,0,0.8570986421667539,0.697017364873118,0,0
1,0,0,0,-1.0331224013585834,1,0,2,1,1,1,1,1,1,2,0,3,-1.505976692069473,0.30077508708833156,0,0
0,1,0,0,-0.1779947632379461,1,2,0,0,2,2,2,0,0,0,0,0,-0.010359391919962149,-3.3128705404423364,0,1
1,1,0,0,-0.6666391278783103,1,0,1,0,0,0,0,0,0,0,0,2,0.16246749609731476,0.30077508708833156,0,1
1,0,0,0,-1.0331224013585834,1,0,2,1,1,1,1,1,1,1,0,3,-1.504314895069307,0.30077508708833156,0,0
0,0,0,0,1.4915401492832983,1,2,1,0,2,2,2,2,2,2,1,0,1.5201556452330371,0.8411808148159556,0,0
0,0,0,1,-1.2774445836787656,0,1,0,0,0,0,0,0,0,0,0,3,-1.33148800705203,-1.0321730879631221,0,0
1,0,0,0,-1.1960038562387048,1,0,0,2,0,2,0,2,2,0,1,2,0.4200460311230638,-1.7885704265712499,0,0
1,1,0,0,-0.46303730927815856,1,0,1,0,0,2,0,2,2,0,1,0,1.0648232671875193,-1.8607884967081767,1,1
0,0,1,0,1.4915401492832983,1,2,1,0,2,2,0,0,0,0,1,0,0.6859335511496436,0.6027817080310834,0,0
0,0,1,0,1.5729808767233588,0,1,0,2,2,2,2,0,0,2,1,0,-0.5703849809759457,-0.18999754522942675,0,0
0,0,1,1,1.4915401492832983,1,0,2,1,1,1,1,1,1,2,0,3,-1.5076384890696393,0.30077508708833156,0,0
0,0,0,0,0.6364125111626608,1,2,1,0,0,2,2,2,2,0,1,2,1.2991366442109427,0.4011939057297635,0,0
1,0,1,0,0.5956921474426305,1,2,1,0,2,2,0,0,0,0,1,0,0.6177998741428321,0.10933941099650094,1,0
0,0,0,0,-1.2367242199587352,1,2,0,0,0,0,0,0,0,0,1,2,-0.5105602889699654,0.30077508708833156,1,0
1,0,0,0,0.5142514200025698,1,2,1,2,0,2,2,2,2,0,1,1,1.4520219682262263,0.40473277376121,0,0
1,0,0,0,0.758573602322752,1,2,1,0,2,0,0,0,0,0,0,0,0.5396954151350245,0.1136022640292383,0,0
0,0,1,0,-0.4223169455581282,1,2,0,2,0,0,2,2,2,0,1,2,0.47987072312904416,0.30077508708833156,1,0
1,0,0,0,1.6137012404433893,1,2,0,2,2,2,2,2,2,2,0,0,0.7274784761537967,0.6686638596141321,0,0
1,0,1,1,0.18848851024232702,1,2,1,0,2,2,0,2,0,0,1,2,0.9368648981747281,-0.17222793384792418,0,0
1,0,1,1,1.5729808767233588,1,2,0,2,2,2,2,2,2,2,0,2,0.8504514541660894,0.6837431812222682,0,0
1,0,1,1,-1.0331224013585834,1,0,0,0,0,2,0,0,0,0,0,2,-0.533825446972291,-0.18107327017187397,1,0
0,0,0,0,1.369379058123207,1,2,2,1,1,1,1,1,1,2,1,1,-1.3165318340505352,0.30077508708833156,0,0
1,0,1,1,0.758573602322752,1,0,0,2,0,0,2,2,2,1,1,0,0.3868100911197414,0.06766197375574111,0,0
0,0,1,1,-0.0965540357978854,1,0,2,1,1,1,1,1,1,1,0,0,-1.502653098069141,0.6450543245564384,0,0
0,0,0,0,0.06632741908223598,1,2,1,0,0,0,0,2,0,0,0,2,0.684271754149477,-0.5129196724742476,0,0
1,0,1,1,1.2879383306831464,1,2,2,1,1,1,1,1,1,2,1,3,-1.328164413051698,0.30077508708833156,0,0
1,1,1,0,1.3286586944031769,1,2,1,0,2,2,0,2,2,1,1,0,1.2758714862086173,0.7516706531022245,0,1
1,0,0,0,0.5956921474426305,1,2,1,2,2,0,2,2,0,0,0,3,1.1961052302006432,0.31149639265824924,0,0
0,0,0,0,-1.2774445836787656,1,0,1,2,0,0,0,2,2,0,1,2,1.0249401391835322,0.9886629883533156,1,0
0,0,0,0,0.6771328748826912,1,2,0,2,2,0,0,0,0,0,1,1,-0.16656830993557784,-0.4807224097853713,1,0
0,0,1,1,1.4100994218432374,1,2,1,0,2,0,2,2,0,2,0,1,0.9750862291785486,0.6799946146269901,0,0
1,0,0,1,0.26992923768238775,1,0,2,1,1,1,1,1,1,1,0,0,-1.5093002860698053,0.8759590056404168,0,0
1,0,0,0,-0.748079855318371,1,0,2,1,1,1,1,1,1,0,0,3,-1.491020519067978,-0.563712021067019,0,0
0,1,0,0,0.43281069256250915,1,0,1,2,2,0,2,2,2,0,1,1,1.4420511862252297,0.297044513718271,1,1
1,1,0,0,0.9621754209229036,1,2,1,0,0,2,0,2,2,0,1,2,1.2060760122016398,0.5458408741911651,0,1
0,0,0,0,-0.748079855318371,1,0,0,0,0,0,2,0,2,1,0,1,-0.18817167093773737,0.8706525051261905,0,0
0,0,0,0,-1.2774445836787656,1,0,1,0,0,0,0,0,0,0,0,2,0.21896859410296257,0.7992143189803884,1,0
1,0,1,1,-0.6666391278783103,1,0,0,2,2,0,0,0,0,1,1,3,-0.29618847594853537,0.946615183613597,0,0
1,0,1,1,1.5322605130033284,1,2,1,2,2,0,0,2,2,0,1,2,1.3722557122182522,0.8536603707830984,0,0
1,1,1,0,1.6137012404433893,1,2,0,2,2,2,0,2,2,2,1,1,0.642726829145324,0.6257003219046786,0,1
0,0,1,1,-0.38159658183809786,1,0,1,0,0,2,0,0,0,0,1,1,0.3502505571160864,0.30077508708833156,0,0
1,0,0,1,-0.46303730927815856,1,2,2,1,1,1,1,1,1,0,0,3,-1.33148800705203,0.3118840999707964,0,0
0,0,0,0,-1.2774445836787656,1,0,2,1,1,1,1,1,1,0,1,3,-1.4827115340671475,-2.0639091281602373,1,0
1,0,0,1,-1.2774445836787656,1,0,1,0,0,0,0,0,0,0,0,0,0.1657910900976468,0.7707152425203966,1,0
0,1,1,0,-0.015113308357824713,1,2,1,0,0,0,0,2,2,0,1,2,0.9451738831755587,-0.4832947247545734,1,1
1,0,1,1,-0.62591876415828,1,0,1,0,0,0,0,2,0,0,0,2,0.534710024134526,0.30077508708833156,1,0
0,0,0,0,-1.1552834925186746,0,1,0,2,2,0,0,0,0,0,1,2,-1.034026344022294,0.30077508708833156,1,0
0,0,0,0,0.14776814652229667,1,2,0,0,0,2,0,0,0,1,0,2,-0.29785027294870164,-2.3687468126453353,0,0
0,0,0,0,0.7178532386027215,0,1,0,0,2,2,2,0,0,2,0,1,-0.8329489070021932,-2.432996749234746,0,0
0,0,1,1,0.6364125111626608,0,1,0,0,0,0,2,0,0,0,1,1,-1.1719554950360824,0.30077508708833156,0,0
0,0,0,1,0.7178532386027215,1,0,2,1,1,1,1,1,1,2,0,1,-1.4827115340671475,0.9969035557159804,0,0
1,0,1,0,1.6137012404433893,1,2,0,2,2,2,2,0,2,2,0,1,0.4915033021302069,0.5940499734371318,0,0
1,0,0,1,-0.9109613101984924,1,2,2,1,1,1,1,1,1,0,0,1,-1.328164413051698,-1.3374669977639893,0,0
0,0,0,0,-0.5851984004382496,1,0,2,1,1,1,1,1,1,0,0,3,-1.4993295040688086,0.047163974893737415,0,0
1,0,0,0,-1.2774445836787656,1,0,1,0,0,0,0,2,0,0,1,2,0.5047976781315361,0.8914945213153467,1,0
0,0,0,0,-1.2774445836787656,1,0,2,1,1,1,1,1,1,0,0,2,-1.5109620830699715,-2.8271685845746872,1,0
1,0,0,0,-0.9516816739185228,1,0,1,0,0,2,0,2,2,0,1,2,0.9734244321783826,0.9116982478489647,0,0
1,0,0,0,-1.2367242199587352,1,2,1,2,0,0,0,0,2,0,0,3,0.8637458301674186,0.30077508708833156,0,0
0,0,1,0,0.3106496014024181,1,2,1,0,0,0,2,0,0,0,1,1,0.46823814412788106,-0.3373664431217563,0,0
1,0,1,0,1.4915401492832983,1,2,1,0,0,2,0,2,2,1,0,0,1.15456030519649,0.75938162523821,0,0
0,0,1,0,0.18848851024232702,1,2,1,2,0,2,2,0,2,1,1,2,1.1445895231954935,-0.017517156266632933,1,0
1,0,0,1,-0.5851984004382496,1,2,1,0,0,2,0,0,0,0,1,1,0.5247392421335293,0.30077508708833156,0,0
1,1,1,0,-0.8702409464784621,1,0,1,0,0,0,0,0,0,0,1,2,0.18074726309914202,0.9302494447183111,0,1
0,0,1,0,-0.9924020376385531,1,2,1,0,0,0,0,0,2,0,1,1,0.6792863631489789,0.6738055856842942,1,0
0,0,0,0,-1.1960038562387048,1,2,1,0,0,0,0,0,0,0,0,2,0.3485887601159204,-1.0014359003018678,1,0
1,0,1,1,0.9214550572028734,1,0,0,2,0,0,0,0,2,1,0,1,-0.17653909193657447,-0.32044513347860115,0,0
1,0,1,0,0.025607055362205634,1,2,1,0,2,2,0,0,2,0,1,2,0.9501592741760567,-0.3583604131160665,0,0
0,0,0,0,0.5549717837226001,1,0,0,0,0,0,0,0,0,0,0,0,-0.6584602219847502,-1.5231161057869846,0,0
1,0,0,0,0.06632741908223598,1,2,2,1,1,1,1,1,1,2,0,0,-1.2849576910473786,0.999830235579108,0,0
0,0,0,0,-1.1960038562387048,1,0,2,1,1,1,1,1,1,0,0,2,-1.481049737066981,0.7090759199730008,0,0
1,0,1,1,-0.0965540357978854,1,0,2,1,1,1,1,1,1,2,0,3,-1.4461520000634926,0.801355002981958,0,0
0,0,0,0,0.025607055362205634,1,2,0,2,0,0,2,0,0,1,0,2,-0.17820088893674074,-2.313716924122428,0,0
1,0,1,1,0.5142514200025698,1,2,1,0,2,2,0,0,2,1,1,1,1.0049985751815391,0.21423629881968134,0,0
1,0,0,0,0.3106496014024181,1,0,0,2,2,0,2,0,0,0,1,3,-0.09511103892843457,-0.7172789784779068,0,0
0,0,0,0,1.5729808767233588,1,2,1,2,2,2,2,2,2,2,1,2,1.7910285562601154,0.9393975640622102,0,0
1,0,0,0,-1.2774445836787656,1,2,0,0,0,2,0,0,0,0,0,2,-0.34604238595351905,0.5013021702706926,1,0
0,0,1,1,1.6137012404433893,0,1,0,2,2,2,2,2,2,2,0,0,-0.010359391919962149,0.2747662539107957,0,0
0,0,1,1,-0.4223169455581282,1,0,1,0,0,0,0,0,2,0,1,2,0.5114448661322006,0.30077508708833156,0,0
1,0,1,1,0.5549717837226001,1,0,2,1,1,1,1,1,1,1,1,0,-1.481049737066981,0.9375331538686326,0,0
0,0,1,1,0.9214550572028734,1,0,2,1,1,1,1,1,1,2,0,3,-1.4544609850643233,0.30077508708833156,0,0
1,0,0,0,-1.2774445836787656,1,0,2,1,1,1,1,1,1,0,0,3,-1.4727407520661506,-2.0391926394936895,0,0
0,0,0,0,-0.8295205827584317,1,2,0,0,0,0,2,2,2,1,1,3,0.36853032411791364,0.9437343840569956,0,0
1,0,0,0,-0.055833672077855064,1,2,1,0,2,0,0,0,0,0,1,2,0.5214156481331973,-0.9814570772236338,0,0
1,0,1,0,-1.1145631287986442,0,1,0,0,0,0,0,0,0,0,1,2,-1.3231790220511994,0.30077508708833156,1,0
0,0,1,1,1.4100994218432374,1,2,0,2,0,0,0,2,2,2,1,2,0.356897745116751,0.4660477772208286,0,0
1,0,0,0,-1.2774445836787656,1,0,0,0,0,0,0,0,0,0,0,3,-0.6750781919864114,0.2282417419284325,0,0
1,0,1,0,0.3106496014024181,0,1,0,2,2,2,0,0,0,1,1,2,-0.7448736659933887,0.30077508708833156,1,0
1,0,1,1,0.35136996512244845,1,2,0,2,2,2,0,2,0,0,1,1,0.32532360211359457,-0.40727313361732076,0,0
1,0,0,0,-1.2774445836787656,1,2,1,0,0,0,0,0,0,0,1,2,0.3502505571160864,0.8457368749447759,1,0
1,0,0,0,0.758573602322752,1,2,1,2,2,0,0,2,0,1,1,2,0.9983513871808745,0.3625227545775854,1,0
1,0,1,1,0.3920903288424788,0,1,0,2,0,2,2,2,0,2,0,1,-0.5521052139741185,-1.8506280547360032,0,0
1,0,1,1,-0.38159658183809786,1,0,2,1,1,1,1,1,1,1,0,3,-1.4993295040688086,0.21209704576356317,0,0
0,1,0,0,-1.2774445836787656,1,0,1,0,0,0,0,0,0,0,1,2,0.19237984210030468,0.7855491878801135,1,1
0,0,0,0,-1.2774445836787656,1,0,2,1,1,1,1,1,1,0,0,3,-1.4827115340671475,-2.0639091281602373,0,0
0,0,0,0,0.9621754209229036,1,2,1,2,2,0,0,2,2,0,1,1,1.3905354792200795,0.6071191495731892,0,0
1,0,0,1,-0.7073594915983407,1,2,1,0,2,0,0,2,0,0,1,2,0.8720548151682491,0.30077508708833156,0,0
1,0,1,1,-0.8295205827584317,1,2,2,1,1,1,1,1,1,2,1,0,-1.3082228490497045,-0.3358836051612356,0,0
0,0,1,1,0.880734693482843,1,0,0,2,0,2,2,0,2,2,0,0,0.1724382780983114,0.028812640736292985,0,0
0,0,0,0,-1.0331224013585834,1,0,0,0,0,0,0,2,2,0,1,2,0.06940686408801149,0.290729779968533,0,0
0,0,1,1,0.025607055362205634,1,2,1,0,0,0,0,0,2,0,0,1,0.7108605061521354,-0.6201720154313826,1,0
1,0,1,1,-0.6666391278783103,1,0,2,1,1,1,1,1,1,0,0,2,-1.4827115340671475,-0.17664082204494622,0,0
0,0,0,1,-0.46303730927815856,1,0,0,2,0,2,0,0,2,1,0,3,0.0029349840813665527,0.30077508708833156,0,0
1,1,1,0,-0.0965540357978854,1,2,0,0,0,2,0,2,2,2,0,2,0.33529438411459117,-1.4849949506975548,0,1
1,0,0,0,-1.1960038562387048,1,0,0,0,0,0,2,0,0,0,1,3,-0.4740007549663106,0.30077508708833156,0,0
1,0,0,0,-0.8702409464784621,1,0,1,0,0,2,0,0,0,0,0,2,0.2704843011081128,0.9163684104761262,0,0
0,0,0,0,1.2064976032430856,1,2,1,2,2,2,2,2,2,1,1,1,1.6713791722481544,0.8058592318136896,0,0
1,0,0,0,-0.5851984004382496,1,0,2,1,1,1,1,1,1,0,0,2,-1.5209328650709681,-0.13700138930177613,0,0
1,0,0,1,-1.0738427650786138,1,0,2,1,1,1,1,1,1,0,0,3,-1.502653098069141,0.30077508708833156,0,0
0,0,0,0,0.5549717837226001,1,2,1,0,0,2,0,2,2,1,1,2,1.2077378092018058,0.31459385042507293,0,0
1,0,0,0,-0.46303730927815856,1,2,1,0,0,0,0,0,2,0,1,2,0.642726829145324,0.30077508708833156,0,0
1,0,0,0,1.4508197855632678,1,2,2,1,1,1,1,1,1,2,1,0,-1.3497677740538576,0.30077508708833156,0,0
0,0,0,0,-1.2774445836787656,1,2,0,0,0,0,0,0,0,0,1,2,-0.48729513096763954,0.4135255379073238,0,0
0,0,1,0,-0.30015585439803716,1,0,1,0,0,2,0,0,0,0,1,2,0.32698539911376057,0.30077508708833156,0,0
0,0,0,1,-0.3408762181180675,1,0,2,1,1,1,1,1,1,2,0,3,-1.4960059100684764,0.4086111182309376,0,0
0,0,1,0,-0.0965540357978854,1,2,1,0,0,0,0,0,2,0,1,2,0.6726391751483144,-0.739215327994814,1,0
0,0,0,0,-1.2367242199587352,1,0,1,0,0,0,0,0,2,0,0,2,0.5247392421335293,-4.29454150296568,1,0
1,0,1,0,0.758573602322752,1,2,1,0,2,2,0,2,2,1,1,0,1.397182667220744,0.5235058135684055,0,0
0,0,1,1,1.002895784642934,1,2,0,2,0,2,2,2,2,2,1,2,0.6560212051466532,0.3636276191078529,0,0
0,0,0,0,-0.7073594915983407,1,2,2,1,1,1,1,1,1,2,0,0,-1.3198554280508674,-0.042064754480572564,0,0
0,0,1,1,1.6137012404433893,1,0,0,2,2,2,2,2,2,2,1,0,0.6294324531439953,0.6481054200125733,0,0
0,0,0,0,-1.2367242199587352,1,0,1,0,0,2,0,0,0,0,1,2,0.36686852711774764,0.30077508708833156,1,0
1,0,1,0,-0.1779947632379461,1,2,1,0,2,2,0,2,0,0,0,1,1.0581760791868549,-0.6706487696115118,0,0
1,1,1,0,-0.13727439951791576,1,2,1,0,0,2,0,2,2,0,1,2,1.1213243651931677,-0.4273659878962889,1,1
1,0,1,1,1.5322605130033284,1,0,1,2,2,2,2,2,0,2,1,1,1.2077378092018058,0.7821640795871194,0,0
0,0,0,0,-0.7888002190384014,1,0,2,1,1,1,1,1,1,1,0,3,-1.481049737066981,-0.6300655898385057,0,0
0,1,1,0,1.0843365120829946,1,2,1,2,2,2,2,0,0,1,1,2,0.9734244321783826,0.5213075033808242,0,1
1,1,1,0,-0.7888002190384014,1,2,1,0,0,0,0,2,2,0,1,2,1.0133075601823696,0.30077508708833156,1,1
1,1,1,0,-1.0331224013585834,1,2,1,0,0,0,0,0,0,0,1,3,0.32033821111309646,0.47662371264163295,1,1
0,0,1,0,1.2064976032430856,1,0,0,2,0,2,2,2,2,2,0,3,0.5396954151350245,0.41072025611059676,0,0
0,0,0,0,-0.46303730927815856,1,0,0,2,0,2,2,0,0,1,1,2,-0.1499503399339166,0.30077508708833156,0,0
0,0,0,0,-1.2367242199587352,1,0,0,0,0,2,0,0,2,0,0,2,-0.13000877593192306,0.30077508708833156,0,0
0,0,0,0,-1.2774445836787656,1,0,0,0,0,0,0,0,0,0,0,1,-0.6916961619880726,0.19350806746202387,0,0
1,0,0,0,-1.1552834925186746,1,0,1,0,0,2,0,0,2,0,0,2,0.7075369121518029,-0.37132517188484027,0,0
0,0,0,0,-0.5444780367182193,1,0,2,1,1,1,1,1,1,1,0,1,-1.479387940066815,0.011166027241498858,0,0
0,0,0,0,-0.0965540357978854,1,0,1,0,0,0,2,2,0,0,0,2,0.677624566148813,-0.8045107783648773,1,0
1,0,1,1,1.4100994218432374,1,0,2,1,1,1,1,1,1,2,1,1,-1.5076384890696393,0.30077508708833156,0,0
1,1,1,0,1.6137012404433893,1,2,1,2,2,2,0,0,2,2,1,1,1.259253516206956,0.8532092869063629,0,1
1,0,1,0,0.8400143297628127,1,0,2,1,1,1,1,1,1,2,0,1,-1.491020519067978,0.30077508708833156,0,0
0,0,0,0,-1.1145631287986442,1,0,2,1,1,1,1,1,1,1,0,2,-1.502653098069141,1.001387636233216,0,0
1,1,1,0,1.5729808767233588,1,0,1,0,2,2,2,0,2,2,1,1,1.0216165451832002,0.7388540413771266,0,1
0,0,1,1,0.7178532386027215,1,2,0,0,2,2,2,2,2,1,1,1,0.6443886261454905,0.14843660806864065,0,0
1,0,1,1,0.9621754209229036,1,2,1,0,0,2,2,2,2,2,1,2,1.2775332832087833,0.6042296132624716,0,0
1,0,0,0,-1.2367242199587352,1,0,0,0,0,0,2,0,0,0,1,1,-0.48397153696730727,0.30077508708833156,0,0
0,1,0,0,-1.2367242199587352,1,2,1,0,0,2,0,0,2,0,1,2,0.7906267621601091,0.30077508708833156,1,1
1,0,1,1,-0.3408762181180675,1,2,0,2,0,0,0,0,0,0,0,2,-0.3327480099521901,0.30077508708833156,1,0
1,0,1,1,0.5549717837226001,1,0,2,1,1,1,1,1,1,2,0,1,-1.4893587220678117,0.9484627533990713,0,0
1,0,1,0,1.5729808767233588,1,2,1,2,2,2,2,2,2,2,1,2,1.7112623002521414,0.9457929445147111,0,0
0,0,0,0,-0.13727439951791576,0,1,0,0,0,0,2,0,0,0,1,2,-1.115454397030434,0.9757743346519764,0,0
1,0,1,1,1.4915401492832983,1,2,2,1,1,1,1,1,1,2,0,0,-1.3397969920528607,0.30077508708833156,0,0
1,0,1,0,1.5729808767233588,1,2,0,0,2,2,2,2,2,2,0,1,0.6460504231456565,0.6200197234679204,0,0
0,1,0,0,-1.2774445836787656,1,0,1,0,0,0,0,2,2,0,1,2,0.8820255971692458,0.9685638703286281,1,1
1,1,1,0,0.9621754209229036,1,0,0,2,2,2,2,2,2,2,1,0,0.6942425361504742,0.359939980143493,0,1
1,0,0,1,0.9621754209229036,1,0,2,1,1,1,1,1,1,1,1,3,-1.4478137970636586,0.30077508708833156,0,0
1,0,0,0,-1.2774445836787656,1,0,1,0,0,0,0,2,0,0,1,2,0.4898415051300408,0.8899735309086844,1,0
0,0,1,0,-0.1779947632379461,1,2,2,1,1,1,1,1,1,1,0,3,-1.303237458049206,0.7403704318414237,0,0
0,0,1,1,-0.5444780367182193,1,0,2,1,1,1,1,1,1,0,0,3,-1.481049737066981,0.00696823236883017,0,0
1,0,1,0,1.369379058123207,1,2,0,0,0,0,2,0,2,0,0,2,-0.030300955921955676,0.18209825609630437,0,0
0,0,1,1,-0.62591876415828,1,2,0,0,0,2,2,0,0,1,1,3,-0.09344924192826831,0.30077508708833156,0,0
1,0,1,1,0.7992939660427822,1,2,2,1,1,1,1,1,1,2,0,3,-1.2965902700485417,0.30077508708833156,0,0
0,0,0,0,-0.5444780367182193,1,0,0,0,2,0,0,2,0,1,0,2,-0.21808401694072754,0.30077508708833156,0,0
0,0,0,0,0.14776814652229667,1,0,0,2,2,2,2,2,2,1,0,0,0.7008897241511383,-0.42817816059865876,0,0
1,1,1,0,-1.0331224013585834,1,0,1,0,0,0,0,0,0,0,1,3,0.1774236690988095,0.31265906393619636,1,1
1,0,1,1,1.6137012404433893,1,2,1,2,2,2,2,0,2,1,1,1,1.3340343812144315,0.8504985022651963,0,0
1,0,1,1,1.4100994218432374,1,2,1,2,2,2,0,2,2,1,1,2,1.5467443972356951,0.8441446140089724,1,0
1,1,0,0,0.06632741908223598,1,0,1,0,2,2,0,2,2,1,1,2,1.1661928841976528,-0.20939346829737346,0,1
1,1,1,0,1.002895784642934,1,2,1,0,2,2,0,0,2,0,1,0,1.0133075601823696,0.5076965337587576,1,1
0,0,1,0,-1.0331224013585834,1,0,1,0,0,2,0,2,0,0,1,2,0.7141841001524675,0.6030714568402938,1,0
0,1,1,0,-1.2774445836787656,1,2,1,0,0,2,0,2,2,0,1,2,1.1977670272008092,0.30077508708833156,1,1
1,0,1,0,-0.9924020376385531,1,0,2,1,1,1,1,1,1,0,1,0,-1.502653098069141,0.30077508708833156,0,0
0,0,0,0,1.4915401492832983,1,2,1,0,0,2,2,2,2,2,0,2,1.304122035211441,0.7903652651872699,0,0
0,0,1,0,0.7178532386027215,1,2,1,2,0,2,0,2,2,1,1,3,1.3174164112127704,0.4683708395743761,0,0
1,0,0,0,-0.9109613101984924,1,0,2,1,1,1,1,1,1,1,0,3,-1.504314895069307,-1.2921180607130338,0,0
0,0,1,1,-0.8295205827584317,1,2,2,1,1,1,1,1,1,2,0,1,-1.3132082400502028,-0.6231298236374406,0,0
0,0,0,0,-0.748079855318371,1,0,1,0,2,0,0,0,2,0,1,2,0.7158458971526335,0.30077508708833156,1,0
0,0,1,0,1.5322605130033284,0,1,0,2,0,2,2,0,2,2,1,0,-0.49560411596847015,-0.1932041864136355,0,0
0,1,0,0,1.2879383306831464,1,2,1,2,0,2,2,2,2,0,1,0,1.4686399382278874,0.8020675471859157,0,1
0,0,1,1,1.369379058123207,1,2,0,2,2,2,2,2,2,2,0,1,0.8354952811645946,0.6205892376270296,0,0
0,0,1,1,1.5729808767233588,1,0,0,2,0,2,2,2,2,2,1,1,0.572931355138347,0.6282461011126582,0,0
1,1,0,0,-0.5037576729981889,1,0,1,0,0,0,0,2,2,0,0,2,0.8371570781647607,0.30077508708833156,0,1
1,0,1,0,1.6137012404433893,1,0,0,2,2,0,2,2,2,2,1,0,0.48485611412954227,0.5822877794029726,0,0
0,0,1,1,1.5729808767233588,1,0,0,2,2,2,2,0,0,2,0,1,-0.023653767921291324,0.25526743285253184,0,0
1,0,1,1,0.22920887396235737,1,2,1,0,0,2,0,2,2,0,1,1,1.2093996062019723,0.06319826801011383,0,0
0,0,0,0,-0.1779947632379461,1,2,1,0,2,0,0,0,2,0,1,2,0.8371570781647607,-0.7369999118194267,1,0
1,1,1,0,-0.62591876415828,1,0,1,0,2,0,0,0,0,0,1,2,0.3884718881199074,0.30077508708833156,1,1
1,0,0,0,0.025607055362205634,0,1,0,0,2,0,0,2,0,1,1,2,-0.8528904710041867,0.30077508708833156,0,0
0,0,1,1,-0.38159658183809786,0,1,0,2,0,0,2,0,0,2,0,3,-1.0024522010191377,0.9136114058443692,0,0
1,0,1,1,1.0436161483629645,1,0,2,1,1,1,1,1,1,1,1,2,-1.502653098069141,0.30077508708833156,0,0
0,1,1,0,1.5322605130033284,1,2,1,0,2,0,2,2,2,2,1,0,1.3190782082129364,0.8285435493140625,0,1
1,0,1,0,-1.1552834925186746,1,0,1,0,0,0,0,0,0,0,0,2,0.19071804510013865,-0.47730291705102834,0,0
1,0,1,1,0.5142514200025698,1,0,2,1,1,1,1,1,1,2,0,3,-1.4760643460664828,0.9771703519620017,0,0
1,0,0,0,-0.9109613101984924,1,0,1,0,0,0,0,0,0,0,1,2,0.17410007509847744,0.835915554666257,1,0
1,0,1,1,0.14776814652229667,1,0,2,1,1,1,1,1,1,2,0,1,-1.505976692069473,0.8509508103151645,0,0
1,0,0,0,0.880734693482843,1,0,0,2,2,0,2,2,0,0,1,3,0.17077648109814536,0.03343214305345201,0,0
1,0,1,1,-0.38159658183809786,1,2,0,0,2,0,2,0,0,2,0,3,-0.16823010693574386,0.30077508708833156,0,0
0,0,1,1,0.35136996512244845,1,2,0,2,2,2,0,2,0,1,1,1,0.4516201741262198,-0.280404476051061,0,0
1,1,0,0,-1.1145631287986442,1,0,1,0,0,0,0,0,0,0,1,3,0.2222921881032951,-0.03162662073522068,0,1
1,0,1,1,-0.21871512695797646,0,1,0,0,2,2,0,0,2,1,1,1,-0.62854787598176,0.30077508708833156,0,0
0,0,0,0,-1.2774445836787656,1,0,1,0,0,0,2,2,2,0,1,2,1.0332491241843629,0.9890569399963498,0,0
0,0,1,1,1.4100994218432374,0,1,0,2,0,0,2,0,0,2,0,1,-0.9658926670154829,-0.8248399558956658,0,0
0,1,1,1,1.6137012404433893,1,2,0,2,2,2,2,2,2,2,1,1,0.8238627021634315,0.7033269233800474,0,1
0,0,1,1,0.9621754209229036,1,2,2,1,1,1,1,1,1,2,1,1,-1.3231790220511994,0.30077508708833156,0,0
1,0,1,1,0.47353105628253944,1,2,2,1,1,1,1,1,1,1,0,2,-1.3265026160515319,0.30077508708833156,0,0
0,1,1,0,1.369379058123207,1,2,1,0,2,0,0,2,2,0,1,2,1.1977670272008092,0.7360680059115964,0,1
0,0,0,0,0.06632741908223598,1,2,0,2,2,0,2,0,0,1,1,3,-0.012021188920128179,-1.694921456597051,1,0
0,0,1,0,1.4915401492832983,1,2,1,0,0,2,2,2,2,2,0,0,1.3489905542159264,0.8157445371167509,0,0
0,0,1,1,-1.2774445836787656,1,2,1,2,0,2,0,2,2,0,1,2,1.2526063282062914,0.30077508708833156,1,0
0,0,0,0,0.3106496014024181,1,0,2,1,1,1,1,1,1,2,0,1,-1.4993295040688086,0.9254339574984067,0,0
1,0,1,1,-0.0965540357978854,1,2,0,2,0,0,0,0,0,0,1,0,-0.3427187919531868,0.30077508708833156,0,0
0,0,0,0,-0.8702409464784621,1,0,0,0,0,0,2,2,2,0,0,3,0.19071804510013865,0.9241739204253876,0,0
0,0,0,0,-0.7073594915983407,1,0,2,1,1,1,1,1,1,1,0,1,-1.4843733310673135,-0.41205872747301137,0,0
1,0,0,0,-0.8702409464784621,1,0,0,0,0,2,0,2,2,0,1,2,0.15249671409631763,0.8032539937541204,0,0
0,0,1,1,1.2879383306831464,1,0,2,1,1,1,1,1,1,1,0,0,-1.4943441130683104,0.30077508708833156,0,0
1,1,1,0,1.6137012404433893,1,0,0,2,2,2,2,2,0,2,0,0,0.32033821111309646,0.49647942118258775,0,1
1,1,1,0,1.6137012404433893,1,2,1,2,2,2,2,0,0,2,1,0,0.9401884921750601,0.743144522919789,0,1
0,0,0,1,-1.2774445836787656,1,0,0,2,0,0,0,0,0,0,0,3,-0.4507355969639848,0.43979040787304485,0,0
0,0,0,1,-0.7073594915983407,1,0,0,2,2,2,2,0,0,1,0,1,0.0278619390838584,0.30077508708833156,0,0
0,0,0,0,1.125056875803025,1,2,0,0,0,2,2,2,2,1,0,1,0.5247392421335293,0.36399563617865605,0,0
1,0,0,0,0.9621754209229036,1,0,0,2,0,2,0,0,0,1,0,3,-0.4008816869590011,-0.4136590283044016,0,0
0,0,0,0,-0.9924020376385531,1,0,2,1,1,1,1,1,1,2,0,3,-1.4594463760648215,0.30077508708833156,0,0
0,0,0,0,-1.1960038562387048,1,0,1,0,0,2,2,0,0,0,0,1,0.5097830691320341,-1.5062590122859327,1,0
0,0,1,0,0.6771328748826912,1,2,0,0,0,0,0,0,0,0,1,1,-0.4191614539608286,-0.7799557596067943,0,0
0,0,0,0,-1.2367242199587352,1,0,1,0,0,0,0,2,0,0,1,2,0.5131066631323666,0.30077508708833156,1,0
0,0,0,0,-1.0738427650786138,1,0,1,2,2,2,2,0,2,0,1,0,1.109691786192005,0.5628741320621848,1,0
1,0,0,0,1.5322605130033284,1,2,1,2,2,2,2,2,2,2,1,0,1.6680555782478224,0.8693214684584284,0,0
1,0,0,0,-0.8295205827584317,1,2,1,0,2,2,2,2,2,0,1,3,1.6015836982411773,0.30077508708833156,1,0
1,1,1,0,0.7992939660427822,1,0,1,2,0,2,2,2,2,1,1,0,1.3190782082129364,0.5209930642010099,0,1
0,0,1,0,1.6137012404433893,1,2,1,2,2,2,2,2,2,2,1,1,1.624848856243503,0.9125489921965926,0,0
0,0,0,0,0.3106496014024181,1,0,2,1,1,1,1,1,1,2,1,0,-1.4677553610656522,0.9222808828800307,0,0
0,0,0,0,-1.2774445836787656,1,0,1,0,0,0,0,0,0,0,0,3,0.20401242110146783,0.7872374545922428,1,0
0,1,0,0,-1.1960038562387048,1,0,1,0,0,2,0,2,0,0,1,2,0.7341256641544608,-1.4106808263784518,1,1
0,1,0,0,0.3106496014024181,1,0,1,0,0,0,0,2,2,0,1,2,0.8903345821700764,-0.04871384303571378,0,1
1,0,0,1,-1.2774445836787656,1,0,0,0,0,2,0,0,0,0,1,2,-0.49560411596847015,0.38547236363079973,0,0
1,0,1,0,-0.0965540357978854,1,0,2,1,1,1,1,1,1,1,0,1,-1.4943441130683104,0.5831747589692323,0,0
1,0,1,1,-0.38159658183809786,1,0,1,2,0,0,2,2,2,0,1,2,1.1661928841976528,-1.1503714203318065,1,0
1,0,1,1,-1.2774445836787656,1,2,1,0,0,0,0,0,0,0,1,2,0.3236618051134285,0.8347672551896359,1,0
0,1,1,0,0.47353105628253944,1,2,1,0,0,2,2,2,2,0,0,2,1.3091074262119398,0.2560875200184698,0,1
1,0,0,0,1.3286586944031769,1,2,1,0,2,2,2,2,2,0,1,2,1.475287126228552,0.7758468859048052,1,0
0,1,0,0,-1.0331224013585834,1,0,0,2,0,0,0,0,0,0,1,2,-0.5504434169739522,-0.18043885917381153,0,1
1,1,0,0,1.6137012404433893,1,2,2,1,1,1,1,1,1,2,1,1,-1.3181936310507012,0.30077508708833156,0,1
0,1,0,0,-0.9924020376385531,1,2,1,0,0,0,2,2,2,0,1,1,1.1761636661986499,0.9677594888657353,0,1
0,0,0,0,-0.6666391278783103,1,2,0,0,0,2,0,0,2,0,1,1,0.014567563082529699,0.30077508708833156,1,0
1,1,1,1,1.369379058123207,1,2,1,0,0,2,0,2,2,0,1,1,1.15456030519649,0.755906611656335,1,1
1,0,0,0,-1.2774445836787656,1,0,1,0,0,0,0,0,0,0,1,3,0.22561578210362715,0.799452399181648,1,0
1,0,0,1,-1.1960038562387048,1,0,0,2,0,2,0,0,0,0,0,3,-0.29452667894836937,0.30077508708833156,0,0
1,0,1,0,0.8400143297628127,1,2,1,2,0,2,0,0,2,0,0,2,0.9684390411778845,0.42501485373333536,1,0
1,1,1,0,-0.9924020376385531,1,0,0,0,0,2,2,0,2,0,1,1,-0.012021188920128179,0.5934651379617342,0,1
1,1,1,0,1.4915401492832983,1,2,1,0,2,2,2,2,2,2,1,0,1.4503601712260603,0.8243727881863211,1,1
0,0,0,0,-1.1145631287986442,1,0,1,0,2,0,0,2,0,0,1,3,0.682609957149311,0.1629377246797488,0,0
0,0,1,1,1.6137012404433893,1,2,1,2,0,2,2,2,2,2,0,3,1.4187860282229037,0.8556877339844542,0,0
0,0,1,0,-0.7888002190384014,0,1,0,0,0,2,0,2,2,0,1,0,-0.532163649972125,0.6845446205889881,1,0
0,0,0,0,-1.1552834925186746,1,2,1,0,0,0,0,2,0,0,1,2,0.6942425361504742,-0.2839150616020267,1,0
0,0,1,1,0.880734693482843,1,2,0,2,2,2,2,2,2,2,0,1,0.8820255971692458,0.40508597274090585,0,0
1,0,1,0,1.6137012404433893,1,2,0,0,2,2,2,2,2,2,0,0,0.7042133181514708,0.6588485398730398,0,0
1,0,0,0,-0.8295205827584317,1,2,1,0,2,2,0,2,2,0,1,2,1.393859073220412,0.30077508708833156,1,0
1,0,0,0,-1.2774445836787656,0,1,0,0,0,0,0,0,0,0,1,2,-1.3165318340505352,-0.8832950244718861,1,0
1,1,0,0,-1.2774445836787656,1,0,0,0,0,0,0,0,0,0,0,2,-0.6501512369839195,0.25813480037506936,0,1
0,0,1,0,0.880734693482843,1,2,1,0,2,2,2,2,2,1,0,2,1.5151702542325387,0.6065419098786565,1,0
1,0,1,1,1.4915401492832983,1,2,1,0,0,2,0,0,0,2,1,1,0.47987072312904416,0.5067399819511724,0,0
0,0,0,0,0.6364125111626608,1,0,0,2,2,0,0,0,0,2,0,1,-0.3078210549496983,-0.7336859630900109,0,0
0,0,1,1,0.6364125111626608,1,2,1,2,2,0,0,2,2,1,1,1,1.2791950802089493,0.4281255284784435,1,0
0,0,1,0,-0.9924020376385531,1,2,1,0,0,0,2,0,2,0,1,2,0.8471278601657574,0.8398099391698868,0,0
1,0,1,1,1.5729808767233588,1,2,0,2,2,2,2,2,2,2,1,3,0.8803638001690798,0.7220201954942742,0,0
1,0,0,0,-1.2367242199587352,1,0,0,2,0,0,0,0,0,0,1,2,-0.5637377929752814,0.9733766186628345,1,0
1,0,1,0,1.4100994218432374,1,0,1,2,2,0,0,2,2,1,1,1,1.2010906212011416,0.7428926505804977,0,0
1,0,1,1,0.06632741908223598,1,2,1,0,2,0,0,2,2,0,1,0,1.0947356131905097,-0.17474719922668833,0,0
0,0,0,0,-1.1960038562387048,1,0,1,0,0,0,0,0,0,0,1,2,0.16911468409797886,-2.1196540977092186,0,0
0,0,1,1,-0.9516816739185228,1,0,0,0,2,0,2,2,0,1,1,3,0.0278619390838584,0.6151657127095675,0,0
1,0,1,1,1.5729808767233588,1,0,1,2,2,2,0,2,2,1,1,0,1.325725396213601,0.8199513644001748,0,0
1,0,0,0,1.002895784642934,1,2,1,0,0,0,2,2,0,2,1,1,0.8537750481664219,0.46637997385935165,0,0
1,0,0,0,1.6137012404433893,0,1,0,2,2,2,2,2,2,2,1,0,-0.035286346922454,0.24868241087268414,0,0
0,1,1,1,0.6364125111626608,1,0,1,2,0,2,2,2,2,0,1,2,1.3207400052131024,0.4346609030501909,0,1
1,0,0,0,-0.5851984004382496,1,0,2,1,1,1,1,1,1,1,0,3,-1.4843733310673135,0.08483386020153467,0,0
1,0,1,1,0.43281069256250915,1,2,1,0,0,2,2,2,2,1,1,1,1.3140928172124378,0.24371503066296712,0,0
0,0,1,1,1.6137012404433893,1,2,0,2,2,2,2,2,2,2,1,0,0.9468356801757247,0.7347990556487239,0,0
1,0,1,1,0.10704778280226633,1,2,0,0,0,0,2,2,2,1,1,0,0.28876406810994004,-0.689462716145841,0,0
1,0,0,0,-1.1552834925186746,1,0,2,1,1,1,1,1,1,0,0,3,-1.46443176706532,0.8213497165768245,0,0
0,0,1,1,0.6771328748826912,1,2,2,1,1,1,1,1,1,2,0,3,-1.3132082400502028,0.30077508708833156,0,0
0,0,1,1,1.5729808767233588,1,2,1,2,2,2,0,2,0,2,0,0,1.1877962451998125,0.790845599668418,0,0
1,0,1,1,-0.8702409464784621,1,0,1,0,0,0,0,2,2,0,0,2,0.85876043916692,0.30077508708833156,0,0
1,0,1,1,1.247217966963116,1,2,0,2,2,2,2,2,2,2,1,1,0.8188773111629334,0.5464542271580461,0,0
0,1,0,0,1.3286586944031769,1,2,1,0,2,2,0,2,0,0,1,0,1.0199547481830342,0.6681210841878393,0,1
0,0,0,1,0.6771328748826912,1,0,2,1,1,1,1,1,1,2,0,1,-1.4727407520661506,0.30077508708833156,0,0
0,0,0,0,-0.13727439951791576,1,2,1,0,0,2,0,2,2,0,1,1,1.1246479591934997,-0.4824365510210337,1,0
0,1,1,0,-0.7073594915983407,1,2,1,0,0,2,2,0,0,0,1,2,0.6078290921418354,0.30077508708833156,1,1
0,0,1,1,-1.1552834925186746,1,0,2,1,1,1,1,1,1,0,1,2,-1.4893587220678117,0.9189066089093343,0,0
0,0,1,0,1.6137012404433893,1,2,1,0,2,2,2,2,2,1,0,1,1.475287126228552,0.8757384627429692,0,0
0,1,1,0,-0.2594354906780068,1,0,1,0,0,2,0,2,0,0,1,1,0.6959043331506402,-1.769747244087032,0,1
0,1,1,0,0.10704778280226633,1,2,1,0,0,2,0,2,2,0,0,0,1.2393119522049623,-0.15415063080968952,0,1
0,0,0,0,1.002895784642934,1,2,1,0,2,0,2,0,2,1,0,2,0.9950277931805424,0.518473985015646,0,0
1,0,1,1,-0.1779947632379461,1,2,0,0,2,0,0,0,2,0,0,2,-0.012021188920128179,0.30077508708833156,0,0
0,0,1,0,-0.30015585439803716,1,2,2,1,1,1,1,1,1,1,1,3,-1.261692533045053,0.8262286076904196,0,0
0,0,1,0,0.5956921474426305,1,0,0,2,0,2,0,2,0,1,1,1,0.042818112085353605,-0.40886578826740505,0,0
0,0,1,1,1.002895784642934,1,2,0,2,2,0,2,0,0,0,0,0,0.014567563082529699,-0.043722886491363896,0,0
1,1,1,0,-0.6666391278783103,1,2,1,0,0,0,0,2,0,0,1,1,0.6743009721484804,0.30077508708833156,0,1
1,0,0,0,-1.1145631287986442,1,0,0,2,0,2,0,0,0,0,1,3,-0.29785027294870164,-0.6241177070458583,0,0
1,0,1,0,-0.62591876415828,1,0,1,0,0,0,0,0,0,0,1,0,0.1873944510998066,0.30077508708833156,1,0
0,1,0,0,0.9621754209229036,1,2,1,0,2,2,0,2,2,1,1,0,1.329048990213933,0.5300718966065907,1,1
1,0,1,1,1.6137012404433893,1,0,2,1,1,1,1,1,1,2,0,0,-1.4893587220678117,0.30077508708833156,0,0
0,1,0,0,-0.46303730927815856,1,2,1,0,0,0,0,2,2,0,1,2,0.9800716201790471,-2.2023590103436317,1,1
0,0,1,1,0.6364125111626608,0,1,0,2,0,2,0,0,2,1,0,1,-0.6567984249845842,-1.4393004187525085,0,0
0,0,1,0,1.4508197855632678,1,2,1,2,2,2,2,2,2,2,0,0,1.6663937812476561,0.8818953522671884,0,0
0,0,0,0,-0.0965540357978854,1,2,1,2,0,0,2,2,2,0,0,0,1.3838882912194153,-0.27970383542702637,0,0
0,0,1,0,-1.1960038562387048,1,0,0,0,0,0,0,0,0,0,1,3,-0.6202388909809294,0.30077508708833156,0,0
0,1,0,0,-0.748079855318371,0,1,0,2,0,2,2,0,0,2,0,3,-0.8329489070021932,0.7736508339198578,0,1
0,0,0,1,-1.1552834925186746,1,0,2,1,1,1,1,1,1,0,1,0,-1.4860351280674797,0.9414650622702161,0,0
0,0,1,1,1.5729808767233588,1,2,1,0,2,2,0,0,2,2,1,1,1.0299255301840309,0.7601247025257408,0,0
1,0,1,1,-0.9924020376385531,1,2,2,1,1,1,1,1,1,1,0,3,-1.341458789053027,-1.8641983819397592,0,0
1,0,1,1,1.1657772395230555,0,1,0,2,0,2,0,0,0,0,0,0,-1.03568814102246,-1.6172696725239473,0,0
1,0,1,1,1.6137012404433893,1,2,1,0,2,2,2,0,0,2,0,0,0.8537750481664219,0.7186707691617888,0,0
0,0,0,0,-1.1145631287986442,1,2,1,0,0,0,0,2,0,0,1,2,0.6394032351449919,0.175011573057132,0,0
0,0,0,0,0.6771328748826912,1,0,0,2,2,2,2,0,0,2,0,0,0.0876866310898392,-0.22917304681387382,0,0
1,0,0,0,-0.9924020376385531,1,0,2,1,1,1,1,1,1,0,1,0,-1.4976677070686424,0.30077508708833156,0,0
1,0,0,0,-1.1960038562387048,1,0,1,0,0,0,0,0,2,0,1,2,0.5180920541328647,-0.8418976210877887,0,0
1,0,1,1,-0.9516816739185228,1,0,2,1,1,1,1,1,1,2,0,3,-1.5009913010689746,-2.2315205141928214,0,0
1,0,1,1,1.4100994218432374,1,0,0,2,2,0,0,0,0,2,1,0,-0.3510277769540174,0.01378072870799375,0,0
1,0,0,0,0.5549717837226001,1,0,0,0,0,0,0,0,0,0,1,1,-0.6501512369839195,-1.7791145469581102,0,0
0,0,1,0,1.4100994218432374,1,2,0,2,2,2,0,0,2,1,0,3,0.3436033691154218,0.4336318370921917,0,0
0,0,1,0,0.9214550572028734,1,0,2,1,1,1,1,1,1,1,0,2,-1.4976677070686424,0.30077508708833156,0,0
1,0,1,0,0.025607055362205634,1,2,0,2,2,2,0,2,0,0,1,0,0.2654989101076142,-0.9535910121478728,0,0
1,0,1,1,1.2064976032430856,1,0,2,1,1,1,1,1,1,2,0,1,-1.4860351280674797,0.30077508708833156,0,0
0,0,0,1,-1.2774445836787656,1,0,0,0,0,0,0,0,0,0,0,3,-0.6252242819814278,0.26303123988391536,1,0
1,0,1,1,0.6771328748826912,0,1,0,2,0,0,0,0,2,0,1,2,-0.8495668770038544,-4.375343639294243,0,0
1,0,0,0,-1.2774445836787656,1,0,0,0,0,0,0,0,0,0,1,2,-0.6651074099854147,0.23034677073300175,0,0
1,0,1,0,-0.748079855318371,1,2,1,0,2,2,0,0,0,0,1,2,0.5945347161405068,0.30077508708833156,0,0
1,1,0,0,-0.5851984004382496,1,2,1,0,0,2,2,2,0,0,0,0,0.9684390411778845,0.30077508708833156,0,1
0,1,0,0,-1.2774445836787656,1,0,1,0,0,0,0,0,0,0,1,2,0.179085466098976,0.7836162436474007,1,1
0,0,0,0,-1.2774445836787656,1,0,1,0,0,2,0,2,0,0,1,1,0.6909189421501416,0.9416715771851193,1,0
0,0,1,0,1.6137012404433893,1,2,1,2,2,2,2,2,2,2,1,1,1.7411746462551319,0.9431159886655852,0,0
1,0,0,0,1.2879383306831464,1,2,1,2,0,2,2,0,2,2,0,1,1.1462513201956595,0.7160866316690019,0,0
1,0,1,0,1.4915401492832983,1,2,1,2,2,2,2,2,2,2,1,0,1.5882893222398482,0.8799204830507769,0,0
0,0,0,0,-1.2774445836787656,1,2,2,1,1,1,1,1,1,0,1,2,-1.2982520670487077,-0.8756396340038664,0,0
1,0,1,1,1.5729808767233588,1,2,0,2,2,2,2,2,2,2,0,1,0.8487896571659234,0.6754238114472294,0,0
0,0,1,1,1.369379058123207,1,0,0,0,0,0,2,0,0,1,1,1,-0.5105602889699654,-0.25616951494728796,0,0
1,0,0,0,-1.2367242199587352,1,0,2,1,1,1,1,1,1,0,0,3,-1.5076384890696393,0.415624346869045,0,0
0,1,1,0,1.5729808767233588,1,0,1,2,2,2,2,2,2,2,1,0,1.4935668932303794,0.8923626211430501,0,1
1,0,0,0,-0.8702409464784621,1,0,0,0,2,0,0,2,0,1,1,2,-0.11671439993059413,0.8201845589293728,0,0
1,0,0,1,0.5956921474426305,1,0,0,2,2,0,0,0,0,0,1,2,-0.31446824295036285,-0.7054159990651123,0,0
0,0,1,0,0.10704778280226633,1,0,1,0,0,0,0,0,0,0,1,2,0.18407085709947407,-1.0057695058633225,1,0
1,1,1,0,-0.015113308357824713,1,2,1,0,2,2,0,2,2,0,0,0,1.3822264942192488,-0.11537587652100074,1,1
1,0,1,1,1.125056875803025,1,2,1,0,2,0,2,2,2,0,1,0,1.2958130502106107,0.6231480451601115,0,0
1,0,0,0,-0.8702409464784621,1,0,2,1,1,1,1,1,1,1,0,3,-1.504314895069307,-1.274917948043265,0,0
0,0,0,0,-0.13727439951791576,0,1,0,2,2,0,2,0,0,1,0,1,-0.8395960950028577,0.30077508708833156,0,0
1,0,1,1,-0.46303730927815856,0,1,0,0,0,0,0,0,0,0,1,2,-1.286619488047545,0.5604585007603236,0,0
1,1,1,0,0.6364125111626608,1,2,1,0,0,2,0,0,2,0,1,1,0.8737166121684152,0.2155176574200628,0,1
0,0,0,1,-1.1960038562387048,0,1,0,0,2,0,0,0,0,0,0,3,-1.166970104035584,0.963929815964758,0,0
0,0,1,1,0.43281069256250915,1,0,0,0,2,0,0,0,0,0,0,3,-0.48397153696730727,-1.5206904819875637,0,0
1,0,0,0,-1.1145631287986442,1,2,1,0,2,2,0,2,2,0,0,2,1.3473287572157604,0.527575612654595,0,0
0,0,0,0,-1.2774445836787656,1,0,0,0,0,0,0,0,2,0,1,2,-0.3094828519498643,0.5256993017865529,0,0
1,0,1,1,1.5729808767233588,1,2,0,2,0,2,2,2,2,1,0,2,0.6875953481498096,0.6794579561861398,0,0
0,0,1,1,-0.9924020376385531,1,0,2,1,1,1,1,1,1,1,0,2,-1.4943441130683104,0.30077508708833156,0,0
1,0,0,0,-0.9924020376385531,1,2,0,0,0,0,0,2,0,0,1,2,-0.18318627993723904,0.21166864543514666,0,0
1,0,0,0,-0.5037576729981889,1,2,1,0,0,2,0,2,0,0,1,1,0.8620840331672525,0.30077508708833156,0,0
0,0,1,1,0.025607055362205634,1,2,1,2,0,2,0,2,2,1,1,3,1.2941512532104444,-0.14676491507007802,1,0
1,0,0,0,1.5729808767233588,1,2,1,0,2,0,0,0,0,1,1,1,0.4748853321285456,0.5387601421487824,0,0
0,1,1,0,-0.055833672077855064,1,2,1,0,0,2,0,2,0,1,1,2,0.8620840331672525,-0.5599971867845484,0,1
0,1,1,0,0.22920887396235737,1,2,1,2,2,0,0,0,2,1,0,1,1.0049985751815391,-0.08148948426140944,0,1
1,0,0,0,-1.2774445836787656,1,0,1,0,0,0,0,2,2,0,1,2,0.7839795741594444,0.9560226575019348,1,0
0,0,1,1,-1.2367242199587352,0,1,0,0,2,0,0,0,0,0,1,3,-1.1470285400335904,0.6786524281338834,0,0
0,0,1,0,-0.8295205827584317,0,1,0,0,0,2,0,2,2,0,1,0,-0.49560411596847015,0.6613114164963871,0,0
0,0,0,1,-0.9516816739185228,1,0,1,2,0,2,2,0,2,0,0,0,0.9385266951748941,0.9533729826786135,0,0
1,1,0,1,-0.8702409464784621,1,0,0,0,2,0,2,0,0,0,1,2,-0.3393951979528547,0.6313488333304637,0,1
1,0,0,1,-1.0738427650786138,1,0,2,1,1,1,1,1,1,0,0,3,-1.4976677070686424,0.30077508708833156,0,0
0,0,1,0,1.5729808767233588,1,0,0,2,2,2,2,2,2,1,1,0,0.6659919871476498,0.6378054214989591,0,0
0,0,1,1,0.3920903288424788,1,2,1,2,2,0,0,2,0,1,1,1,0.9867188081797118,0.05220236468376455,0,0
0,0,1,1,-0.9924020376385531,1,0,1,0,0,2,0,2,2,0,1,2,0.9784098231788811,0.8746350180776646,1,0
0,0,0,0,-1.1145631287986442,1,0,1,0,2,0,0,2,2,0,1,2,1.0465435001856922,0.44285552841511133,1,0
0,0,1,0,-1.2367242199587352,1,0,1,0,0,0,0,0,0,0,1,2,0.19736523310080326,0.30077508708833156,1,0
0,0,1,1,0.5142514200025698,1,0,2,1,1,1,1,1,1,2,0,3,-1.4594463760648215,0.9613010373788713,0,0
1,0,1,1,-0.1779947632379461,0,1,0,0,2,2,2,2,2,1,1,1,-0.1582593249347472,0.30077508708833156,0,0
0,0,1,0,0.43281069256250915,1,2,1,0,2,0,0,0,0,0,0,2,0.5214156481331973,-0.18425137640213715,0,0
1,0,0,1,1.125056875803025,1,2,0,2,0,2,2,2,2,2,1,2,0.6709773781481484,0.41036904190689577,0,0
0,0,1,0,0.3920903288424788,0,1,0,0,2,0,2,0,0,1,0,3,-1.0373499380226265,0.30077508708833156,1,0
1,0,1,1,-1.0331224013585834,0,1,0,2,0,2,2,0,2,2,0,1,-0.5022513039691348,-0.3875760627657177,0,0
0,0,1,0,-0.30015585439803716,1,0,2,1,1,1,1,1,1,1,1,0,-1.481049737066981,0.43568891111998764,0,0
0,1,1,1,0.3106496014024181,1,2,1,0,0,0,0,2,2,0,1,1,0.9900424021800438,-0.0621461393955733,1,1
1,0,0,0,-0.21871512695797646,1,2,1,0,0,2,0,2,2,1,1,0,1.1877962451998125,-0.6800114979581934,0,0
1,0,0,0,-0.9109613101984924,0,1,0,0,2,0,2,0,0,0,0,2,-0.9642308700153169,0.038540018758259555,0,0
0,1,0,0,-0.21871512695797646,1,2,1,0,2,2,0,0,0,0,1,0,0.720831288153132,-1.0247685568173783,0,1
0,0,0,0,-0.8702409464784621,1,0,0,0,0,2,2,0,0,1,0,0,-0.3643221529553466,0.7106381089569263,0,0
1,0,1,1,-1.1552834925186746,0,1,0,2,0,0,0,2,0,0,0,1,-0.8711702380060141,0.30077508708833156,0,0
1,0,0,0,1.4508197855632678,0,1,0,0,0,2,0,0,2,0,1,0,-0.8263017190015288,-0.5843940121743998,0,0
1,1,0,0,-1.2774445836787656,1,0,1,0,0,0,0,0,0,0,1,2,0.17576187209864347,0.7831324232317602,0,1
0,0,0,0,-0.5851984004382496,1,0,2,1,1,1,1,1,1,1,0,3,-1.4843733310673135,0.11076238206451641,0,0
0,0,0,0,1.002895784642934,1,2,1,2,2,2,0,2,2,2,1,0,1.6015836982411773,0.7054212936683988,1,0
1,0,0,0,-0.2594354906780068,1,0,2,1,1,1,1,1,1,0,1,2,-1.477726143066649,0.44149441235861914,0,0
0,0,1,0,-0.62591876415828,0,1,0,0,2,2,0,0,0,0,1,1,-0.9675544640156493,0.704374656822486,0,0
1,0,0,0,-1.2774445836787656,0,1,0,0,0,0,0,0,2,0,0,2,-0.9592454790148186,-0.12492952671085208,1,0
1,0,0,1,0.22920887396235737,1,2,1,0,0,2,0,2,2,0,1,0,1.1462513201956595,-0.008932331566615383,1,0
1,1,1,0,1.0843365120829946,1,0,1,2,2,2,0,0,0,1,1,1,0.6045054981415035,0.38799011031205505,0,1
1,0,0,0,-0.0965540357978854,1,0,0,2,0,2,0,0,0,2,1,3,-0.3028356639492,0.30077508708833156,0,0
1,1,0,0,-1.2367242199587352,0,1,0,0,0,0,0,0,0,0,1,3,-1.3397969920528607,0.3230627184960533,1,1
0,1,1,0,0.7178532386027215,1,2,2,1,1,1,1,1,1,1,0,2,-1.3148700370503688,0.30077508708833156,0,1
1,0,0,0,-0.9516816739185228,0,1,0,2,0,2,2,0,2,1,0,3,-0.46402997296531395,0.30371051158175383,0,0
0,0,1,1,-1.1960038562387048,1,0,2,1,1,1,1,1,1,0,0,3,-1.4993295040688086,0.6293754815491754,0,0
0,0,0,1,-0.748079855318371,1,0,0,0,0,2,0,2,0,0,1,1,-0.16490651293541178,0.9199622931166246,0,0
0,1,0,0,-0.055833672077855064,1,0,1,2,0,0,0,0,0,0,1,1,0.2920876621102721,-1.6721131938669316,0,1
0,0,0,0,-1.0331224013585834,1,0,0,2,2,2,0,0,0,0,0,2,-0.11172900893009581,0.21977703342183064,0,0
0,0,0,0,-0.9924020376385531,1,2,1,2,0,0,2,2,2,0,1,0,1.2825186742092813,0.938776480142679,1,0
1,0,1,1,-0.62591876415828,1,0,2,1,1,1,1,1,1,1,0,0,-1.491020519067978,-0.2392115092609253,0,0
1,0,1,1,-0.015113308357824713,1,0,2,1,1,1,1,1,1,0,1,1,-1.505976692069473,0.7433963318353796,0,0
0,1,0,0,-1.2367242199587352,1,0,1,0,0,0,0,2,0,0,0,3,0.5563133851366857,0.30077508708833156,0,1
1,1,0,0,-1.0331224013585834,1,2,1,0,0,0,0,2,0,0,1,2,0.6659919871476498,0.5168963319682424,1,1
0,0,1,1,1.6137012404433893,1,2,1,2,2,2,0,2,2,2,0,1,1.4885815022298807,0.8873607244449274,0,0
0,1,0,0,-0.055833672077855064,1,2,1,0,2,0,0,2,2,0,1,2,1.1695164781979852,-0.299509750574704,1,1
0,0,1,1,-0.21871512695797646,1,0,1,2,0,0,0,0,0,0,0,3,0.32033821111309646,-2.207160587882893,0,0
0,0,0,0,-0.5851984004382496,1,2,1,0,2,0,0,2,0,0,1,1,0.8388188751649267,0.30077508708833156,1,0
1,0,0,0,-1.0331224013585834,1,0,1,0,0,2,0,0,0,0,1,2,0.33695618111475767,0.38655217422563787,0,0
0,1,0,0,-0.748079855318371,1,2,1,0,2,2,0,2,2,0,1,2,1.332372584214265,0.30077508708833156,1,1
1,0,1,1,-0.8702409464784621,1,0,0,0,0,2,0,2,0,0,1,0,-0.1698919039359101,0.7569007055074234,0,0
0,0,1,1,1.6137012404433893,1,2,1,2,0,2,2,2,2,2,1,0,1.5184938482328711,0.9061506974402838,0,0
1,0,1,1,-0.1779947632379461,1,2,1,2,2,0,0,2,2,1,0,2,1.3739175092184182,-0.5480184055486145,1,0
1,1,0,0,-0.7073594915983407,1,2,1,0,0,0,0,0,0,0,1,1,0.31369102311243185,0.30077508708833156,1,1
0,1,0,0,-1.1552834925186746,1,2,1,0,0,0,0,0,0,0,1,2,0.32200000811326246,-0.4764498677692107,0,1
0,0,0,0,1.5729808767233588,1,2,2,1,1,1,1,1,1,2,0,2,-1.3364733980525287,0.30077508708833156,0,0
0,0,0,0,-1.1145631287986442,1,0,1,0,2,0,2,0,2,0,1,2,0.8172155141627669,0.29822409980546716,1,0
1,0,1,1,0.5956921474426305,1,2,2,1,1,1,1,1,1,2,0,3,-1.3364733980525287,0.30077508708833156,0,0
1,1,1,0,1.002895784642934,1,0,1,0,2,2,0,2,0,1,1,2,0.8604222361670865,0.4570364981362866,0,1
1,1,1,0,0.7178532386027215,1,2,1,2,0,2,0,2,2,2,1,1,1.3390197722149297,0.45199492021697707,0,1
1,0,0,0,-0.9924020376385531,1,0,2,1,1,1,1,1,1,0,1,1,-1.4727407520661506,0.30077508708833156,0,0
0,0,1,1,0.6364125111626608,1,0,2,1,1,1,1,1,1,2,0,3,-1.502653098069141,0.9570398966822935,0,0
0,0,0,0,1.5322605130033284,1,0,2,1,1,1,1,1,1,1,0,0,-1.4976677070686424,0.30077508708833156,0,0
1,0,0,1,-1.2774445836787656,1,0,0,2,2,0,2,0,2,0,1,0,0.18905624809997262,0.7850663019847097,0,0
1,0,1,0,-0.9924020376385531,1,2,1,0,0,0,0,0,2,0,1,0,0.6942425361504742,0.7225344975662178,0,0
0,0,0,0,-1.2774445836787656,1,2,1,0,0,0,0,0,0,0,1,2,0.4117370461222332,0.8673215856899839,1,0
1,0,0,0,-1.2774445836787656,0,1,0,0,0,0,0,0,2,0,1,0,-0.9808488400169781,-0.12793385769207935,1,0
1,0,1,1,1.125056875803025,1,0,2,1,1,1,1,1,1,2,0,3,-1.4694171580658184,0.30077508708833156,0,0
1,0,1,1,0.6771328748826912,1,2,1,0,0,0,2,2,2,1,1,2,1.1030445981913404,0.39372126682185965,0,0
1,0,1,0,-1.1552834925186746,0,1,0,0,2,0,0,2,2,0,1,2,-0.5388108379727895,-1.9609560623316846,1,0
0,0,0,0,-0.13727439951791576,1,0,2,1,1,1,1,1,1,1,0,3,-1.4876969250676457,0.6273982279497059,0,0
0,0,1,0,1.4100994218432374,1,2,2,1,1,1,1,1,1,2,1,1,-1.3132082400502028,0.30077508708833156,0,0
0,0,1,0,0.8400143297628127,1,2,1,0,2,0,0,2,2,0,1,1,1.1180007711928355,0.4486196918317044,1,0
1,0,1,0,1.4100994218432374,1,2,0,2,2,2,2,0,0,2,0,1,0.20401242110146783,0.31575292803263455,0,0
0,0,1,1,-1.0738427650786138,1,0,2,1,1,1,1,1,1,0,0,3,-1.4926823160681442,0.30077508708833156,0,0
0,0,0,0,0.5956921474426305,1,2,1,0,2,2,0,2,2,0,1,2,1.3822264942192488,0.36473126425961433,0,0
0,0,0,0,0.8400143297628127,1,0,1,2,2,2,2,0,2,2,0,3,1.15456030519649,0.5070589342302103,0,0
1,0,1,0,1.4915401492832983,1,0,0,2,2,2,2,2,2,2,1,3,0.6626683931473177,0.6045189429070791,0,0
1,0,0,0,-1.1960038562387048,1,0,1,2,0,0,0,0,2,0,1,3,0.7075369121518029,-0.9618696016171621,0,0
1,0,0,0,-1.1552834925186746,1,0,0,0,0,0,0,0,0,0,0,3,-0.6717545979860794,-1.4150308789228667,0,0
1,0,1,1,0.9621754209229036,1,2,0,2,2,0,2,0,2,2,1,1,0.36853032411791364,0.1798890577033153,0,0
1,1,1,0,1.0843365120829946,1,2,1,0,0,0,0,2,2,0,1,0,0.966777244177718,0.5424606917212375,1,1
1,1,1,0,1.1657772395230555,1,2,2,1,1,1,1,1,1,2,0,0,-1.3215172250510334,0.30077508708833156,0,1
0,0,1,0,-1.2367242199587352,1,0,0,0,0,0,0,0,0,0,1,2,-0.6567984249845842,0.9602881257670708,0,0
1,1,1,1,0.5549717837226001,1,2,1,2,2,2,0,2,0,0,1,2,1.1944434332004772,0.2807824790295807,1,1
1,0,1,1,-0.8295205827584317,1,0,2,1,1,1,1,1,1,0,0,3,-1.4710789550659844,-0.8152217837937705,0,0
0,0,0,0,-0.748079855318371,1,2,1,0,0,2,0,0,0,0,1,2,0.5214156481331973,0.30077508708833156,1,0
0,0,1,1,-0.1779947632379461,1,2,1,0,0,0,2,0,2,1,1,2,0.8537750481664219,-0.8667817910873477,0,0
1,0,0,0,-0.3408762181180675,1,0,0,2,2,0,2,0,0,0,0,0,-0.143303151933252,0.30077508708833156,0,0
1,0,0,0,-0.055833672077855064,1,0,0,0,0,2,2,0,0,0,1,2,-0.3161300399505289,0.30077508708833156,1,0
0,0,1,1,1.4508197855632678,1,2,0,2,2,2,2,0,2,1,1,2,0.45494376812655235,0.49228080837166904,0,0
1,0,0,1,0.26992923768238775,1,2,1,0,0,0,2,2,2,2,0,3,1.1894580421999785,0.040575886049546546,0,0
0,0,1,0,0.3920903288424788,1,0,2,1,1,1,1,1,1,0,0,1,-1.4760643460664828,0.9527605209358568,0,0
1,0,1,0,-0.7888002190384014,0,1,0,2,0,0,2,2,2,0,1,2,-0.3427187919531868,0.7944407728242506,1,0
0,0,1,0,-1.0738427650786138,1,2,1,0,2,0,0,0,2,0,1,2,0.8637458301674186,0.4425154230462952,0,0
1,0,0,0,0.10704778280226633,1,2,1,0,0,0,0,0,0,0,0,1,0.35191235411625243,-0.7249020847875537,1,0
0,0,1,0,0.22920887396235737,1,0,2,1,1,1,1,1,1,1,1,1,-1.479387940066815,0.9140360554624384,0,0
1,0,0,0,-0.5851984004382496,1,0,2,1,1,1,1,1,1,2,0,1,-1.4860351280674797,0.031894678818374184,0,0
0,0,1,0,-1.1552834925186746,1,0,2,1,1,1,1,1,1,0,0,3,-1.5009913010689746,0.9781663153480165,0,0
1,0,1,0,-0.21871512695797646,1,0,0,0,2,0,2,0,0,0,1,2,-0.3643221529553466,0.30077508708833156,0,0
1,0,0,1,0.35136996512244845,1,0,0,2,2,2,0,2,0,1,0,3,0.18074726309914202,-0.5155762685819771,0,0
1,0,1,1,0.7178532386027215,1,0,0,2,0,0,2,2,2,1,0,2,0.356897745116751,0.09403371173352693,0,0
1,0,1,1,1.6137012404433893,1,0,2,1,1,1,1,1,1,2,0,2,-1.4760643460664828,0.30077508708833156,0,0
0,0,0,0,1.5322605130033284,1,2,2,1,1,1,1,1,1,1,0,1,-1.286619488047545,-3.616356817623934,0,0
1,0,1,1,0.47353105628253944,1,0,2,1,1,1,1,1,1,1,0,0,-1.4677553610656522,0.9755747444214871,0,0
1,0,0,0,-1.2367242199587352,1,0,1,2,0,0,0,0,0,0,1,2,0.36354493311741554,-2.950823409006857,1,0
0,0,1,1,0.06632741908223598,1,0,2,1,1,1,1,1,1,1,1,0,-1.4843733310673135,0.7554091939015569,0,0
0,1,1,0,1.6137012404433893,1,2,2,1,1,1,1,1,1,2,0,0,-1.3447823830533592,0.30077508708833156,0,1
1,0,1,0,1.5729808767233588,1,2,2,1,1,1,1,1,1,2,1,2,-1.3381351950526947,-7.811074769538135,0,0
0,0,0,0,1.2879383306831464,1,2,1,0,2,2,2,2,2,2,1,1,1.5201556452330371,0.7949191541494736,0,0
0,0,1,0,1.6137012404433893,1,2,2,1,1,1,1,1,1,2,1,0,-1.3132082400502028,-4.0851955294582325,0,0
1,0,0,0,-1.2774445836787656,1,2,1,0,0,0,0,0,0,0,1,3,0.3153528201125979,0.8336176356053023,1,0
1,1,1,0,-0.13727439951791576,1,0,1,2,0,2,0,0,2,1,0,0,0.8421424691652587,-0.7011368434716926,0,1
0,0,1,0,-0.38159658183809786,1,0,0,2,0,2,2,0,2,1,1,0,0.13255515009432434,0.30077508708833156,0,0
1,0,1,1,0.7992939660427822,1,0,2,1,1,1,1,1,1,2,0,3,-1.5142856770703037,0.30077508708833156,0,0
0,1,0,0,-0.30015585439803716,1,2,1,0,2,0,0,0,2,0,1,2,0.82884809316393,-1.4710660265317848,1,1
0,0,0,0,1.2879383306831464,1,2,1,2,2,2,2,2,2,2,1,0,1.6730409692483204,0.8269236530413722,0,0
0,1,0,0,-0.6666391278783103,1,2,1,0,0,0,0,2,2,0,1,2,1.0515288911861906,0.30077508708833156,1,1
1,1,0,0,-1.2774445836787656,1,0,1,0,0,0,0,0,0,0,1,0,0.1574821050968162,0.7694895314486779,1,1
1,0,0,0,-0.3408762181180675,1,2,1,0,2,0,0,2,2,0,1,0,1.1595456961969886,-1.0203520130359685,0,0
1,0,1,0,-1.2367242199587352,1,2,1,0,0,2,0,2,0,0,1,2,0.8870109881697443,0.30077508708833156,0,0
0,0,1,1,0.06632741908223598,1,0,0,2,2,2,2,2,2,2,0,3,0.6643301901474837,-0.5562961014365633,0,0
1,1,1,0,0.14776814652229667,1,2,1,0,0,0,0,0,2,0,1,1,0.6809481601491449,-0.3314482386592484,1,1
1,0,1,1,0.8400143297628127,1,2,0,0,0,2,2,2,2,1,1,3,0.464914550127549,0.057215496309428494,0,0
0,0,1,1,0.5956921474426305,1,0,2,1,1,1,1,1,1,2,0,1,-1.479387940066815,0.9539850695415717,0,0
1,0,0,1,1.6137012404433893,1,0,2,1,1,1,1,1,1,2,0,1,-1.491020519067978,0.30077508708833156,0,0
1,0,1,1,1.6137012404433893,1,2,1,2,2,0,2,0,2,2,1,1,1.0963974101906757,0.7811947973441054,0,0
1,0,0,0,-1.2774445836787656,1,0,2,1,1,1,1,1,1,0,0,3,-1.5076384890696393,-2.8182610527427236,1,0
0,0,0,0,-0.9516816739185228,1,2,1,0,0,0,0,0,2,0,1,2,0.6161380771426661,0.9040088026973034,1,0
0,0,0,0,-0.9924020376385531,1,0,1,0,0,0,0,2,0,0,1,0,0.5097830691320341,0.7506713438630619,1,0
1,1,0,0,0.5142514200025698,1,0,0,2,0,2,0,0,2,1,0,1,-0.06852228692577646,-0.5862955776934078,1,1
0,0,0,0,-1.0331224013585834,1,0,1,0,0,2,2,2,2,0,1,2,1.1844726511994805,0.8070411909211244,0,0
0,0,1,0,1.5729808767233588,1,2,2,1,1,1,1,1,1,2,1,1,-1.3397969920528607,0.30077508708833156,0,0
0,1,0,0,0.35136996512244845,1,0,1,0,0,2,2,2,2,1,1,0,1.2077378092018058,0.08774823042454517,0,1
1,0,1,1,1.4100994218432374,0,1,0,2,0,0,0,2,2,2,0,1,-0.4607063789649817,-0.24123135113527758,0,0
1,0,1,0,1.4915401492832983,1,2,1,2,2,2,2,0,2,1,1,1,1.4104770432220732,0.8241405684000347,0,0
0,1,1,0,1.5322605130033284,1,2,0,2,2,2,2,2,2,2,1,0,0.9119379431722362,0.7069891978329227,0,1
1,0,0,0,-0.30015585439803716,1,2,2,1,1,1,1,1,1,1,0,0,-1.3115464430500368,0.7461620530583173,1,0
1,0,0,0,1.6137012404433893,1,2,1,2,2,2,2,2,2,2,0,0,1.6165398712426726,0.9150968912450879,0,0
1,0,1,1,0.06632741908223598,0,1,0,0,0,0,2,2,0,2,1,2,-0.8046983579993692,0.30077508708833156,0,0
0,0,1,1,1.3286586944031769,1,2,2,1,1,1,1,1,1,2,0,1,-1.288281285047711,0.30077508708833156,0,0
0,0,0,0,1.5322605130033284,1,2,1,2,2,2,2,2,2,2,1,1,1.5683477582378549,0.8763999455714165,0,0
0,0,1,1,1.6137012404433893,0,1,0,2,0,2,0,2,2,2,1,1,-0.3643221529553466,0.0607097949278807,0,0
1,0,0,1,0.10704778280226633,1,0,0,0,0,0,2,2,2,1,1,3,0.2438955491054544,-0.8961856998473596,0,0
1,0,0,0,-0.7888002190384014,1,2,1,2,0,0,0,2,2,0,0,3,1.109691786192005,0.30077508708833156,1,0
0,0,1,0,-0.8295205827584317,1,2,0,2,0,2,0,2,2,1,0,2,0.46823814412788106,0.9552081204618006,0,0
0,0,1,1,1.2064976032430856,1,0,0,2,0,2,2,2,0,1,1,0,0.19902703010096928,0.18077332281356778,0,0
0,0,0,0,-0.30015585439803716,1,0,0,2,0,0,2,2,2,0,1,1,0.37850110611891075,-2.0978444366404894,0,0
0,0,0,0,0.7992939660427822,0,1,0,2,2,0,2,0,0,2,0,3,-0.8528904710041867,-2.151009502820012,0,0
1,1,0,0,-0.9924020376385531,1,0,1,0,0,0,0,0,0,0,1,1,0.1724382780983114,0.5537852681426029,0,1
1,0,0,0,-1.2367242199587352,1,0,2,1,1,1,1,1,1,0,0,3,-1.4860351280674797,-0.23451435034951684,0,0
0,0,1,1,0.9621754209229036,1,0,2,1,1,1,1,1,1,2,0,3,-1.4860351280674797,0.30077508708833156,0,0
0,0,0,0,-0.8295205827584317,1,0,2,1,1,1,1,1,1,0,0,0,-1.505976692069473,-1.2580086836749163,0,0
0,0,1,0,0.5956921474426305,1,2,2,1,1,1,1,1,1,1,0,2,-1.2583689390447208,0.30077508708833156,0,0
1,1,0,0,-1.2367242199587352,1,0,2,1,1,1,1,1,1,0,0,2,-1.5142856770703037,-0.03710679130923977,0,1
0,0,0,0,-0.5851984004382496,1,0,0,0,0,2,0,0,0,0,1,3,-0.4906187249679718,0.961705914920895,0,0
0,0,0,0,-0.9924020376385531,1,0,0,2,0,0,0,2,0,0,1,2,-0.1582593249347472,0.37351684861874584,0,0
1,0,1,0,0.5142514200025698,1,2,1,2,0,2,0,0,0,0,1,3,0.6576830021468192,-0.02998840878785472,0,0
1,0,0,0,-1.1960038562387048,1,0,0,0,0,0,0,0,0,0,0,3,-0.641842251983089,0.30077508708833156,0,0
0,0,0,0,0.22920887396235737,1,0,2,1,1,1,1,1,1,1,0,3,-1.4860351280674797,0.7484192401714814,0,0
1,0,1,0,1.6137012404433893,1,2,1,2,2,2,2,2,2,2,1,2,1.6879971422498155,0.9364958664681957,0,0
1,0,0,0,0.5549717837226001,1,2,1,2,2,0,0,0,2,0,1,2,0.9617918531772199,0.14431999295977027,1,0
0,0,1,1,1.5729808767233588,1,2,1,2,2,2,0,2,0,2,1,1,1.1379423351948288,0.7946799920929484,0,0
1,0,1,1,1.369379058123207,0,1,0,0,0,0,2,2,2,2,0,0,-0.47233895796614456,-0.19771082923170635,0,0
1,1,0,0,-0.30015585439803716,1,2,1,0,2,2,0,2,2,0,0,3,1.3689321182179202,-0.7043444922703377,1,1
1,0,0,0,-0.5851984004382496,1,2,0,0,0,2,2,2,2,1,1,1,0.572931355138347,0.30077508708833156,1,0
0,0,1,1,-0.7888002190384014,1,2,2,1,1,1,1,1,1,2,1,0,-1.3215172250510334,-0.22187502905811435,0,0
0,0,1,1,1.3286586944031769,1,2,0,2,2,2,2,2,2,2,0,0,0.8903345821700764,0.6217272938287427,0,0
1,0,1,0,1.125056875803025,1,2,1,0,2,2,0,2,0,0,1,2,1.0299255301840309,0.5796221105156182,1,0
1,0,1,1,-0.7073594915983407,1,0,2,1,1,1,1,1,1,2,0,3,-1.5093002860698053,-0.5968193190471541,0,0
0,0,1,0,1.6137012404433893,1,2,2,1,1,1,1,1,1,2,0,1,-1.3265026160515319,-3.2159293751844493,0,0
1,0,1,0,-0.0965540357978854,1,2,1,0,0,0,0,2,2,0,1,1,0.9734244321783826,-0.5379933985952857,1,0
0,0,1,1,0.3920903288424788,1,0,1,0,0,2,2,2,2,2,1,2,1.1844726511994805,0.19481624599926414,0,0
0,0,1,0,1.5729808767233588,1,2,2,1,1,1,1,1,1,2,0,0,-1.3215172250510334,0.30077508708833156,0,0
0,0,0,0,-1.2774445836787656,1,0,0,0,0,0,0,0,2,0,1,3,-0.3327480099521901,0.5025843181827288,1,0
1,1,0,0,0.26992923768238775,1,2,1,0,0,0,0,2,2,0,1,0,1.0266019361836989,-0.01590187778472151,1,1
0,0,0,0,0.10704778280226633,1,0,2,1,1,1,1,1,1,0,0,0,-1.5126238800701375,0.6618578996430579,0,0
0,0,1,1,0.8400143297628127,1,0,1,0,2,2,2,2,2,0,1,0,1.4453747802255617,0.6171672772932605,0,0
0,0,0,0,-1.2774445836787656,1,2,1,0,0,0,0,2,2,0,1,2,0.9917041991802098,0.984517098870255,1,0
0,1,1,1,-0.055833672077855064,1,0,1,0,0,2,2,2,2,0,1,2,1.1346187411944968,-0.49799749793495796,1,1
1,0,0,0,0.6364125111626608,1,0,2,1,1,1,1,1,1,2,0,1,-1.4827115340671475,1.0002198131919768,0,0
0,1,0,1,-0.0965540357978854,1,2,1,0,0,0,2,2,2,0,1,2,1.2143849972024705,-0.45285522838055925,0,1
1,0,0,0,-0.9109613101984924,1,0,2,1,1,1,1,1,1,0,0,1,-1.4876969250676457,-2.160151784775938,0,0
0,0,0,1,-0.8295205827584317,1,2,1,0,2,2,0,2,2,0,1,2,1.3473287572157604,0.30077508708833156,0,0
0,1,0,0,1.002895784642934,1,0,0,2,0,2,2,2,0,2,0,0,0.16911468409797886,0.08191097159295124,0,1
0,0,1,0,1.0436161483629645,1,0,0,2,2,0,0,2,0,0,1,1,0.016229360082695727,-0.003604002162913491,0,0
0,0,0,0,0.18848851024232702,1,0,2,1,1,1,1,1,1,2,0,3,-1.4943441130683104,0.9133990133934482,0,0
0,0,1,1,0.47353105628253944,1,0,2,1,1,1,1,1,1,0,0,3,-1.5009913010689746,0.8790415099537665,0,0
1,0,0,1,-0.21871512695797646,1,0,2,1,1,1,1,1,1,1,0,1,-1.4860351280674797,0.5325619646384991,0,0
0,0,0,0,-0.9924020376385531,1,0,0,0,0,0,2,0,0,0,0,2,-0.5105602889699654,0.11218333116273527,0,0
1,1,0,0,-1.1960038562387048,1,2,1,0,0,0,0,0,0,0,1,2,0.37517751211857825,-1.1844018922704265,1,1
0,1,1,0,-0.30015585439803716,1,0,1,0,2,2,0,0,2,0,0,0,0.785641371159611,-1.455057096215163,0,1
0,0,1,1,1.002895784642934,1,2,1,0,2,0,0,2,2,0,1,2,1.1911198392001445,0.5516525938940484,0,0
0,0,0,0,-0.8295205827584317,1,0,2,1,1,1,1,1,1,0,0,3,-1.505976692069473,-0.9399438656613888,0,0
0,0,1,1,1.2064976032430856,1,0,2,1,1,1,1,1,1,2,0,0,-1.477726143066649,0.30077508708833156,0,0
0,0,1,0,1.3286586944031769,1,2,1,0,2,2,2,2,2,2,1,0,1.4254332162235683,0.7970690426182739,0,0
0,0,1,0,1.5729808767233588,1,2,0,0,0,2,2,2,2,2,1,0,0.5214156481331973,0.5622707710734308,0,0
0,0,1,1,-0.46303730927815856,1,0,0,0,2,0,0,2,0,1,1,1,-0.196480655938568,0.30077508708833156,0,0
1,0,1,0,1.5729808767233588,1,2,1,2,2,2,0,2,2,1,1,2,1.4902432992300467,0.8834286698144393,0,0
0,0,0,0,-1.0331224013585834,1,0,1,0,0,2,0,0,0,0,1,2,0.34526516611558833,0.4716801664673222,0,0
0,0,0,0,1.6137012404433893,1,0,0,2,2,2,2,0,2,2,1,1,0.27380789510844483,0.4749785778289164,0,0
0,0,0,0,-1.2774445836787656,1,0,1,0,0,0,0,0,0,0,0,2,0.1774236690988095,0.7833743626998545,0,0
0,0,1,1,1.6137012404433893,1,2,1,0,2,2,2,0,2,2,1,0,1.1263097561936661,0.8039651866077657,0,0
0,0,1,1,1.2879383306831464,1,2,1,0,2,2,2,2,2,1,1,2,1.5517297882361936,0.8183174782868381,0,0
0,0,0,0,1.6137012404433893,1,2,1,2,2,2,2,2,2,2,1,2,1.6663937812476561,0.9402250763618939,0,0
0,0,0,0,-0.13727439951791576,1,2,1,0,0,2,0,2,2,0,0,0,1.1894580421999785,-0.526273795580387,0,0
0,0,0,0,-0.7888002190384014,1,0,2,1,1,1,1,1,1,2,1,3,-1.4744025490663168,-0.7526118947629227,0,0
0,0,0,0,-0.055833672077855064,1,2,1,2,2,0,0,2,2,0,0,2,1.3157546142126038,-0.28743801479431247,0,0
1,1,0,0,-1.2774445836787656,1,0,1,0,0,0,0,0,0,0,1,2,0.1657910900976468,0.7707152425203966,1,1
1,0,1,1,-1.0331224013585834,0,1,0,2,0,0,2,0,0,0,1,2,-1.0057757950194701,-0.5910653716993197,1,0
1,0,1,0,1.1657772395230555,1,2,1,0,2,2,0,2,2,0,1,2,1.3556377422165908,0.6746150258975535,1,0
0,0,0,1,0.26992923768238775,0,1,0,0,0,2,0,0,0,0,0,1,-1.152013931034089,0.30077508708833156,1,0
1,0,1,0,-0.9109613101984924,1,0,1,0,0,0,0,0,0,0,1,2,0.18407085709947407,0.8306224247457943,1,0
0,0,1,1,-0.748079855318371,1,2,0,0,2,0,2,2,2,0,0,1,0.5214156481331973,0.30077508708833156,0,0
0,0,0,0,-1.2774445836787656,1,2,1,0,2,0,0,0,0,0,1,3,0.5131066631323666,0.9003570196417297,1,0
0,0,1,1,1.4100994218432374,1,2,1,2,0,0,2,0,2,1,1,1,0.9833952141793793,0.6869450920505317,1,0
0,0,0,0,1.6137012404433893,1,2,0,2,2,2,2,2,2,2,1,0,0.8836873941694119,0.7365751354940219,0,0
1,0,1,1,-1.0738427650786138,1,0,0,0,0,0,0,0,0,0,1,0,-0.6700928009859131,-0.7627784263745974,1,0
0,0,0,0,-1.2774445836787656,1,0,2,1,1,1,1,1,1,0,1,3,-1.5009913010689746,-2.7834037790144714,1,0
1,0,1,1,-0.30015585439803716,1,0,2,1,1,1,1,1,1,1,0,2,-1.491020519067978,0.43122655692492506,0,0
0,1,0,0,0.025607055362205634,1,2,1,0,2,2,2,2,2,0,1,2,1.5184938482328711,-0.053171257777590866,1,1
1,0,0,0,-0.5851984004382496,1,0,0,2,0,2,2,2,0,0,1,2,0.11926077409299518,0.30077508708833156,0,0
1,0,1,0,1.5729808767233588,1,0,0,0,2,2,2,2,2,2,1,1,0.47654712912871167,0.5406121286924255,0,0
1,1,1,1,-0.1779947632379461,1,2,0,0,0,0,0,0,0,1,1,2,-0.4573827849646494,0.30077508708833156,0,1
0,0,0,1,-1.2367242199587352,1,2,1,2,0,0,0,0,0,0,0,1,0.5247392421335293,-3.115550921613536,0,0
1,0,1,1,-0.62591876415828,1,2,0,0,2,2,2,0,0,0,1,3,0.06442147308751339,0.30077508708833156,0,0
1,0,0,0,0.9621754209229036,1,2,1,2,2,0,0,0,0,0,1,2,0.719169491152966,0.39657457464561197,0,0
0,0,1,0,1.125056875803025,0,1,0,2,2,2,0,0,2,1,0,2,-0.4889569279678058,-0.49712661898819455,0,0
0,0,0,0,0.025607055362205634,1,2,2,1,1,1,1,1,1,2,0,1,-1.2982520670487077,0.9218597207654697,0,0
0,0,0,0,-1.2774445836787656,1,0,1,2,2,0,2,0,0,0,1,3,0.6194616711429987,0.9250141215264083,0,0
1,0,0,0,-1.2367242199587352,1,0,1,0,0,0,0,0,0,0,0,1,0.19736523310080326,0.30077508708833156,1,0
1,0,1,0,1.247217966963116,1,2,1,2,0,0,2,0,0,2,1,1,0.6610065961471517,0.49841131278187445,0,0
1,1,1,0,-1.0331224013585834,1,2,1,0,0,2,0,2,2,0,1,2,1.1462513201956595,0.7302174555340502,1,1
0,0,0,0,0.9214550572028734,1,0,0,0,2,2,0,0,2,2,1,3,-0.00038860991896550476,-0.07234010799045157,0,0
0,0,1,0,1.3286586944031769,1,2,1,2,2,0,2,2,0,1,1,0,1.1761636661986499,0.7299623056698902,0,0
1,0,1,0,-1.2774445836787656,1,0,1,0,0,0,2,2,0,0,1,2,0.6659919871476498,0.9346260333950666,1,0
1,0,0,0,1.247217966963116,1,2,2,1,1,1,1,1,1,2,0,3,-1.3132082400502028,0.30077508708833156,0,0
0,1,1,0,1.5322605130033284,1,2,1,2,2,2,2,2,2,2,1,1,1.6032454952413433,0.8984183103556916,0,1
0,0,1,1,0.14776814652229667,0,1,0,2,0,2,2,0,0,2,0,1,-0.801374763999037,0.30077508708833156,0,0
1,0,0,0,0.7992939660427822,1,0,1,0,2,2,2,2,2,1,1,0,1.3373579752147637,0.5073777848111279,1,0
1,0,0,0,-0.4223169455581282,1,2,0,2,0,0,0,0,0,0,1,2,-0.3427187919531868,0.30077508708833156,1,0
1,0,0,0,-0.4223169455581282,1,0,1,0,2,2,2,0,2,0,1,0,1.003336778181373,-1.5703574017692263,0,0
0,1,0,0,-1.1145631287986442,1,0,0,2,2,0,2,0,0,0,0,1,-0.1615829189350795,-0.5325672789699766,0,1
0,0,1,0,0.5956921474426305,1,0,1,0,0,2,0,0,2,0,1,2,0.682609957149311,0.10171584413292706,1,0
0,0,0,0,0.025607055362205634,1,2,1,0,0,0,0,0,2,0,1,2,0.6177998741428321,-0.6094009586900526,1,0
1,0,0,0,-0.5851984004382496,0,1,0,0,2,2,0,0,0,0,1,1,-1.0390117350227925,0.6296576274738833,1,0
0,0,0,0,-1.2774445836787656,1,0,2,1,1,1,1,1,1,0,0,1,-1.4943441130683104,-2.7497207197822022,0,0
1,0,0,0,0.9621754209229036,1,0,0,0,2,2,2,2,2,2,1,1,0.5662841671376824,0.27717708909035743,0,0
0,0,0,0,-1.2367242199587352,1,0,2,1,1,1,1,1,1,0,1,3,-1.4876969250676457,0.08044631730414388,0,0
1,0,0,0,0.10704778280226633,1,2,0,2,0,2,0,0,0,0,1,2,-0.17155370093607614,-1.6692983940578525,0,0
0,0,1,0,1.2879383306831464,1,2,2,1,1,1,1,1,1,2,0,1,-1.3215172250510334,0.30077508708833156,0,0
0,0,0,0,-0.7073594915983407,1,2,1,2,0,2,0,0,0,0,1,1,0.6510358141461546,0.30077508708833156,0,0
1,0,0,0,-0.3408762181180675,1,0,1,0,0,0,0,2,2,0,1,2,0.8504514541660894,-1.323446165824512,1,0
1,0,0,0,-1.2774445836787656,1,0,0,0,0,0,0,0,2,0,0,3,-0.30615925794953225,0.5260122648486268,0,0
0,0,1,1,1.5322605130033284,1,0,0,2,0,0,2,2,2,2,0,1,0.35191235411625243,0.5115136172484614,0,0
1,0,1,0,-1.2774445836787656,1,0,1,0,0,0,0,2,2,0,1,2,0.8637458301674186,0.9649390474320649,1,0
0,0,0,1,-1.1552834925186746,1,2,1,0,2,0,0,2,0,0,0,3,0.8255244991635975,-0.05596726533612,1,0
0,0,0,0,0.26992923768238775,1,0,0,0,0,0,2,0,2,1,0,2,-0.18152448293707302,-1.3892099601402639,0,0
0,0,0,0,-0.13727439951791576,1,2,0,2,0,0,0,0,2,0,1,2,0.04447990908551963,-2.5684558833079025,0,0
0,0,1,1,-0.748079855318371,1,0,2,1,1,1,1,1,1,2,0,3,-1.5275800530716328,-0.8140259908612482,0,0
0,0,0,0,1.1657772395230555,1,2,0,2,0,2,2,2,2,2,0,1,0.720831288153132,0.4536782719376582,0,0
1,0,0,1,-0.7888002190384014,1,0,0,2,0,0,0,0,0,0,1,1,-0.4208232509609946,0.7378418354256971,0,0
0,0,0,0,1.369379058123207,0,1,0,2,2,2,2,0,0,2,1,3,-0.5770321689766102,-0.3066794463900301,0,0
1,0,0,0,-1.2367242199587352,0,1,0,0,0,2,0,2,2,0,1,2,-0.5155456799704636,0.9643336307856784,1,0
0,0,1,0,1.0843365120829946,1,2,1,2,2,2,0,2,2,1,1,1,1.475287126228552,0.7176379153584176,0,0
1,0,1,1,1.2064976032430856,1,2,1,2,2,0,0,2,0,1,1,1,1.003336778181373,0.5899489241712139,0,0
1,1,1,0,0.025607055362205634,1,0,1,2,2,0,2,0,2,1,1,2,0.9568064621767214,-0.3844602258766835,0,1
1,0,0,1,1.369379058123207,1,0,0,0,2,2,2,2,2,2,1,1,0.4898415051300408,0.45670118255791103,0,0
0,0,0,0,1.6137012404433893,1,2,1,2,2,2,2,2,2,2,0,1,1.6713791722481544,0.9354575019852671,0,0
1,0,0,1,-1.2774445836787656,1,0,2,1,1,1,1,1,1,0,0,3,-1.4960059100684764,-2.7580357189955564,1,0
0,0,0,0,-0.5444780367182193,1,2,1,2,2,0,0,0,2,0,1,2,1.0099839661820376,0.30077508708833156,1,0
0,0,1,1,0.758573602322752,1,2,1,2,0,0,2,2,0,1,1,3,1.0099839661820376,0.41806740284537175,0,0
1,0,0,0,1.247217966963116,1,2,1,0,2,0,2,2,2,0,0,2,1.3506523512160928,0.7393597604015946,0,0
1,0,0,0,-0.21871512695797646,1,0,2,1,1,1,1,1,1,1,0,0,-1.4843733310673135,0.5534808787187506,0,0
1,0,0,0,-0.4223169455581282,1,2,1,2,0,0,0,2,2,0,1,0,1.2160467942026365,-1.1757850905168656,1,0
0,1,0,0,-1.1552834925186746,1,0,2,1,1,1,1,1,1,0,0,3,-1.4860351280674797,0.9689658185540406,0,1
1,0,1,1,0.3920903288424788,1,0,2,1,1,1,1,1,1,2,0,3,-1.46443176706532,0.9235433060032717,0,0
0,0,0,0,-0.13727439951791576,1,0,2,1,1,1,1,1,1,1,0,3,-1.4760643460664828,0.6615846954002007,0,0
0,0,0,0,-1.1552834925186746,1,0,1,0,0,0,0,0,0,0,1,1,0.17576187209864347,-0.6926330770964072,1,0
1,0,0,0,-0.0965540357978854,1,0,2,1,1,1,1,1,1,1,0,3,-1.4976677070686424,0.6713733264433001,0,0
1,0,1,0,-1.1552834925186746,1,2,1,0,0,0,0,0,0,0,1,2,0.32864719611392706,-0.4225067552370314,1,0
1,0,1,1,1.5729808767233588,1,0,0,2,2,2,2,2,2,2,0,0,0.6875953481498096,0.6350033300918059,0,0
1,0,1,0,0.5549717837226001,0,1,0,2,0,2,2,0,0,2,0,1,-0.8096837489998675,-4.024136355153643,0,0
1,0,0,0,-1.1552834925186746,1,2,0,0,0,0,0,0,0,0,0,3,-0.4773243489666429,-1.7854085214358435,1,0
0,0,0,0,-1.0331224013585834,1,2,1,2,0,0,0,0,0,0,1,3,0.4948268961305394,0.6369656181988627,1,0
1,0,0,0,1.4915401492832983,1,2,1,0,2,0,2,2,2,1,1,0,1.3440051632154282,0.8315449839757129,0,0
0,0,1,0,1.6137012404433893,1,2,1,2,2,2,0,2,0,2,0,0,1.1927816362003112,0.8269236530413722,0,0
1,1,0,0,-0.5444780367182193,1,2,1,0,0,2,0,0,0,0,1,2,0.5014740841312035,0.30077508708833156,1,1
1,0,0,0,-0.1779947632379461,1,0,1,0,0,2,2,0,2,0,0,2,0.8720548151682491,-0.735894041543324,0,0
1,0,1,0,-1.1145631287986442,1,2,1,0,2,0,0,0,0,0,1,2,0.464914550127549,0.12628286421863832,1,0
0,1,1,0,1.6137012404433893,1,2,1,2,2,2,2,2,2,2,1,1,1.7278802702538025,0.9229122936556557,0,1
1,1,1,1,-0.9924020376385531,1,0,1,0,0,0,0,2,0,0,1,1,0.5214156481331973,0.5984253711024591,1,1
0,0,0,0,-1.0331224013585834,1,0,0,2,0,0,0,0,2,1,1,2,-0.18817167093773737,-0.04096085861826674,0,0
0,0,0,0,-0.4223169455581282,1,0,0,2,0,0,0,0,0,0,1,2,-0.4972659129686364,0.30077508708833156,0,0
1,0,0,0,1.6137012404433893,1,0,2,1,1,1,1,1,1,2,0,0,-1.5109620830699715,0.30077508708833156,0,0
1,0,1,1,-0.9924020376385531,1,0,2,1,1,1,1,1,1,0,0,1,-1.4993295040688086,0.30077508708833156,0,0
1,0,1,0,0.7992939660427822,1,2,0,2,2,2,2,0,2,1,1,1,0.5529897911363537,0.21081129380436286,0,0
0,0,0,0,1.4508197855632678,0,1,0,2,0,2,2,0,0,2,0,3,-0.8595376590048512,-0.647112620268008,0,0
0,0,1,0,1.5729808767233588,1,2,0,2,2,2,2,2,2,2,0,0,0.7706851981581158,0.6893398150451148,0,0
1,0,0,0,-1.2367242199587352,1,0,2,1,1,1,1,1,1,0,0,3,-1.4926823160681442,0.44047235814257424,0,0
0,1,0,0,0.06632741908223598,1,2,1,0,2,0,2,2,0,0,1,2,1.0498670941860242,-0.29523247824282617,0,1
0,0,0,0,0.10704778280226633,0,1,0,0,0,0,0,0,0,0,0,2,-1.3497677740538576,0.9123363739531215,0,0
0,0,1,1,1.1657772395230555,1,0,2,1,1,1,1,1,1,1,0,1,-1.517609271070636,0.30077508708833156,0,0
1,0,0,0,-1.2774445836787656,1,0,0,0,0,0,0,0,0,0,0,2,-0.6900343649879066,0.22486445180598927,0,0
0,0,0,0,-1.2774445836787656,1,2,0,0,0,0,0,0,0,0,1,3,-0.48729513096763954,0.4135255379073238,1,0
0,0,1,1,0.8400143297628127,1,0,0,0,0,2,0,0,2,1,0,1,-0.1383177609327537,-0.23652471743222456,0,0
0,0,1,0,1.6137012404433893,1,2,2,1,1,1,1,1,1,2,0,0,-1.2999138640488739,-3.0134970989668908,0,0
1,0,1,0,-1.2367242199587352,1,0,1,0,0,2,0,0,0,0,0,2,0.3868100911197414,0.30077508708833156,1,0
1,0,0,0,-1.1960038562387048,1,0,1,0,0,2,2,2,2,0,1,2,1.1279715531938321,-0.4850132847732115,1,0
0,1,0,0,-0.7888002190384014,1,2,1,2,0,0,0,2,2,0,1,2,1.1977670272008092,0.30077508708833156,1,1
1,1,1,0,0.35136996512244845,0,1,0,0,2,2,0,2,2,0,1,2,-0.35933676195484804,-1.3661125618147918,0,1
0,0,1,0,-0.3408762181180675,1,0,2,1,1,1,1,1,1,1,0,1,-1.4744025490663168,0.3584611084834745,0,0
0,0,1,1,-0.1779947632379461,1,0,1,0,0,0,0,2,2,1,1,0,0.8421424691652587,-0.7661903692282831,1,0
1,0,0,0,-0.9924020376385531,0,1,0,2,0,0,0,0,0,0,0,3,-1.1769408860365806,-1.5377947194816224,0,0
1,0,0,0,-1.2774445836787656,1,0,2,1,1,1,1,1,1,0,1,3,-1.4727407520661506,-2.0391926394936895,0,0
0,0,0,0,0.880734693482843,1,2,1,0,0,2,2,0,2,2,1,0,1.0083221691818711,0.43397497675572466,0,0
1,0,0,0,0.35136996512244845,1,2,2,1,1,1,1,1,1,0,1,0,-1.3132082400502028,1.0037191988300092,0,0
0,0,1,0,-0.5444780367182193,1,0,0,0,0,0,0,0,0,0,0,3,-0.6601220189849164,0.9327526974954929,0,0
0,0,1,1,1.6137012404433893,1,2,0,2,2,2,2,2,2,2,0,0,0.9268941161737314,0.7426407147855478,0,0
1,0,0,0,1.2064976032430856,0,1,0,2,2,2,2,0,0,2,1,0,-0.7000051469889033,-0.7470081655128615,0,0
0,1,1,1,0.9621754209229036,1,0,0,2,0,0,2,2,2,2,1,1,0.2605135191071156,0.11312951007961959,0,1
1,0,0,0,-0.7073594915983407,1,2,0,0,0,0,0,0,0,0,0,2,-0.43910301796282214,0.8637563330693508,1,0
1,1,0,0,-0.9109613101984924,1,0,1,0,0,0,0,0,2,0,1,2,0.4815325201292102,0.8940965632722686,1,1
1,0,1,1,-0.015113308357824713,1,0,2,1,1,1,1,1,1,2,0,3,-1.5225946620711341,0.654730217888963,0,0
1,0,0,0,-0.46303730927815856,1,0,2,1,1,1,1,1,1,0,0,1,-1.4710789550659844,0.09258671865301578,0,0
1,0,1,1,1.2064976032430856,1,0,2,1,1,1,1,1,1,1,0,0,-1.4893587220678117,0.30077508708833156,0,0
0,0,0,0,-1.2367242199587352,0,1,0,0,0,0,0,0,0,0,0,2,-1.3381351950526947,0.2958635345643339,0,0
1,0,0,1,-0.21871512695797646,1,0,2,1,1,1,1,1,1,2,0,3,-1.4677553610656522,0.5937575984534991,0,0
1,0,0,0,-1.1145631287986442,1,2,1,0,0,0,0,2,2,0,1,0,1.0000131841810405,0.3013628770835148,1,0
0,0,0,0,-0.30015585439803716,0,1,0,2,2,2,0,2,2,1,0,2,-0.12336158793125872,0.30077508708833156,0,0
0,0,0,0,-1.2367242199587352,1,2,1,0,0,0,0,0,2,0,1,2,0.6959043331506402,0.30077508708833156,1,0
1,0,0,0,0.6771328748826912,1,2,1,0,2,0,2,2,2,1,1,0,1.392197276220246,0.4530052712519518,0,0
0,0,0,0,1.247217966963116,1,2,1,2,2,2,0,2,2,0,0,1,1.4453747802255617,0.7494208013668832,0,0
0,0,0,1,-1.1552834925186746,1,0,2,1,1,1,1,1,1,0,0,1,-1.4744025490663168,0.9841213543287555,0,0
0,0,1,0,-1.2774445836787656,1,0,0,0,0,0,0,2,0,0,1,3,-0.31446824295036285,0.5250730816714144,0,0
1,0,0,0,-0.8702409464784621,1,0,2,1,1,1,1,1,1,0,0,3,-1.479387940066815,-1.7271572361291936,0,0
1,1,0,0,0.7992939660427822,1,2,1,0,0,0,0,0,0,0,1,0,0.2721460981082788,0.01011822938114522,0,1
0,1,1,0,1.125056875803025,1,2,1,0,2,0,0,0,2,0,0,2,0.8205391081630994,0.48187003004511675,0,1
1,0,0,0,1.2879383306831464,1,2,1,0,0,2,2,2,2,1,1,1,1.325725396213601,0.7660495262344267,0,0
0,0,1,1,0.43281069256250915,1,0,0,2,0,2,0,2,2,2,0,0,0.3469269631157543,-0.25480224137974894,0,0
0,0,1,0,1.1657772395230555,1,2,1,0,0,0,2,2,2,1,0,0,1.2093996062019723,0.6935829919046972,0,0
0,0,0,0,-1.2774445836787656,1,0,0,0,0,0,0,0,0,0,0,3,-0.6767399889865777,0.22782020390713625,1,0
1,1,0,0,-1.1145631287986442,1,0,1,0,0,0,0,2,2,0,1,2,0.8222009051632655,0.346176240272277,1,1
1,0,0,0,1.369379058123207,1,2,0,2,2,2,2,0,0,2,0,0,0.13255515009432434,0.2408059561830162,0,0
1,0,1,0,1.4100994218432374,1,0,1,2,2,2,2,2,2,2,1,2,1.5384354122348645,0.8250691241642166,0,0
0,0,1,0,0.3920903288424788,1,0,1,0,0,2,2,2,2,2,1,1,1.1379423351948288,0.13418523152533351,0,0
1,1,1,0,-1.2774445836787656,1,2,1,0,0,0,0,2,0,0,1,2,0.7075369121518029,0.9474367471907492,1,1
0,0,1,1,-0.055833672077855064,1,0,2,1,1,1,1,1,1,2,0,3,-1.4544609850643233,0.7790104711046703,0,0
1,0,0,0,-1.0331224013585834,1,0,2,1,1,1,1,1,1,0,1,3,-1.5076384890696393,0.30077508708833156,0,0
1,0,0,0,-1.1552834925186746,0,1,0,0,0,0,0,2,2,0,1,2,-0.6717545979860794,0.30077508708833156,1,0
1,0,1,1,0.06632741908223598,1,2,0,0,0,2,0,2,2,1,0,0,0.4133988431223993,-0.6133042964902956,0,0
1,0,0,0,-1.1960038562387048,1,0,2,1,1,1,1,1,1,1,1,3,-1.505976692069473,0.7687533830203758,0,0
0,0,1,1,-0.5444780367182193,0,1,0,0,0,0,0,0,0,0,1,3,-1.3265026160515319,0.20651347508957382,0,0
1,0,1,1,-0.055833672077855064,0,1,0,2,0,0,2,0,0,0,0,0,-0.9758634490164798,0.30077508708833156,1,0
0,0,0,0,-1.2774445836787656,1,2,1,0,0,0,0,2,2,0,0,3,1.0266019361836989,0.9888599835745697,1,0
1,0,0,0,-1.1960038562387048,0,1,0,2,0,2,2,0,0,0,0,3,-0.7781096059967111,0.30077508708833156,0,0
1,0,1,0,0.5549717837226001,1,0,2,1,1,1,1,1,1,0,0,2,-1.5009913010689746,0.9422908661626073,0,0
0,0,0,0,-1.2774445836787656,1,0,2,1,1,1,1,1,1,0,0,3,-1.4561227820644893,-1.9993094257186752,1,0
0,0,1,1,1.4915401492832983,1,2,1,2,0,2,0,0,0,1,0,0,0.6543594081464871,0.6010414499172374,0,0
1,0,0,0,-1.1145631287986442,1,0,2,1,1,1,1,1,1,0,0,3,-1.479387940066815,0.30077508708833156,0,0
1,0,0,0,-1.2774445836787656,1,0,2,1,1,1,1,1,1,0,0,0,-1.4993295040688086,-2.7748760544756292,0,0
1,0,0,0,-0.2594354906780068,1,0,2,1,1,1,1,1,1,1,1,1,-1.4660935640654862,0.6191648436176129,0,0
0,1,0,0,-0.9109613101984924,0,1,0,0,0,0,0,0,2,0,1,2,-0.9991286070188055,-0.2385391342335272,1,1
1,0,0,0,-0.30015585439803716,1,0,1,0,0,2,2,2,2,2,0,0,1.1479131171958254,-0.8530189343506376,0,0
1,0,1,1,1.2879383306831464,1,0,1,2,2,0,0,0,0,0,0,2,0.5413572121351905,0.44658907299054795,0,0
1,0,1,1,-0.0965540357978854,1,2,0,2,2,2,2,0,0,0,0,2,0.09433381909050333,-1.9915201714144295,0,0
1,0,0,0,-0.7888002190384014,1,0,1,0,0,0,0,0,0,0,1,2,0.179085466098976,0.9801552712214585,0,0
0,0,1,0,1.2879383306831464,1,2,1,2,2,2,2,2,2,1,1,2,1.6697173752479884,0.8324666928745194,0,0
0,0,0,1,0.5549717837226001,1,2,1,0,0,2,2,0,0,0,1,0,0.6659919871476498,0.06468838487420336,0,0
0,0,0,0,-0.8295205827584317,1,0,2,1,1,1,1,1,1,1,0,3,-1.4976677070686424,-0.7616436941631247,0,0
0,0,0,0,-0.7073594915983407,1,0,2,1,1,1,1,1,1,0,0,0,-1.4960059100684764,-0.4570279331326972,1,0
1,0,1,1,-0.62591876415828,1,2,1,0,0,0,0,2,2,0,1,2,0.9235705221733989,0.30077508708833156,1,0
0,0,1,1,-0.7888002190384014,1,0,0,2,0,2,0,0,2,0,1,3,-0.05356611392428149,0.9148848140992616,0,0
0,0,1,1,1.4100994218432374,1,2,0,2,2,0,2,2,0,2,0,1,0.3070438351117673,0.37205793427281114,0,0
1,0,1,0,-0.3408762181180675,0,1,0,0,0,2,0,0,0,0,0,2,-1.1852498710374113,0.764325075812777,0,0
1,0,0,0,-1.0738427650786138,1,0,0,0,0,0,2,0,0,0,0,3,-0.4889569279678058,-0.522695222943101,0,0
1,1,1,0,0.8400143297628127,1,2,0,2,0,0,2,0,0,1,1,2,-0.15659752793458118,-0.2734200626511636,1,1
1,1,1,0,-0.6666391278783103,1,0,1,0,2,0,0,0,0,0,1,1,0.3170146171127639,0.30077508708833156,1,1
1,0,0,0,-0.9109613101984924,1,0,2,1,1,1,1,1,1,0,0,2,-1.4876969250676457,-3.764728644920108,0,0
0,0,0,0,-0.7888002190384014,1,0,1,0,2,0,0,0,0,1,1,3,0.32864719611392706,0.9947518668603044,0,0
1,0,0,0,-0.9516816739185228,1,2,1,0,0,0,0,2,0,0,1,2,0.684271754149477,0.8561377015091458,1,0
0,0,0,0,-0.30015585439803716,1,0,0,2,2,2,2,2,0,1,0,3,0.3170146171127639,-3.3727998438190596,1,0
1,1,0,0,-1.0331224013585834,0,1,0,0,2,0,2,0,2,0,1,2,-0.6767399889865777,-0.7097135445525249,0,1
1,0,1,1,0.22920887396235737,1,2,0,2,0,2,2,2,2,2,1,0,0.6859335511496436,-0.23652471743222456,0,0
0,0,1,0,0.43281069256250915,1,2,1,2,2,0,0,0,2,0,1,2,0.9750862291785486,0.11878785996586425,0,0
0,0,0,1,-1.1552834925186746,1,0,1,0,0,2,2,2,2,0,1,0,1.1080299891918384,0.06667175960714014,1,0
0,0,0,0,-0.30015585439803716,1,2,1,0,2,2,2,2,2,2,0,2,1.4669781412277214,-0.5711833477112271,0,0
1,0,0,1,-0.21871512695797646,1,0,0,2,2,0,0,0,0,1,0,3,-0.2845558969473725,0.30077508708833156,0,0
1,0,1,1,1.6137012404433893,1,2,2,1,1,1,1,1,1,2,0,3,-1.2849576910473786,-3.6772704503493525,0,0
1,0,0,1,1.5729808767233588,1,2,1,2,2,0,0,0,0,1,1,1,0.6875953481498096,0.6344419683708499,0,0
0,0,0,0,-0.3408762181180675,1,2,1,0,0,2,0,2,0,0,1,1,0.8039211381614382,-1.7482255186456068,0,0
0,0,0,0,0.7178532386027215,1,2,1,2,2,0,2,2,2,2,1,2,1.4919050962302134,0.5381420503260859,1,0
1,0,0,0,1.002895784642934,1,0,0,2,0,2,0,2,2,2,1,0,0.31867641411292996,0.19873054486013708,0,0
0,0,0,0,-0.7073594915983407,1,0,0,0,2,0,0,0,0,0,0,2,-0.5288400559717926,0.8292369880936175,0,0
1,0,0,0,-1.1552834925186746,1,2,1,2,0,0,0,0,0,0,1,2,0.5097830691320341,-0.20029520185043703,0,0
0,0,0,0,-0.1779947632379461,1,0,0,2,2,0,0,0,0,0,0,2,-0.28954128794787104,0.30077508708833156,0,0
0,1,0,0,-0.9516816739185228,1,2,1,0,0,0,0,0,0,0,1,2,0.32532360211359457,0.6678495859577656,1,1
0,0,1,0,0.9214550572028734,1,2,1,2,0,0,0,2,0,0,1,0,0.8321716871642622,0.40402600133280925,0,0
1,0,0,0,-1.1960038562387048,1,2,1,0,0,2,0,2,2,0,1,2,1.2027524182013078,-0.23786721099055502,1,0
1,0,0,0,-0.9109613101984924,1,0,1,0,0,2,0,2,2,0,1,2,1.001674981181207,0.30077508708833156,1,0
1,0,0,1,0.9214550572028734,1,0,2,1,1,1,1,1,1,1,0,0,-1.517609271070636,0.30077508708833156,0,0
0,0,1,1,-0.5037576729981889,1,0,2,1,1,1,1,1,1,0,0,3,-1.4760643460664828,0.2349622953205059,0,0
0,0,1,1,1.2064976032430856,1,2,1,0,2,0,2,2,2,1,1,1,1.3722557122182522,0.7383480664715173,0,0
1,1,1,0,-0.015113308357824713,1,2,1,0,0,2,2,2,2,0,1,2,1.3340343812144315,-0.203535088354617,1,1
0,0,0,0,0.43281069256250915,1,0,2,1,1,1,1,1,1,2,1,0,-1.4993295040688086,0.8761794999094193,0,0
1,0,1,0,-0.9516816739185228,0,1,0,0,0,0,0,0,0,1,0,0,-1.3514295710540236,-0.7719029385202472,1,0
0,0,1,0,1.125056875803025,1,0,0,2,2,0,2,0,0,2,0,0,-0.16324471593524553,-0.13457533024110935,0,0
1,0,1,0,1.0436161483629645,1,2,0,2,2,2,0,2,2,2,1,2,0.7091987091519689,0.3804177729490927,0,0
1,0,0,1,-1.0331224013585834,1,0,2,1,1,1,1,1,1,1,0,3,-1.505976692069473,0.30077508708833156,0,0
1,0,1,1,-1.2367242199587352,1,0,1,2,0,0,0,2,2,0,0,2,1.074794049188516,-4.25646383617149,0,0
1,1,0,0,0.18848851024232702,0,1,0,0,2,2,0,0,0,0,0,2,-0.9343185240123267,0.30077508708833156,0,1
0,1,1,1,1.3286586944031769,1,2,1,0,0,2,2,2,2,1,1,0,1.300798441211109,0.746915015003898,0,1
0,0,1,1,0.26992923768238775,1,0,2,1,1,1,1,1,1,2,0,3,-1.4960059100684764,0.855462674272785,0,0
1,0,1,0,1.369379058123207,1,2,1,0,2,0,2,2,2,1,1,2,1.3057838322116073,0.7670335929740745,1,0
1,0,0,0,1.4508197855632678,1,2,2,1,1,1,1,1,1,2,0,3,-1.3364733980525287,0.30077508708833156,0,0
0,0,1,1,1.2064976032430856,0,1,0,2,2,0,2,2,0,2,0,0,-0.533825446972291,-0.4241238773036693,0,0
1,0,0,0,-1.1960038562387048,1,0,1,0,0,2,2,2,0,0,1,3,0.7839795741594444,-0.7436609391429577,1,0
0,0,1,0,1.6137012404433893,1,2,1,2,2,2,0,2,2,2,1,2,1.4885815022298807,0.9153089234237348,0,0
0,0,1,0,0.35136996512244845,1,0,2,1,1,1,1,1,1,2,0,1,-1.4660935640654862,0.9548006030050813,0,0
1,0,1,1,-0.13727439951791576,1,0,1,2,0,0,0,2,2,0,0,1,0.9933659961803764,-0.7151115792351423,1,0
0,0,0,0,-1.1552834925186746,1,0,0,2,2,0,0,0,0,0,0,2,-0.31779183695069496,-1.417213021944706,0,0
1,0,0,0,0.8400143297628127,1,2,2,1,1,1,1,1,1,1,0,0,-1.3530913680541898,0.30077508708833156,0,0
1,1,1,0,-1.2774445836787656,1,2,1,0,0,0,0,0,0,0,1,2,0.32033821111309646,0.8343075659387624,1,1
0,0,1,1,0.35136996512244845,1,2,0,2,2,2,2,0,2,0,0,1,0.50313588113137,-0.2185752738391515,1,0
1,0,1,0,0.26992923768238775,1,0,2,1,1,1,1,1,1,2,1,0,-1.4727407520661506,0.8917116169322417,0,0
1,0,1,0,1.247217966963116,1,0,2,1,1,1,1,1,1,2,0,3,-1.5126238800701375,0.30077508708833156,0,0
1,0,0,0,-0.7073594915983407,1,2,2,1,1,1,1,1,1,0,1,2,-1.2766487060465481,-0.005731928206846346,0,0
0,0,1,0,-0.7888002190384014,1,0,0,0,0,0,0,0,0,1,0,2,-0.6966815529885713,0.6131601338288742,0,0
1,0,0,0,-1.2774445836787656,1,0,0,0,2,0,0,0,0,0,1,3,-0.4856333339674735,0.4138756454463487,0,0
1,0,0,0,-1.2774445836787656,1,0,2,1,1,1,1,1,1,2,0,3,-1.4727407520661506,-2.0391926394936895,0,0
1,1,0,0,-0.9924020376385531,1,0,1,0,0,0,0,0,0,0,1,2,0.16412929309748078,0.5485980047892492,1,1
1,0,0,0,1.125056875803025,1,0,0,2,2,2,0,0,0,2,0,2,-0.11172900893009581,-0.06327368441365253,0,0
0,1,1,0,-0.8295205827584317,1,2,1,0,2,2,0,2,0,0,1,2,1.1080299891918384,0.30077508708833156,1,1
1,0,1,0,0.3106496014024181,1,2,0,0,2,0,2,2,0,1,0,1,0.19902703010096928,-0.4901867568997653,0,0
0,0,0,0,1.369379058123207,1,0,0,2,2,2,0,0,0,2,1,0,-0.12003799393092641,0.0896864359359099,0,0
1,0,1,1,0.3920903288424788,1,0,2,1,1,1,1,1,1,1,0,3,-1.479387940066815,0.9441464353018123,0,0
0,1,0,0,1.369379058123207,1,2,0,2,2,0,2,0,0,1,1,1,-0.030300955921955676,0.15162674463965334,0,1
1,0,0,0,0.6771328748826912,1,2,1,0,2,0,0,2,2,0,0,2,1.1279715531938321,0.3955055380508622,0,0
0,0,0,0,-1.2774445836787656,1,0,2,1,1,1,1,1,1,0,0,3,-1.4710789550659844,-2.0351319722806687,1,0
0,0,0,0,0.35136996512244845,1,0,2,1,1,1,1,1,1,2,0,3,-1.4876969250676457,0.9102077014532323,0,0
0,0,1,1,0.35136996512244845,1,0,2,1,1,1,1,1,1,2,0,0,-1.5109620830699715,0.8704307886770234,0,0
0,0,1,1,-0.38159658183809786,1,0,1,2,2,0,2,0,0,0,0,3,0.6526976111463211,-2.4210037019068174,0,0
1,0,0,0,-1.1960038562387048,0,1,0,0,0,0,0,0,0,0,0,2,-1.3181936310507012,0.8910601886388563,0,0
0,0,0,0,-1.1552834925186746,0,1,0,2,0,2,2,0,2,0,0,3,-0.5487816199737862,-1.9024951929859437,0,0
0,0,1,1,0.7992939660427822,1,0,2,1,1,1,1,1,1,2,0,3,-1.4926823160681442,0.30077508708833156,0,0
0,1,1,0,-1.1552834925186746,1,2,1,2,0,0,0,2,2,0,1,2,1.157883899196822,-0.14492697802053917,1,1
0,0,0,0,-0.8702409464784621,1,0,1,0,2,2,2,0,2,0,1,2,0.9784098231788811,1.0052705592585356,0,0
0,0,1,0,-1.2367242199587352,1,0,0,2,0,0,0,0,2,0,1,3,-0.08680205392760396,0.30077508708833156,0,0
0,0,1,0,-0.2594354906780068,1,2,1,0,2,0,0,0,0,0,0,0,0.4831943171293762,-1.9276523704025368,0,0
1,0,1,1,-0.3408762181180675,1,0,0,2,0,2,0,0,0,1,1,1,-0.28289409994720643,0.30077508708833156,0,0
0,0,0,0,-0.8295205827584317,1,0,2,1,1,1,1,1,1,0,0,3,-1.477726143066649,-0.9345367320483762,0,0
1,1,1,0,1.125056875803025,1,2,1,0,0,0,2,2,2,0,1,2,1.1379423351948288,0.6330371838380981,0,1
0,0,1,1,1.2879383306831464,1,2,0,2,2,2,2,2,2,2,1,3,0.85876043916692,0.595802430464321,0,0
1,0,1,0,1.369379058123207,1,0,0,2,2,2,2,2,2,2,1,0,0.7025515211513048,0.5461475976998376,0,0
0,0,0,0,1.125056875803025,1,2,1,0,0,2,0,0,0,1,1,0,0.47987072312904416,0.34467685771047024,0,0
1,0,1,1,-0.62591876415828,1,2,0,2,0,2,0,2,0,1,1,0,0.1857326540996401,0.30077508708833156,0,0
1,0,1,1,0.3920903288424788,1,0,2,1,1,1,1,1,1,2,0,3,-1.5093002860698053,0.9515344709721805,0,0
1,0,0,0,-1.2774445836787656,1,2,0,0,0,0,0,0,0,0,1,2,-0.4856333339674735,0.4138756454463487,0,0
0,0,1,1,0.5956921474426305,1,0,0,0,2,0,2,0,2,2,0,0,-0.03196275292212194,-0.4257436186904177,0,0
0,0,1,0,-0.9109613101984924,1,0,2,1,1,1,1,1,1,0,1,3,-1.4694171580658184,-0.8468251637663164,0,0
1,1,1,0,1.5322605130033284,1,2,0,2,2,2,2,2,2,2,1,1,0.7906267621601091,0.6805309852200272,0,1
1,1,0,0,1.4100994218432374,1,2,1,0,0,2,0,2,2,0,1,1,1.217708591202803,0.758637995376193,0,1
0,0,0,0,-1.2774445836787656,1,0,1,0,0,0,0,0,2,0,1,2,0.5712695581381809,0.9097814226630094,1,0
1,0,1,0,-1.0331224013585834,1,0,1,0,0,0,0,0,0,0,1,2,0.15249671409631763,0.26709337115455484,1,0
1,0,0,0,-1.2774445836787656,1,0,0,0,0,0,0,0,0,0,0,3,-0.6700928009859131,0.22908428526234742,0,0
1,0,0,0,-1.1552834925186746,1,0,0,0,2,0,2,2,0,0,1,0,-0.033624549922287965,-1.2806185104815906,0,0
0,0,1,1,1.369379058123207,1,2,1,2,2,2,0,2,2,2,0,0,1.478610720228884,0.7968303942424783,0,0
0,0,0,0,-0.8295205827584317,1,0,1,0,2,0,0,0,2,0,1,2,0.6593447991469852,0.30077508708833156,0,0
0,0,0,0,-0.3408762181180675,1,0,2,1,1,1,1,1,1,1,0,1,-1.4727407520661506,0.47596598345712027,0,0
1,0,0,0,-0.2594354906780068,1,0,1,0,2,0,0,2,0,0,1,2,0.6975661301508063,-1.5652782229566624,0,0
0,0,0,0,-1.0738427650786138,1,0,1,0,0,0,0,2,2,0,1,2,0.8753784091685812,0.28437491681577254,1,0
1,0,1,0,1.002895784642934,1,2,1,0,0,2,2,2,2,2,0,2,1.435403998224565,0.6228640563307011,0,0
1,0,1,0,-0.748079855318371,1,2,1,0,0,0,0,2,0,0,1,2,0.7091987091519689,0.30077508708833156,1,0
0,0,1,1,0.3920903288424788,1,2,2,1,1,1,1,1,1,2,0,2,-1.3896509020578445,0.30077508708833156,0,0
1,0,0,0,-0.30015585439803716,1,2,1,0,0,0,0,2,2,0,1,0,0.9950277931805424,-1.0982224108764598,1,0
0,0,1,0,1.2879383306831464,1,0,2,1,1,1,1,1,1,2,0,1,-1.505976692069473,0.30077508708833156,0,0
1,0,1,0,-0.4223169455581282,1,2,1,0,0,0,0,0,2,0,1,2,0.6759627691486464,-3.1898744584856784,1,0
1,0,0,0,-0.5444780367182193,1,0,2,1,1,1,1,1,1,1,1,1,-1.4976677070686424,0.02313744776805251,0,0
0,0,1,1,1.1657772395230555,1,2,1,0,2,0,0,2,2,0,1,2,1.1429277261953275,0.6321933649001682,1,0
1,0,1,0,-0.4223169455581282,1,0,1,0,0,2,0,2,0,0,1,0,0.7391110551549593,-3.6984284159811684,0,0
1,1,1,0,1.5322605130033284,1,2,1,0,2,2,0,2,2,0,1,2,1.2692242982079527,0.8001662998811447,1,1
1,0,0,0,-0.8295205827584317,1,0,1,0,0,0,0,0,2,0,1,0,0.5047976781315361,0.30077508708833156,0,0
0,0,1,0,-0.055833672077855064,1,0,0,2,0,0,2,0,2,1,1,2,-0.025315564921457354,-2.582367671797661,0,0
0,0,0,0,-0.8702409464784621,1,0,0,0,0,0,0,2,2,0,1,2,0.004596781081533054,0.8079857533766328,0,0
1,0,1,1,1.4508197855632678,1,2,2,1,1,1,1,1,1,2,0,3,-1.2965902700485417,0.30077508708833156,0,0
0,1,1,1,1.6137012404433893,1,2,0,2,2,2,2,2,2,2,1,0,0.8438042661654253,0.7396125240392526,0,1
1,1,0,0,1.4100994218432374,1,2,1,2,2,2,2,2,2,2,1,1,1.7062769092516428,0.880798684232525,0,1
0,0,0,0,1.125056875803025,1,0,1,2,0,2,2,2,2,0,1,0,1.3356961782145975,0.669748527449948,0,0
1,0,0,0,-1.2774445836787656,1,0,0,0,0,0,0,0,0,0,1,3,-0.6551366279844181,0.2569069351925024,1,0
0,1,0,1,-1.2774445836787656,1,0,1,0,0,0,0,0,0,0,1,2,0.2073360151017999,0.7980230669984096,1,1
1,0,1,1,1.0436161483629645,0,1,0,2,2,2,0,2,0,1,0,3,-0.4906187249679718,-0.49365066774533506,0,0
0,1,1,1,0.5956921474426305,1,0,1,0,0,0,0,0,0,0,0,0,0.19237984210030468,-0.228507385398413,1,1
0,0,0,0,-1.2774445836787656,1,0,1,0,0,0,0,0,2,0,1,2,0.4964886931307054,0.8908429515382936,1,0
1,0,0,0,-1.2774445836787656,1,0,2,1,1,1,1,1,1,0,0,3,-1.4727407520661506,-2.0391926394936895,0,0
1,0,0,0,-0.4223169455581282,1,2,0,2,2,0,0,0,0,0,0,2,-0.19149526493806968,0.30077508708833156,1,0
0,0,0,0,0.6364125111626608,1,0,0,2,0,2,2,0,0,1,1,1,-0.1466267459335843,-0.5146899521477662,1,0
0,0,1,0,0.18848851024232702,1,0,2,1,1,1,1,1,1,1,1,0,-1.4926823160681442,0.8089294244757844,0,0
1,0,0,0,-0.7888002190384014,1,0,2,1,1,1,1,1,1,1,1,2,-1.4893587220678117,-0.8418976210877887,0,0
1,0,0,0,0.43281069256250915,1,2,2,1,1,1,1,1,1,2,0,0,-1.2733251120462157,0.30077508708833156,0,0
0,0,0,0,-1.0738427650786138,0,1,0,2,2,2,2,2,2,2,1,3,-0.04525712892345088,-0.13700138930177613,0,0
1,0,0,0,1.5729808767233588,0,1,0,2,2,2,2,2,0,2,0,0,-0.35933676195484804,0.036499998254518,0,0
0,1,1,1,-1.2774445836787656,1,0,1,0,0,0,0,0,0,0,1,2,0.14917312009598557,0.7687533830203758,1,1
0,0,1,1,1.6137012404433893,1,2,1,2,2,0,0,2,0,2,1,2,1.0083221691818711,0.7596293790239909,0,0
0,1,0,0,-1.0738427650786138,1,0,1,2,0,0,0,0,0,0,1,2,0.31036742911209936,0.2646580730364584,0,1
1,0,1,1,-0.8295205827584317,0,1,0,0,2,0,2,0,0,0,0,3,-0.9725398550161476,0.19959831223641938,0,0
1,0,0,0,-0.30015585439803716,1,0,1,0,0,0,0,0,0,0,0,3,0.20567421810163386,0.30077508708833156,1,0
0,0,1,0,-0.46303730927815856,1,0,1,0,0,2,2,0,0,1,0,2,0.47987072312904416,0.30077508708833156,0,0
0,0,1,1,-1.0738427650786138,1,0,0,0,0,0,2,0,0,0,1,3,-0.5305018529719588,-0.4561919981025474,0,0
1,0,1,0,-0.5037576729981889,1,0,1,0,0,0,0,2,2,0,1,3,0.8055829351616043,-5.982211964740877,1,0
1,0,1,0,-0.5851984004382496,1,2,1,2,0,0,0,2,2,0,1,2,1.1512367111961581,0.30077508708833156,1,0
0,0,0,0,0.43281069256250915,1,0,0,0,2,0,2,0,0,1,0,2,-0.3094828519498643,-0.9549660264326068,0,0
0,0,1,1,0.10704778280226633,1,2,2,1,1,1,1,1,1,2,1,1,-1.3082228490497045,0.9872829341337952,0,0
0,0,0,0,-1.2774445836787656,1,0,1,0,0,2,0,0,0,0,0,0,0.29042586511010604,0.8220481600772698,1,0
1,1,1,0,-0.015113308357824713,1,2,1,0,2,2,0,0,2,0,1,2,0.9551446651765553,-0.45452222148817684,0,1
1,0,0,0,0.7992939660427822,0,1,0,2,2,2,2,2,2,2,0,1,-0.028639158921789646,-0.21397383291115424,0,0
1,0,0,0,-0.015113308357824713,1,0,0,0,0,0,0,2,2,1,1,0,0.0029349840813665527,-1.9423172558768045,0,0
0,0,1,1,1.6137012404433893,0,1,0,2,2,2,2,2,2,2,1,0,-0.03196275292212194,0.3172962779706115,0,0
1,0,0,0,0.758573602322752,0,1,0,2,0,0,2,0,2,0,1,1,-0.6750781919864114,-1.487335418056765,0,0
1,0,1,1,1.4508197855632678,1,0,2,1,1,1,1,1,1,2,1,0,-1.4893587220678117,0.30077508708833156,0,0
1,1,1,0,-0.9924020376385531,0,1,0,0,2,2,0,0,2,0,1,3,-0.7116377259900661,-0.03217328831392161,0,1
1,0,1,0,0.6771328748826912,0,1,0,0,2,0,0,2,2,2,0,1,-0.5022513039691348,-1.0144934676168136,0,0
0,0,1,0,1.6137012404433893,1,0,0,2,2,2,2,2,2,2,0,3,0.6759627691486464,0.6599439006331805,0,0
1,0,0,0,-0.9516816739185228,1,2,1,0,0,0,0,2,2,0,1,2,1.0216165451832002,0.9239637598009802,1,0
0,0,1,0,-0.1779947632379461,1,0,1,2,0,0,0,2,2,0,1,3,0.9169233341727343,-0.7605102481095367,1,0
1,0,0,0,0.880734693482843,1,0,1,2,0,2,0,2,0,0,0,3,0.8321716871642622,0.31110853497043833,0,0
1,0,0,0,-0.8702409464784621,1,0,1,0,2,0,0,0,0,0,1,2,0.32532360211359457,0.919751245413874,1,0
0,0,1,1,0.7178532386027215,1,0,1,0,0,2,2,2,2,1,0,3,1.2725478922082847,0.44997115055284975,0,0
0,0,1,0,1.4915401492832983,1,2,1,2,2,2,2,2,2,2,1,2,1.7029533152513108,0.9167918911931671,0,0
1,0,0,0,-1.2774445836787656,1,0,1,0,0,0,0,0,0,0,1,2,0.17077648109814536,0.7714499486745521,0,0
1,0,1,1,1.4508197855632678,1,0,1,2,2,0,2,0,2,2,0,0,1.0083221691818711,0.7340369118583651,0,0
1,0,0,1,0.3106496014024181,0,1,0,2,2,0,2,0,0,1,0,3,-0.8146691400003658,0.30077508708833156,0,0
1,0,1,1,-0.055833672077855064,1,2,2,1,1,1,1,1,1,2,0,3,-1.2965902700485417,0.8529836686412928,0,0
0,1,0,1,0.025607055362205634,1,2,1,0,2,2,0,2,2,0,1,0,1.3489905542159264,-0.14799208579687695,0,1
1,1,1,0,0.9214550572028734,1,2,1,0,2,2,2,2,2,2,1,2,1.6231870592433366,0.6762319433914309,0,1
1,0,1,1,1.4508197855632678,1,2,2,1,1,1,1,1,1,2,1,0,-1.3547531650543558,0.30077508708833156,0,0
0,0,1,1,-0.8295205827584317,1,0,2,1,1,1,1,1,1,0,0,0,-1.5076384890696393,-2.1786909790726994,0,0
1,0,1,0,1.5729808767233588,1,0,0,2,2,2,2,2,2,2,1,0,0.7091987091519689,0.6375255654215669,0,0
1,0,0,0,0.3106496014024181,1,2,1,0,2,2,0,2,2,0,1,3,1.259253516206956,0.11925794708890457,0,0
0,0,1,1,1.2879383306831464,1,2,1,0,2,2,0,0,2,1,1,2,0.9335413041743955,0.625417057071708,0,0
1,0,1,0,0.8400143297628127,1,2,1,0,2,0,2,0,2,1,0,0,1.0963974101906757,0.4305382700600723,0,0
1,1,0,0,-0.8295205827584317,1,0,1,0,2,2,2,0,0,0,1,3,0.6327560471443273,0.30077508708833156,1,1
1,1,0,0,0.8400143297628127,0,1,0,0,2,2,0,2,2,0,1,2,-0.3427187919531868,-0.5443613097274662,1,1
1,0,1,0,1.6137012404433893,1,2,1,2,2,2,0,2,0,2,1,1,1.1030445981913404,0.8027795840321241,0,0
1,0,0,0,0.5549717837226001,1,0,2,1,1,1,1,1,1,2,0,2,-1.4893587220678117,0.9673570553680254,0,0
1,0,0,0,0.3106496014024181,1,2,2,1,1,1,1,1,1,2,1,3,-1.3348116010523623,0.9984655174965733,0,0
1,0,0,0,-0.8295205827584317,0,1,0,2,2,0,2,2,0,0,1,0,-0.4590445819648154,0.6389240632712149,0,0
1,0,0,0,-0.9516816739185228,1,0,1,2,0,0,0,0,0,0,0,2,0.36022133911708304,0.7263833550123787,0,0
0,0,1,1,0.758573602322752,1,2,1,0,0,0,2,0,0,0,1,2,0.531386430134194,0.12534905501085197,0,0
1,0,1,1,0.6771328748826912,1,0,1,0,2,2,0,2,0,0,1,1,0.8521132511662559,0.25567756050336843,0,0
1,1,1,0,0.35136996512244845,1,2,1,0,0,2,0,2,2,0,1,2,1.1645310871974868,0.17856119219814418,1,1
0,0,0,0,0.9621754209229036,1,0,0,2,0,2,2,0,0,1,1,1,-0.1499503399339166,-0.24055761710201096,0,0
1,0,0,0,-1.1552834925186746,1,0,2,1,1,1,1,1,1,0,1,2,-1.481049737066981,0.5263251299954657,0,0
1,0,1,0,-0.5037576729981889,1,0,0,2,0,0,2,0,2,1,1,3,-0.020330173920958795,0.30077508708833156,0,0
0,0,1,1,-0.2594354906780068,1,0,2,1,1,1,1,1,1,0,1,1,-1.479387940066815,0.398353766575716,0,0
0,0,1,1,-0.5037576729981889,1,2,1,0,2,2,0,2,2,0,1,0,1.3656085242175875,-1.3194760577582054,1,0
0,0,0,0,-1.0331224013585834,1,2,1,0,0,0,0,0,0,0,0,3,0.35523594811658493,0.3525236537131582,1,0
1,0,0,0,-1.0331224013585834,1,2,1,0,0,0,0,2,2,0,1,2,0.966777244177718,0.6877439704068591,1,0
1,0,0,0,0.758573602322752,1,0,1,0,2,2,0,2,2,0,1,2,1.1379423351948288,0.42847056245950177,0,0
0,0,0,0,-1.1552834925186746,1,2,1,0,2,0,0,0,0,0,1,3,0.5164302571326987,-0.2657931347715296,0,0
0,0,0,0,-1.2774445836787656,1,0,2,1,1,1,1,1,1,0,0,1,-1.502653098069141,-2.7920048515792057,0,0
1,0,1,1,-0.21871512695797646,1,2,1,2,2,0,2,2,0,0,0,2,1.1961052302006432,-0.585344342940044,0,0
1,0,0,0,-0.4223169455581282,1,2,1,2,0,0,0,2,2,0,1,2,1.1961052302006432,-1.666491495112591,1,0
1,0,0,0,-0.8295205827584317,1,0,0,0,2,0,2,0,0,0,1,3,-0.3659839499555126,0.7075112867357702,0,0
0,0,1,1,-1.1960038562387048,0,1,0,0,0,0,2,0,0,0,1,3,-1.1221015850310987,0.9878746191676306,1,0
0,0,1,1,0.06632741908223598,1,2,2,1,1,1,1,1,1,1,1,1,-1.3015756610490399,0.9717749414564859,0,0
1,0,1,0,-0.3408762181180675,1,2,0,2,0,0,2,0,0,1,1,2,-0.2130986259402292,0.30077508708833156,0,0
1,0,0,0,0.758573602322752,1,2,1,0,0,2,0,0,0,0,0,1,0.5064594751317021,0.17545596511282083,1,0
0,1,0,0,-0.748079855318371,0,1,0,0,0,0,0,2,2,0,1,2,-0.6119299059800988,0.7408753847729638,0,1
1,0,1,0,1.0843365120829946,1,2,1,2,2,2,2,2,2,2,0,2,1.6281724502438353,0.7178962288377548,0,0
1,0,0,0,-1.1960038562387048,1,0,1,0,2,2,0,0,2,0,0,2,0.8521132511662559,-0.6747991636944644,0,0
0,0,1,1,1.3286586944031769,1,2,1,2,0,2,2,2,2,2,0,2,1.48027251722905,0.8271552275135622,0,0
1,1,0,0,-1.1145631287986442,1,0,1,0,0,0,0,0,0,0,1,3,0.18240906009930805,-0.22518570871951346,1,1
0,0,1,1,1.0843365120829946,1,2,0,2,2,2,2,2,2,2,0,1,0.8487896571659234,0.456365754505283,0,0
1,0,1,1,1.6137012404433893,0,1,0,2,2,2,2,2,2,2,1,1,0.016229360082695727,0.2515686950655374,0,0
0,0,1,1,1.2064976032430856,1,0,1,0,2,2,0,2,2,0,1,2,1.1761636661986499,0.6748846937688718,1,0
1,0,0,0,-0.1779947632379461,1,2,1,2,2,0,0,0,2,0,1,1,0.9883806051798778,-0.6968759210559651,1,0
1,0,0,0,-1.1960038562387048,1,0,0,0,0,0,2,0,2,0,0,3,-0.13665596393258767,-2.256488694360283,0,0
1,0,0,1,-0.5444780367182193,1,2,2,1,1,1,1,1,1,0,1,1,-1.3514295710540236,0.2214757169318127,0,0
1,0,0,0,-1.2774445836787656,1,0,2,1,1,1,1,1,1,0,1,3,-1.504314895069307,-2.80068054487555,0,0
1,0,0,0,-0.3408762181180675,1,0,1,0,2,2,2,0,0,0,1,2,0.7042133181514708,-1.6361246736165442,0,0
1,1,0,0,1.002895784642934,1,0,0,0,0,2,2,0,0,1,1,2,-0.3742929349563432,-0.3977701084416693,0,1
0,0,0,0,1.6137012404433893,1,2,2,1,1,1,1,1,1,2,0,1,-1.3065610520495383,-3.3275195360857763,0,0
1,0,0,0,1.4100994218432374,1,0,2,1,1,1,1,1,1,2,0,0,-1.4710789550659844,0.30077508708833156,0,0
1,0,1,1,0.7992939660427822,1,0,2,1,1,1,1,1,1,1,1,1,-1.4594463760648215,0.30077508708833156,0,0
1,0,1,1,1.5729808767233588,1,2,0,2,2,2,2,2,2,2,0,1,0.8354952811645946,0.7041128263575323,0,0
0,0,1,0,-0.2594354906780068,1,2,2,1,1,1,1,1,1,1,0,3,-1.288281285047711,0.7576456279114373,0,0
0,0,0,0,0.10704778280226633,1,2,1,2,2,2,2,2,2,2,1,3,1.609892683242008,0.048678159083921625,0,0
0,0,1,1,0.9214550572028734,1,0,1,0,0,0,0,0,0,2,1,1,0.142525932095321,0.015867578610839265,0,0
0,0,1,1,0.025607055362205634,1,0,2,1,1,1,1,1,1,2,0,3,-1.4843733310673135,0.7375886237691407,0,0
1,0,1,0,1.6137012404433893,1,2,1,2,2,2,0,2,2,2,1,2,1.4919050962302134,0.8864882696944926,0,0
1,0,0,1,-1.2774445836787656,1,0,2,1,1,1,1,1,1,0,1,3,-1.5142856770703037,-2.8452252736859345,0,0
1,0,0,0,-0.9109613101984924,0,1,0,0,0,0,0,0,2,0,1,3,-1.0257173590214634,-0.4470425392758559,1,0
0,1,1,0,0.18848851024232702,1,0,1,0,0,2,2,2,0,0,0,2,0.8388188751649267,-0.1919202957709158,0,1
1,0,0,0,-0.8295205827584317,0,1,0,0,2,0,2,0,0,0,0,3,-1.0223937650211312,0.2345435813609154,0,0
1,0,1,1,-1.2774445836787656,1,0,2,1,1,1,1,1,1,1,0,3,-1.4744025490663168,-2.043269862977273,0,0
1,0,1,0,1.2064976032430856,0,1,0,2,2,0,2,0,0,2,1,1,-0.8695084410058479,-1.127220909579341,0,0
0,0,0,0,-1.2774445836787656,0,1,0,0,0,0,0,0,0,0,0,0,-1.3132082400502028,-0.8807367104539991,0,0
0,0,0,0,-0.5851984004382496,1,2,0,2,0,2,0,0,0,0,1,3,-0.1383177609327537,0.30077508708833156,0,0
1,1,1,0,1.4915401492832983,1,2,1,0,2,0,0,2,0,0,1,2,0.8371570781647607,0.6572032457884671,1,1
1,0,0,0,-1.2367242199587352,1,0,1,0,2,0,0,0,0,0,1,2,0.3319707901142591,0.30077508708833156,0,0
1,0,1,1,-0.5444780367182193,1,0,2,1,1,1,1,1,1,0,0,3,-1.4677553610656522,0.13742108343495396,0,0
1,0,0,0,-0.8295205827584317,1,2,1,0,0,0,0,2,0,0,1,2,0.6543594081464871,0.30077508708833156,1,0
1,0,0,0,-0.9516816739185228,1,0,2,1,1,1,1,1,1,0,0,3,-1.4744025490663168,0.30077508708833156,0,0
1,0,0,0,-0.21871512695797646,1,0,0,2,0,2,2,2,2,1,0,2,0.5629605731373504,-1.3723591297846442,0,0
1,0,0,1,-0.21871512695797646,1,2,1,0,0,0,2,0,0,0,1,2,0.4898415051300408,-1.4896813760566125,1,0
1,0,1,1,-1.2774445836787656,1,0,1,0,0,0,0,2,2,0,0,3,0.8105683261621028,0.959071275969547,1,0
0,1,0,0,-0.3408762181180675,1,0,2,1,1,1,1,1,1,0,1,3,-1.477726143066649,0.2923122057009585,0,1
1,1,0,0,-0.748079855318371,1,2,1,0,0,0,0,0,0,0,1,2,0.3386179781149237,0.30077508708833156,1,1
0,1,0,0,-0.015113308357824713,1,0,1,0,2,0,0,0,0,0,1,2,0.32033821111309646,-1.2432145648368804,1,1
0,0,0,0,-0.8702409464784621,1,0,2,1,1,1,1,1,1,1,0,3,-1.4876969250676457,-1.6280003884164853,0,0
1,0,0,0,-1.2774445836787656,1,2,2,1,1,1,1,1,1,0,1,3,-1.3215172250510334,-0.8871448093367671,0,0
1,1,0,1,0.22920887396235737,1,2,1,2,0,0,0,0,0,0,1,3,0.5214156481331973,-0.31535149165842896,0,1
0,0,1,1,-0.9516816739185228,1,0,2,1,1,1,1,1,1,2,0,3,-1.4960059100684764,-1.6498135684108586,0,0
1,0,1,1,0.880734693482843,1,2,0,2,2,0,2,0,0,2,1,1,0.0295237360840249,-0.09362650044746972,0,0
0,0,0,0,-0.13727439951791576,1,2,0,0,0,0,0,2,2,1,1,1,0.2073360151017999,-1.712375668996678,0,0
1,1,1,0,0.47353105628253944,1,2,1,0,0,2,0,2,0,0,1,2,0.8122301231622688,0.09980083661699811,0,1
1,0,1,1,1.0843365120829946,1,0,0,2,2,2,2,2,2,2,1,2,0.7308020701541287,0.4550229160415178,0,0
0,0,0,0,-1.1960038562387048,1,0,0,0,0,0,0,0,2,0,1,2,-0.31446824295036285,-2.276922036997028,1,0
0,0,1,1,-0.5851984004382496,1,0,0,2,2,0,2,0,0,1,1,3,-0.10840541492976351,0.30077508708833156,0,0
1,1,0,0,1.4100994218432374,1,2,2,1,1,1,1,1,1,2,0,1,-1.3181936310507012,0.30077508708833156,0,1
0,0,1,1,-0.4223169455581282,1,0,0,0,2,0,2,0,0,0,0,2,-0.3194536339508612,0.30077508708833156,1,0
1,0,0,1,0.025607055362205634,0,1,0,2,0,0,2,0,0,1,0,1,-1.0207319680209652,0.30077508708833156,0,0
1,0,0,0,-1.1145631287986442,1,0,2,1,1,1,1,1,1,0,0,3,-1.4893587220678117,0.30077508708833156,0,0
0,0,0,0,-1.2367242199587352,1,0,2,1,1,1,1,1,1,0,0,3,-1.4893587220678117,-0.0014805945749902319,0,0
1,0,1,1,1.6137012404433893,1,2,0,2,2,2,2,2,2,2,0,1,0.82884809316393,0.686412151699959,0,0
1,0,0,1,-0.9516816739185228,1,0,2,1,1,1,1,1,1,0,0,3,-1.4744025490663168,-4.29454150296568,0,0
1,0,1,1,1.4100994218432374,1,2,2,1,1,1,1,1,1,2,0,3,-1.2783105030467143,0.30077508708833156,0,0
0,0,1,0,-0.6666391278783103,1,2,1,0,0,0,0,2,0,0,1,2,0.6709773781481484,0.30077508708833156,1,0
0,0,0,0,-0.9924020376385531,1,0,2,1,1,1,1,1,1,0,1,3,-1.46443176706532,0.30077508708833156,0,0
1,0,0,0,-1.1145631287986442,0,1,0,2,2,2,2,0,0,0,1,3,-0.7149613199903985,-1.4641736508470793,1,0
1,0,1,1,-0.38159658183809786,1,2,0,0,0,0,0,0,0,1,1,1,-0.5454580259734538,0.30077508708833156,1,0
1,0,0,0,-1.2774445836787656,1,0,1,0,0,0,0,2,0,0,1,2,0.4915033021302069,0.8901909569412514,1,0
0,1,1,0,0.7178532386027215,1,0,1,0,0,0,0,0,0,0,1,2,0.2089978121019659,-0.15662470795252773,1,1
1,0,0,0,-0.62591876415828,1,0,2,1,1,1,1,1,1,2,0,1,-1.505976692069473,-0.042617159718057,0,0
0,0,1,0,1.4508197855632678,1,2,1,2,2,2,0,2,2,2,1,0,1.5301264272340338,0.8534348542793134,0,0
1,0,0,0,-1.2774445836787656,1,2,1,0,0,0,0,2,0,0,0,2,0.6560212051466532,0.9337938728895039,1,0
0,1,1,0,-0.30015585439803716,1,0,1,0,0,0,0,0,0,0,1,2,0.1508349170961516,0.30077508708833156,0,1
1,0,0,0,1.4100994218432374,0,1,0,2,0,2,2,2,0,1,1,0,-0.5122220859701314,-0.21923435438701586,0,0
1,0,0,0,-0.015113308357824713,1,0,2,1,1,1,1,1,1,1,0,1,-1.4760643460664828,0.7953973067354243,0,0
0,1,1,0,1.4100994218432374,1,2,1,2,2,0,0,2,2,1,1,2,1.3572995392167568,0.8023049491387156,0,1
1,1,1,0,1.6137012404433893,0,1,0,2,2,2,2,2,2,2,1,1,-0.010359391919962149,0.3056626723417064,0,1
1,0,1,0,1.5729808767233588,1,2,1,0,2,2,2,2,2,2,1,1,1.4570073592267243,0.8670991294075583,1,0
1,0,0,1,-1.2774445836787656,1,0,0,0,2,0,0,0,0,0,1,2,-0.49394231896830415,0.3858324300658321,0,0
1,0,0,0,0.5549717837226001,0,1,0,0,2,0,0,0,0,0,0,0,-1.1453667430334245,0.30077508708833156,1,0
0,1,0,0,-1.2367242199587352,0,1,0,0,0,2,0,0,0,0,1,2,-1.1420431490330922,0.8775014455257267,1,1
0,0,0,0,-1.2774445836787656,1,0,0,0,0,0,0,0,0,0,1,3,-0.6435040489832552,0.259769612227741,1,0
0,0,1,0,0.6364125111626608,1,0,0,0,2,2,0,0,2,1,1,2,0.0295237360840249,-0.35608986130501863,0,0
0,0,1,0,1.1657772395230555,1,2,1,0,0,2,2,2,2,1,1,0,1.2808568772091153,0.7116782141278732,0,0
0,0,1,0,-0.015113308357824713,1,0,1,0,2,0,0,0,2,0,0,0,0.6443886261454905,-0.7788013786951048,1,0
0,0,0,0,-1.2367242199587352,1,0,0,0,0,0,0,0,0,0,0,2,-0.6750781919864114,0.9184840229772744,0,0
0,0,0,0,-1.1960038562387048,1,0,2,1,1,1,1,1,1,0,0,2,-1.4960059100684764,0.5920015511283349,1,0
0,0,0,0,-1.1145631287986442,1,0,1,0,0,0,2,0,2,0,1,1,0.6859335511496436,0.17678795760131705,1,0
0,0,1,1,1.5729808767233588,1,2,0,2,2,2,2,2,2,2,0,0,0.8354952811645946,0.6872114557541149,0,0
1,0,1,0,0.18848851024232702,1,2,0,2,0,0,0,0,0,0,1,3,-0.3227772279511935,-1.857390199291955,0,0
1,0,1,1,1.3286586944031769,1,2,1,0,0,2,2,2,2,2,1,0,1.3074456292117733,0.7380949829823409,0,0
0,0,0,1,1.4100994218432374,1,2,1,0,2,0,2,2,2,1,1,0,1.3905354792200795,0.815978714606323,0,0
1,0,0,1,0.6771328748826912,1,2,1,0,0,0,0,0,0,0,0,1,0.3469269631157543,-0.047602586906396856,1,0
1,0,1,1,0.7178532386027215,1,2,0,2,0,0,2,2,0,2,1,1,0.19071804510013865,-0.13396973401207574,0,0
1,0,1,1,-0.30015585439803716,1,0,2,1,1,1,1,1,1,1,0,2,-1.5009913010689746,0.12019745890822793,0,0
0,0,0,1,-0.62591876415828,1,2,0,0,0,2,0,0,0,1,1,3,-0.29618847594853537,0.9821402790007199,1,0
0,0,1,1,1.2879383306831464,1,2,2,1,1,1,1,1,1,2,1,3,-1.3530913680541898,0.30077508708833156,0,0
1,0,1,0,-0.30015585439803716,0,1,0,0,0,2,0,2,0,1,1,1,-0.8861264110075091,0.9963171904831327,0,0
1,1,0,0,-0.38159658183809786,1,2,1,0,2,2,0,2,2,0,1,2,1.3838882912194153,-0.9079311144261967,1,1
1,1,1,0,-0.3408762181180675,0,1,0,0,0,2,2,0,0,0,0,3,-1.0140847800203006,0.9233330127928066,0,1
0,0,0,0,0.18848851024232702,1,2,1,0,0,2,0,2,2,0,1,2,1.1728400721983174,0.005389505101323609,0,0
0,0,0,0,-0.46303730927815856,1,0,1,0,0,0,0,0,0,0,1,2,0.12923155609399228,0.30077508708833156,0,0
1,0,0,0,-1.2774445836787656,1,0,0,0,0,0,0,0,0,0,1,3,-0.6302096729819263,0.2622168297602602,0,0
0,0,0,0,-0.9109613101984924,1,2,1,0,0,0,0,0,0,0,1,3,0.3652067301175816,0.8746350180776646,0,0
1,0,0,0,-1.0738427650786138,1,0,1,0,2,0,0,0,2,0,1,2,0.6526976111463211,0.5396865641523124,1,0
1,0,1,0,0.758573602322752,1,2,1,2,2,0,0,0,2,1,1,1,1.0515288911861906,0.3905015338616713,0,0
0,0,0,0,-0.9109613101984924,1,0,2,1,1,1,1,1,1,0,1,3,-1.4694171580658184,-3.2701687170753524,0,0
0,0,0,0,-1.0738427650786138,0,1,0,2,2,0,2,0,2,0,0,1,-0.4590445819648154,-0.37440028712201023,0,0
1,0,1,1,0.5956921474426305,1,2,0,2,2,2,2,2,2,2,1,3,0.8554368451665879,0.1991645226758027,0,0
0,0,1,1,1.1657772395230555,1,2,0,2,2,2,2,0,2,1,1,2,0.48651791112970877,0.35920081769613216,0,0
0,0,0,0,0.7992939660427822,0,1,0,2,2,2,0,2,2,2,1,0,-0.19980424993890028,-0.396195013867145,0,0
0,0,1,1,0.10704778280226633,1,2,0,2,2,0,0,0,0,0,1,1,-0.17653909193657447,-1.5857515856530684,0,0
1,0,1,0,1.5729808767233588,1,2,1,0,2,2,0,2,2,1,1,0,1.3606231332170895,0.8434614395886088,0,0
0,0,0,0,-1.0738427650786138,1,0,0,2,2,0,0,0,0,0,0,2,-0.28289409994720643,0.03701039367093416,1,0
1,0,1,0,0.5142514200025698,1,0,0,2,0,2,0,0,0,2,0,1,-0.3809401229570078,-1.2018614944286499,0,0
0,1,0,0,-1.2367242199587352,1,2,1,0,0,0,0,2,0,0,1,2,0.6909189421501416,-3.256330593573318,1,1
0,0,0,0,-1.1552834925186746,1,0,0,0,2,0,0,2,2,0,1,0,0.12923155609399228,-0.753736418704993,1,0
1,0,0,0,-1.2367242199587352,0,1,0,0,0,0,0,0,0,0,0,3,-1.3447823830533592,-0.00042057921339980106,0,0
1,0,0,0,-1.1552834925186746,1,0,1,0,0,0,0,2,0,0,0,2,0.4350022041245586,-0.4412634423588727,1,0
1,0,0,0,0.758573602322752,1,2,0,2,0,0,2,0,0,1,0,1,-0.1615829189350795,-0.39383701398915527,0,0
1,0,1,1,1.125056875803025,1,2,2,1,1,1,1,1,1,1,0,1,-1.3564149620545218,0.30077508708833156,0,0
1,0,0,0,-0.9516816739185228,1,0,2,1,1,1,1,1,1,1,1,3,-1.4827115340671475,0.30077508708833156,0,0
1,0,0,0,-1.1960038562387048,1,2,1,0,2,2,0,2,2,0,1,0,1.3489905542159264,-0.27202901479275676,1,0
1,0,0,0,-0.62591876415828,1,2,1,0,0,2,2,0,2,0,1,0,1.0266019361836989,0.30077508708833156,0,0
0,0,0,0,-0.9924020376385531,1,2,1,0,0,0,0,2,0,0,1,2,0.7407728521551253,0.8606262758153334,1,0
1,0,1,1,0.5549717837226001,1,0,0,2,0,2,2,2,2,2,0,3,0.5396954151350245,0.01690937272759123,0,0
0,0,0,0,1.4508197855632678,1,0,0,2,2,2,2,2,2,2,1,1,0.5878875281398422,0.5595511324925101,0,0
1,0,0,0,-1.2774445836787656,1,0,0,0,0,0,0,2,0,0,1,3,-0.3742929349563432,0.48350387569063447,1,0
0,0,1,0,-1.1552834925186746,1,0,2,1,1,1,1,1,1,1,0,0,-1.4710789550659844,0.8884502235657196,0,0
0,0,0,0,-1.2774445836787656,0,1,0,0,0,0,0,0,0,0,1,3,-1.3181936310507012,-0.8845766400382087,1,0
1,0,0,1,-0.1779947632379461,1,0,0,0,2,0,2,0,0,1,1,1,-0.34438058895335305,0.30077508708833156,0,0
0,0,0,0,0.26992923768238775,1,0,0,0,2,0,0,2,0,1,1,1,-0.2047896409393986,-1.3516872122536645,0,0
1,0,0,0,-0.8702409464784621,1,0,1,0,0,2,0,0,2,0,0,2,0.6659919871476498,0.9580561021385576,0,0
0,0,1,0,1.5729808767233588,0,1,0,0,2,2,2,2,2,2,1,1,-0.11172900893009581,0.19786202380957416,0,0
1,0,0,1,-1.2367242199587352,1,0,2,1,1,1,1,1,1,0,0,3,-1.4744025490663168,0.16203753952188293,0,0
1,1,1,0,-0.0965540357978854,1,0,1,0,2,2,0,0,0,0,1,3,0.4948268961305394,-1.0950516566849755,1,1
0,0,0,0,-0.62591876415828,1,0,2,1,1,1,1,1,1,1,0,3,-1.4827115340671475,-0.11122468506329317,0,0
0,0,1,0,0.9214550572028734,1,2,1,0,2,2,0,2,0,0,1,1,0.9867188081797118,0.4370579466970092,0,0
0,0,0,0,1.0436161483629645,1,2,1,2,0,0,0,0,0,0,1,0,0.4998122871310375,0.2739613488684779,0,0
0,0,0,0,-1.1145631287986442,1,0,0,2,0,0,2,0,0,0,0,2,-0.3510277769540174,-0.37055786835921267,1,0
0,1,0,0,-1.2774445836787656,1,0,2,1,1,1,1,1,1,0,1,2,-1.505976692069473,-2.809432165024553,1,1
1,1,0,0,-0.9516816739185228,1,2,1,0,0,0,0,0,0,0,1,2,0.3087056321119333,0.7486697245289817,0,1
1,0,0,0,-0.2594354906780068,1,0,0,0,0,0,2,0,0,0,0,0,-0.518869273970796,0.30077508708833156,0,0
0,0,0,0,0.7178532386027215,1,0,2,1,1,1,1,1,1,2,0,1,-1.5076384890696393,0.30077508708833156,0,0
0,0,1,0,1.6137012404433893,1,2,1,2,2,2,2,2,2,2,1,0,1.624848856243503,0.9165801732516361,0,0
0,0,0,1,0.43281069256250915,1,0,1,2,2,0,2,2,2,1,1,1,1.3705939152180862,0.27597239801618345,0,0
1,0,0,0,0.9621754209229036,1,2,2,1,1,1,1,1,1,2,1,0,-1.289943082047877,0.30077508708833156,0,0
0,0,0,0,-1.2774445836787656,1,0,2,1,1,1,1,1,1,0,0,3,-1.517609271070636,-2.8636140117104723,0,0
1,0,1,1,1.6137012404433893,1,2,1,0,2,2,0,2,2,2,1,2,1.284180471209448,0.8301608257660844,1,0
1,0,1,0,1.6137012404433893,1,2,1,2,2,0,2,0,2,2,1,0,1.1894580421999785,0.8257649755957056,0,0
1,0,1,0,0.14776814652229667,1,2,1,0,0,0,0,2,2,0,1,2,1.0182929511828682,-0.1412612070215532,0,0
1,0,0,0,-1.1145631287986442,1,0,0,0,0,2,2,2,2,0,0,0,0.34526516611558833,0.05069351141870026,0,0
0,0,0,0,-0.7888002190384014,1,2,1,0,2,2,0,0,0,0,1,2,0.6543594081464871,0.30077508708833156,1,0
0,1,0,0,0.47353105628253944,1,0,1,0,2,2,0,0,2,1,0,1,0.8105683261621028,0.07702042498702276,0,1
0,1,1,1,1.5322605130033284,1,2,1,0,2,2,2,2,2,1,1,2,1.433742201224399,0.843916941056835,0,1
1,0,0,0,0.47353105628253944,1,0,2,1,1,1,1,1,1,1,0,1,-1.504314895069307,0.9310845587569574,0,0
0,1,1,0,-0.015113308357824713,1,2,1,0,0,0,0,2,0,0,1,1,0.7042133181514708,-0.732583749529922,1,1
0,0,1,0,1.4915401492832983,1,2,2,1,1,1,1,1,1,2,1,1,-1.3231790220511994,0.30077508708833156,0,0
0,1,0,0,-0.6666391278783103,1,0,0,0,0,0,2,2,0,0,0,2,-0.17820088893674074,0.30077508708833156,1,1
1,1,1,1,1.4508197855632678,1,0,2,1,1,1,1,1,1,1,0,0,-1.504314895069307,0.30077508708833156,0,1
1,0,0,0,-0.6666391278783103,1,0,1,0,0,0,0,0,0,0,1,1,0.1724382780983114,0.30077508708833156,0,0
1,0,1,1,1.4508197855632678,1,0,0,2,2,0,2,2,2,2,0,0,0.6011819041411709,0.587009271855591,0,0
1,0,0,0,-1.1552834925186746,1,0,2,1,1,1,1,1,1,0,0,3,-1.5209328650709681,0.8779417060072232,0,0
0,0,1,1,-0.2594354906780068,0,1,0,2,2,0,2,0,0,0,0,1,-0.8611994560050172,0.30077508708833156,0,0
0,0,0,0,-0.13727439951791576,0,1,0,0,2,0,0,0,0,0,1,2,-1.1353959610324276,0.9451758212106982,1,0
1,0,0,1,-1.1145631287986442,1,0,2,1,1,1,1,1,1,0,0,1,-1.4760643460664828,0.30077508708833156,0,0
1,0,1,0,1.5322605130033284,1,2,1,0,2,2,0,2,0,1,1,0,1.0049985751815391,0.7251020477928206,0,0
1,0,1,0,-0.3408762181180675,1,0,0,2,0,0,2,2,2,1,0,0,0.32033821111309646,0.30077508708833156,0,0
0,1,1,0,1.6137012404433893,1,2,0,2,2,2,2,0,2,2,0,0,0.45494376812655235,0.565584760501293,0,1
1,0,0,0,-1.2774445836787656,1,0,1,0,0,0,2,0,0,0,1,3,0.3170146171127639,0.8338476652764946,0,0
1,0,1,0,1.5322605130033284,0,1,0,0,2,2,2,0,2,1,1,0,-0.45572098796448335,-0.06383793404051137,0,0
0,0,1,1,0.14776814652229667,1,0,2,1,1,1,1,1,1,0,0,0,-1.5142856770703037,0.7901250113985256,0,0
0,1,0,0,0.22920887396235737,1,2,1,0,0,0,2,2,2,0,1,2,1.156222102196656,-0.023462267208274996,1,1
0,0,0,0,-0.62591876415828,1,0,1,0,0,0,0,0,0,0,1,2,0.17410007509847744,0.30077508708833156,1,0
0,0,1,1,0.35136996512244845,1,2,1,0,2,2,2,2,2,1,1,0,1.4736253292283856,0.24454464278904742,0,0
0,0,0,0,-1.2774445836787656,1,0,0,0,0,0,0,0,0,0,1,2,-0.6468276429835875,0.2589525403775922,1,0
1,0,0,0,-1.2367242199587352,0,1,0,0,0,0,2,0,0,0,0,0,-1.1603229160349193,0.8468726539613138,1,0
1,0,0,0,-0.748079855318371,1,0,1,0,0,2,0,0,0,0,0,2,0.3884718881199074,0.30077508708833156,0,0
1,1,0,0,-1.2367242199587352,1,0,1,0,2,2,2,0,2,0,1,1,1.0083221691818711,0.30077508708833156,1,1
1,0,0,0,-1.2774445836787656,1,0,2,1,1,1,1,1,1,0,0,3,-1.4943441130683104,-2.7497207197822022,1,0
1,0,1,1,-0.7888002190384014,1,2,0,0,2,2,2,2,0,0,1,2,0.2671607071077802,0.978962372473726,0,0
1,0,0,0,-1.0738427650786138,1,0,2,1,1,1,1,1,1,0,0,3,-1.5225946620711341,0.30077508708833156,0,0
0,0,0,0,-1.1552834925186746,1,0,1,0,2,0,0,0,0,0,1,0,0.395119076120572,-0.21660063451729883,1,0
0,0,1,1,-1.1145631287986442,1,0,1,0,2,0,2,2,2,0,1,3,1.1429277261953275,0.3060526475981618,1,0
0,0,1,0,-0.7073594915983407,1,0,1,2,0,2,0,2,2,0,0,2,1.2293411702039656,0.30077508708833156,0,0
0,0,0,0,0.5956921474426305,1,0,1,2,0,0,0,0,0,0,0,1,0.35523594811658493,-0.10414820450731126,0,0
0,0,0,0,-0.9924020376385531,1,0,0,0,0,2,2,0,2,0,0,3,-0.021991970921125294,0.42916027348152186,0,0
1,0,0,0,-0.62591876415828,0,1,0,0,0,0,0,0,0,0,1,3,-1.2999138640488739,0.2320276091604896,0,0
1,0,1,1,-0.7073594915983407,1,0,1,2,0,0,0,0,0,0,0,3,0.3436033691154218,0.30077508708833156,0,0
0,0,0,0,-0.2594354906780068,1,0,1,2,0,2,2,0,2,1,1,0,1.0332491241843629,-0.9158387393175587,0,0
0,0,0,0,-0.38159658183809786,1,2,0,2,0,0,0,0,0,0,0,2,-0.34438058895335305,0.30077508708833156,0,0
0,1,0,0,-1.1552834925186746,1,0,1,0,2,0,0,0,0,0,0,2,0.2654989101076142,-0.3102836635947484,0,1
1,0,0,1,-0.13727439951791576,1,0,2,1,1,1,1,1,1,1,0,3,-1.4926823160681442,0.4942208204082299,0,0
0,0,0,0,-0.30015585439803716,1,0,2,1,1,1,1,1,1,0,0,3,-1.5192710680708021,0.2978310590253925,0,0
1,0,0,0,-0.9516816739185228,1,0,0,0,0,0,0,0,0,0,0,3,-0.6584602219847502,0.1974274802471015,1,0
1,0,1,0,-0.5851984004382496,1,0,0,0,0,2,0,0,0,0,1,3,-0.5055748979694671,0.9556154719156892,1,0
1,1,0,0,-1.1960038562387048,1,2,1,0,0,0,0,2,2,0,1,2,1.0000131841810405,-0.20483398780305154,0,1
0,0,1,1,1.4915401492832983,0,1,0,2,2,2,2,0,0,2,0,0,-0.6152534999804311,-0.34108318643368996,0,0
1,0,0,0,-0.748079855318371,1,0,2,1,1,1,1,1,1,1,0,3,-1.5093002860698053,-0.26303406571733035,0,0
1,0,0,0,-0.5444780367182193,1,2,0,0,0,0,0,2,2,0,0,3,0.16080569909714826,0.30077508708833156,0,0
1,1,0,0,0.26992923768238775,1,2,1,0,2,0,0,0,2,0,0,2,0.8620840331672525,-0.17348677320025996,0,1
1,0,0,0,-0.055833672077855064,1,0,1,0,2,2,0,2,2,0,1,2,1.217708591202803,-0.32556485337481617,0,0
1,0,1,1,-0.3408762181180675,1,0,2,1,1,1,1,1,1,1,0,3,-1.479387940066815,0.2218999373285484,0,0
1,0,1,0,-0.748079855318371,1,0,0,0,0,0,2,0,0,0,0,0,-0.5305018529719588,0.7294518105541185,0,0
0,0,1,0,1.2879383306831464,1,0,0,2,2,2,2,0,2,2,1,3,0.31867641411292996,0.3424235601444482,0,0
0,0,0,0,0.7178532386027215,1,0,2,1,1,1,1,1,1,1,1,3,-1.5093002860698053,0.30077508708833156,0,0
1,0,1,1,0.7992939660427822,1,0,0,0,2,2,2,2,0,1,1,2,0.13255515009432434,-0.1351812934391819,0,0
1,0,0,0,-0.1779947632379461,1,2,1,0,2,0,0,2,2,1,0,2,1.1778254631988159,-0.6675472395068621,0,0
0,0,0,0,-0.46303730927815856,1,0,2,1,1,1,1,1,1,2,1,1,-1.4594463760648215,0.20909438223134322,0,0
1,0,0,1,-0.30015585439803716,1,0,1,0,2,0,0,2,2,0,1,2,1.0349109211845293,-0.9494772770136819,1,0
0,0,1,0,-0.62591876415828,1,0,2,1,1,1,1,1,1,1,0,3,-1.5093002860698053,-0.3759413981509738,0,0
1,0,1,0,1.0436161483629645,0,1,0,0,0,0,0,2,2,1,1,1,-0.6567984249845842,-0.6654848840720096,0,0
1,1,1,0,-0.62591876415828,1,0,1,0,0,0,0,0,2,0,0,0,0.5563133851366857,0.30077508708833156,1,1
0,0,1,0,0.758573602322752,1,2,2,1,1,1,1,1,1,2,0,3,-1.304899255049372,0.30077508708833156,0,0
1,0,1,1,1.6137012404433893,0,1,0,2,0,2,2,2,0,2,0,3,-0.5271782589716266,-0.11359468396337216,0,0
1,0,1,0,0.7992939660427822,1,0,1,2,0,0,0,2,0,0,0,2,0.642726829145324,0.20823481975856026,1,0
0,0,0,0,-0.21871512695797646,1,0,2,1,1,1,1,1,1,2,1,3,-1.5009913010689746,0.5504318776854906,0,0
0,0,0,0,-1.1960038562387048,1,0,2,1,1,1,1,1,1,0,0,3,-1.4876969250676457,0.6783837745240305,0,0
0,0,1,0,1.2879383306831464,1,2,0,2,2,2,2,0,2,2,1,3,0.5496661971360212,0.44557221519394385,0,0
0,0,1,0,0.5142514200025698,1,0,1,0,0,0,2,2,2,2,1,1,1.0116457631822036,0.18738050421150693,0,0
1,1,1,0,-1.1960038562387048,0,1,0,0,0,0,0,2,0,0,1,3,-0.9409657120129912,0.9785644231242375,1,1
0,0,1,0,1.5729808767233588,1,2,0,0,2,2,2,2,2,2,1,1,0.6161380771426661,0.6074076445163972,0,0
0,1,0,0,-1.2774445836787656,0,1,0,0,0,0,0,0,0,0,0,3,-1.3198554280508674,-0.8858599002510212,1,1
0,0,1,1,1.0436161483629645,1,0,2,1,1,1,1,1,1,2,0,1,-1.477726143066649,0.30077508708833156,0,0
1,0,1,1,0.06632741908223598,1,0,1,0,2,2,0,2,0,0,1,2,0.8338334841644282,-0.35911841081236645,0,0
0,0,0,0,-0.9924020376385531,1,0,0,2,0,0,0,0,0,0,1,2,-0.49560411596847015,-0.05652740619237197,1,0
0,0,1,1,-0.7073594915983407,1,0,2,1,1,1,1,1,1,0,0,3,-1.4943441130683104,-0.6420685511678158,0,0
1,0,1,1,1.369379058123207,0,1,0,0,0,2,2,2,2,2,0,0,-0.33607160395252245,-0.0649673893263143,0,0
1,1,0,0,-0.8295205827584317,0,1,0,0,2,0,0,0,0,0,1,1,-1.1769408860365806,0.004335633898458122,0,1
1,0,0,0,1.0436161483629645,1,0,2,1,1,1,1,1,1,2,1,0,-1.51594747407047,0.30077508708833156,0,0
0,0,1,1,-1.1960038562387048,1,0,2,1,1,1,1,1,1,2,0,3,-1.517609271070636,0.457371701315813,0,0
0,1,1,0,0.43281069256250915,0,1,0,0,2,2,0,2,2,0,0,1,-0.30615925794953225,-1.133780834248027,1,1
0,0,0,0,-0.9516816739185228,1,0,1,0,2,2,0,0,0,0,0,2,0.5247392421335293,0.7137551846286905,0,0
0,0,0,0,-1.1960038562387048,1,0,2,1,1,1,1,1,1,1,0,3,-1.479387940066815,0.7987379884638183,0,0
0,0,1,1,-0.4223169455581282,1,0,0,0,2,0,0,2,2,1,1,0,0.1574821050968162,0.30077508708833156,1,0
1,0,1,0,0.3106496014024181,1,2,1,0,2,2,0,2,2,1,1,0,1.3705939152180862,0.15253634611021047,0,0
0,0,0,0,1.4508197855632678,1,2,2,1,1,1,1,1,1,2,0,0,-1.304899255049372,-5.49390626349917,0,0
1,0,1,0,0.880734693482843,1,2,1,0,2,2,0,2,2,0,1,2,1.3140928172124378,0.4779378746085824,1,0
0,0,0,0,0.7178532386027215,1,2,0,0,2,0,2,2,2,2,1,3,0.4931650991303729,0.09306928236046241,0,0
1,0,0,0,-1.2774445836787656,1,0,0,0,0,0,0,0,2,0,1,2,-0.3161300399505289,0.5247598244955631,0,0
0,0,1,0,1.6137012404433893,1,2,0,2,2,2,2,2,2,2,0,0,0.7740087921584478,0.7121978613124097,0,0
1,0,0,1,0.3106496014024181,1,0,2,1,1,1,1,1,1,1,1,0,-1.4744025490663168,0.9441464353018123,0,0
0,0,1,1,1.6137012404433893,1,2,1,2,2,2,2,2,2,2,1,0,1.7561308192566265,0.9264827769279932,0,0
0,0,0,0,-1.0738427650786138,1,0,2,1,1,1,1,1,1,0,0,3,-1.4876969250676457,0.30077508708833156,0,0
0,0,0,0,-1.1145631287986442,1,0,2,1,1,1,1,1,1,0,1,1,-1.4993295040688086,0.9729764398004651,0,0
1,0,1,0,0.6364125111626608,1,2,0,0,2,2,0,0,2,1,1,1,0.19237984210030468,-0.16783443370714166,0,0
0,0,0,0,-1.2774445836787656,1,2,1,0,0,0,0,2,2,0,1,2,0.966777244177718,0.9787634175944423,1,0
0,0,1,1,1.2879383306831464,1,0,0,2,0,0,2,2,0,1,0,3,0.034509127084522986,0.10981395970436061,0,0
0,0,0,0,-0.62591876415828,1,0,2,1,1,1,1,1,1,1,0,1,-1.4860351280674797,-0.19384675040523955,0,0
1,0,1,0,0.3106496014024181,1,0,1,0,2,2,0,0,0,0,1,2,0.5064594751317021,-0.3124524458272353,0,0
0,0,1,1,0.35136996512244845,0,1,0,2,0,2,0,0,0,1,0,1,-0.9758634490164798,0.30077508708833156,0,0
1,1,0,0,0.758573602322752,1,2,1,0,2,0,0,0,0,1,1,0,0.4931650991303729,0.0716130541408069,0,1
1,0,1,0,0.35136996512244845,1,2,1,0,2,0,0,0,0,0,1,2,0.5147684601325326,-0.16034733864802186,0,0
0,0,1,1,-1.2774445836787656,1,0,0,0,0,2,0,0,0,0,0,3,-0.4756625519664766,0.4145754930129656,1,0
0,0,0,0,-1.2367242199587352,1,0,2,1,1,1,1,1,1,0,1,3,-1.4727407520661506,0.1611365433005365,0,0
1,0,0,0,1.4508197855632678,1,0,1,0,2,2,0,0,0,1,0,1,0.4931650991303729,0.5175276918972872,0,0
0,0,1,1,-0.3408762181180675,1,2,2,1,1,1,1,1,1,2,0,3,-1.33148800705203,0.5715822020695278,0,0
1,0,1,0,1.5322605130033284,1,2,0,2,0,2,2,0,2,2,0,1,0.4167224371227313,0.523192064972555,0,0
1,0,0,0,-1.1960038562387048,0,1,0,0,0,0,2,0,0,0,1,2,-1.1636465100352518,0.9933801958409237,0,0
1,0,0,0,-1.2367242199587352,1,0,0,0,0,0,0,0,0,0,0,0,-0.6601220189849164,0.30077508708833156,0,0
1,0,1,0,-1.1960038562387048,0,1,0,0,2,0,0,0,0,0,0,1,-1.1619847130350858,0.983725453111508,0,0
0,0,0,0,-1.0331224013585834,1,2,0,0,0,0,2,2,2,0,1,2,0.32864719611392706,0.46071756770907146,1,0
0,0,0,0,-0.7888002190384014,1,0,0,2,0,0,0,2,2,0,1,2,0.23891015810495633,0.975375114346785,0,0
1,0,0,0,-1.0331224013585834,1,0,2,1,1,1,1,1,1,0,0,3,-1.462769970065154,0.30077508708833156,0,0
1,0,1,1,-0.8295205827584317,1,0,0,0,0,0,0,2,0,0,1,3,-0.28123230294704044,0.6743452852858582,0,0
1,0,1,1,0.8400143297628127,1,2,1,0,2,2,0,2,2,1,1,2,1.3456669602155942,0.5427684536057739,0,0
0,0,0,0,-0.8295205827584317,1,2,1,0,0,0,0,2,2,0,1,2,0.9784098231788811,0.30077508708833156,1,0
1,0,1,1,1.247217966963116,1,0,2,1,1,1,1,1,1,2,0,3,-1.502653098069141,0.30077508708833156,0,0
0,0,0,0,-0.7073594915983407,1,0,0,2,2,2,2,2,2,0,0,3,0.6543594081464871,0.30077508708833156,0,0
1,0,1,1,0.14776814652229667,1,0,0,2,2,0,0,0,0,1,0,3,-0.3693075439558449,-2.397440668757331,0,0
1,1,1,0,-1.1552834925186746,0,1,0,0,0,2,0,0,0,0,1,2,-1.1586611190347533,0.30077508708833156,0,1
0,0,1,1,-0.3408762181180675,1,0,2,1,1,1,1,1,1,2,0,3,-1.4976677070686424,0.27113906825000456,0,0
0,0,0,0,1.1657772395230555,0,1,0,2,2,2,2,0,0,1,0,1,-0.7000051469889033,-0.662399304012488,0,0
1,0,0,0,-0.6666391278783103,1,2,0,0,2,0,0,0,0,0,0,2,-0.31446824295036285,0.9545967819833687,0,0
1,0,1,1,1.3286586944031769,1,0,2,1,1,1,1,1,1,2,1,1,-1.4926823160681442,0.30077508708833156,0,0
0,0,1,1,-0.2594354906780068,1,0,2,1,1,1,1,1,1,2,0,1,-1.4993295040688086,0.40012979860313713,0,0
1,0,0,0,-0.6666391278783103,1,0,0,0,0,0,2,0,0,0,1,3,-0.5088984919697991,0.8986339082014663,0,0
0,0,1,0,0.880734693482843,1,2,1,2,2,0,0,2,2,1,0,0,1.3888736822199135,0.5849463613868628,1,0
1,0,0,0,-1.2774445836787656,1,0,2,1,1,1,1,1,1,0,0,3,-1.4843733310673135,-2.0680885955239163,1,0
1,0,0,1,-1.1145631287986442,1,0,2,1,1,1,1,1,1,2,0,3,-1.4727407520661506,0.30077508708833156,0,0
0,0,0,0,-0.5444780367182193,0,1,0,0,2,0,0,0,2,0,1,2,-0.8329489070021932,0.7999283896050653,0,0
1,0,0,0,-0.9109613101984924,1,2,0,2,0,0,0,0,0,0,1,1,-0.3410569949530208,0.5643809437588161,0,0
0,0,1,1,-0.38159658183809786,1,0,1,0,2,2,2,0,0,0,0,2,0.6327560471443273,-2.685578337917689,1,0
1,0,0,0,-1.1960038562387048,1,0,0,0,0,0,0,2,0,0,0,3,-0.3194536339508612,0.30077508708833156,1,0
0,0,0,0,1.6137012404433893,1,2,1,0,2,2,2,2,2,2,1,0,1.5567151792366918,0.9029361324731817,0,0
1,1,1,0,-0.9109613101984924,1,2,1,0,0,0,0,0,2,0,1,2,0.7274784761537967,0.9455872790594907,1,1
0,0,1,1,-0.9109613101984924,1,0,0,0,2,2,0,0,0,0,1,3,-0.30615925794953225,0.5291365202186511,0,0
1,0,1,0,-0.8702409464784621,1,0,2,1,1,1,1,1,1,1,1,3,-1.4694171580658184,-4.150226771805358,0,0
0,1,0,0,0.18848851024232702,1,2,1,2,2,0,0,2,2,0,1,0,1.395520870220578,0.10505830822407232,1,1
1,0,1,1,-0.62591876415828,1,2,0,2,0,0,2,0,0,1,1,3,-0.08846385092776998,0.30077508708833156,0,0
0,0,1,1,0.14776814652229667,1,2,1,2,0,2,0,2,2,0,1,1,1.3207400052131024,-0.04538377247099637,0,0
1,1,0,0,-0.62591876415828,1,0,1,0,2,2,0,2,2,0,1,2,1.2310029672041316,0.30077508708833156,0,1
0,1,1,1,1.369379058123207,1,2,1,2,2,0,2,2,2,1,1,1,1.5234792392333694,0.8131649588398426,0,1
1,0,1,1,1.1657772395230555,1,0,0,2,2,2,2,2,2,1,0,0,0.6693155811479823,0.47431976534386816,0,0
1,0,0,0,-0.4223169455581282,1,0,1,0,2,0,0,2,2,0,1,3,0.9451738831755587,-1.5477015461703152,0,0
1,0,0,0,-1.2774445836787656,0,1,0,0,0,0,0,0,0,0,1,2,-1.341458789053027,-1.0366422673684723,0,0
0,0,0,0,-1.0738427650786138,1,0,1,0,0,0,0,0,0,0,0,1,0.19237984210030468,0.2039258896262856,0,0
1,0,0,0,-0.055833672077855064,1,0,1,0,2,0,2,0,0,0,1,2,0.45494376812655235,-0.9716153815369764,1,0
0,0,1,1,1.4508197855632678,1,0,0,2,2,2,2,2,2,2,1,1,0.6726391751483144,0.5498209603205446,0,0
0,0,1,1,0.06632741908223598,1,2,1,0,0,2,0,2,0,0,0,2,0.7540672281564545,-0.5307650956021355,1,0
0,0,1,1,0.7992939660427822,1,0,1,0,2,2,2,0,0,0,0,0,0.6992279271509723,0.23830571036327605,0,0
0,0,0,1,-0.9109613101984924,1,0,1,0,0,2,2,2,0,0,1,2,0.8753784091685812,0.9943601528050362,0,0
1,0,1,1,-0.13727439951791576,1,0,1,0,0,0,0,0,0,0,1,2,0.19902703010096928,-2.1975803778228244,1,0
0,0,1,1,1.6137012404433893,1,0,2,1,1,1,1,1,1,2,0,0,-1.4843733310673135,0.30077508708833156,0,0
1,0,1,1,0.5956921474426305,1,0,2,1,1,1,1,1,1,1,0,3,-1.4860351280674797,0.9896475766176072,0,0
1,0,1,1,-0.3408762181180675,1,2,0,2,0,0,0,2,2,1,0,3,0.33363258711442517,-5.631765007087215,0,0
1,0,0,0,1.3286586944031769,1,2,2,1,1,1,1,1,1,1,0,1,-1.328164413051698,0.30077508708833156,0,0
0,0,0,0,-1.1552834925186746,1,2,1,0,0,0,2,2,2,0,1,3,1.1994288242009752,0.07505748975050738,0,0
1,1,1,0,-0.8295205827584317,1,2,1,0,2,0,0,2,2,0,1,2,1.2160467942026365,0.30077508708833156,1,1
1,0,0,0,-1.2774445836787656,1,2,1,2,0,0,0,0,0,0,1,2,0.5629605731373504,0.9095682151059243,1,0
1,0,0,0,0.025607055362205634,1,0,1,0,0,0,0,0,0,0,0,2,0.11593718009266311,-1.5038738864322827,1,0
0,0,0,0,0.06632741908223598,1,0,1,0,2,2,2,2,2,0,1,2,1.3406815692150957,-0.06440250222476598,0,0
0,0,1,0,-0.748079855318371,1,0,2,1,1,1,1,1,1,2,0,3,-1.4744025490663168,-0.49278356450857697,0,0
0,0,0,0,-1.1552834925186746,1,0,1,0,0,0,0,0,2,0,1,2,0.47820892612887816,-0.31100606850754403,1,0
1,0,1,1,-0.7888002190384014,1,0,2,1,1,1,1,1,1,1,0,3,-1.4876969250676457,-1.492032850519323,0,0
0,0,1,1,1.3286586944031769,1,2,0,0,2,0,2,2,2,2,1,0,0.48651791112970877,0.4367158634743838,0,0
1,0,1,1,-0.38159658183809786,1,0,0,2,0,0,2,0,0,1,0,1,-0.25131995694405,0.30077508708833156,0,0
1,0,1,0,0.9214550572028734,1,0,0,2,2,2,0,0,0,2,0,2,-0.2047896409393986,-0.3774848878694371,0,0
1,0,1,0,0.6771328748826912,1,0,1,0,2,0,0,2,2,2,1,2,0.9983513871808745,0.3211442639320959,0,0
1,0,1,0,1.125056875803025,1,2,1,0,2,2,0,2,2,1,0,0,1.2542681252064576,0.660217553454712,0,0
0,0,1,1,1.4915401492832983,1,0,2,1,1,1,1,1,1,1,1,1,-1.4760643460664828,0.30077508708833156,0,0
1,0,0,0,0.3106496014024181,1,2,1,0,0,0,0,2,0,0,1,2,0.6693155811479823,-0.19513311838201286,0,0
1,0,1,0,1.4100994218432374,1,0,0,2,2,0,2,0,2,2,1,1,0.14751132309581955,0.31382038497937015,0,0
1,1,0,0,0.10704778280226633,1,2,1,0,0,0,0,2,2,0,1,2,1.0199547481830342,-0.14187123642882704,1,1
1,0,1,1,-0.5444780367182193,1,2,1,0,0,0,2,2,2,1,1,2,1.2027524182013078,-3.1397168179504416,1,0
0,0,1,1,-0.7888002190384014,1,0,2,1,1,1,1,1,1,2,0,3,-1.4594463760648215,-0.6430753316303827,0,0
0,0,0,1,0.35136996512244845,1,2,1,0,2,0,0,2,0,0,1,0,0.788964965159943,-0.06101986430349752,0,0
0,0,0,0,-1.1552834925186746,0,1,0,2,0,2,0,0,0,0,0,3,-0.9891578250178088,0.30077508708833156,0,0
0,0,1,1,-0.3408762181180675,1,0,0,2,0,0,2,0,0,0,0,2,-0.3194536339508612,0.30077508708833156,0,0
0,0,0,0,-1.1145631287986442,0,1,0,0,2,0,0,2,2,0,1,1,-0.4590445819648154,-1.2160520351386568,0,0
0,0,0,0,-1.1145631287986442,1,2,0,0,2,0,0,0,2,0,1,2,-0.025315564921457354,-0.03655742082317033,0,0
0,0,1,1,-1.2774445836787656,1,0,1,0,0,0,0,0,0,0,1,3,0.14418772909548702,0.7680166922783171,1,0
0,0,1,1,1.6137012404433893,1,2,0,2,2,2,2,2,0,2,0,0,0.5131066631323666,0.5721799726506562,0,0
0,0,0,0,-0.3408762181180675,1,0,0,0,0,2,0,0,0,0,1,1,-0.5138838829702976,0.30077508708833156,0,0
0,0,1,0,0.3920903288424788,1,2,0,2,0,2,2,2,2,2,0,1,0.6510358141461546,-0.09014372417358023,0,0
0,0,0,0,-1.1552834925186746,1,0,2,1,1,1,1,1,1,0,0,3,-1.4860351280674797,0.9248041374235622,0,0
1,0,0,0,1.4508197855632678,1,2,1,2,2,2,2,2,2,1,1,1,1.7428364432552979,0.9044375488201747,0,0
0,0,1,1,0.025607055362205634,1,0,2,1,1,1,1,1,1,1,0,3,-1.4843733310673135,0.5893616846261177,0,0
0,1,0,0,-1.2774445836787656,1,0,1,0,0,0,0,0,0,0,1,2,0.16080569909714826,0.7699799961762029,1,1
1,0,0,0,-0.055833672077855064,1,2,1,0,2,2,0,2,2,1,1,2,1.285842268209614,-0.37903076363172006,1,0
0,0,0,0,-1.1552834925186746,1,2,1,0,2,0,0,0,0,0,0,0,0.4383257981248911,-0.3875760627657177,1,0
1,1,1,0,1.4915401492832983,1,2,1,0,2,2,2,2,2,2,1,2,1.5018758782312098,0.8624160794455118,0,1
1,1,0,0,0.22920887396235737,1,2,1,0,0,0,0,2,2,0,0,2,0.9966895901807084,-0.05428872285714507,0,1
0,0,1,1,-1.1960038562387048,1,0,1,0,2,0,2,0,0,0,1,2,0.5064594751317021,-1.013034178495732,0,0
0,0,1,1,0.6364125111626608,1,2,0,0,2,0,2,2,2,2,0,2,0.4948268961305394,0.028298042946130496,0,0
0,0,1,0,-0.7073594915983407,1,2,2,1,1,1,1,1,1,2,0,3,-1.3148700370503688,0.027268052251143808,0,0
0,0,0,0,-0.30015585439803716,1,0,2,1,1,1,1,1,1,1,0,1,-1.491020519067978,0.47629490212533565,0,0
0,1,0,0,-1.2774445836787656,1,0,1,0,0,0,0,2,0,0,0,2,0.45494376812655235,0.8772812425776537,1,1
0,0,0,0,0.6364125111626608,0,1,0,2,2,0,0,2,0,0,1,2,-0.6634456129852487,-1.6443155038262687,0,0
1,0,0,0,-1.2774445836787656,1,0,2,1,1,1,1,1,1,0,0,3,-1.477726143066649,-2.051474522669158,0,0
1,0,0,0,-1.2774445836787656,1,0,2,1,1,1,1,1,1,0,0,2,-1.5142856770703037,-2.8452252736859345,0,0
0,0,0,0,0.18848851024232702,1,0,1,0,2,2,0,0,0,1,0,2,0.5081212721318681,-0.41606429162656466,0,0
1,1,1,0,1.369379058123207,1,2,1,0,2,2,2,2,2,1,1,0,1.4154624342225712,0.7937227714712335,0,1
0,0,1,0,-0.2594354906780068,0,1,0,2,2,2,0,2,0,1,0,0,-0.562075995975115,0.30077508708833156,0,0
1,0,1,0,1.247217966963116,1,0,0,2,2,0,2,2,0,1,0,1,0.2006888271011353,0.24163798422115934,0,0
1,0,0,0,-0.9109613101984924,0,1,0,0,0,2,0,0,0,0,0,3,-1.1719554950360824,-0.8176176679894315,1,0
0,0,0,0,-1.2367242199587352,1,0,0,2,0,0,0,2,2,0,1,2,0.19902703010096928,0.30077508708833156,1,0
1,1,1,0,-0.5851984004382496,1,0,0,2,0,0,0,0,2,0,1,1,-0.18817167093773737,0.30077508708833156,0,1
0,0,1,0,1.2879383306831464,1,2,2,1,1,1,1,1,1,2,0,3,-1.303237458049206,0.30077508708833156,0,0
0,1,0,0,-0.9516816739185228,1,2,1,0,0,0,0,0,2,0,1,2,0.6543594081464871,0.8612978276306902,1,1
0,0,0,1,-0.1779947632379461,1,0,2,1,1,1,1,1,1,0,0,3,-1.479387940066815,0.49454379015281,0,0
0,0,0,0,-1.2774445836787656,1,0,1,0,0,2,0,0,0,0,0,2,0.358559542116917,0.8466456013340823,0,0
1,0,0,0,-1.1552834925186746,1,2,1,0,0,0,0,0,2,0,1,2,0.6942425361504742,-0.18807848456400586,1,0
1,1,0,0,0.22920887396235737,1,0,0,0,2,2,2,2,0,1,1,1,0.179085466098976,-0.8910094723412368,1,1
1,0,1,0,1.369379058123207,1,2,1,0,2,2,0,0,2,1,0,2,1.0149693571825356,0.6740754718945332,0,0
0,0,0,0,-1.2774445836787656,1,0,1,0,0,0,0,0,0,0,1,2,0.18240906009930805,0.784099830094041,0,0
0,0,1,0,-0.5851984004382496,1,0,0,0,0,0,2,0,0,0,1,3,-0.4806479429669752,0.9679606448986093,0,0
1,1,0,0,0.758573602322752,1,2,1,0,0,2,0,2,2,0,1,2,1.0980592071908417,0.3912179264951416,1,1
1,0,1,1,-1.318164947398796,1,0,2,1,1,1,1,1,1,2,0,3,-1.4926823160681442,0.30077508708833156,0,0
1,0,0,0,-1.2774445836787656,1,0,0,0,0,0,0,0,0,0,0,3,-0.613591702980265,0.29507543957609594,1,0
1,0,0,1,-0.8295205827584317,1,0,2,1,1,1,1,1,1,2,0,0,-1.5093002860698053,-1.609296532291867,0,0
0,0,0,0,0.35136996512244845,1,2,1,0,2,2,0,2,2,0,1,2,1.3805646972190828,0.23997323529770848,1,0
1,0,0,0,-0.8295205827584317,1,2,2,1,1,1,1,1,1,0,0,2,-1.3215172250510334,-0.3197158799532226,0,0
0,0,1,1,0.9214550572028734,1,0,2,1,1,1,1,1,1,2,0,3,-1.477726143066649,0.30077508708833156,0,0
0,0,0,0,-1.0331224013585834,1,2,1,0,0,0,0,0,0,0,1,2,0.35191235411625243,0.5586429401597361,0,0
0,0,0,0,-0.8295205827584317,1,0,1,0,0,2,2,0,2,0,1,2,0.8188773111629334,0.30077508708833156,1,0
0,0,1,1,1.4508197855632678,1,2,0,2,2,2,2,2,2,2,0,1,0.7723469951582818,0.6607646345425864,0,0
0,1,0,0,-1.1145631287986442,1,2,1,0,0,0,0,2,0,0,1,1,0.611152686142168,0.24702935760616032,1,1
0,1,0,0,0.6771328748826912,1,0,0,0,0,0,0,0,0,0,0,3,-0.6966815529885713,-1.6415777659083637,0,1
1,0,0,0,0.3106496014024181,0,1,0,2,2,2,0,2,2,1,0,1,-0.09012564792793624,-0.8555072242355534,0,0
0,0,0,0,-0.6666391278783103,1,0,2,1,1,1,1,1,1,1,0,0,-1.4843733310673135,-0.30452313501519646,0,0
1,0,0,0,-0.9109613101984924,1,2,1,0,0,0,0,0,0,0,1,3,0.31202922611226586,0.9119110017985494,1,0
0,0,1,0,1.6137012404433893,1,2,1,0,2,2,0,2,2,1,1,2,1.2160467942026365,0.8255330789154061,0,0
0,1,0,0,-1.2367242199587352,1,2,1,0,0,0,0,0,2,0,1,2,0.641065032145158,-3.4700182867517326,0,1
1,0,1,1,-0.38159658183809786,1,0,2,1,1,1,1,1,1,2,0,3,-1.4577845790646555,0.27918168808055105,0,0
0,1,0,0,1.5729808767233588,1,2,1,0,2,2,0,2,2,1,1,2,1.3672703212177542,0.8495932719544844,0,1
0,0,1,0,-0.8702409464784621,1,2,1,0,0,2,0,2,2,0,1,2,1.15456030519649,0.30077508708833156,1,0
1,0,0,0,-1.2774445836787656,1,0,0,0,0,0,0,0,0,0,1,3,-0.6850489739874083,0.22613227262858157,1,0
0,0,0,0,-0.6666391278783103,1,0,0,0,2,0,2,0,0,0,1,3,-0.36099855895501426,0.9298316260225024,1,0
0,0,0,0,-1.2774445836787656,1,2,1,0,0,0,0,0,2,0,1,3,0.6875953481498096,0.9412585046980934,1,0
1,0,1,0,-0.8295205827584317,1,0,1,0,2,0,0,0,2,0,1,1,0.6743009721484804,1.0050767707713875,0,0
0,0,0,0,0.880734693482843,0,1,0,2,0,0,2,0,2,1,0,0,-0.6867107709875744,-1.0887401508888082,0,0
0,0,1,0,1.4508197855632678,1,2,1,0,2,2,2,0,0,2,0,1,0.8454660631655913,0.6775773803742489,0,0
0,0,1,1,-1.1552834925186746,1,2,0,0,0,0,0,0,0,0,0,3,-0.4623681759651477,-1.0547214394810083,1,0
0,0,0,1,-1.2774445836787656,1,0,0,0,0,2,0,0,2,0,0,2,-0.18484807693740507,0.6091368685416273,1,0
1,0,0,0,-0.21871512695797646,1,0,0,2,0,0,2,0,0,0,0,3,-0.37595473195650925,0.30077508708833156,0,0
1,0,0,0,-0.46303730927815856,1,0,2,1,1,1,1,1,1,0,1,3,-1.4893587220678117,0.147066285116864,0,0
1,0,0,0,-0.7888002190384014,1,0,1,0,0,2,0,2,0,0,1,2,0.612814483142334,0.30077508708833156,1,0
0,1,0,0,1.2879383306831464,1,2,0,0,2,2,2,0,2,0,0,1,0.32864719611392706,0.3724228624482218,0,1
0,0,0,0,-1.2774445836787656,1,0,0,2,2,0,0,0,0,0,1,2,-0.32776261895169184,0.5029045984654174,1,0
1,0,1,0,1.002895784642934,0,1,0,0,2,2,2,2,2,2,1,0,-0.24134917494305336,-0.24867253970837044,0,0
0,0,1,0,-0.46303730927815856,1,2,1,2,0,2,0,2,2,0,1,2,1.300798441211109,-1.2882701652876427,1,0
1,0,0,0,-0.5444780367182193,1,0,2,1,1,1,1,1,1,2,0,3,-1.4993295040688086,-0.08782859386152045,0,0
1,0,1,0,-0.055833672077855064,1,0,1,0,0,2,0,2,2,1,1,2,0.9651154471775519,-0.4781566946472554,0,0
1,0,0,0,0.7992939660427822,1,2,0,2,2,2,2,2,2,2,1,3,0.8138919201624348,0.3076110295938793,0,0
0,0,0,0,0.5549717837226001,1,2,1,0,2,2,0,0,2,1,1,2,0.9767480261787151,0.23286697010336474,0,0
0,1,0,0,-0.8702409464784621,1,2,0,2,0,0,0,0,0,0,1,2,-0.304497460949366,0.5928799602536434,0,1
0,0,1,1,0.8400143297628127,0,1,0,2,2,2,0,0,2,0,1,0,-0.533825446972291,-0.8948891289297283,0,0
0,0,1,1,-0.8702409464784621,1,0,2,1,1,1,1,1,1,0,1,3,-1.5126238800701375,0.30077508708833156,1,0
1,1,0,0,1.002895784642934,1,2,1,0,2,0,2,2,2,0,1,0,1.3340343812144315,0.6111505245168326,0,1
0,1,0,0,-1.2367242199587352,1,2,1,0,0,0,0,0,0,0,1,3,0.35523594811658493,0.30077508708833156,1,1
0,1,0,0,-1.2367242199587352,1,0,0,2,2,0,0,0,0,0,0,3,-0.32942441595185784,0.30077508708833156,1,1
0,0,1,1,1.5729808767233588,1,0,2,1,1,1,1,1,1,2,0,0,-1.491020519067978,0.30077508708833156,0,0
0,0,1,1,-1.2774445836787656,1,0,2,1,1,1,1,1,1,0,1,3,-1.5076384890696393,-2.8182610527427236,0,0
1,0,1,0,1.4508197855632678,1,2,2,1,1,1,1,1,1,2,0,1,-1.3198554280508674,0.30077508708833156,0,0
1,0,1,0,1.6137012404433893,1,0,0,2,2,2,2,2,2,2,0,3,0.6543594081464871,0.6355643768625727,0,0
0,0,0,0,-1.2367242199587352,1,0,2,1,1,1,1,1,1,0,0,3,-1.5109620830699715,0.22782020390713625,0,0
1,1,1,0,-1.2774445836787656,1,2,1,0,0,0,0,2,2,0,1,2,1.0083221691818711,0.9880717697397676,1,1
0,0,0,0,0.35136996512244845,1,0,0,2,0,2,2,2,2,1,1,0,0.5014740841312035,-0.21989386960854945,0,0
1,0,1,1,1.6137012404433893,1,2,2,1,1,1,1,1,1,2,0,1,-1.303237458049206,-3.298433043358311,0,0
1,0,1,0,-1.0738427650786138,1,2,1,0,0,0,0,0,0,0,1,2,0.356897745116751,0.2180754594755488,1,0
0,0,1,1,-1.1552834925186746,1,0,1,0,0,2,0,0,0,0,1,2,0.29873485011093664,-0.25822393689592676,1,0
1,0,0,0,-0.8295205827584317,1,2,1,0,0,0,0,2,2,0,1,2,1.0398963121850275,0.30077508708833156,1,0
0,0,1,0,1.0436161483629645,1,2,0,2,0,0,2,0,2,1,1,2,0.12092257109316168,0.07013322781139877,0,0
0,0,0,0,-1.0331224013585834,1,0,2,1,1,1,1,1,1,0,0,3,-1.4660935640654862,0.30077508708833156,0,0
0,0,1,0,1.3286586944031769,1,0,0,2,0,2,0,0,0,0,1,3,-0.3194536339508612,-0.049269934527523734,0,0
1,0,0,0,-1.2774445836787656,1,0,1,0,0,0,0,0,0,0,1,3,0.19404163910047073,0.7857905434139103,0,0
1,0,1,0,0.9621754209229036,1,0,2,1,1,1,1,1,1,1,0,1,-1.4893587220678117,0.30077508708833156,0,0
1,0,0,0,-1.1552834925186746,1,0,2,1,1,1,1,1,1,0,0,3,-1.5209328650709681,0.8218153997755058,0,0
0,0,1,1,1.0436161483629645,1,0,0,0,0,0,0,0,0,1,1,3,-0.6867107709875744,-1.0115770157967017,0,0
1,0,1,0,1.2064976032430856,1,2,1,0,0,2,2,2,2,2,1,0,1.423771419223402,0.7729177435837195,0,0
1,0,0,0,-0.2594354906780068,1,2,0,2,2,0,0,0,0,1,0,2,-0.10674361792959748,0.30077508708833156,0,0
1,0,0,0,1.2064976032430856,1,2,1,2,2,2,0,0,0,0,0,0,0.8620840331672525,0.5443058438690371,0,0
0,0,1,1,1.0436161483629645,1,0,1,2,2,0,0,2,2,1,0,1,1.1462513201956595,0.600751112233035,0,0
0,0,1,0,1.4508197855632678,1,2,0,2,2,2,2,2,2,2,1,2,0.895319973170575,0.6999141884718691,0,0
0,0,1,1,1.1657772395230555,1,2,1,2,2,2,0,0,2,1,1,1,1.1944434332004772,0.6333182986625719,0,0
0,0,0,0,0.3920903288424788,1,2,0,0,0,2,2,2,2,2,1,1,0.45494376812655235,-0.1912789680616326,0,0
1,0,0,0,-0.5851984004382496,1,2,1,0,0,0,0,2,0,0,0,0,0.6493740171459885,0.30077508708833156,0,0
0,0,0,0,0.9621754209229036,1,0,2,1,1,1,1,1,1,2,1,0,-1.502653098069141,0.30077508708833156,0,0
0,0,0,0,-1.1552834925186746,1,2,1,0,2,0,0,0,2,0,1,2,0.8039211381614382,-0.1012143868520761,1,0
0,0,0,0,-1.1552834925186746,1,0,2,1,1,1,1,1,1,0,0,1,-1.4727407520661506,0.918695338265663,0,0
0,0,0,1,0.10704778280226633,1,0,0,2,2,0,0,0,0,1,0,1,-0.304497460949366,-1.9203997941521562,0,0
0,0,1,1,1.2879383306831464,1,2,1,2,0,0,2,0,0,0,1,0,0.7324638671542947,0.4896882571766036,0,0
0,0,0,0,-0.055833672077855064,1,0,2,1,1,1,1,1,1,1,0,3,-1.4561227820644893,0.7569007055074234,0,0
0,1,1,0,1.4100994218432374,1,0,2,1,1,1,1,1,1,2,1,0,-1.4860351280674797,0.30077508708833156,0,1
0,0,0,0,-1.1552834925186746,1,0,0,0,2,0,0,0,0,0,0,1,-0.467353566965646,0.30077508708833156,1,0
0,1,1,0,1.5322605130033284,1,2,1,2,2,2,2,2,2,2,1,2,1.624848856243503,0.8699872082496195,0,1
1,0,0,0,-1.1960038562387048,1,0,0,0,0,0,0,2,0,0,0,1,-0.3776165289566755,-3.1036834993414213,1,0
1,1,1,0,0.8400143297628127,1,2,1,0,2,0,0,2,2,0,1,2,1.2343265612044643,0.5372141956808542,1,1
1,0,1,1,-1.2367242199587352,1,0,0,2,2,0,2,0,0,2,0,3,-0.17487729493640844,0.30077508708833156,0,0
0,0,1,1,-0.13727439951791576,1,0,1,0,0,0,0,2,2,0,1,1,0.7656998071576172,-0.7414356631386102,0,0
0,0,0,0,0.5956921474426305,0,1,0,2,0,2,2,0,0,2,0,3,-0.7598298389948839,-3.1520223504038545,0,0
0,0,1,1,1.4508197855632678,1,2,1,0,0,0,0,2,0,1,1,2,0.6061672951416694,0.566186125867775,1,0
1,0,0,1,-0.8295205827584317,1,0,0,2,0,0,0,2,2,0,1,3,0.16911468409797886,0.9315018543910057,0,0
0,0,1,1,-0.9924020376385531,1,0,0,0,2,0,2,0,0,0,0,0,-0.28123230294704044,0.08434730499800072,0,0
1,0,1,0,0.880734693482843,1,2,1,2,2,2,0,2,2,0,0,2,1.4885815022298807,0.6519752170731905,0,0
1,0,1,1,1.4915401492832983,1,0,1,0,2,0,2,2,0,2,1,3,0.9102761461720702,0.7077722290064502,0,0
0,0,0,0,-0.2594354906780068,1,2,0,2,2,0,0,2,0,0,1,0,0.1574821050968162,0.30077508708833156,0,0
0,0,1,0,1.6137012404433893,1,2,1,2,2,2,2,0,0,2,1,0,1.071470455188184,0.8004041535693874,0,0
0,0,0,0,1.5322605130033284,0,1,0,2,0,2,2,2,2,2,1,0,-0.2130986259402292,0.1656334283418286,0,0
1,0,0,1,-1.2774445836787656,1,0,0,2,0,0,0,0,0,0,0,3,-0.47067716096597834,0.415624346869045,1,0
1,0,0,0,-0.9109613101984924,1,0,1,0,0,0,0,2,2,0,1,2,0.8222009051632655,0.9486678283785437,1,0
0,0,1,1,-0.1779947632379461,1,0,1,0,0,0,0,0,0,1,1,0,0.1873944510998066,-2.1108730719309197,0,0
1,0,0,0,-1.2774445836787656,1,0,1,0,0,0,0,0,0,0,1,2,0.16745288709781284,0.7709602045536917,1,0
0,0,1,0,-0.46303730927815856,1,2,1,0,0,0,0,2,2,0,1,2,0.9817334171792131,-2.35191756413269,0,0
1,1,1,0,0.758573602322752,1,2,1,2,0,2,0,2,0,0,1,0,0.9651154471775519,0.3409185360644289,1,1
0,0,1,1,0.8400143297628127,1,0,2,1,1,1,1,1,1,1,0,0,-1.502653098069141,0.30077508708833156,0,0
1,0,0,1,0.8400143297628127,1,0,1,2,2,2,0,0,2,1,0,2,1.0365727181846955,0.42778037540784597,0,0
1,0,1,0,-0.3408762181180675,1,2,1,0,0,2,0,2,2,0,1,2,1.2060760122016398,-1.0486586587693822,1,0
0,0,1,0,1.5322605130033284,1,2,0,2,2,2,2,2,2,2,1,1,0.9983513871808745,0.7618564052353309,0,0
1,0,0,0,1.1657772395230555,1,2,1,2,2,2,0,2,2,1,1,2,1.4287568102239003,0.7124575836772972,0,0
0,0,0,0,-0.8702409464784621,1,0,0,2,0,0,2,0,0,1,1,3,-0.33773340095268845,0.6621310292657427,0,0
1,0,0,0,-1.2367242199587352,1,0,1,0,0,0,0,0,0,0,1,1,0.21730679710279655,0.30077508708833156,0,0
1,0,0,0,-0.30015585439803716,1,0,2,1,1,1,1,1,1,1,1,0,-1.504314895069307,0.45132078529807107,0,0
0,0,0,0,0.35136996512244845,1,2,0,0,2,0,0,0,0,1,1,1,-0.28123230294704044,-1.0966357770709763,0,0
1,0,1,0,-0.5851984004382496,1,2,1,0,0,0,0,2,2,0,1,2,0.9950277931805424,0.30077508708833156,1,0
1,1,1,0,1.6137012404433893,1,2,1,0,2,2,0,2,2,2,1,0,1.3091074262119398,0.8666540683272483,1,1
0,0,1,1,1.5729808767233588,1,2,0,2,2,2,2,2,2,2,1,1,0.8570986421667539,0.6702904204975295,0,0
0,0,1,1,0.06632741908223598,1,0,0,2,2,2,0,0,0,1,1,3,-0.13167057293208934,-1.8240276720551192,0,0
1,0,0,0,-0.13727439951791576,1,0,1,0,0,2,2,2,2,0,1,1,1.1312951471941644,-0.5730599340595532,0,0
1,1,1,0,0.3106496014024181,1,0,1,2,2,2,2,2,0,1,1,1,1.109691786192005,0.124881823203394,0,1
1,0,1,0,0.14776814652229667,0,1,0,2,0,2,0,0,0,1,0,3,-0.9775252460166459,0.30077508708833156,0,0
0,0,1,0,0.5549717837226001,1,2,1,0,2,0,2,2,2,1,1,2,1.2758714862086173,0.29310248053002197,0,0
0,0,0,0,1.0436161483629645,1,2,1,2,2,2,0,2,2,1,1,2,1.4287568102239003,0.6856122082477244,0,0
1,0,0,0,0.26992923768238775,1,2,1,0,2,0,0,0,0,1,0,1,0.5529897911363537,-0.2790036853565941,0,0
1,0,1,1,-1.1552834925186746,1,0,0,0,0,0,2,0,2,0,0,1,-0.11006721192992953,-1.2124854767787625,1,0
0,0,1,1,0.7992939660427822,1,2,1,0,2,2,0,2,0,1,1,1,1.0282637331838649,0.4079070825641389,0,0
1,1,1,0,1.5322605130033284,1,2,1,0,2,2,0,2,2,1,1,2,1.330710787214099,0.8236759669867344,0,1
1,1,1,0,1.3286586944031769,1,0,1,0,0,0,0,0,0,1,1,0,0.20567421810163386,0.2859674226390903,0,1
1,0,0,0,-1.2774445836787656,1,0,0,0,0,0,0,0,0,0,1,3,-0.6584602219847502,0.23160766434358143,0,0
0,0,1,0,1.5322605130033284,1,2,1,0,0,2,0,2,2,1,1,2,1.0930738161903437,0.7802245746814189,0,0
0,1,1,1,-0.13727439951791576,0,1,0,0,2,2,0,0,0,0,1,3,-0.9675544640156493,0.30077508708833156,0,1
1,0,0,0,-1.2774445836787656,1,0,1,0,0,0,0,2,2,0,1,2,0.8570986421667539,0.9645354770626926,1,0
0,0,0,0,1.4100994218432374,1,2,0,2,0,2,2,2,2,2,1,3,0.6809481601491449,0.5721799726506562,0,0
0,0,0,0,-1.2774445836787656,1,0,2,1,1,1,1,1,1,0,1,3,-1.504314895069307,-2.80068054487555,0,0
0,0,0,0,-0.2594354906780068,1,0,1,0,0,0,0,2,2,0,1,0,0.7989357471609396,-1.2505842662613618,1,0
0,0,1,1,-0.0965540357978854,1,2,2,1,1,1,1,1,1,2,1,3,-1.3181936310507012,0.8877966665445841,0,0
0,0,1,0,0.6364125111626608,1,0,1,0,0,2,2,2,2,0,1,1,1.1728400721983174,0.36215419496185536,0,0
0,0,1,1,0.9214550572028734,1,0,0,2,2,0,0,0,0,0,0,2,-0.3011738669490337,-0.3321861016115605,0,0
1,0,0,0,-1.0331224013585834,1,2,1,0,0,0,0,0,2,0,1,3,0.6792863631489789,0.6338802913459043,1,0
1,0,0,0,0.18848851024232702,1,2,1,2,0,0,0,2,0,0,1,2,0.8770402061687477,-0.194489727550819,0,0
0,0,1,0,-0.055833672077855064,1,0,1,0,2,0,0,0,2,0,1,0,0.6344178441444933,-0.6789668553652005,0,0
1,0,0,0,-1.1552834925186746,1,0,0,0,0,0,0,0,0,0,1,2,-0.626886078981594,-2.1240736958002993,0,0
1,0,1,1,1.6137012404433893,1,2,2,1,1,1,1,1,1,2,1,1,-1.3181936310507012,0.30077508708833156,0,0
1,1,0,0,-1.1145631287986442,1,0,1,0,0,0,0,2,2,0,1,2,0.8853491911695783,0.25485713692798917,1,1
1,0,1,1,-1.2774445836787656,1,0,2,1,1,1,1,1,1,0,0,3,-1.4976677070686424,-2.7664204375420924,0,0
0,1,0,0,-0.7073594915983407,1,0,1,0,0,0,0,2,2,0,1,2,0.8886727851699104,0.30077508708833156,0,1
1,0,1,1,-0.9924020376385531,1,0,0,2,0,0,0,0,0,0,1,1,-0.44741200296365274,0.12160507367797288,0,0
0,0,0,0,0.10704778280226633,1,0,2,1,1,1,1,1,1,1,0,3,-1.451137391063991,0.8370625370634472,0,0
0,1,0,0,0.9621754209229036,1,2,1,0,2,2,0,2,2,0,0,2,1.329048990213933,0.6001701838542802,0,1
1,0,1,0,0.3920903288424788,1,2,1,0,0,2,2,2,2,0,1,0,1.3755793062185846,0.26830879981446354,1,0
1,1,1,1,1.3286586944031769,1,2,1,2,2,0,0,0,0,0,1,2,0.6975661301508063,0.5670874963851431,0,1
0,0,1,1,-1.2367242199587352,1,0,2,1,1,1,1,1,1,1,0,3,-1.477726143066649,-0.35081187030130556,0,0
1,1,1,0,1.3286586944031769,1,2,1,2,0,0,0,2,2,1,1,2,1.1961052302006432,0.7332741867617817,0,1
0,0,0,0,-0.5851984004382496,1,2,1,0,0,0,0,0,0,0,1,2,0.31202922611226586,0.30077508708833156,0,0
0,0,0,0,-0.38159658183809786,1,2,0,2,0,2,0,2,2,1,1,2,0.4582673621268844,-3.9665918309004558,0,0
0,0,0,0,-1.1552834925186746,1,0,0,0,0,0,0,0,0,0,1,3,-0.6468276429835875,-2.2514449363820455,1,0
1,0,1,0,1.5322605130033284,1,0,2,1,1,1,1,1,1,2,0,1,-1.4926823160681442,0.30077508708833156,0,0
0,0,0,0,-1.1552834925186746,1,2,0,0,0,0,0,0,0,0,0,2,-0.467353566965646,-1.5754625103974003,0,0
1,0,0,0,-0.5444780367182193,1,0,0,0,0,0,0,0,0,0,1,0,-0.6567984249845842,0.950716268422285,0,0
0,0,0,0,-0.5851984004382496,1,0,1,0,2,2,0,0,0,0,0,2,0.43334040712439253,0.30077508708833156,0,0
0,1,1,0,0.22920887396235737,1,0,1,2,0,0,0,0,2,0,1,2,0.6211234681431647,-0.3233674773504958,0,1
1,0,0,0,-1.2367242199587352,1,2,1,0,0,0,0,0,0,0,1,1,0.28211688010927544,0.30077508708833156,1,0
1,0,0,0,0.5956921474426305,1,2,1,2,2,0,0,2,0,1,0,0,0.9983513871808745,0.2779794109608597,0,0
0,0,1,1,0.7992939660427822,1,0,2,1,1,1,1,1,1,2,0,0,-1.4843733310673135,0.30077508708833156,0,0
1,0,0,0,-0.9516816739185228,1,2,0,0,0,0,0,0,2,0,0,3,-0.1615829189350795,0.5064209279091197,0,0
0,0,1,0,-0.2594354906780068,1,2,0,2,2,2,2,2,2,1,1,1,0.8421424691652587,-1.1809462565622697,0,0
1,0,1,1,-0.9924020376385531,1,0,0,0,0,2,0,0,0,0,1,2,-0.45572098796448335,0.14110642385600428,1,0
1,0,1,0,0.47353105628253944,1,0,0,0,2,2,2,2,0,1,1,2,0.20567421810163386,-0.2575386605116592,0,0
0,0,0,0,-1.1960038562387048,0,1,0,0,2,0,0,0,0,0,0,3,-1.181926277037079,0.9996353898438692,0,0
1,0,0,0,-1.2367242199587352,1,0,0,0,0,0,0,0,0,0,1,0,-0.6036209209792681,0.9531688704403454,0,0
0,0,1,1,-0.9516816739185228,1,2,1,0,0,0,0,2,0,0,1,0,0.684271754149477,0.8511768876448105,1,0
1,1,0,0,-1.2774445836787656,1,2,1,0,0,0,0,0,0,0,1,2,0.35191235411625243,0.8459641339710442,1,1
1,0,0,0,-0.30015585439803716,1,0,1,2,0,0,0,0,0,0,0,0,0.3170146171127639,-2.319085623902064,0,0
0,1,1,0,-1.2367242199587352,1,0,1,0,0,0,0,0,0,0,1,2,0.1508349170961516,0.30077508708833156,0,1
1,0,0,0,0.43281069256250915,1,0,1,2,0,0,0,0,0,0,1,2,0.3469269631157543,-0.29310068321797544,1,0
0,0,0,0,-1.2774445836787656,1,0,2,1,1,1,1,1,1,0,0,3,-1.4577845790646555,-2.003226923836432,1,0
0,0,1,0,1.0436161483629645,1,2,1,0,2,2,0,0,2,1,1,2,0.9817334171792131,0.5507371964674314,0,0
0,0,1,1,1.0843365120829946,1,2,0,2,0,2,2,2,0,2,1,3,0.3884718881199074,0.26992707679852446,0,0
1,0,0,0,0.47353105628253944,0,1,0,2,0,2,0,2,2,1,1,2,-0.357674964954682,-0.9591024497991473,0,0
1,0,0,0,1.369379058123207,1,2,1,0,2,0,2,2,2,1,1,2,1.3124310202122718,0.7625976465242229,0,0
1,0,1,1,1.4508197855632678,1,0,2,1,1,1,1,1,1,2,0,0,-1.4893587220678117,0.30077508708833156,0,0
1,0,0,0,-0.9516816739185228,0,1,0,0,0,0,0,0,0,0,1,2,-1.3231790220511994,-2.7012323617766256,0,0
1,0,0,0,-0.5444780367182193,1,2,1,2,0,2,0,0,0,0,1,2,0.6643301901474837,0.30077508708833156,0,0
1,0,0,0,-1.1552834925186746,1,0,2,1,1,1,1,1,1,0,0,3,-1.4960059100684764,0.8770609911295624,0,0
0,0,0,0,1.5322605130033284,1,2,1,2,2,2,2,2,2,2,1,0,1.624848856243503,0.8947460172264066,0,0
1,0,0,0,-1.2774445836787656,1,0,0,0,0,0,0,0,0,0,1,3,-0.6601220189849164,0.2311875430989315,0,0
0,0,0,0,-0.9924020376385531,1,2,1,0,0,0,0,0,0,0,1,2,0.3485887601159204,0.5834702440812601,0,0
1,0,0,0,0.8400143297628127,1,2,2,1,1,1,1,1,1,2,0,3,-1.3348116010523623,0.30077508708833156,0,0
1,1,0,0,0.758573602322752,1,2,2,1,1,1,1,1,1,1,0,0,-1.3215172250510334,0.30077508708833156,0,1
1,0,1,1,-0.8702409464784621,1,0,2,1,1,1,1,1,1,0,0,0,-1.4561227820644893,-0.6831519894095873,0,0
1,0,1,1,1.125056875803025,1,2,1,2,0,2,2,2,2,2,1,2,1.5234792392333694,0.7215056287795972,0,0
1,0,0,0,-0.62591876415828,1,0,0,2,2,0,0,0,0,0,1,1,-0.3078210549496983,0.9809497472263723,0,0
1,0,0,0,-1.1960038562387048,1,0,0,0,0,0,0,0,0,0,1,2,-0.7132995229902325,0.30077508708833156,1,0
1,0,1,0,1.5322605130033284,1,0,1,2,2,2,2,2,2,1,1,0,1.4869197052297147,0.8502722714986068,1,0
1,0,0,0,-1.2774445836787656,1,0,2,1,1,1,1,1,1,0,0,3,-1.505976692069473,-2.809432165024553,0,0
1,1,0,0,0.43281069256250915,1,2,1,0,0,0,0,2,0,0,1,2,0.6676537841478158,-0.059894856280070706,0,1
0,0,1,0,-0.6666391278783103,1,0,2,1,1,1,1,1,1,0,0,3,-1.5009913010689746,-0.32923791083939996,0,0
0,0,1,1,1.002895784642934,1,0,0,2,2,0,0,0,0,1,0,2,-0.37595473195650925,-0.3852382754054838,0,0
1,0,1,1,0.18848851024232702,1,0,2,1,1,1,1,1,1,1,0,1,-1.4943441130683104,0.747165876382508,0,0
0,0,1,0,1.6137012404433893,1,2,1,2,2,2,2,2,2,2,0,1,1.5733331492383529,0.8964758351737988,0,0
0,1,0,0,-0.8702409464784621,1,2,1,0,0,0,0,0,2,0,1,1,0.6659919871476498,0.9671557778706021,1,1
0,1,1,0,0.7178532386027215,1,2,1,0,2,2,0,2,0,0,1,2,1.0066603721817051,0.3789688990736178,1,1
1,1,0,0,-1.1145631287986442,1,0,0,0,0,2,0,0,0,0,0,2,-0.47898614596680894,-1.0855992735718718,1,1
1,0,1,0,-1.2774445836787656,1,2,1,0,0,0,0,0,0,0,1,0,0.32698539911376057,0.8349970205965218,1,0
1,0,0,0,-0.6666391278783103,1,0,2,1,1,1,1,1,1,0,1,3,-1.4976677070686424,-0.16846089601340158,1,0
1,1,1,0,-1.2367242199587352,1,0,1,0,0,2,0,0,0,0,1,2,0.31369102311243185,0.30077508708833156,0,1
0,0,0,0,-0.62591876415828,1,2,0,0,0,2,2,2,0,0,1,3,0.14086413509515497,0.30077508708833156,0,0
0,0,0,0,-0.6666391278783103,1,0,2,1,1,1,1,1,1,1,0,1,-1.5093002860698053,-0.4721955027339489,0,0
0,0,0,0,-0.7073594915983407,1,0,0,0,0,2,0,0,2,0,1,2,-0.17653909193657447,0.9615034966406111,1,0
0,0,0,0,-0.9109613101984924,1,0,2,1,1,1,1,1,1,1,1,3,-1.4943441130683104,-2.174023859017512,0,0
0,0,0,1,0.5549717837226001,1,0,1,2,2,0,2,2,2,1,1,0,1.3440051632154282,0.35957046721495145,1,0
1,0,1,1,1.2879383306831464,1,2,1,0,2,2,2,2,2,2,1,1,1.476948923228718,0.7436480773592024,0,0
0,0,0,0,-1.2774445836787656,1,2,1,0,2,0,0,0,0,0,1,3,0.47820892612887816,0.8888856910688248,0,0
1,0,1,1,-0.30015585439803716,1,0,0,0,2,2,0,0,0,1,0,3,-0.3693075439558449,0.30077508708833156,0,0
1,0,1,1,1.5729808767233588,1,0,1,2,2,2,2,2,0,2,0,1,1.1778254631988159,0.8129301214266368,0,0
1,0,0,0,-0.9924020376385531,1,0,0,0,0,0,0,0,0,0,1,3,-0.6518130339840859,0.2193519112977006,1,0
0,0,1,1,1.6137012404433893,1,0,1,2,2,2,2,2,2,2,1,0,1.4586691562268908,0.8713173596770891,0,0
0,0,1,0,0.6771328748826912,0,1,0,2,0,0,0,2,0,0,0,0,-0.801374763999037,-1.7512718376285972,0,0
1,0,1,1,-0.13727439951791576,0,1,0,2,2,2,2,0,2,1,1,1,-0.31280644595019663,0.30077508708833156,0,0
1,0,1,0,1.6137012404433893,1,2,1,2,2,2,2,0,2,2,0,0,1.3572995392167568,0.8563626093677209,0,0
1,0,1,0,-0.055833672077855064,1,2,1,0,2,2,0,2,0,0,0,2,0.9651154471775519,-0.41446014010683463,1,0
0,0,0,0,0.7178532386027215,1,2,1,0,0,0,0,2,2,0,1,2,1.0282637331838649,0.3306999425405123,0,0
1,0,1,0,1.5729808767233588,1,2,0,2,0,2,2,2,2,2,0,2,0.612814483142334,0.6530781283700696,0,0
1,1,1,0,1.5322605130033284,1,2,0,2,2,2,2,2,2,2,0,1,0.8404806721650927,0.6858789271725128,0,1
1,0,0,0,1.5729808767233588,1,2,1,2,0,0,2,0,2,1,0,1,1.0930738161903437,0.7342910243342999,0,0
1,0,1,1,1.1657772395230555,1,0,0,2,2,2,2,0,0,2,1,0,0.10928999209199854,0.1456940818030974,0,0
1,0,0,0,-0.015113308357824713,1,0,1,0,0,0,2,2,2,0,1,2,1.044881703185526,-0.3009395832708824,1,0
0,0,0,1,-1.2774445836787656,1,0,1,0,0,0,0,0,2,0,1,2,0.4931650991303729,0.890408335710015,1,0
1,0,0,0,1.4508197855632678,1,2,1,2,2,2,0,0,2,2,1,0,1.2409737492051283,0.8068049108354047,0,0
1,0,0,0,1.2064976032430856,1,2,2,1,1,1,1,1,1,2,0,0,-1.3746947290563494,0.30077508708833156,0,0
0,0,0,1,-1.0331224013585834,1,0,1,0,0,0,0,0,0,0,1,2,0.2089978121019659,0.3295580706703487,0,0
1,0,0,0,-0.5037576729981889,1,2,1,0,0,0,0,2,0,0,1,2,0.6809481601491449,0.30077508708833156,1,0
1,0,1,1,-1.0738427650786138,1,0,2,1,1,1,1,1,1,1,0,3,-1.505976692069473,0.30077508708833156,0,0
0,1,0,0,0.025607055362205634,0,1,0,2,2,2,0,2,2,0,1,0,-0.17653909193657447,-3.0575739451743864,0,1
1,0,1,1,-0.1779947632379461,1,2,1,0,0,0,0,2,2,1,0,0,0.9119379431722362,-0.7939132838311777,0,0
1,0,0,0,-0.21871512695797646,1,0,2,1,1,1,1,1,1,2,0,1,-1.4926823160681442,0.32421202709157726,0,0
1,0,0,0,-1.0331224013585834,1,0,0,0,0,0,0,0,0,0,0,3,-0.6933579589882389,-0.5977815373472036,0,0
1,0,0,0,-0.2594354906780068,1,2,1,0,0,0,2,0,0,0,1,2,0.5230774451333633,-1.6920418117541394,1,0
1,1,0,0,-1.1145631287986442,1,2,1,0,2,0,0,0,2,0,1,2,0.8321716871642622,0.42258873247973855,1,1
1,1,0,0,-0.0965540357978854,1,2,1,2,0,0,0,0,2,0,1,1,0.8554368451665879,-0.7696139933030351,0,1
1,0,0,0,1.247217966963116,1,2,1,0,2,0,0,0,2,1,0,1,0.8537750481664219,0.5972604689851813,0,0
1,0,0,0,-1.2774445836787656,1,0,0,0,2,0,0,0,0,0,1,2,-0.46569176996548,0.4166721017832418,1,0
0,0,0,1,0.8400143297628127,1,2,0,0,2,2,2,2,2,1,1,2,0.6593447991469852,0.24205373878264966,0,0
0,0,1,1,-0.748079855318371,1,0,1,0,2,0,2,0,2,0,1,1,0.827186296163764,0.30077508708833156,1,0
0,0,0,0,-0.46303730927815856,1,0,1,0,2,0,2,2,2,0,1,0,1.1429277261953275,-2.303065227270679,0,0
1,0,0,0,-0.62591876415828,1,0,2,1,1,1,1,1,1,1,0,3,-1.4893587220678117,-0.35006014050925993,0,0
1,0,1,1,-0.6666391278783103,1,0,2,1,1,1,1,1,1,2,0,3,-1.4710789550659844,-0.5058697272296054,0,0
0,0,0,0,0.10704778280226633,1,0,0,0,0,2,0,0,2,0,1,2,-0.08846385092776998,-1.6636924528013843,0,0
0,1,0,0,-0.015113308357824713,1,0,1,0,0,0,0,0,2,0,1,2,0.4898415051300408,-0.6873547124389846,0,1
0,0,1,1,-0.1779947632379461,1,0,2,1,1,1,1,1,1,0,1,0,-1.502653098069141,0.5083337270131725,0,0
0,0,0,0,-1.2774445836787656,1,0,2,1,1,1,1,1,1,0,1,3,-1.4760643460664828,-2.0473637782917353,0,0
1,0,0,0,1.0843365120829946,0,1,0,0,0,0,2,2,2,0,1,2,-0.43411762696232353,-0.42655447428315935,0,0
0,0,1,1,1.6137012404433893,1,2,2,1,1,1,1,1,1,1,1,0,-1.3780183230566818,0.30077508708833156,0,0
1,0,0,0,0.14776814652229667,1,0,0,0,2,0,2,0,2,1,1,3,0.021214751083194285,-0.8897195911144811,1,0
0,0,0,0,0.3106496014024181,1,0,0,2,2,0,0,2,0,0,0,3,0.011243969082197169,-0.777648328842303,0,0
1,0,1,1,0.3106496014024181,1,2,1,0,0,2,0,0,0,0,1,2,0.5463426031356892,-0.23719573892528745,0,0
0,0,0,1,-0.9516816739185228,1,0,0,0,0,2,2,2,2,0,1,3,0.2704843011081128,0.7101176504079127,1,0
1,0,1,1,1.247217966963116,1,0,0,2,2,2,2,2,0,2,0,1,0.3236618051134285,0.3149803589202456,0,0
0,0,0,0,-1.1960038562387048,1,0,1,0,0,0,0,2,0,0,1,2,0.5230774451333633,-1.1706504253892978,0,0
1,0,1,1,0.3106496014024181,0,1,0,0,2,2,2,2,2,1,0,3,-0.14828854293375057,-0.9508466426057787,0,0
1,0,1,0,-0.9924020376385531,1,0,1,2,0,0,0,0,0,0,1,3,0.3402797751150897,0.7202180523916754,0,0
1,1,1,0,0.06632741908223598,1,0,1,2,0,0,2,2,0,1,0,3,0.8438042661654253,-0.336624749290469,0,1
1,0,0,0,-1.1145631287986442,0,1,0,2,0,2,2,0,0,0,0,3,-0.8229781250011965,-1.3435366314057033,1,0
1,1,0,0,-0.9516816739185228,1,2,1,0,2,0,0,2,2,0,1,1,1.1528985081963241,0.9727762902995838,1,1
1,0,1,0,-0.9516816739185228,1,2,0,0,2,2,0,0,2,0,1,1,0.142525932095321,0.7140145028890648,0,0
1,0,1,1,-0.055833672077855064,1,2,0,0,0,0,0,0,2,0,0,0,-0.16823010693574386,-5.264735709051726,0,0
0,0,1,0,0.7178532386027215,1,0,2,1,1,1,1,1,1,1,1,0,-1.4926823160681442,0.9855057755807205,0,0
0,0,0,0,-1.2367242199587352,1,0,1,2,2,0,2,0,0,0,1,2,0.7141841001524675,0.30077508708833156,1,0
0,0,0,0,-1.2774445836787656,1,0,0,0,0,0,0,0,0,0,1,2,-0.6351950639824246,0.26099396960302024,1,0
1,0,0,0,-0.9924020376385531,1,0,1,0,0,0,0,0,0,0,1,3,0.1774236690988095,0.5294484095723975,1,0
0,0,0,0,-0.9516816739185228,0,1,0,0,2,0,0,0,2,0,0,2,-0.7980511699987046,-0.08263906474558162,0,0
0,1,0,0,-1.2367242199587352,1,0,1,0,0,0,0,0,0,0,1,0,0.18074726309914202,0.30077508708833156,1,1
0,0,0,0,-1.1960038562387048,1,0,0,2,2,0,0,0,0,0,0,2,-0.31280644595019663,0.30077508708833156,1,0
1,0,1,0,-0.30015585439803716,1,0,1,0,0,0,2,2,2,0,1,1,1.0282637331838649,-1.142041721741174,0,0
1,1,0,0,-1.2774445836787656,1,0,0,0,0,0,0,0,0,0,0,2,-0.613591702980265,0.29507543957609594,0,1
0,0,1,1,0.5142514200025698,1,2,0,2,2,2,2,2,0,0,0,3,0.5496661971360212,-0.10650147167779692,0,0
1,1,1,1,0.758573602322752,1,2,1,0,2,2,0,0,0,0,1,2,0.6460504231456565,0.1401863612560435,1,1
0,0,1,1,0.9214550572028734,1,0,2,1,1,1,1,1,1,0,0,1,-1.4876969250676457,0.30077508708833156,0,0
0,0,0,0,0.22920887396235737,1,2,0,2,2,2,0,0,0,0,1,0,0.046141706085686136,-0.84559099991437,0,0
1,0,0,0,-1.2367242199587352,1,0,0,0,0,0,0,0,0,0,0,3,-0.62854787598176,0.9087149300119959,1,0
1,0,1,1,0.22920887396235737,1,0,2,1,1,1,1,1,1,0,0,2,-1.5009913010689746,0.8086935901736599,0,0
1,0,0,0,0.06632741908223598,1,0,0,0,2,0,0,0,0,0,1,2,-0.4972659129686364,0.30077508708833156,0,0
0,0,1,0,1.5322605130033284,1,2,1,0,0,2,0,2,2,1,1,2,1.2293411702039656,0.7951582590211855,0,0
0,0,0,0,-0.7888002190384014,1,0,0,2,0,0,2,0,0,1,0,3,-0.3194536339508612,0.8384371816436621,0,0
1,0,0,0,0.26992923768238775,1,2,1,0,0,0,0,0,0,0,0,2,0.3485887601159204,-0.4168673334078476,1,0
0,0,0,0,1.1657772395230555,1,2,1,0,2,2,0,2,2,1,1,2,1.302460238211275,0.6993881170562315,0,0
0,0,0,0,-0.8295205827584317,1,2,1,0,0,2,0,2,2,0,1,0,1.1761636661986499,0.30077508708833156,1,0
1,0,0,0,0.35136996512244845,1,0,1,0,2,0,2,2,2,2,1,1,1.1595456961969886,0.16876925891666983,0,0
1,0,0,0,-0.46303730927815856,1,2,1,0,0,0,0,0,0,0,1,2,0.29707305311077065,0.30077508708833156,0,0
1,1,0,0,0.9214550572028734,0,1,0,0,0,2,0,2,2,1,1,0,-0.4889569279678058,-0.6221429151795932,0,1
1,0,1,0,1.4915401492832983,0,1,0,2,0,2,2,2,2,2,0,0,-0.1499503399339166,0.10458149681378352,0,0
1,1,1,1,-0.2594354906780068,1,2,1,0,2,2,0,2,2,0,0,2,1.3622849302172555,-0.6511662747009362,1,1
0,1,1,0,1.4915401492832983,1,0,1,2,2,0,0,0,2,1,0,1,0.749081837155956,0.6397622241605597,0,1
0,1,1,0,-0.5851984004382496,0,1,0,0,0,2,0,2,2,0,1,2,-0.5454580259734538,0.9106337986072732,1,1
1,0,1,1,0.5956921474426305,1,2,0,0,2,0,0,0,0,0,0,2,-0.3493659799538514,-0.8308986322720529,0,0
0,0,1,1,1.6137012404433893,1,0,0,2,2,2,2,2,2,2,0,0,0.682609957149311,0.6539045143044498,0,0
1,1,1,0,0.025607055362205634,0,1,0,0,2,2,2,2,0,0,1,2,-0.4906187249679718,0.30077508708833156,0,1
0,0,1,1,-1.2367242199587352,0,1,0,0,0,0,0,0,0,0,1,3,-1.341458789053027,-0.0791942803189961,1,0
0,0,1,1,1.6137012404433893,1,2,0,2,2,2,2,2,2,2,0,1,0.8703930181680831,0.730472540313363,0,0
1,1,1,0,0.18848851024232702,1,0,1,0,0,0,0,0,0,0,1,0,0.24888094010595296,-0.7845866555359277,0,1
0,1,1,1,1.2064976032430856,1,2,1,0,2,2,0,0,2,0,1,1,1.0415581091851935,0.6335993344837095,0,1
0,0,1,0,1.5729808767233588,1,0,2,1,1,1,1,1,1,2,0,1,-1.4926823160681442,0.30077508708833156,0,0
1,0,0,1,-0.38159658183809786,1,0,0,0,2,0,2,0,0,0,1,0,-0.31446824295036285,0.30077508708833156,0,0
0,0,0,0,-0.6666391278783103,1,0,2,1,1,1,1,1,1,1,0,3,-1.4843733310673135,-0.4654259431238388,0,0
1,0,0,0,-0.9516816739185228,1,0,0,2,0,2,2,2,0,0,1,3,0.1574821050968162,0.7134957991049132,0,0
1,0,1,1,-0.62591876415828,1,2,2,1,1,1,1,1,1,2,1,3,-1.3165318340505352,0.1276819450639146,0,0
0,0,0,0,-1.1552834925186746,1,0,2,1,1,1,1,1,1,0,0,0,-1.4561227820644893,0.9414650622702161,1,0
0,1,1,0,-1.2774445836787656,1,0,0,2,0,0,0,0,0,0,1,2,-0.5055748979694671,0.38367008416676324,1,1
0,0,1,0,-0.3408762181180675,1,2,1,0,0,2,0,0,0,0,1,3,0.4948268961305394,-2.4952192998173053,0,0
0,1,0,0,-1.2774445836787656,1,0,1,0,0,0,0,0,0,0,1,2,0.21564500010263052,0.7989761820834482,0,1
1,1,0,0,1.6137012404433893,1,2,1,2,2,2,2,2,2,2,0,0,1.6298342472440013,0.882114541626253,0,1
0,0,1,0,1.6137012404433893,1,2,2,1,1,1,1,1,1,2,0,2,-1.3364733980525287,0.30077508708833156,0,0
0,0,0,1,-0.8702409464784621,1,0,2,1,1,1,1,1,1,0,0,1,-1.4976677070686424,-1.5402622402415063,0,0
1,0,0,0,-0.9516816739185228,1,0,2,1,1,1,1,1,1,0,0,3,-1.479387940066815,0.30077508708833156,1,0
0,1,1,0,-1.2367242199587352,1,0,0,0,2,0,0,0,0,0,0,1,-0.4856333339674735,0.30077508708833156,1,1
0,1,1,0,1.125056875803025,1,2,1,0,0,2,0,2,2,1,1,1,1.1877962451998125,0.6347226886222,0,1
1,1,1,0,-0.13727439951791576,1,2,1,0,2,2,0,0,2,0,1,2,1.0349109211845293,-0.6211569797498393,1,1
0,0,0,0,0.6771328748826912,1,0,0,0,0,2,2,2,2,2,1,0,0.32200000811326246,-0.02780829255500018,0,0
0,1,0,0,-0.0965540357978854,1,2,1,0,2,2,0,2,2,0,1,2,1.3074456292117733,-0.3418281956776931,0,1
0,0,1,0,0.8400143297628127,1,0,2,1,1,1,1,1,1,1,0,1,-1.5192710680708021,1.0021654279423284,0,0
1,0,0,1,0.26992923768238775,1,2,2,1,1,1,1,1,1,2,0,3,-1.3215172250510334,0.30077508708833156,0,0
0,0,0,0,-0.9516816739185228,1,0,2,1,1,1,1,1,1,0,0,3,-1.5192710680708021,0.30077508708833156,0,0
1,0,0,0,0.26992923768238775,1,0,1,0,0,2,2,0,0,1,0,2,0.5696077611380149,-0.2769061716096889,0,0
1,1,0,0,-0.9924020376385531,1,0,1,0,0,0,0,0,0,0,1,2,0.16412929309748078,0.5739711434017989,0,1
0,0,1,1,0.758573602322752,1,2,1,0,0,2,0,0,2,1,1,2,0.8438042661654253,0.28556953387716194,0,0
1,0,1,1,1.5729808767233588,1,2,2,1,1,1,1,1,1,2,0,1,-1.3098846460498705,-3.8860444344500773,0,0
1,1,0,0,1.5729808767233588,1,2,2,1,1,1,1,1,1,2,1,3,-1.3331498040521963,0.30077508708833156,0,1
0,1,1,0,1.5322605130033284,1,0,2,1,1,1,1,1,1,2,1,1,-1.502653098069141,0.30077508708833156,0,1
0,1,0,0,-1.2774445836787656,0,1,0,0,0,0,0,0,0,0,0,2,-1.3132082400502028,-0.8807367104539991,1,1
1,0,1,0,0.22920887396235737,0,1,0,2,2,0,2,2,2,2,1,0,-0.1582593249347472,-1.4460229028657472,0,0
0,0,1,0,-0.1779947632379461,1,0,1,0,2,2,0,0,2,0,0,1,0.8354952811645946,-0.9758213964376731,0,0
0,0,1,0,-0.015113308357824713,1,0,2,1,1,1,1,1,1,0,0,0,-1.5076384890696393,0.6975446846241001,0,0
1,1,1,0,0.6771328748826912,1,0,0,0,2,0,0,0,0,2,0,3,-0.4972659129686364,-1.0441355740004317,0,1
0,0,1,1,0.18848851024232702,1,2,2,1,1,1,1,1,1,2,1,0,-1.3514295710540236,0.9482576363552253,0,0
0,0,0,0,-0.9109613101984924,1,0,0,0,0,2,2,0,0,0,0,2,-0.3493659799538514,0.5978430896684284,0,0
1,0,1,0,1.4100994218432374,1,2,1,2,2,2,0,2,2,1,0,1,1.5002140812310438,0.826692024930024,0,0
1,0,0,0,-1.0331224013585834,0,1,0,0,0,2,2,0,0,1,1,1,-0.9725398550161476,-0.902693891402065,0,0
0,0,0,0,0.758573602322752,1,0,1,0,0,0,0,2,2,1,0,1,0.7573908221567865,0.25115687844082835,0,0
0,0,0,0,-0.9516816739185228,1,0,0,0,0,0,0,0,0,0,0,2,-0.6518130339840859,0.14752326810865646,1,0
0,0,0,0,-0.9516816739185228,1,0,1,0,0,0,0,2,2,0,1,3,0.785641371159611,0.8860517567116679,0,0
1,0,0,0,-1.1552834925186746,1,0,0,0,0,0,2,0,0,0,1,3,-0.46402997296531395,-1.898952422782847,0,0
1,0,1,0,1.5729808767233588,1,2,1,2,2,2,0,2,0,2,1,2,1.1379423351948288,0.7819218470910174,0,0
0,0,1,1,0.7178532386027215,1,2,1,0,0,0,0,2,0,0,1,0,0.6526976111463211,0.12441437298832317,1,0
0,1,1,1,-0.3408762181180675,1,0,1,0,0,2,0,2,2,2,1,2,1.0565142821866886,-1.269249697905771,0,1
1,0,1,0,-0.4223169455581282,1,0,0,2,0,0,0,2,0,1,1,0,-0.16656830993557784,0.30077508708833156,0,0
1,0,0,0,0.47353105628253944,1,2,1,2,2,2,0,2,2,0,1,2,1.5533915852363596,0.3922915540790357,0,0
0,0,1,1,0.025607055362205634,1,2,2,1,1,1,1,1,1,0,0,0,-1.3464441800535252,0.9321274715192955,0,0
0,0,0,0,-1.2774445836787656,1,2,1,0,0,0,0,0,0,0,1,2,0.3436033691154218,0.8455095642601024,1,0
0,0,1,0,0.880734693482843,1,2,0,0,0,0,0,2,2,1,1,1,0.179085466098976,-0.02944293398274723,1,0
1,0,0,0,0.3920903288424788,1,2,1,0,2,0,0,2,2,0,1,2,1.2293411702039656,0.1838621075235624,1,0
0,0,0,0,-1.2774445836787656,1,0,0,0,0,0,0,0,0,0,0,2,-0.6302096729819263,0.2622168297602602,1,0
0,0,0,0,-1.2774445836787656,1,0,2,1,1,1,1,1,1,0,0,3,-1.4710789550659844,-2.0351319722806687,0,0
1,0,0,0,-0.0965540357978854,1,0,0,2,2,0,2,2,0,1,0,2,0.1873944510998066,-1.8174866838531343,0,0
0,0,0,0,-1.2774445836787656,0,1,0,0,0,0,2,0,0,0,0,3,-1.1370577580325938,-0.4330650978721444,0,0
1,0,1,1,-0.6666391278783103,1,2,0,2,2,0,2,2,2,0,0,2,0.6693155811479823,0.30077508708833156,0,0
1,0,0,0,-1.2774445836787656,1,0,2,1,1,1,1,1,1,0,1,3,-1.4843733310673135,-2.0680885955239163,1,0
1,0,1,0,-0.9516816739185228,0,1,0,0,0,0,2,2,0,0,0,3,-0.801374763999037,-0.2419055393921349,1,0
1,1,1,0,0.5549717837226001,1,2,1,0,0,2,0,2,2,0,1,2,1.2044142152014738,0.3165249007427224,1,1
1,0,0,0,-1.2774445836787656,1,0,1,0,0,0,0,0,0,0,1,2,0.14418772909548702,0.7680166922783171,1,0
1,0,1,0,1.5729808767233588,1,0,0,2,0,0,2,0,0,2,0,0,-0.3410569949530208,-0.00733084956456912,0,0
1,0,0,0,0.43281069256250915,1,2,1,0,0,0,0,0,0,0,1,1,0.35191235411625243,-0.3168041723524496,0,0
1,0,1,0,0.7178532386027215,0,1,0,2,0,0,2,2,0,1,1,0,-0.6750781919864114,-1.4687632856191182,0,0
0,0,0,0,-0.7888002190384014,1,2,1,0,0,0,0,0,0,0,1,3,0.3402797751150897,1.0048829447229823,1,0
1,0,1,1,-0.5444780367182193,1,0,1,0,2,0,2,2,2,1,0,0,1.1711782751981514,-2.981669335399168,1,0
0,0,0,0,0.35136996512244845,1,2,1,0,0,2,0,2,2,0,0,0,1.1063681921916724,0.07653005228920821,0,0
0,1,0,0,-1.2774445836787656,1,0,1,0,0,0,0,0,0,0,1,2,0.21232140610229844,0.7984997380944703,1,1
0,0,0,0,-0.3408762181180675,0,1,0,0,2,2,0,2,2,0,1,1,-0.35268957395418365,0.30077508708833156,1,0
0,0,1,0,0.3106496014024181,1,2,0,0,2,0,0,2,0,1,0,0,-0.028639158921789646,-0.7259958593348309,0,0
0,0,1,1,-1.1960038562387048,1,2,0,0,2,2,0,2,0,0,1,0,0.14584952609565352,-1.1190810590651818,0,0
0,0,0,0,0.18848851024232702,1,2,0,2,0,0,0,2,0,1,0,0,-0.003712203919297562,-1.1255876302728787,0,0
0,0,1,1,1.4100994218432374,1,2,1,2,0,2,2,2,2,2,1,1,1.461992750227223,0.8072774151917527,1,0
0,0,1,1,-0.015113308357824713,1,2,1,0,2,0,0,2,2,0,1,2,1.1329569441943304,-0.3644405436136231,0,0
0,0,1,0,-1.0738427650786138,1,0,0,0,0,0,2,0,0,0,1,2,-0.518869273970796,-0.6542173356595772,1,0
0,0,1,1,-0.015113308357824713,1,2,1,2,0,0,0,2,0,0,0,2,0.8255244991635975,-0.5049919684879276,0,0
0,0,0,0,1.0843365120829946,1,2,1,0,2,2,0,0,0,0,1,2,0.6144762801425001,0.40225688173593965,0,0
0,0,1,0,-0.0965540357978854,1,0,0,0,2,2,2,0,2,1,0,0,0.18240906009930805,-1.4326228248262798,0,0
1,0,0,1,-0.5037576729981889,1,0,2,1,1,1,1,1,1,0,1,2,-1.5076384890696393,-0.021296317050291752,1,0
0,0,1,1,-0.21871512695797646,1,2,2,1,1,1,1,1,1,2,0,2,-1.3381351950526947,0.8595060196346913,0,0
0,1,0,0,-0.5037576729981889,1,2,1,2,0,0,0,0,0,0,1,2,0.47820892612887816,0.30077508708833156,1,1
1,0,0,1,-0.9516816739185228,1,0,2,1,1,1,1,1,1,1,0,3,-1.4843733310673135,-2.7012323617766256,0,0
0,0,1,1,1.4508197855632678,1,2,0,2,2,2,0,2,0,1,1,1,0.27380789510844483,0.45165790956475915,0,0
0,0,1,1,1.4915401492832983,1,2,0,2,0,0,2,0,0,2,0,1,-0.11172900893009581,0.10601124953882259,0,0
1,0,0,0,-0.2594354906780068,1,2,1,0,0,2,2,0,0,0,1,3,0.6493740171459885,-1.2304468495254484,0,0
1,0,1,1,1.4915401492832983,1,0,2,1,1,1,1,1,1,2,0,0,-1.491020519067978,0.30077508708833156,0,0
1,0,0,0,-0.8702409464784621,1,0,2,1,1,1,1,1,1,2,0,3,-1.4744025490663168,-1.186134198497179,0,0
1,0,0,0,-1.2774445836787656,1,2,0,0,0,0,0,0,0,0,0,3,-0.46569176996548,0.4166721017832418,0,0
1,0,1,1,-0.9109613101984924,1,0,2,1,1,1,1,1,1,1,0,3,-1.4727407520661506,-0.9985572282951487,0,0
0,0,1,1,0.9214550572028734,1,2,0,2,2,0,2,0,2,1,1,0,0.3652067301175816,0.1816568066898022,0,0
1,0,0,0,0.47353105628253944,1,0,0,2,0,0,2,2,0,1,0,2,0.021214751083194285,-0.5997087560018346,0,0
1,1,1,0,0.5549717837226001,1,0,1,0,0,0,0,0,2,0,1,2,0.5197538511330312,-0.07519030597571717,1,1
1,0,1,1,1.4915401492832983,1,0,0,2,2,2,0,0,0,2,1,0,-0.16656830993557784,0.11028828332255594,0,0
1,1,0,0,-0.8702409464784621,1,0,1,0,0,0,0,0,2,0,1,2,0.45660556512671835,0.9541890152685641,0,1
0,0,1,0,-0.8702409464784621,1,2,1,0,2,0,0,2,2,0,1,2,1.2376501552047963,0.30077508708833156,1,0
1,0,0,0,-0.13727439951791576,1,0,0,0,0,2,0,0,0,0,0,0,-0.5255164619714603,0.30077508708833156,0,0
0,0,1,0,1.002895784642934,1,2,1,2,0,0,0,2,2,0,1,2,1.1595456961969886,0.5228782179076277,0,0
1,0,0,0,-0.1779947632379461,1,0,2,1,1,1,1,1,1,1,0,1,-1.5458598200734601,0.492927897323588,0,0
0,0,0,0,0.3920903288424788,1,0,0,2,0,2,0,0,0,0,0,1,-0.3393951979528547,-0.9426584360478294,0,0
0,0,0,0,-1.2367242199587352,1,0,2,1,1,1,1,1,1,0,0,3,-1.4660935640654862,0.00010900740273297321,1,0
1,0,0,1,-0.38159658183809786,0,1,0,2,2,0,2,0,0,1,0,0,-0.801374763999037,0.986690898801504,0,0
0,0,1,1,-0.5851984004382496,1,0,2,1,1,1,1,1,1,0,0,3,-1.4727407520661506,-0.09304519474068106,0,0
1,0,1,1,1.2064976032430856,1,2,2,1,1,1,1,1,1,1,0,0,-1.328164413051698,0.30077508708833156,0,0
0,0,0,0,-1.2774445836787656,1,0,1,0,0,0,0,0,0,0,1,3,0.2006888271011353,0.7867553834456054,1,0
1,0,0,0,-0.6666391278783103,1,2,1,0,0,0,2,0,2,0,1,1,0.8072447321617703,0.30077508708833156,1,0
0,0,0,0,-1.1960038562387048,1,2,1,0,0,0,0,2,2,0,1,2,1.0581760791868549,-0.498869135972986,1,0
1,0,0,0,1.4100994218432374,1,2,0,2,2,2,2,2,2,1,1,0,0.7989357471609396,0.6108631075122137,0,0
1,0,0,0,1.2064976032430856,1,0,2,1,1,1,1,1,1,2,1,1,-1.4860351280674797,0.30077508708833156,0,0
0,0,1,0,1.002895784642934,1,2,1,0,2,2,0,2,2,0,1,1,1.3207400052131024,0.6137335669273163,1,0
1,0,0,0,-1.2367242199587352,1,0,1,0,0,0,0,0,0,0,1,2,0.16745288709781284,0.30077508708833156,0,0
0,0,1,1,-0.38159658183809786,1,2,0,2,0,2,2,2,0,2,1,0,0.4117370461222332,0.30077508708833156,0,0
0,0,0,1,-0.30015585439803716,0,1,0,2,0,0,2,0,0,2,0,0,-0.9874960280176428,0.9369109105531122,0,0
0,1,0,0,1.6137012404433893,1,2,1,0,2,2,2,2,2,2,1,0,1.440389389225063,0.8750765420653438,0,1
0,0,1,0,-1.2367242199587352,1,2,1,0,0,0,0,2,0,0,1,2,0.641065032145158,0.30077508708833156,0,0
0,0,0,0,-0.9924020376385531,1,0,2,1,1,1,1,1,1,1,1,0,-1.481049737066981,0.30077508708833156,0,0
0,0,0,0,-1.1145631287986442,1,2,0,0,0,0,0,0,0,0,1,3,-0.47067716096597834,-0.9013888601554356,1,0
1,0,0,0,0.10704778280226633,0,1,0,0,0,2,0,2,2,0,0,2,-0.5172074769706297,0.30077508708833156,0,0
1,0,0,0,-0.3408762181180675,1,2,2,1,1,1,1,1,1,1,0,2,-1.3348116010523623,0.6131601338288742,0,0
0,0,1,1,-1.2367242199587352,1,0,1,0,0,0,0,0,0,0,1,2,0.22893937610395967,0.30077508708833156,0,0
1,0,1,1,1.6137012404433893,1,2,1,2,2,2,2,0,2,2,1,1,1.3340343812144315,0.8719817724900892,0,0
0,0,0,0,0.35136996512244845,1,2,1,2,2,2,2,2,0,0,1,2,1.3872118852197473,0.18562285325614328,0,0
1,0,0,1,-1.1552834925186746,1,0,0,2,0,0,0,0,0,0,0,2,-0.5122220859701314,-1.4573284550092167,1,0
1,0,0,0,-0.2594354906780068,1,0,1,0,2,0,0,0,0,1,0,0,0.356897745116751,-1.916793136077228,0,0
1,0,0,0,-1.0331224013585834,1,0,1,0,2,0,0,2,2,0,1,2,0.9800716201790471,0.7353068289983804,1,0
0,0,1,0,-1.2774445836787656,1,0,1,0,0,0,0,0,0,0,1,2,0.13920233809498894,0.7539154543654227,1,0
0,0,1,1,-1.1552834925186746,1,2,0,0,2,0,2,0,0,0,1,3,-0.2081132349397309,-1.313550293421978,0,0
1,0,0,0,0.6364125111626608,1,0,0,0,2,2,2,2,2,2,0,1,0.46989994112804756,-0.011071638331317022,0,0
1,1,0,0,-1.2367242199587352,1,2,1,0,0,0,0,2,2,0,1,2,0.966777244177718,-2.2615580208489225,1,1
0,1,1,0,-0.8295205827584317,1,0,0,2,0,2,2,2,2,1,1,2,0.47987072312904416,0.9857033936791129,0,1
1,0,1,0,1.125056875803025,1,2,1,2,0,2,2,2,2,0,1,0,1.4852579082295487,0.7194447100373764,0,0
1,0,0,0,0.9214550572028734,1,0,0,2,0,2,2,0,0,2,1,2,-0.18484807693740507,-0.3073992513495181,0,0
1,0,0,0,-1.2774445836787656,0,1,0,0,0,0,2,0,0,0,0,3,-1.1835880740372453,-0.510270115174257,0,0
1,0,0,0,-1.2774445836787656,1,0,2,1,1,1,1,1,1,0,0,3,-1.4860351280674797,-2.0722856041739153,0,0
1,0,0,0,-1.1552834925186746,1,2,1,0,0,0,0,0,0,0,1,2,0.37517751211857825,-0.30380539658253125,1,0
1,0,0,0,-1.2774445836787656,0,1,0,0,0,0,0,0,0,0,1,3,-1.3397969920528607,-1.035150320514262,1,0
0,0,0,0,0.3920903288424788,1,0,0,0,0,2,2,0,2,2,0,1,0.05777428508684881,-0.6064834215838607,0,0
0,0,0,0,-1.2774445836787656,1,0,0,2,0,0,0,0,0,0,0,0,-0.5055748979694671,0.38367008416676324,0,0
1,0,0,0,-1.0331224013585834,1,2,1,0,0,2,0,2,0,0,1,1,0.8172155141627669,0.6813350020699055,1,0
1,0,0,0,-1.1960038562387048,1,0,1,0,0,2,0,0,0,0,1,1,0.2937494591104381,-1.1672419041581001,0,0
0,0,1,0,1.6137012404433893,1,2,0,2,2,2,0,2,2,2,1,1,0.5945347161405068,0.6128732939229253,0,0
1,0,0,0,-0.7073594915983407,1,2,0,0,0,0,0,0,0,0,1,2,-0.5238546649712943,0.8443722351379352,0,0
1,0,1,0,-1.1552834925186746,1,0,1,0,0,0,0,2,0,0,1,2,0.5180920541328647,-0.37517054575862097,1,0
0,0,0,0,-0.8702409464784621,1,2,2,1,1,1,1,1,1,1,0,2,-1.3148700370503688,-0.9481097840197303,0,0
0,0,0,0,-1.1145631287986442,1,2,2,1,1,1,1,1,1,0,0,3,-1.3065610520495383,0.30077508708833156,0,0
0,1,0,0,-1.2774445836787656,1,0,0,2,0,2,0,0,0,0,1,2,-0.29785027294870164,0.5266378972883186,1,1
1,0,1,0,1.6137012404433893,1,2,1,2,0,2,2,2,2,2,1,1,1.5334500212343665,0.9201732962876404,0,0
0,0,1,0,0.9214550572028734,1,2,1,0,2,0,0,0,0,0,1,1,0.43167861012422654,0.18298057070636514,0,0
0,0,1,1,0.3106496014024181,1,2,2,1,1,1,1,1,1,0,1,2,-1.2816340970470463,0.30077508708833156,0,0
0,0,1,0,1.002895784642934,1,0,2,1,1,1,1,1,1,2,0,0,-1.491020519067978,0.30077508708833156,0,0
1,0,0,0,-1.2774445836787656,1,0,1,0,0,0,0,2,0,0,1,2,0.4748853321285456,0.8884502235657196,1,0
1,0,1,0,-1.2774445836787656,1,0,1,2,0,0,0,2,2,0,1,2,1.0049985751815391,0.987677429719481,1,0
0,0,0,0,-1.2774445836787656,0,1,0,0,0,0,0,0,0,0,0,3,-1.3148700370503688,-0.8820150493418388,1,0
1,1,1,1,0.7992939660427822,1,2,0,0,2,2,0,2,2,1,1,2,0.534710024134526,0.11170990577193399,0,1
1,1,0,0,0.35136996512244845,1,2,1,0,0,2,0,2,2,0,1,2,1.1180007711928355,0.1561665007527265,1,1
1,0,1,0,0.43281069256250915,1,0,0,0,0,0,0,2,0,1,1,3,-0.27957050594687416,-1.0501709114328464,0,0
0,0,1,1,0.5956921474426305,1,0,2,1,1,1,1,1,1,2,0,0,-1.5109620830699715,0.9608959958446246,0,0
1,0,0,0,-1.1960038562387048,1,2,0,0,0,0,0,0,0,0,0,0,-0.4773243489666429,0.30077508708833156,0,0
1,1,1,1,1.369379058123207,1,2,0,2,2,2,2,2,0,2,0,1,0.48651791112970877,0.45064619561468633,1,1
1,0,1,1,0.9214550572028734,1,0,0,0,0,2,2,0,0,2,1,1,-0.3161300399505289,-0.3433198813524193,0,0
1,0,0,0,-0.13727439951791576,1,0,2,1,1,1,1,1,1,1,0,3,-1.517609271070636,0.4799058850564016,0,0
0,0,0,1,-0.8295205827584317,1,2,1,0,0,0,0,2,0,0,1,2,0.641065032145158,0.9949476663629977,0,0
0,0,1,0,1.369379058123207,1,2,1,0,2,2,0,2,2,0,1,2,1.3440051632154282,0.7753592909548287,0,0
1,1,0,0,0.10704778280226633,1,2,1,0,0,2,0,2,2,0,1,2,1.217708591202803,-0.1303438381687407,1,1
1,1,1,0,-0.9109613101984924,1,2,1,0,0,2,0,0,2,0,1,2,0.8321716871642622,0.970371366401374,1,1
1,0,1,1,-0.21871512695797646,1,2,1,0,0,0,0,0,0,0,1,0,0.3652067301175816,-2.4888199040468795,0,0
0,0,0,0,1.0436161483629645,1,0,1,0,0,0,2,2,2,0,1,2,1.0149693571825356,0.5960942082881944,0,0
1,0,1,0,0.880734693482843,1,0,1,2,2,2,2,2,2,2,0,0,1.4952286902305454,0.6514233049340991,1,0
1,0,0,0,-0.9516816739185228,1,0,2,1,1,1,1,1,1,0,0,3,-1.4926823160681442,0.30077508708833156,0,0
1,0,0,0,-1.2367242199587352,1,0,2,1,1,1,1,1,1,1,0,1,-1.5109620830699715,-0.580601694731303,1,0
1,0,0,0,-1.0738427650786138,1,0,1,0,0,0,0,0,0,0,1,2,0.14418772909548702,0.20866469335090448,0,0
0,1,0,0,-0.2594354906780068,1,0,1,0,0,0,0,2,2,0,1,2,0.8803638001690798,-1.1061935621313987,1,1
0,0,0,0,-0.9516816739185228,1,0,2,1,1,1,1,1,1,0,0,3,-1.479387940066815,-3.4531446025457093,0,0
1,0,1,0,-0.9924020376385531,1,0,0,0,2,2,0,0,0,0,1,3,-0.3327480099521901,0.24288472970910766,0,0
1,0,0,0,-0.8295205827584317,1,0,1,0,0,0,0,2,0,0,1,2,0.5546515881365197,0.9697692306421951,0,0
0,0,0,0,-0.7073594915983407,1,2,0,0,0,0,0,0,0,0,1,2,-0.520531070970962,0.7509212648089714,1,0
1,0,1,0,0.43281069256250915,1,2,0,2,0,2,0,2,2,1,1,2,0.5131066631323666,-0.0849421979320421,0,0
1,0,0,0,0.3920903288424788,1,2,1,0,0,0,2,2,2,0,1,2,1.1811490571991479,0.16921643306132828,0,0
0,0,0,0,-0.055833672077855064,1,2,0,2,0,2,2,0,0,0,0,1,0.016229360082695727,-2.0807328386618895,1,0
0,0,0,1,1.369379058123207,1,2,1,2,0,2,2,0,0,2,1,1,0.8703930181680831,0.6163099544159604,0,0
0,1,0,0,-0.5851984004382496,1,2,1,0,2,0,2,0,0,0,1,2,0.6875953481498096,0.30077508708833156,1,1
1,0,0,0,-1.2774445836787656,1,0,2,1,1,1,1,1,1,0,0,3,-1.4876969250676457,-2.076500301973109,0,0
1,0,1,0,1.1657772395230555,1,2,1,0,2,0,2,2,0,2,1,2,0.9750862291785486,0.5574307325805082,1,0
1,0,0,0,-0.9109613101984924,1,2,1,0,2,0,0,0,0,0,0,2,0.5014740841312035,0.8973396233386794,0,0
1,1,0,0,-1.2774445836787656,1,0,1,0,0,0,0,0,0,0,1,2,0.22893937610395967,0.7996904227142168,1,1
0,1,0,0,-0.5851984004382496,1,0,1,0,2,0,0,0,0,0,1,2,0.2920876621102721,0.30077508708833156,0,1
1,0,1,0,-0.3408762181180675,1,2,1,0,2,2,0,2,2,0,1,2,1.325725396213601,-0.8260487581242106,1,0
0,0,1,1,-1.1960038562387048,1,0,2,1,1,1,1,1,1,0,0,3,-1.5109620830699715,0.5022639352877153,0,0
1,0,0,0,0.7178532386027215,1,0,2,1,1,1,1,1,1,1,0,1,-1.4827115340671475,1.0008038951889187,0,0
1,0,1,1,-1.2774445836787656,1,0,0,0,0,0,0,0,0,0,0,2,-0.6717545979860794,0.22866310233029602,0,0
1,0,0,0,-1.2367242199587352,1,0,0,2,0,0,2,0,0,0,1,3,-0.3427187919531868,0.9529647165317656,0,0
1,0,0,0,-0.62591876415828,1,0,2,1,1,1,1,1,1,1,1,0,-1.4993295040688086,-0.12014129263032106,0,0
1,0,1,1,1.4915401492832983,1,2,1,0,2,2,0,2,2,2,1,2,1.3373579752147637,0.820650784912081,0,0
1,0,1,0,1.6137012404433893,1,2,0,2,2,2,2,2,2,2,1,1,0.7956121531606076,0.6797263214068497,0,0
0,0,0,0,-1.1960038562387048,1,2,1,0,0,0,0,0,0,0,1,2,0.3153528201125979,-1.6525739781785107,1,0
1,1,1,1,0.7178532386027215,1,2,0,2,2,2,0,0,2,2,1,0,0.34526516611558833,0.008019334256413517,0,1
0,0,0,0,0.8400143297628127,1,0,2,1,1,1,1,1,1,2,0,3,-1.479387940066815,0.30077508708833156,0,0
0,0,1,0,1.0436161483629645,1,2,1,2,2,0,2,2,2,2,1,1,1.4736253292283856,0.6954337351678102,0,0
1,0,0,0,0.5549717837226001,0,1,0,2,0,0,0,0,0,1,1,0,-1.1304105700319294,0.30077508708833156,0,0
1,1,1,0,1.6137012404433893,1,2,1,2,2,2,2,2,2,0,1,1,1.5999219012410113,0.9065785264130743,0,1
0,1,0,0,-1.2774445836787656,1,2,1,0,0,0,0,0,0,0,1,2,0.31369102311243185,0.8333875530082859,1,1
0,0,1,1,-1.0738427650786138,1,2,1,0,2,2,0,2,0,0,1,3,0.9734244321783826,0.4543508199980417,0,0
1,0,1,0,1.6137012404433893,1,2,0,2,2,2,2,0,2,2,0,0,0.46823814412788106,0.5846513121880661,0,0
1,0,0,0,-1.1552834925186746,1,0,0,0,0,0,0,0,2,0,1,3,-0.31446824295036285,-1.0684986025186627,0,0
0,0,1,1,0.7992939660427822,1,0,2,1,1,1,1,1,1,2,0,3,-1.5093002860698053,0.30077508708833156,0,0
1,0,1,1,-1.318164947398796,1,2,2,1,1,1,1,1,1,2,0,3,-1.3098846460498705,0.30077508708833156,0,0
0,0,0,0,-1.2367242199587352,1,0,2,1,1,1,1,1,1,1,0,3,-1.4727407520661506,-0.18170808390276252,0,0
0,0,1,0,1.3286586944031769,1,0,2,1,1,1,1,1,1,2,0,0,-1.5093002860698053,0.30077508708833156,0,0
1,1,1,0,0.43281069256250915,1,2,1,0,2,0,0,2,2,0,1,2,1.2044142152014738,0.22105131649575294,1,1
1,0,1,0,-1.1552834925186746,1,2,1,0,2,0,0,2,2,0,1,2,1.1778254631988159,0.16248773339247724,1,0
1,1,1,0,-0.30015585439803716,1,2,1,2,0,0,0,0,2,1,1,2,0.8072447321617703,-1.4991206336561278,1,1
0,0,1,0,0.758573602322752,1,2,0,0,2,0,2,2,2,1,1,1,0.4615909561272169,0.06021135634775119,0,0
1,0,0,0,-0.8295205827584317,1,2,0,0,0,2,0,2,2,0,0,0,0.3319707901142591,0.9220703239949408,0,0
0,0,1,1,1.002895784642934,1,0,0,2,0,0,0,2,2,1,1,0,0.1774236690988095,0.04817368572806875,1,0
0,0,1,1,-0.3408762181180675,1,0,2,1,1,1,1,1,1,1,0,3,-1.491020519067978,0.4909853729391134,0,0
0,0,1,0,1.2879383306831464,1,2,0,0,0,2,2,0,0,1,0,0,-0.2130986259402292,-0.016440014094679597,0,0
0,0,0,0,-1.1552834925186746,1,0,1,0,2,2,2,2,2,1,1,2,1.3589613362169235,0.23788839429222206,1,0
0,0,0,0,-0.2594354906780068,1,2,1,0,0,2,0,2,2,0,1,0,1.1877962451998125,-0.7650517609699922,0,0
0,0,1,1,-0.7073594915983407,1,0,2,1,1,1,1,1,1,0,0,3,-1.4860351280674797,-0.5535292491250777,0,0
1,1,1,0,1.2879383306831464,1,2,2,1,1,1,1,1,1,2,0,1,-1.2999138640488739,0.30077508708833156,0,1
1,1,1,0,0.14776814652229667,1,2,1,0,2,0,0,2,2,0,1,2,1.0548524851865226,-0.16221386366813645,1,1
0,0,1,0,-0.21871512695797646,1,2,1,0,0,0,0,2,2,0,0,1,1.0049985751815391,-0.9291586783607007,0,0
1,1,1,0,-1.2774445836787656,1,0,1,0,0,0,0,0,0,0,0,3,0.20235062410130134,0.7869964480679976,1,1
0,0,0,0,0.10704778280226633,1,2,0,2,0,2,2,2,2,1,1,1,0.7042133181514708,-0.3455615902922386,1,0
1,0,0,0,-1.1552834925186746,1,0,1,0,0,2,0,0,0,0,1,2,0.30372024111143525,-0.5768237046430239,1,0
0,0,1,1,-0.9924020376385531,1,0,0,0,0,0,0,0,0,0,1,2,-0.641842251983089,0.12207383863875815,0,0
1,0,0,0,-0.9109613101984924,1,0,2,1,1,1,1,1,1,0,1,1,-1.4876969250676457,-2.1647544609883873,0,0
0,0,0,0,-1.2367242199587352,1,0,0,0,2,0,0,0,0,0,0,3,-0.5172074769706297,0.30077508708833156,0,0
0,0,1,0,1.0436161483629645,1,2,1,2,2,2,0,2,2,2,1,0,1.4852579082295487,0.6574776495235667,1,0
1,0,1,0,0.758573602322752,1,0,0,2,2,2,2,2,2,2,1,1,0.6144762801425001,0.11454710196741724,0,0
0,0,1,1,0.5549717837226001,1,0,2,1,1,1,1,1,1,2,1,3,-1.5126238800701375,0.9488728613108914,0,0
1,0,0,0,-1.2774445836787656,1,0,2,1,1,1,1,1,1,0,1,0,-1.4993295040688086,-2.7748760544756292,0,0
1,0,0,0,0.5549717837226001,1,2,1,0,0,0,0,0,0,0,0,0,0.2671607071077802,-0.25890968320596464,0,0
0,0,1,0,0.7178532386027215,1,2,1,2,2,0,2,2,2,0,1,0,1.4919050962302134,0.5041846947861419,0,0
1,0,1,1,0.8400143297628127,1,0,0,0,2,0,2,2,0,0,0,1,0.00792037508186511,-0.19835629650158845,0,0
1,0,1,0,1.1657772395230555,1,2,1,0,2,2,2,2,2,0,1,2,1.639805029244998,0.8051493851943488,0,0
1,0,0,0,-1.1145631287986442,1,0,2,1,1,1,1,1,1,0,0,0,-1.4660935640654862,0.978365389047352,0,0
1,0,0,0,0.5956921474426305,1,0,0,2,2,2,2,2,2,1,1,0,0.7374492581547932,0.1364976222664178,0,0
0,0,0,0,0.880734693482843,1,2,1,0,2,2,0,2,0,1,1,0,0.9966895901807084,0.4435353923343368,0,0
1,0,0,1,-0.5444780367182193,0,1,0,0,0,0,0,0,0,0,1,1,-1.3098846460498705,0.561365046457282,0,0
0,0,0,1,-0.2594354906780068,1,0,1,0,2,2,2,2,2,2,1,2,1.3523141482162588,-0.6501513195414739,0,0
1,0,1,1,1.5322605130033284,1,2,2,1,1,1,1,1,1,2,0,3,-1.3082228490497045,0.30077508708833156,0,0
1,0,1,0,-0.62591876415828,1,2,1,0,2,2,0,2,2,0,1,2,1.2559299222066236,0.30077508708833156,0,0
0,0,0,0,-0.0965540357978854,1,2,1,0,2,0,0,2,2,0,1,2,1.1778254631988159,-0.4445616927879484,1,0
0,0,0,1,-1.2774445836787656,1,2,2,1,1,1,1,1,1,0,0,3,-1.3547531650543558,-1.04263241396973,0,0
0,0,1,1,-0.5444780367182193,1,2,2,1,1,1,1,1,1,2,0,3,-1.3015756610490399,0.3658336927214254,0,0
0,0,1,0,-0.2594354906780068,1,0,0,0,2,2,0,2,2,2,1,1,0.29042586511010604,-2.6326420402512656,0,0
0,0,1,1,-0.46303730927815856,1,0,1,0,2,0,0,0,0,0,1,0,0.3087056321119333,0.30077508708833156,1,0
1,0,1,0,0.7178532386027215,1,2,1,0,2,0,0,2,2,1,1,2,1.113015380192337,0.367301709338622,0,0
0,0,1,0,1.4508197855632678,0,1,0,2,0,2,0,2,2,1,1,2,-0.34438058895335305,-0.027264005329794436,0,0
1,0,0,0,-1.1960038562387048,1,2,1,0,0,2,0,2,2,0,1,0,1.222693982203301,-0.44787085768148105,1,0
1,0,1,1,-0.9516816739185228,1,0,1,0,0,2,2,2,2,0,0,2,1.2742096892084507,0.9965126837659246,0,0
0,0,1,1,0.758573602322752,0,1,0,2,0,0,2,0,0,2,0,0,-1.0157465770204666,0.30077508708833156,0,0
0,0,0,0,-0.9516816739185228,1,0,0,0,0,0,0,0,0,0,1,2,-0.6983433499887373,0.10314969696866497,0,0
1,1,1,1,0.35136996512244845,1,2,1,0,2,2,2,2,2,1,1,2,1.5683477582378549,0.2775783304906544,1,1
1,0,0,0,-0.4223169455581282,1,2,1,0,2,0,0,2,2,0,1,2,1.1927816362003112,-1.0086690449394833,0,0
0,0,1,1,-0.46303730927815856,0,1,0,2,0,2,0,2,2,1,1,2,-0.2928648819482031,0.30077508708833156,1,0
1,0,1,1,1.5729808767233588,1,2,1,2,2,2,2,2,2,2,1,0,1.7046151122514768,0.9245941092181317,0,0
1,0,0,0,-1.2774445836787656,1,0,0,0,0,0,0,0,0,0,0,2,-0.6318714699820923,0.26180937583937114,1,0
1,0,1,1,-0.2594354906780068,1,2,0,0,0,2,2,2,2,1,1,1,0.572931355138347,-1.706523682889958,0,0
1,0,1,0,1.5729808767233588,1,2,0,2,2,0,2,0,0,2,0,0,0.012905766082363669,0.3169106637345186,0,0
1,0,0,0,-1.1552834925186746,1,0,0,0,0,0,0,0,0,0,1,1,-0.6634456129852487,0.30077508708833156,0,0
0,0,0,0,-0.8295205827584317,1,2,1,2,0,0,0,0,0,0,1,2,0.4998122871310375,0.30077508708833156,0,0
0,0,1,0,-0.5851984004382496,1,2,1,0,0,0,2,2,0,0,1,2,0.8005975441611056,0.30077508708833156,0,0
0,0,0,0,-1.1960038562387048,1,2,1,0,0,0,0,0,0,0,1,2,0.3386179781149237,-1.6066528834601377,0,0
0,1,1,0,1.6137012404433893,1,2,1,2,2,0,0,2,2,1,1,0,1.39884446422091,0.865540548257107,0,1
1,0,0,0,-0.8702409464784621,1,0,1,0,2,0,0,0,0,0,0,2,0.3386179781149237,0.9142483126678747,1,0
0,0,0,0,-1.2774445836787656,1,0,1,0,0,0,0,0,2,0,0,1,0.5114448661322006,0.9001417930151329,1,0
1,0,0,0,-0.7888002190384014,1,0,2,1,1,1,1,1,1,1,0,1,-1.5109620830699715,-0.7730493788580071,0,0
0,0,1,0,1.6137012404433893,1,2,1,0,2,2,2,2,2,1,1,2,1.478610720228884,0.9114854486255046,1,0
1,0,1,0,0.3920903288424788,1,2,0,2,0,0,0,0,0,1,0,1,-0.28787949094770476,-1.062351973807164,0,0
0,0,0,0,-0.62591876415828,1,0,2,1,1,1,1,1,1,0,0,1,-1.4976677070686424,-0.18043885917381153,0,0
0,1,0,0,-1.0331224013585834,1,0,0,0,2,0,0,0,0,0,1,3,-0.44741200296365274,0.15752441846387147,0,1
0,0,1,0,1.4508197855632678,1,2,1,2,2,2,2,2,2,2,0,3,1.789366759259949,0.8990649644958099,0,0
1,0,1,1,0.9621754209229036,1,2,2,1,1,1,1,1,1,2,0,0,-1.3497677740538576,0.30077508708833156,0,0
0,0,1,1,0.22920887396235737,1,0,2,1,1,1,1,1,1,1,0,3,-1.477726143066649,0.8445998044673102,0,0
0,0,1,1,1.6137012404433893,1,2,1,2,2,2,2,2,2,2,1,2,1.6863353452496495,0.9362882798097613,0,0
0,0,0,0,0.6364125111626608,1,2,2,1,1,1,1,1,1,1,0,1,-1.3198554280508674,0.30077508708833156,0,0
0,1,1,0,0.7992939660427822,1,2,1,2,2,2,0,2,2,0,1,2,1.4736253292283856,0.5598536800706879,0,1
0,0,1,1,0.10704778280226633,1,0,2,1,1,1,1,1,1,1,0,3,-1.4993295040688086,0.7963529265637564,0,0
1,0,1,0,1.4100994218432374,1,2,1,0,2,2,2,2,2,2,1,0,1.5467443972356951,0.855012402836803,0,0
0,0,0,0,-1.2774445836787656,0,1,0,2,0,0,0,0,0,0,0,3,-1.1586611190347533,-0.5076275594810793,0,0
1,0,0,0,0.8400143297628127,1,0,1,0,2,0,2,0,0,0,1,3,0.5264010391336954,0.2078047612954367,0,0
1,0,1,1,0.06632741908223598,1,0,2,1,1,1,1,1,1,0,0,3,-1.461108173064988,0.6880101214315231,0,0
0,0,0,0,-1.1960038562387048,0,1,0,0,0,0,0,2,0,0,0,1,-0.9825106370171443,0.30077508708833156,1,0
0,0,1,0,-1.2774445836787656,1,0,1,0,0,0,0,2,0,0,0,2,0.466576347127715,0.8777215999951362,1,0
1,0,0,0,-0.5444780367182193,1,0,1,0,0,2,2,2,0,0,0,3,0.8371570781647607,0.30077508708833156,0,0
0,1,1,0,1.125056875803025,1,2,1,2,2,2,2,2,2,2,1,0,1.7046151122514768,0.7743833872282211,0,1
1,0,0,0,-0.8702409464784621,1,0,2,1,1,1,1,1,1,2,0,1,-1.502653098069141,-1.345568057085252,0,0
0,0,0,0,0.5956921474426305,1,2,1,0,2,2,0,2,2,0,1,2,1.3838882912194153,0.4452330326874684,1,0
1,0,0,0,-0.5851984004382496,1,0,0,2,0,0,0,0,0,0,0,2,-0.5105602889699654,0.9543929194101779,1,0
0,0,1,1,1.125056875803025,1,2,1,2,2,2,2,2,2,2,0,1,1.6780263602488188,0.7456597632701941,0,0
1,0,1,0,1.6137012404433893,1,2,2,1,1,1,1,1,1,2,0,1,-1.328164413051698,-3.177097227977826,0,0
1,0,0,0,0.26992923768238775,1,0,2,1,1,1,1,1,1,1,0,3,-1.491020519067978,0.8925795284014841,0,0
0,0,1,0,1.0843365120829946,1,0,1,2,0,2,0,0,0,1,1,1,0.5480044001358552,0.3052725449452176,0,0
1,0,1,1,-1.2367242199587352,1,0,1,0,0,0,0,0,0,0,0,3,0.1724382780983114,0.30077508708833156,0,0
1,1,0,0,-1.2774445836787656,1,0,1,0,0,0,0,0,0,0,0,2,0.14418772909548702,0.7680166922783171,1,1
1,0,1,1,-0.5037576729981889,1,0,1,0,0,0,0,2,2,0,1,2,0.8454660631655913,0.30077508708833156,1,0
0,0,0,0,-1.0738427650786138,1,2,1,0,0,0,0,2,2,0,1,0,0.9568064621767214,0.4961570760842974,1,0
1,0,0,0,1.5729808767233588,1,2,1,0,0,2,2,0,0,2,1,1,0.719169491152966,0.6626770648135658,0,0
0,0,1,0,-0.3408762181180675,1,2,0,2,2,2,0,0,0,0,0,3,0.051127097086184216,0.30077508708833156,0,0
1,1,1,0,1.4100994218432374,1,2,1,0,0,0,0,2,2,0,1,1,0.9933659961803764,0.6442205894271418,0,1
1,0,0,0,-1.2774445836787656,1,0,1,0,0,0,0,0,2,0,1,3,0.534710024134526,0.901862310391977,1,0
0,0,1,1,0.6364125111626608,1,2,1,0,0,0,0,0,2,1,1,3,0.574593152138513,0.09499721187867853,1,0
0,0,1,0,0.18848851024232702,1,2,0,0,2,0,2,0,2,1,0,3,0.2438955491054544,-0.6990041128330665,0,0
1,0,0,0,-0.8702409464784621,0,1,0,0,2,2,0,0,0,0,0,3,-0.9991286070188055,0.010642265546360283,0,0
1,0,1,0,-1.1960038562387048,1,0,2,1,1,1,1,1,1,0,1,1,-1.4694171580658184,0.4394492582628929,1,0
0,0,1,0,-0.5851984004382496,1,0,1,0,0,2,0,2,2,0,1,1,1.0365727181846955,0.30077508708833156,0,0
1,0,1,1,0.7178532386027215,1,0,0,0,0,0,0,0,0,1,1,0,-0.6634456129852487,-1.3354519458032208,0,0
0,0,1,1,1.4100994218432374,1,2,1,2,0,2,2,2,2,1,1,2,1.4835961112293827,0.8192514543568079,0,0
0,0,1,0,-0.30015585439803716,1,0,0,2,2,0,2,0,2,0,1,3,0.2089978121019659,-4.463253267065042,0,0
0,1,0,0,-1.2367242199587352,1,2,1,0,0,2,0,0,0,0,1,2,0.4582673621268844,0.30077508708833156,1,1
1,0,0,0,-0.9516816739185228,1,0,2,1,1,1,1,1,1,0,0,1,-1.4976677070686424,0.30077508708833156,0,0
0,0,0,1,-0.9109613101984924,0,1,0,2,2,0,2,0,0,1,0,3,-0.8146691400003658,0.12113608887354013,0,0
0,0,1,0,1.5322605130033284,1,0,2,1,1,1,1,1,1,2,0,1,-1.4926823160681442,0.30077508708833156,0,0
1,0,0,0,-0.9516816739185228,1,0,0,2,0,2,2,0,2,0,1,0,0.11593718009266311,0.5837656419076274,0,0
0,0,0,0,-1.1552834925186746,1,0,2,1,1,1,1,1,1,0,1,1,-1.4827115340671475,0.7526689647192816,0,0
0,0,0,0,-1.2367242199587352,1,0,0,2,0,0,0,0,0,0,0,3,-0.4590445819648154,0.30077508708833156,0,0
0,0,0,1,-1.2774445836787656,1,0,1,0,0,0,0,0,2,0,0,2,0.4615909561272169,0.8775014455257267,1,0
1,0,0,0,-0.5444780367182193,0,1,0,0,0,0,0,0,0,0,1,0,-1.3165318340505352,0.31613898888040975,0,0
1,0,1,1,-1.0331224013585834,1,0,2,1,1,1,1,1,1,0,1,0,-1.479387940066815,0.30077508708833156,0,0
1,0,0,0,-1.2774445836787656,1,0,0,0,0,0,0,0,0,0,1,2,-0.7265938989915613,0.16203753952188293,1,0
1,1,0,0,-1.2774445836787656,1,0,0,0,0,0,0,0,0,0,0,2,-0.6900343649879066,0.22486445180598927,0,1
0,0,1,1,-0.9516816739185228,1,0,2,1,1,1,1,1,1,1,0,3,-1.479387940066815,0.30077508708833156,0,0
0,0,0,0,-1.1960038562387048,0,1,0,2,0,0,2,0,0,0,0,3,-1.0140847800203006,0.30077508708833156,1,0
0,0,0,0,-0.9516816739185228,0,1,0,2,0,2,2,2,2,0,0,3,-0.2081132349397309,0.5000183763447289,1,0
0,0,0,0,-1.1145631287986442,1,0,0,2,0,2,0,0,0,0,0,1,-0.29785027294870164,-0.43224894804187575,0,0
0,0,1,1,0.9621754209229036,1,0,1,0,0,0,0,2,2,1,0,0,0.8022593411612722,0.405791996671903,0,0
0,0,0,1,-0.5851984004382496,1,2,0,2,0,0,0,0,0,0,0,3,-0.23636378394255506,1.0027483749763455,0,0
1,1,0,0,0.6771328748826912,1,2,1,0,0,0,0,2,2,0,1,2,1.044881703185526,0.328414893438119,1,1
1,0,1,0,1.5322605130033284,1,2,0,2,2,2,2,2,0,2,0,3,0.47820892612887816,0.5350458476295887,0,0
0,0,0,0,1.6137012404433893,1,2,1,0,2,2,2,2,2,2,1,1,1.438727592224897,0.8801401056602944,0,0
0,1,0,0,-1.0738427650786138,1,0,1,0,0,2,0,0,0,0,0,2,0.32033821111309646,0.2056516903431708,1,1
1,1,1,0,-0.62591876415828,1,2,1,0,0,0,0,2,2,0,1,2,0.9983513871808745,0.30077508708833156,0,1
1,0,1,0,-0.13727439951791576,0,1,0,0,0,0,0,2,2,0,1,2,-0.626886078981594,0.30077508708833156,0,0
0,0,1,0,-1.0738427650786138,1,2,1,0,2,2,0,2,2,0,1,2,1.3473287572157604,0.5146834278255821,1,0
1,0,1,0,1.247217966963116,1,2,1,0,0,2,0,2,2,2,0,2,1.2575917192067896,0.677308437754772,0,0
1,0,1,0,-0.6666391278783103,1,2,1,0,0,0,0,0,0,0,1,0,0.3020584441112687,0.30077508708833156,1,0
1,0,0,0,1.0843365120829946,1,0,0,0,0,2,0,0,2,1,1,0,-0.11339080593026184,-0.060457202086410866,0,0
0,0,0,0,-1.1960038562387048,1,0,0,0,0,2,0,2,0,0,0,2,-0.23968737794288733,0.30077508708833156,0,0
0,0,0,0,-0.9924020376385531,0,1,0,0,2,0,0,0,0,0,1,3,-1.1802644800369129,-1.2730249591901055,0,0
0,1,1,0,-1.0331224013585834,1,2,1,0,0,0,0,0,2,0,1,2,0.6576830021468192,0.7046364187501921,1,1
0,0,0,0,1.4508197855632678,1,0,2,1,1,1,1,1,1,2,0,1,-1.5009913010689746,0.30077508708833156,0,0
0,0,1,1,1.4508197855632678,1,2,1,2,0,2,2,2,2,2,0,1,1.5617005702371902,0.8486872214593453,0,0
0,1,1,0,0.7992939660427822,1,2,1,0,2,2,0,2,2,1,1,2,1.3872118852197473,0.554089564941727,0,1
1,0,1,1,1.6137012404433893,1,2,1,2,2,0,2,2,2,2,1,1,1.4270950132237343,0.8932299680270257,0,0
0,0,1,0,-0.015113308357824713,1,0,2,1,1,1,1,1,1,1,0,3,-1.5109620830699715,0.6148794475894435,0,0
0,0,1,0,1.6137012404433893,1,0,2,1,1,1,1,1,1,2,0,0,-1.4860351280674797,0.30077508708833156,0,0
1,0,1,1,-1.2774445836787656,1,0,1,0,0,0,0,0,0,0,1,1,0.1724382780983114,0.7716947308208495,0,0
1,0,1,1,0.3920903288424788,1,0,0,2,0,0,2,0,2,1,0,1,-0.035286346922454,-0.6045431150427856,0,0
0,0,0,0,-0.30015585439803716,1,2,2,1,1,1,1,1,1,2,0,1,-1.329826210051864,0.773406530183107,1,0
1,0,0,0,0.5142514200025698,1,0,0,2,0,0,0,0,0,0,1,0,-0.4607063789649817,-1.200101752487631,0,0
0,0,1,1,0.43281069256250915,0,1,0,2,0,2,2,2,2,1,1,1,-0.14496494893341827,-0.7194510855457322,0,0
1,0,1,0,0.18848851024232702,1,2,0,2,0,2,0,2,2,1,0,3,0.4815325201292102,-0.4962564978116927,0,0
0,1,0,0,-0.5037576729981889,1,2,1,0,0,0,0,0,2,0,1,1,0.6992279271509723,0.30077508708833156,1,1
0,0,0,0,-1.1552834925186746,0,1,0,0,0,0,0,0,0,0,1,2,-1.3397969920528607,0.9478472760053626,1,0
1,0,1,0,1.247217966963116,1,0,1,2,2,2,2,2,2,2,1,1,1.506861269231708,0.7386010859256472,0,0
1,0,0,0,-1.1960038562387048,1,0,1,0,0,0,0,2,2,0,0,3,0.8620840331672525,-1.0824682304852042,0,0
1,0,1,1,1.369379058123207,1,2,2,1,1,1,1,1,1,2,1,1,-1.3115464430500368,0.30077508708833156,0,0
1,0,0,0,-0.1779947632379461,1,2,1,0,2,2,0,2,2,0,1,2,1.3606231332170895,-0.44869986276731644,1,0
0,1,0,0,-0.9924020376385531,1,2,1,0,0,0,0,0,2,0,0,2,0.6792863631489789,0.7765778328403093,0,1
1,0,0,1,1.5729808767233588,1,2,2,1,1,1,1,1,1,2,0,3,-1.343120586053193,0.30077508708833156,0,0
1,0,0,0,-1.2774445836787656,0,1,0,0,0,0,0,0,0,0,1,2,-1.3464441800535252,-1.0381364434544076,1,0
0,0,1,1,1.6137012404433893,1,2,2,1,1,1,1,1,1,2,0,0,-1.3181936310507012,-3.5405130666266804,0,0
1,1,1,0,-0.6666391278783103,1,0,0,2,2,0,0,0,0,0,1,0,-0.3393951979528547,0.9208060387981075,0,1
1,0,1,0,1.369379058123207,1,2,1,2,2,2,2,0,0,2,0,3,1.0581760791868549,0.6996511873579417,0,0
0,0,0,0,-0.8702409464784621,1,2,1,0,0,0,0,0,0,0,1,2,0.39013368512007346,0.931710436925324,1,0
1,0,0,0,0.758573602322752,1,2,0,2,2,2,2,2,0,1,1,1,0.544680806135523,0.12954434650114638,0,0
0,0,0,1,-0.9924020376385531,0,1,0,2,0,0,0,0,2,0,1,2,-0.8728320350061801,-0.231172693827568,0,0
1,0,0,0,-0.748079855318371,1,0,1,0,0,0,0,2,2,0,1,2,0.9352031011745621,0.30077508708833156,0,0
0,0,0,0,-1.1552834925186746,1,2,1,0,2,0,2,0,2,0,1,2,0.9551446651765553,-0.0712022995291788,1,0
0,0,0,0,1.5322605130033284,1,2,0,2,2,2,0,2,2,2,0,3,0.6626683931473177,0.6276809322214246,0,0
0,0,0,1,1.5322605130033284,1,2,0,2,2,0,2,0,0,2,0,2,0.04115631508518757,0.38077966364986787,0,0
0,1,1,0,0.880734693482843,1,2,1,0,2,0,0,2,2,1,1,1,1.221032185203135,0.4974458335078025,1,1
1,0,0,1,-0.1779947632379461,1,0,1,2,0,0,0,0,0,0,1,0,0.33695618111475767,-1.7666442080335556,1,0
1,0,0,0,-0.3408762181180675,1,0,2,1,1,1,1,1,1,2,0,3,-1.462769970065154,0.37315231952415173,0,0
0,0,1,0,1.4915401492832983,1,0,0,0,2,0,0,0,2,2,1,1,-0.11006721192992953,0.13186748123754988,0,0
1,0,1,1,0.3920903288424788,1,0,0,2,2,0,0,0,0,0,0,3,-0.3410569949530208,-1.1948410308717847,0,0
0,1,0,0,-1.2367242199587352,1,0,1,0,0,0,0,0,0,0,1,2,0.16080569909714826,0.30077508708833156,1,1
0,1,0,0,0.26992923768238775,1,2,1,0,0,2,0,2,2,0,1,2,1.1628692901973208,0.09644072370587439,0,1
1,0,1,1,0.5142514200025698,1,2,1,0,2,2,2,2,2,2,1,0,1.4952286902305454,0.38727140072634775,0,0
1,0,1,1,1.6137012404433893,1,2,0,2,2,2,2,2,0,2,1,0,0.534710024134526,0.5751634773305341,0,0
0,0,0,0,0.22920887396235737,1,0,2,1,1,1,1,1,1,2,0,3,-1.477726143066649,0.8391237959646591,0,0
1,0,1,0,1.6137012404433893,1,2,0,2,2,2,2,0,0,2,1,0,0.10098100709116792,0.35326776634175083,0,0
1,0,0,0,-1.2774445836787656,1,2,2,1,1,1,1,1,1,0,1,3,-1.3530913680541898,-1.041131510038252,1,0
1,0,1,1,1.6137012404433893,1,0,2,1,1,1,1,1,1,2,1,1,-1.4943441130683104,0.30077508708833156,0,0
1,0,1,0,0.9214550572028734,1,2,2,1,1,1,1,1,1,2,0,0,-1.2982520670487077,0.30077508708833156,0,0
0,0,1,1,0.758573602322752,0,1,0,0,0,2,2,2,2,1,1,2,-0.28621769394753876,-0.5111525211536074,0,0
1,0,0,0,1.247217966963116,1,0,0,2,2,2,2,2,2,2,1,0,0.7291402731539627,0.48578678417583565,0,0
0,0,0,0,-1.2774445836787656,1,0,2,1,1,1,1,1,1,0,0,3,-1.4744025490663168,-2.043269862977273,0,0
0,0,1,1,-0.38159658183809786,1,0,2,1,1,1,1,1,1,2,1,3,-1.4993295040688086,0.2674986782041097,0,0
0,0,0,0,-1.2774445836787656,1,0,0,0,2,0,0,0,0,0,0,2,-0.47233895796614456,0.41527485113548224,1,0
0,0,0,0,-1.2367242199587352,1,2,0,0,0,0,2,0,0,0,1,3,-0.34604238595351905,0.30077508708833156,0,0
0,1,0,0,0.7992939660427822,1,2,1,2,2,2,0,2,2,0,0,1,1.440389389225063,0.5998795930617028,0,1
0,0,0,0,0.14776814652229667,1,2,0,2,0,0,0,0,0,1,0,3,-0.3427187919531868,-2.920900551859559,0,0
0,0,0,0,-1.2774445836787656,1,0,0,0,0,0,0,0,0,0,0,3,-0.6451658459834212,0.2593611597534653,0,0
0,0,0,0,-0.1779947632379461,1,2,0,2,0,2,0,0,0,1,0,3,-0.19149526493806968,0.30077508708833156,0,0
0,0,1,1,-1.0331224013585834,1,0,0,2,2,2,0,2,0,1,0,2,0.15582030809665018,0.3450519141674675,0,0
1,0,0,0,-0.748079855318371,1,2,1,0,2,0,0,2,2,0,1,2,1.1894580421999785,0.30077508708833156,1,0
1,1,1,0,1.6137012404433893,0,1,0,2,2,2,2,2,2,2,1,1,0.006258578081699082,0.28277987087196305,0,1
0,0,1,1,-1.2774445836787656,1,0,2,1,1,1,1,1,1,0,1,3,-1.4710789550659844,-2.0351319722806687,1,0
0,0,0,0,-0.9109613101984924,1,0,2,1,1,1,1,1,1,0,0,3,-1.5259182560714666,0.30077508708833156,0,0
1,0,0,0,0.3920903288424788,1,0,2,1,1,1,1,1,1,1,0,0,-1.4943441130683104,0.9400182624759252,0,0
0,0,0,0,-1.0331224013585834,0,1,0,0,0,0,0,0,0,0,0,0,-1.3198554280508674,-2.9307756844179447,0,0
1,0,0,0,-1.1552834925186746,1,0,1,0,0,2,0,0,0,0,1,0,0.33363258711442517,-0.28180723171292743,1,0
1,0,1,1,1.6137012404433893,1,2,1,2,2,2,2,2,2,2,1,1,1.6464522172456624,0.9059367142951944,0,0
0,0,1,0,-0.5037576729981889,0,1,0,0,0,0,0,0,0,0,1,2,-1.3397969920528607,0.3584611084834745,1,0
1,0,0,0,1.247217966963116,1,0,1,2,2,2,2,2,2,2,0,1,1.476948923228718,0.7932438173392187,0,0
0,0,0,0,0.9621754209229036,0,1,0,2,2,2,2,0,0,2,0,0,-0.6551366279844181,-0.7997869103666562,0,0
0,0,0,1,-1.1145631287986442,1,0,0,0,0,0,2,0,0,0,1,3,-0.4573827849646494,-0.5416272381168531,0,0
0,0,1,0,1.6137012404433893,1,2,1,0,2,2,2,2,2,2,1,0,1.5184938482328711,0.8977712377834011,0,0
1,1,1,1,1.4508197855632678,1,2,1,0,2,2,0,0,0,0,1,2,0.6610065961471517,0.5658854883895714,0,1
1,0,1,1,1.4100994218432374,1,0,0,2,2,0,2,0,0,1,0,3,-0.15659752793458118,0.07751055733730958,0,0
1,0,1,1,-0.9924020376385531,1,0,0,0,0,0,0,0,0,0,0,0,-0.6684310039857471,-0.04151265422616803,0,0
1,0,1,1,0.7992939660427822,1,2,1,0,2,0,2,0,2,0,1,0,0.9468356801757247,0.30449183325698326,0,0
0,0,1,1,-0.5851984004382496,1,0,2,1,1,1,1,1,1,0,1,3,-1.479387940066815,0.08532017878422697,0,0
0,0,1,1,1.0843365120829946,1,2,2,1,1,1,1,1,1,2,0,3,-1.3065610520495383,0.30077508708833156,0,0
0,0,0,0,1.125056875803025,1,0,2,1,1,1,1,1,1,2,0,3,-1.4677553610656522,0.30077508708833156,0,0
1,0,0,0,-1.0331224013585834,1,2,1,0,0,0,0,2,2,0,1,2,0.9750862291785486,0.7891634186083452,0,0
1,0,1,1,1.0843365120829946,0,1,0,2,0,2,0,0,0,1,0,3,-0.9958050130184734,-2.155570196169439,0,0
1,0,0,0,0.5549717837226001,0,1,0,2,0,2,2,2,2,2,1,0,-0.13333236993225536,-0.5164633712699308,0,0
1,0,0,0,-1.1145631287986442,1,0,0,0,2,0,0,0,0,0,1,2,-0.44575020596348647,-0.7425476821592498,0,0
1,1,1,0,1.0843365120829946,0,1,0,2,0,2,2,2,2,2,1,1,-0.023653767921291324,0.03496724712046549,0,1
0,0,1,0,1.5322605130033284,1,2,0,0,2,2,2,2,2,2,1,0,0.6659919871476498,0.6122993671615682,0,0
0,0,0,0,-0.748079855318371,1,0,1,0,0,0,0,0,0,0,1,1,0.2073360151017999,0.9701706947642268,1,0
0,0,0,0,0.47353105628253944,1,2,0,0,0,0,0,0,0,0,1,3,-0.4856333339674735,-1.5831693749803435,0,0
0,0,1,0,1.2879383306831464,1,2,1,2,0,2,0,2,0,2,1,1,0.9917041991802098,0.6185945174363932,0,0
0,0,1,1,1.0436161483629645,0,1,0,2,0,2,2,2,2,2,0,3,-0.16656830993557784,-0.06893055908130499,0,0
0,1,1,0,0.5549717837226001,1,2,1,0,0,0,2,2,2,1,0,2,1.1794872601989819,0.3412950044905836,0,1
1,1,1,0,1.0436161483629645,1,2,1,0,2,0,0,2,2,0,1,2,1.1346187411944968,0.5878920752691046,0,1
0,0,1,0,1.6137012404433893,1,2,1,0,2,0,0,2,2,2,1,1,1.0947356131905097,0.7628446049066355,0,0
0,1,0,0,-0.0965540357978854,0,1,0,0,0,2,0,2,0,0,1,2,-0.8130073430001998,0.30077508708833156,1,1
1,1,0,0,-0.8702409464784621,1,2,0,2,2,0,0,0,0,0,0,0,-0.1499503399339166,0.727663022584414,0,1
0,1,0,0,0.06632741908223598,0,1,0,0,2,2,0,2,2,0,1,2,-0.28289409994720643,0.30077508708833156,0,1
1,0,0,0,0.880734693482843,0,1,0,2,2,0,0,0,2,2,0,0,-0.6169152969805971,-0.9772273418477485,0,0
0,0,0,0,-1.1960038562387048,0,1,0,0,2,0,0,2,2,0,1,2,-0.47067716096597834,0.30077508708833156,1,0
0,0,1,1,1.6137012404433893,1,2,2,1,1,1,1,1,1,2,0,3,-1.3248408190513656,-3.504644616023268,0,0
0,0,1,1,0.3106496014024181,1,2,1,0,0,2,2,0,0,0,1,2,0.6676537841478158,-0.2298391516296255,1,0
0,0,1,1,-1.2367242199587352,1,0,0,0,0,0,0,2,2,0,0,3,0.03118553308419093,0.30077508708833156,1,0
1,0,1,1,0.880734693482843,1,2,0,0,0,2,0,0,2,2,0,1,-0.046918925923616905,-0.177905232310922,0,0
0,0,0,0,-0.748079855318371,1,0,0,2,0,0,0,0,0,0,0,0,-0.48729513096763954,0.7975461685786522,0,0
0,0,0,0,-1.2774445836787656,1,0,1,0,0,0,0,0,0,0,0,2,0.19071804510013865,0.7853077740797598,1,0
0,0,0,0,-0.9109613101984924,1,2,1,0,2,2,0,0,2,0,1,2,1.0000131841810405,0.9900411406476456,1,0
0,0,0,0,-1.2774445836787656,1,0,0,2,0,0,0,0,0,0,0,2,-0.4856333339674735,0.4138756454463487,0,0
1,0,0,0,-1.2774445836787656,1,0,2,1,1,1,1,1,1,0,0,3,-1.4960059100684764,-2.7580357189955564,1,0
1,0,0,0,0.9621754209229036,1,2,0,2,2,0,2,0,0,1,1,0,-0.003712203919297562,-0.05149739804083233,0,0
0,0,1,0,1.4508197855632678,1,0,0,2,2,0,2,2,2,2,1,0,0.4931650991303729,0.5313177056771952,0,0
0,0,1,1,-0.748079855318371,1,0,2,1,1,1,1,1,1,1,1,3,-1.504314895069307,-0.6461017689838019,0,0
1,0,1,1,1.4508197855632678,1,0,1,2,0,0,2,2,2,2,1,2,1.156222102196656,0.7314922292456788,0,0
1,1,1,0,0.9214550572028734,1,2,1,0,0,0,0,0,0,0,1,2,0.3070438351117673,0.10362719140335115,0,1
0,0,0,0,-0.6666391278783103,0,1,0,2,0,0,0,2,0,0,1,2,-0.8595376590048512,0.7294518105541185,0,0
1,1,0,0,-0.9516816739185228,1,0,1,0,0,0,0,0,2,0,1,2,0.4915033021302069,0.8103432635065939,0,1
1,0,1,1,-0.748079855318371,1,0,0,2,2,0,0,2,0,0,1,2,0.022876548083360315,0.9823385632365262,1,0
1,1,1,0,1.0436161483629645,1,2,1,0,0,2,0,2,2,0,1,2,1.1279715531938321,0.5949265858388815,1,1
1,0,0,0,0.8400143297628127,0,1,0,2,2,0,0,0,2,0,1,0,-0.613591702980265,-0.8224267262352357,0,0
1,0,1,0,1.5322605130033284,1,2,1,2,2,2,0,2,0,2,1,1,1.1495749141959914,0.7760905942529518,0,0
0,1,1,1,-0.748079855318371,1,2,1,0,0,0,0,2,2,0,1,2,1.0315873271841969,0.30077508708833156,0,1
1,0,1,1,-0.4223169455581282,1,0,0,2,0,2,2,2,0,1,1,0,0.09101022509017127,0.30077508708833156,1,0
0,0,1,0,-0.9109613101984924,1,2,1,2,0,0,0,0,0,0,1,1,0.4449729861255557,0.8633097814183145,0,0
0,0,1,1,-0.13727439951791576,1,2,2,1,1,1,1,1,1,2,0,3,-1.2849576910473786,0.7738950779868701,0,0
0,0,0,0,-1.2774445836787656,1,0,1,0,0,0,0,0,0,0,1,2,0.16080569909714826,0.7699799961762029,1,0
1,0,1,0,0.6771328748826912,1,2,0,2,0,2,2,2,2,1,0,2,0.6510358141461546,0.10553489239358682,1,0
0,1,1,0,1.4508197855632678,1,2,1,0,2,0,0,2,2,0,1,2,1.1778254631988159,0.7608672280593867,1,1
0,0,0,0,-1.2774445836787656,1,0,1,0,0,0,0,2,0,0,0,2,0.44164939212522314,0.8766203426478342,1,0
0,0,0,0,-0.0965540357978854,0,1,0,0,0,0,2,0,2,1,1,1,-0.8113455460000336,0.30077508708833156,0,0
0,0,1,0,1.6137012404433893,1,2,0,2,2,2,2,2,0,2,0,1,0.47987072312904416,0.5038648242963006,0,0
0,0,0,0,-0.9109613101984924,1,0,2,1,1,1,1,1,1,0,1,3,-1.4577845790646555,-0.9238093934832567,0,0
1,0,0,0,-1.0331224013585834,1,2,1,0,0,0,0,0,0,0,0,2,0.2937494591104381,0.4583766372141961,1,0
0,0,0,0,-0.9516816739185228,1,2,1,0,0,0,0,0,0,0,1,2,0.3319707901142591,0.7942014963160013,1,0
0,0,0,1,-1.2774445836787656,1,0,0,2,0,0,0,0,0,0,0,3,-0.49394231896830415,0.3858324300658321,0,0
0,0,0,0,-0.5037576729981889,1,2,0,0,2,0,2,0,2,0,1,1,0.13754054109482292,0.30077508708833156,0,0
0,0,0,0,-1.2774445836787656,1,0,2,1,1,1,1,1,1,0,1,3,-1.479387940066815,-2.0556022350409986,0,0
0,0,0,0,-0.13727439951791576,1,2,1,0,0,0,0,0,0,0,1,1,0.3735157151184122,-1.3681904186395064,0,0
1,0,0,0,-1.2774445836787656,1,0,1,0,0,0,2,0,0,0,0,2,0.3070438351117673,0.832927228939322,0,0
1,0,0,0,-1.1960038562387048,1,0,1,2,0,0,2,0,0,0,1,3,0.5829021371393436,-1.5780248713914613,0,0
0,0,0,0,-0.5037576729981889,1,0,1,2,0,2,0,2,0,0,1,0,0.8188773111629334,-3.2292159081816534,0,0
1,0,0,1,1.2879383306831464,1,0,1,0,2,0,2,2,2,0,1,1,1.1429277261953275,0.6624040843090063,0,0
1,0,0,0,-1.2774445836787656,1,0,2,1,1,1,1,1,1,0,1,3,-1.481049737066981,-2.059747056066256,1,0
0,0,0,0,-1.0738427650786138,0,1,0,2,0,0,0,0,0,0,0,0,-1.1736172920362484,0.30077508708833156,0,0
1,0,1,0,0.7178532386027215,1,0,2,1,1,1,1,1,1,2,0,2,-1.4943441130683104,0.30077508708833156,0,0
1,0,0,0,-1.0738427650786138,1,0,0,2,0,0,0,0,2,0,1,0,-0.18650987393757135,-0.19964848227154847,0,0
1,0,1,1,-1.0331224013585834,1,0,0,0,0,0,0,0,0,0,0,2,-0.6651074099854147,-0.21594328694947765,0,0
1,0,1,1,1.6137012404433893,1,2,1,0,0,2,0,0,2,2,1,1,0.8654076271675846,0.7114182892380635,0,0
1,0,1,0,-0.9924020376385531,1,0,0,0,2,0,0,0,0,0,1,0,-0.5055748979694671,0.05370894474016105,0,0
0,0,1,1,1.4100994218432374,1,2,1,2,0,0,2,2,2,2,0,1,1.393859073220412,0.7886822752430608,0,0
0,1,1,0,-0.3408762181180675,1,2,1,0,0,0,0,2,2,0,1,2,0.9568064621767214,-1.2673673985707643,1,1
0,0,1,0,1.6137012404433893,1,2,1,2,2,0,0,0,2,2,1,1,0.9867188081797118,0.7741392624132847,0,0
1,0,1,1,0.025607055362205634,1,0,2,1,1,1,1,1,1,1,1,0,-1.505976692069473,0.6302216806165748,0,0
1,0,0,0,-1.2367242199587352,0,1,0,0,0,0,0,0,0,0,1,2,-1.3198554280508674,0.5479859657083608,1,0
1,0,1,0,1.5322605130033284,1,0,0,2,2,0,2,0,2,2,0,3,0.10596639809166647,0.30994405848780726,0,0
0,0,0,0,-0.4223169455581282,1,0,0,0,2,2,0,2,0,1,0,0,0.016229360082695727,0.30077508708833156,0,0
0,0,0,0,1.0843365120829946,1,2,1,2,2,2,0,0,2,0,1,0,1.1528985081963241,0.5543937691724767,0,0
1,0,0,0,0.14776814652229667,1,0,2,1,1,1,1,1,1,1,1,1,-1.4760643460664828,0.7768213631373557,0,0
0,0,1,1,0.758573602322752,1,0,2,1,1,1,1,1,1,2,0,3,-1.4893587220678117,0.30077508708833156,0,0
1,0,1,0,0.8400143297628127,1,2,0,2,0,2,2,2,0,1,0,0,0.4200460311230638,0.1447782323973595,0,0
0,0,1,1,-0.5037576729981889,1,0,2,1,1,1,1,1,1,1,0,0,-1.4976677070686424,0.05971266920270402,0,0
1,0,1,0,1.247217966963116,1,0,1,2,0,2,0,2,2,2,0,1,1.1612074931971548,0.6853454181649715,0,0
0,0,0,0,0.3106496014024181,1,0,1,0,2,0,0,0,0,0,0,1,0.33363258711442517,-0.4536883775761557,0,0
1,0,0,0,0.10704778280226633,1,0,2,1,1,1,1,1,1,1,1,3,-1.51594747407047,0.6919939097431964,0,0
1,0,1,1,-0.2594354906780068,1,0,1,0,0,0,0,0,2,1,0,0,0.47156173812821356,-1.8405698098477012,0,0
1,1,1,0,-0.21871512695797646,1,2,1,0,2,2,0,0,2,0,1,2,1.0232783421833662,-0.859251306945181,1,1
1,0,0,1,0.8400143297628127,1,0,0,2,2,0,2,0,0,1,0,1,-0.06353689592527814,-0.1697149992217028,0,0
1,1,1,0,0.06632741908223598,1,0,1,0,0,0,0,0,0,0,0,1,0.22561578210362715,-0.982870974082221,0,1
0,1,1,0,-0.5444780367182193,1,2,1,0,0,0,0,2,2,0,1,2,1.003336778181373,0.30077508708833156,0,1
1,0,1,0,0.43281069256250915,1,0,1,2,2,2,0,0,0,0,1,1,0.7091987091519689,-0.1000432655952236,0,0
1,0,1,1,-1.0738427650786138,1,0,2,1,1,1,1,1,1,0,0,3,-1.502653098069141,0.30077508708833156,0,0
1,0,0,1,0.9621754209229036,1,2,2,1,1,1,1,1,1,2,1,3,-1.328164413051698,0.30077508708833156,0,0
1,0,0,0,1.002895784642934,0,1,0,0,2,0,0,2,0,0,1,2,-0.8462432830035223,-1.6199415756667963,1,0
1,0,1,1,0.06632741908223598,1,0,1,0,0,2,0,2,0,0,1,3,0.641065032145158,-0.5014886178966189,0,0
0,0,0,0,-0.9109613101984924,0,1,0,0,2,0,2,0,0,0,0,2,-0.9476129000136557,-0.021837364935444754,0,0
0,0,0,0,-1.2774445836787656,1,0,2,1,1,1,1,1,1,0,1,3,-1.479387940066815,-2.0556022350409986,1,0
0,0,0,0,-0.7888002190384014,0,1,0,0,0,0,0,0,0,0,1,2,-1.3580767590546883,-0.43061864396888283,1,0
1,0,0,0,0.9621754209229036,1,2,1,0,2,0,0,2,2,0,0,2,1.1246479591934997,0.543691171362896,0,0
0,0,1,0,0.9214550572028734,1,2,1,0,2,2,0,2,2,0,1,1,1.2924894562102784,0.5640797630032715,0,0
0,0,1,1,0.14776814652229667,1,2,0,2,2,2,2,2,2,2,1,1,0.9352031011745621,-0.18935744905442659,0,0
1,0,1,0,0.5956921474426305,1,0,2,1,1,1,1,1,1,1,0,0,-1.491020519067978,0.9851104221865953,0,0
0,0,1,1,-0.8295205827584317,1,0,2,1,1,1,1,1,1,0,1,1,-1.4843733310673135,-1.168944712522279,0,0
0,0,0,0,-1.2774445836787656,1,0,1,0,0,2,0,2,0,0,1,2,0.6875953481498096,0.9412585046980934,1,0
1,1,0,0,-0.3408762181180675,1,2,1,0,2,0,0,0,0,0,1,2,0.5230774451333633,-1.6978094177481617,0,1
0,0,0,0,1.247217966963116,1,2,1,0,2,0,0,2,2,1,0,0,1.1678546811978192,0.6558300965141334,1,0
0,1,0,0,0.10704778280226633,0,1,0,0,0,2,0,2,0,0,1,2,-0.8279635160016948,0.30077508708833156,0,1
0,0,0,0,1.4100994218432374,1,0,0,2,2,0,2,0,0,1,0,1,-0.14164135493308597,0.02778318020873526,0,0
1,0,0,0,-0.30015585439803716,1,2,1,0,0,0,0,0,2,0,1,2,0.6659919871476498,-1.8207518298978278,1,0
1,0,0,0,-0.46303730927815856,1,2,1,2,0,2,0,2,2,0,0,3,1.2991366442109427,-1.3702726019445721,0,0
0,0,0,0,-0.7888002190384014,1,0,0,2,2,0,2,0,2,0,0,0,0.10098100709116792,0.9356652611558302,0,0
1,0,1,0,0.10704778280226633,1,2,1,0,0,0,0,0,0,0,1,2,0.3469269631157543,-0.7834269195151408,1,0
1,1,1,0,1.5729808767233588,1,2,2,1,1,1,1,1,1,2,0,0,-1.3265026160515319,-2.6778422703679725,0,1
0,0,0,0,-0.13727439951791576,1,0,2,1,1,1,1,1,1,0,0,1,-1.5093002860698053,0.6319119336176701,0,0
1,0,1,0,1.5729808767233588,0,1,0,0,2,0,0,2,2,2,0,2,-0.5122220859701314,-0.11716024738757874,1,0
1,1,1,0,-1.0331224013585834,1,0,1,0,0,0,0,2,2,0,1,2,0.8055829351616043,0.6386445201212223,0,1
0,1,0,0,1.002895784642934,0,1,0,0,2,2,0,2,2,0,1,2,-0.3244390249513595,-0.35684613923046066,0,1
1,0,1,0,1.3286586944031769,1,2,0,2,0,2,2,0,2,2,0,0,0.37850110611891075,0.397286631325537,0,0
1,0,0,0,-0.21871512695797646,1,0,2,1,1,1,1,1,1,1,0,3,-1.477726143066649,0.6188797211859965,0,0
1,0,0,0,-1.0738427650786138,1,2,1,0,0,0,0,0,0,0,1,2,0.33695618111475767,0.320375850387901,1,0
0,1,0,0,1.6137012404433893,1,2,1,2,2,2,2,2,2,2,1,1,1.7478218342557958,0.9367034100433529,0,1
1,0,0,0,-1.2774445836787656,1,0,2,1,1,1,1,1,1,0,1,3,-1.4960059100684764,-2.7580357189955564,0,0
1,0,0,0,-0.8702409464784621,1,0,0,0,0,0,0,0,0,0,0,1,-0.6501512369839195,0.3944353573937179,0,0
1,0,1,1,0.26992923768238775,1,2,2,1,1,1,1,1,1,2,0,3,-1.3148700370503688,1.0006092390932309,0,0
0,1,0,0,1.0843365120829946,1,2,1,2,2,2,0,0,0,0,1,2,0.830509890164096,0.5225642723117957,0,1
1,0,0,0,-0.2594354906780068,1,0,0,2,0,0,2,2,2,1,0,0,0.3402797751150897,-2.618018185794107,0,0
1,1,0,0,-1.2367242199587352,1,0,0,0,0,2,0,0,0,0,0,3,-0.4922805219681379,0.30077508708833156,0,1
0,0,1,1,1.6137012404433893,0,1,0,2,2,2,2,2,2,2,0,0,0.03118553308419093,0.28914484619559677,0,0
1,0,1,0,1.3286586944031769,1,2,0,2,2,2,0,0,0,1,0,1,0.07605405208867606,0.19699274777442843,0,0
1,0,1,1,1.6137012404433893,1,2,1,0,2,2,2,2,2,2,0,1,1.5334500212343665,0.8938799848558499,0,0
1,0,0,0,-1.0738427650786138,1,2,1,0,0,0,2,0,2,0,1,0,0.7706851981581158,0.46371930568026554,0,0
1,1,0,0,-0.015113308357824713,1,0,2,1,1,1,1,1,1,1,0,1,-1.4943441130683104,0.603940199881993,0,1
0,0,1,0,0.7178532386027215,1,2,0,0,0,2,0,2,2,1,0,0,0.36354493311741554,0.03035484714670606,0,0
1,0,1,0,1.1657772395230555,0,1,0,2,0,2,2,2,2,2,1,3,-0.08680205392760396,-0.0067975916671595485,0,0
0,0,0,0,-0.7073594915983407,1,0,1,0,2,2,0,2,2,0,1,2,1.2127232002023045,0.30077508708833156,1,0
1,0,1,0,1.6137012404433893,1,2,1,2,2,2,2,2,2,2,0,0,1.6747027662484868,0.9304582886197716,0,0
1,0,0,0,-0.9516816739185228,1,0,2,1,1,1,1,1,1,0,1,3,-1.5225946620711341,-3.7200437352246274,1,0
0,0,0,0,-1.2774445836787656,1,0,2,1,1,1,1,1,1,0,0,3,-1.504314895069307,-2.80068054487555,0,0
0,0,0,0,-0.8295205827584317,1,2,1,0,0,0,0,0,2,0,1,2,0.7241548821534641,0.30077508708833156,0,0
0,0,0,0,0.18848851024232702,0,1,0,0,0,0,2,0,0,0,0,1,-1.2018678410390724,0.9980752557160578,1,0
1,0,1,1,1.1657772395230555,1,0,2,1,1,1,1,1,1,1,0,3,-1.4744025490663168,0.30077508708833156,0,0
1,0,1,1,-0.5851984004382496,1,0,2,1,1,1,1,1,1,1,0,0,-1.4943441130683104,-0.16908775102070794,0,0
1,0,0,1,-0.46303730927815856,1,0,0,0,0,0,0,0,0,0,0,3,-0.6351950639824246,1.0004145450991704,0,0
1,0,1,1,1.4508197855632678,0,1,0,2,2,2,2,0,2,2,1,3,-0.2779087089467081,0.058714548225341445,0,0
1,1,0,0,-0.8295205827584317,1,2,1,0,0,0,0,0,0,0,1,1,0.2837786771094415,0.9231226753498051,0,1
0,1,0,0,-1.2367242199587352,0,1,0,0,0,0,0,0,0,0,0,2,-1.343120586053193,0.11737627124920856,1,1
0,0,1,0,1.2064976032430856,1,2,1,0,0,2,0,2,2,0,1,2,1.2160467942026365,0.6610380628907995,0,0
0,1,0,0,-0.13727439951791576,1,2,1,0,0,0,2,2,2,0,0,2,1.1263097561936661,-0.5389006212765671,1,1
1,0,0,1,-1.2774445836787656,0,1,0,0,2,0,2,0,0,0,0,3,-1.03568814102246,-0.23518402374680047,0,0
1,1,1,0,-1.1145631287986442,1,2,1,0,0,2,0,0,0,0,1,0,0.50313588113137,-0.16470799551370588,1,1
0,0,0,0,-1.2774445836787656,1,0,2,1,1,1,1,1,1,0,0,2,-1.46443176706532,-2.0190522119404566,0,0
1,0,0,1,1.2064976032430856,1,2,1,0,0,2,2,2,2,2,1,2,1.3057838322116073,0.7230485352675007,0,0
0,0,1,1,0.14776814652229667,1,0,2,1,1,1,1,1,1,2,0,0,-1.479387940066815,0.8091652031732041,0,0
0,1,0,0,-0.1779947632379461,1,2,1,0,0,2,2,2,2,0,1,2,1.2808568772091153,-0.5173512616078415,1,1
0,0,1,1,1.4915401492832983,1,2,0,2,2,0,2,2,0,1,0,1,0.29707305311077065,0.3782436741614252,0,0
0,0,1,0,-0.8702409464784621,1,2,1,2,0,0,2,2,0,0,1,1,1.044881703185526,0.30077508708833156,1,0
0,0,1,0,1.247217966963116,1,2,1,0,2,2,2,2,2,0,1,2,1.461992750227223,0.763091502315663,0,0
1,0,0,0,-0.38159658183809786,1,0,2,1,1,1,1,1,1,1,0,0,-1.4827115340671475,0.1026719744241181,0,0
1,0,0,0,-0.9109613101984924,1,0,2,1,1,1,1,1,1,0,0,1,-1.4960059100684764,-1.7241833914372182,0,0
0,0,1,0,1.5729808767233588,1,2,2,1,1,1,1,1,1,2,1,1,-1.289943082047877,0.30077508708833156,0,0
0,1,0,0,0.5142514200025698,1,2,0,2,0,0,2,0,2,0,1,2,0.17576187209864347,-0.37980459858685345,0,1
0,0,1,1,1.5322605130033284,1,2,2,1,1,1,1,1,1,2,0,3,-1.3530913680541898,0.30077508708833156,0,0
0,0,0,1,-0.4223169455581282,1,2,1,0,0,0,0,0,2,0,1,2,0.6643301901474837,-6.975256670706751,0,0
0,0,1,1,0.7992939660427822,1,2,2,1,1,1,1,1,1,2,0,3,-1.3863273080575123,0.30077508708833156,0,0
1,0,1,0,0.9214550572028734,1,2,1,0,0,2,2,2,2,1,1,2,1.3091074262119398,0.5799186470933804,1,0
0,0,0,0,1.3286586944031769,0,1,0,2,0,2,2,2,2,2,0,1,-0.15992112193491323,0.051196715509245094,0,0
0,0,1,1,1.6137012404433893,1,0,2,1,1,1,1,1,1,2,0,0,-1.502653098069141,0.30077508708833156,0,0
1,0,1,0,-0.9109613101984924,1,0,2,1,1,1,1,1,1,1,0,0,-1.5009913010689746,-2.9407493086460463,0,0
0,0,0,1,-1.0331224013585834,1,0,2,1,1,1,1,1,1,1,0,3,-1.4860351280674797,0.9931840891575007,0,0
1,1,0,0,-1.1145631287986442,1,0,1,0,2,0,0,0,2,0,1,2,0.6909189421501416,0.11265653252799111,0,1
0,0,1,1,-0.3408762181180675,1,2,0,2,0,2,0,2,2,2,0,1,0.4599291591270504,-3.912179268741026,0,0
0,0,1,1,1.6137012404433893,1,2,1,2,2,2,2,2,2,2,1,1,1.7295420672539685,0.9377404822953743,0,0
1,0,0,0,-0.46303730927815856,0,1,0,2,0,0,2,2,0,0,1,3,-0.7049905379894018,0.30077508708833156,0,0
1,0,1,0,1.4915401492832983,0,1,0,0,2,2,2,2,2,1,1,1,-0.13167057293208934,0.18033128799903653,0,0
1,0,1,1,0.47353105628253944,1,0,0,0,2,0,2,0,0,0,1,0,-0.32776261895169184,-0.8188177661290902,0,0
0,1,1,1,1.1657772395230555,1,2,0,0,0,2,0,2,0,1,1,2,0.014567563082529699,0.06716698924694313,0,1
1,1,0,0,-0.3408762181180675,1,2,1,0,2,2,0,2,2,0,1,1,1.2692242982079527,-0.8935942369316378,1,1
0,0,0,0,-1.2774445836787656,1,0,1,0,0,0,0,2,2,0,0,2,0.85876043916692,0.964737282606009,1,0
0,0,0,0,-1.0738427650786138,1,0,0,0,0,0,2,0,0,0,1,0,-0.46402997296531395,-0.5235886662390685,1,0
1,0,0,0,-1.1552834925186746,1,2,1,0,2,0,0,0,2,0,1,2,0.8404806721650927,-0.047047421582749806,1,0
1,0,1,0,1.6137012404433893,1,2,1,0,2,2,2,2,2,2,1,2,1.4437129832253957,0.8814568293644586,0,0
1,0,0,0,1.6137012404433893,1,2,0,2,2,2,2,2,2,2,0,0,0.9052907551715716,0.7286855789127483,0,0
1,1,1,0,-0.748079855318371,1,2,1,0,0,0,0,0,0,0,1,2,0.3436033691154218,0.30077508708833156,0,1
1,0,0,0,-1.0331224013585834,1,2,2,1,1,1,1,1,1,0,1,0,-1.3198554280508674,0.30077508708833156,0,0
0,0,0,0,0.6364125111626608,1,0,1,0,2,0,0,0,0,1,0,2,0.34526516611558833,-0.010001412869896106,0,0
1,0,1,1,0.9214550572028734,1,0,2,1,1,1,1,1,1,1,0,3,-1.504314895069307,0.30077508708833156,0,0
1,0,0,0,-1.2774445836787656,1,0,2,1,1,1,1,1,1,0,0,1,-1.5109620830699715,-2.8271685845746872,0,0
1,0,0,0,0.5142514200025698,1,0,1,2,2,2,2,2,2,1,0,1,1.5766567432386855,0.4263985705840525,0,0
1,0,0,0,-1.1960038562387048,1,0,1,0,0,0,0,0,0,0,1,3,0.18407085709947407,-1.4237881678033113,0,0
0,0,1,0,1.5729808767233588,1,0,2,1,1,1,1,1,1,2,0,3,-1.5009913010689746,0.30077508708833156,0,0
1,0,1,0,-0.9924020376385531,1,0,2,1,1,1,1,1,1,0,0,3,-1.479387940066815,0.30077508708833156,0,0
0,0,1,0,-1.1960038562387048,1,2,1,0,0,0,0,0,0,0,1,2,0.36853032411791364,-0.802146055002252,1,0
1,0,1,1,1.4915401492832983,1,0,0,2,2,0,2,2,2,2,0,0,0.5280628361338618,0.5369047193861661,0,0
1,0,1,1,-1.2774445836787656,1,0,1,0,0,0,0,0,0,0,1,2,0.12424616509349373,0.7529183869784131,1,0
0,1,1,0,1.6137012404433893,1,2,1,2,2,2,2,2,2,2,1,1,1.6946443302504801,0.9371183680153423,0,1
1,0,0,0,-0.8702409464784621,1,0,1,2,0,0,0,0,0,0,1,2,0.29042586511010604,0.8930132018230814,1,0
1,0,0,0,1.5729808767233588,1,2,0,2,2,2,2,0,2,2,0,0,0.5264010391336954,0.5703855878490799,0,0
0,0,0,0,-1.2774445836787656,1,0,1,0,0,0,0,0,0,0,1,3,0.1724382780983114,0.7716947308208495,1,0
0,0,1,0,0.025607055362205634,0,1,0,2,0,2,2,2,2,2,0,0,-0.1732154979362424,-1.9240195073089728,0,0
0,0,0,0,-0.6666391278783103,1,0,2,1,1,1,1,1,1,1,0,3,-1.5192710680708021,-0.25343683469696676,0,0
0,1,1,0,0.9621754209229036,1,2,1,2,2,2,2,0,0,1,0,2,1.0266019361836989,0.5194193835098491,0,1
0,0,0,0,-1.2774445836787656,1,0,2,1,1,1,1,1,1,0,0,1,-1.4893587220678117,-2.7251826794576077,0,0
1,0,0,0,-1.1145631287986442,1,0,0,0,0,2,0,2,2,0,1,2,0.17576187209864347,-0.15106661735119112,1,0
1,0,1,1,1.002895784642934,1,0,2,1,1,1,1,1,1,1,0,3,-1.5076384890696393,0.30077508708833156,0,0
1,0,1,1,0.9621754209229036,0,1,0,0,2,2,0,0,0,1,1,1,-0.952598291014154,-2.211985331849138,0,0
1,0,0,0,-0.9924020376385531,1,2,1,0,2,2,0,2,0,0,1,2,0.9717626351782166,0.8717603505981772,1,0
0,0,1,1,-0.4223169455581282,1,0,0,2,2,2,0,0,0,0,0,3,-0.12003799393092641,0.30077508708833156,1,0
0,0,0,0,-1.2774445836787656,1,0,2,1,1,1,1,1,1,0,0,3,-1.4960059100684764,-2.7580357189955564,0,0
0,0,0,1,0.3106496014024181,1,0,0,2,0,0,2,2,0,0,1,1,-0.021991970921125294,-0.931844089776212,0,0
1,0,1,1,0.5549717837226001,1,0,2,1,1,1,1,1,1,2,0,1,-1.4960059100684764,0.9453815712972895,0,0
1,0,1,1,1.247217966963116,1,0,2,1,1,1,1,1,1,2,0,3,-1.4976677070686424,0.30077508708833156,0,0
1,0,1,1,1.4508197855632678,1,2,1,2,2,2,0,2,2,2,1,2,1.5101848632320405,0.8425498137344541,0,0
1,0,1,1,1.4915401492832983,1,0,1,2,2,0,2,2,2,2,1,1,1.3822264942192488,0.8178501629313056,0,0
0,0,1,0,0.9621754209229036,1,2,1,0,2,2,2,0,0,0,0,2,0.8570986421667539,0.4418348650968508,0,0
0,0,1,1,-0.9109613101984924,1,0,0,0,2,2,0,0,2,1,1,3,0.03783272108485552,0.7245890648618275,0,0
1,0,0,0,1.247217966963116,1,2,1,2,2,2,2,2,0,1,0,1,1.3207400052131024,0.7233054550640524,0,0
0,0,1,1,-0.3408762181180675,0,1,0,2,2,2,2,0,2,2,1,3,-0.40752887495966567,0.30077508708833156,0,0
0,0,0,0,-0.5444780367182193,1,2,0,0,0,2,0,0,0,0,1,3,-0.28787949094770476,0.30077508708833156,0,0
1,0,1,1,-0.4223169455581282,1,2,1,0,0,2,0,2,0,0,1,2,0.7972739501607736,-3.046371264950805,0,0
1,0,1,0,-0.13727439951791576,1,2,1,2,2,0,0,0,0,0,1,2,0.6543594081464871,-0.9264804590701559,1,0
1,0,1,0,-0.7888002190384014,1,2,0,0,0,2,0,2,2,1,1,3,0.3502505571160864,1.000998513400985,1,0
0,0,1,0,1.5322605130033284,1,2,2,1,1,1,1,1,1,2,1,0,-1.288281285047711,-1.9723084130700665,0,0
0,0,1,0,0.6771328748826912,1,0,1,0,2,2,0,2,2,0,0,2,1.1512367111961581,0.42362921955695304,0,0
0,1,1,0,0.43281069256250915,1,2,1,2,0,2,2,2,2,1,1,3,1.4885815022298807,0.3617854994598513,1,1
0,0,0,0,-1.1960038562387048,1,0,2,1,1,1,1,1,1,0,1,3,-1.5009913010689746,0.6100003605144972,1,0
1,0,1,1,0.3920903288424788,1,0,0,0,0,2,2,2,2,1,0,2,0.2787932861089434,-0.366730157283298,0,0
1,0,0,0,1.002895784642934,1,0,0,0,2,0,2,0,0,1,1,3,-0.33607160395252245,-0.33071091974727007,0,0
1,1,0,0,-1.2367242199587352,1,0,0,2,0,2,0,2,0,0,0,0,0.05445069108651675,0.9843192461762228,1,1
0,0,1,0,1.6137012404433893,1,2,1,2,2,2,2,2,2,2,1,1,1.6879971422498155,0.9273210411749064,0,0
0,1,0,0,0.5549717837226001,1,2,1,0,2,2,0,2,2,0,1,2,1.3190782082129364,0.37132767816111384,0,1
1,1,1,0,1.369379058123207,1,2,1,0,0,0,2,2,2,0,1,1,1.1728400721983174,0.7633383387814064,1,1
1,0,0,0,1.2064976032430856,1,2,1,2,2,0,2,0,2,1,0,2,1.2376501552047963,0.7129768261275085,1,0
0,0,1,0,1.6137012404433893,1,2,0,2,2,2,2,2,2,2,1,0,0.8770402061687477,0.7289410546999721,0,0
1,0,1,1,0.10704778280226633,1,0,1,0,2,0,2,2,0,1,1,2,0.82884809316393,-0.31462594190124155,0,0
1,0,1,0,-0.62591876415828,1,2,1,2,2,2,0,0,0,0,0,1,0.8454660631655913,0.30077508708833156,1,0
0,0,1,0,1.6137012404433893,1,2,0,2,2,2,2,2,2,2,1,2,0.9185851311729007,0.7499212060437734,0,0
0,0,1,1,-0.1779947632379461,1,0,2,1,1,1,1,1,1,1,0,3,-1.491020519067978,0.5080151811378696,0,0
1,0,1,0,0.9621754209229036,1,2,2,1,1,1,1,1,1,2,1,1,-1.3165318340505352,0.30077508708833156,1,0
0,0,0,0,-0.055833672077855064,1,2,1,0,0,0,2,0,0,0,1,1,0.5014740841312035,-1.0218220280435086,1,0
1,0,0,0,0.5142514200025698,1,0,2,1,1,1,1,1,1,1,0,0,-1.5259182560714666,0.9515344709721805,0,0
0,0,0,0,-1.2774445836787656,1,2,2,1,1,1,1,1,1,0,1,3,-1.2965902700485417,-0.8743694139754173,0,0
0,0,0,0,-1.2367242199587352,1,0,0,0,2,0,0,0,0,0,1,3,-0.5039131009693008,0.30077508708833156,1,0
0,0,0,0,-1.0738427650786138,1,0,2,1,1,1,1,1,1,0,1,3,-1.4561227820644893,0.30077508708833156,0,0
0,0,1,0,0.6364125111626608,1,0,1,0,2,2,0,2,2,1,1,2,1.07313225218835,0.32191208747025535,0,0
1,0,1,1,-0.30015585439803716,1,2,2,1,1,1,1,1,1,0,1,0,-1.3082228490497045,0.5165805024600152,0,0
1,0,1,1,1.2879383306831464,1,0,2,1,1,1,1,1,1,2,1,0,-1.4976677070686424,0.30077508708833156,0,0
1,0,0,0,0.7178532386027215,0,1,0,2,2,0,0,0,0,0,1,3,-0.9891578250178088,0.30077508708833156,0,0
0,0,1,1,0.7992939660427822,1,2,1,0,0,2,0,2,2,1,0,0,1.2127232002023045,0.48480903291934485,0,0
1,1,1,0,-1.1552834925186746,1,0,1,0,0,0,0,0,0,0,1,2,0.18074726309914202,-0.5787109155370862,0,1
0,1,0,0,-0.015113308357824713,1,0,1,0,0,0,0,2,2,0,0,2,0.8703930181680831,-0.5120357064610046,0,1
1,0,1,1,0.5142514200025698,1,2,0,2,2,0,2,2,0,2,0,1,0.3020584441112687,-0.192562035045392,0,0
1,0,1,0,-0.9516816739185228,1,2,1,2,0,0,0,0,2,0,1,2,0.7740087921584478,0.9027214602846386,0,0
0,1,1,0,1.369379058123207,1,2,1,0,0,2,2,2,2,1,1,1,1.3689321182179202,0.7792534097724544,1,1
1,0,0,1,-1.1960038562387048,1,2,1,0,0,2,0,0,2,0,0,2,0.9003053641710731,-0.7904055966564936,1,0
0,0,0,0,0.880734693482843,1,0,2,1,1,1,1,1,1,2,0,3,-1.4843733310673135,0.30077508708833156,0,0
0,0,1,1,-1.2774445836787656,0,1,0,0,0,0,2,2,0,0,0,2,-0.8196545310008642,0.07897951465616271,1,0
0,0,1,1,1.2879383306831464,1,2,1,2,2,0,2,2,2,2,0,0,1.5135084572323727,0.7824062534208489,0,0
0,1,0,0,-0.055833672077855064,1,2,1,0,0,0,0,0,0,0,1,2,0.30372024111143525,-1.3619697559484172,1,1
0,0,0,0,-0.748079855318371,1,0,1,0,0,0,0,2,2,0,1,3,0.8321716871642622,0.30077508708833156,1,0
0,0,0,0,-0.8295205827584317,1,0,1,2,0,0,0,2,0,1,1,1,0.677624566148813,0.9990506247453751,0,0
1,1,1,0,1.4100994218432374,1,0,0,2,2,0,2,0,0,1,1,0,-0.12668518193159078,0.12581606861469577,0,1
0,0,1,1,0.10704778280226633,1,2,0,2,0,2,2,2,0,0,0,2,0.24888094010595296,-0.7927426871440104,1,0
0,0,0,0,0.5142514200025698,1,2,0,2,0,0,2,0,2,2,0,3,0.2920876621102721,-0.20678550585182093,0,0
1,0,0,0,-0.9109613101984924,1,0,0,0,0,0,0,0,0,0,0,3,-0.6235624849812617,0.39479221154863126,0,0
0,1,0,0,-0.13727439951791576,1,2,0,2,2,0,0,0,0,0,1,0,-0.20645143793956489,0.30077508708833156,0,1
0,0,0,0,-0.3408762181180675,1,2,2,1,1,1,1,1,1,1,0,0,-1.3348116010523623,0.6383648988050057,0,0
1,0,1,1,1.369379058123207,1,0,2,1,1,1,1,1,1,2,1,3,-1.4960059100684764,0.30077508708833156,0,0
1,0,0,0,0.758573602322752,1,0,1,2,0,0,0,2,0,1,0,3,0.7175076941527995,0.18342143625335566,0,0
0,0,1,0,0.5142514200025698,1,2,2,1,1,1,1,1,1,2,0,3,-1.304899255049372,0.30077508708833156,0,0
0,0,1,0,0.6771328748826912,1,0,2,1,1,1,1,1,1,1,0,1,-1.5209328650709681,0.9723758710782484,0,0
0,0,1,0,-0.13727439951791576,1,0,2,1,1,1,1,1,1,2,1,3,-1.502653098069141,0.46171914852544804,0,0
1,0,1,1,0.3106496014024181,1,2,1,2,2,0,2,2,2,0,1,1,1.506861269231708,0.24909524757551274,0,0
0,1,0,0,0.18848851024232702,1,2,1,0,0,0,0,2,2,0,1,2,1.0565142821866886,-0.08667303554388024,1,1
1,0,0,0,-0.30015585439803716,1,0,1,0,0,0,0,0,0,0,0,2,0.1657910900976468,0.30077508708833156,0,0
0,0,0,0,-0.4223169455581282,0,1,0,0,0,2,0,2,2,0,1,2,-0.47067716096597834,0.30077508708833156,0,0
1,0,0,0,1.6137012404433893,0,1,0,2,2,2,2,2,2,2,1,0,0.0278619390838584,0.2879544951756253,0,0
0,0,0,0,-1.0331224013585834,0,1,0,0,2,0,0,0,2,0,1,1,-0.8196545310008642,-0.4858736735961529,1,0
1,0,1,1,0.025607055362205634,1,0,0,0,2,2,2,2,2,2,0,1,0.576254949138679,-0.7593780853015528,0,0
0,0,0,0,-0.38159658183809786,1,0,1,0,2,0,2,0,0,0,1,3,0.47654712912871167,0.30077508708833156,0,0
1,1,0,0,-0.3408762181180675,1,2,1,0,2,0,0,2,2,0,1,2,1.2127232002023045,-0.9604850685673119,1,1
0,0,0,0,-1.2774445836787656,1,0,1,0,0,0,0,2,0,0,0,2,0.4915033021302069,0.8901909569412514,1,0
1,0,0,0,1.4915401492832983,1,2,0,2,2,2,2,2,2,2,0,3,0.8604222361670865,0.6834758919686578,0,0
0,0,0,1,-1.1960038562387048,1,0,2,1,1,1,1,1,1,1,1,1,-1.4694171580658184,0.5682880612919241,0,0
1,0,0,0,0.9621754209229036,1,0,0,0,2,0,2,2,2,1,1,0,0.3652067301175816,0.1865020649008855,0,0
1,0,0,0,1.3286586944031769,1,2,1,2,0,2,2,2,2,1,1,1,1.503537675231376,0.8060957354237833,0,0
1,0,1,0,1.5729808767233588,1,0,2,1,1,1,1,1,1,1,0,2,-1.4594463760648215,0.30077508708833156,0,0
0,1,0,0,-0.748079855318371,1,2,1,0,0,2,0,0,0,0,1,0,0.5180920541328647,0.30077508708833156,0,1
0,0,0,0,-1.2367242199587352,1,0,1,0,0,0,0,0,0,0,1,2,0.179085466098976,0.30077508708833156,0,0
0,0,0,0,-0.015113308357824713,1,2,1,0,0,0,0,2,0,1,0,2,0.641065032145158,-0.5948976555927235,1,0
1,0,0,0,0.3106496014024181,1,0,0,2,0,2,0,0,2,0,0,2,0.08934842809000525,-0.6260964064328509,0,0
1,0,0,0,-1.2774445836787656,1,0,2,1,1,1,1,1,1,0,0,1,-1.462769970065154,-2.0150723493244436,0,0
1,0,0,0,-1.2774445836787656,1,0,1,0,0,0,0,2,2,0,1,2,0.8089065291619363,0.9588683236328426,1,0
0,0,0,0,-1.0331224013585834,1,0,1,0,0,0,0,0,0,0,1,3,0.17077648109814536,0.4061448217991702,0,0
0,0,1,0,-0.7073594915983407,1,2,0,0,0,0,0,0,0,0,1,2,-0.45405919096431707,0.8011173753761265,0,0
0,0,1,1,-0.62591876415828,1,2,1,2,0,2,0,2,0,0,0,2,0.9850570111795457,0.30077508708833156,1,0
1,0,0,0,-0.5444780367182193,1,0,1,0,2,2,0,0,0,0,1,2,0.44829658012588774,0.30077508708833156,1,0
1,0,0,0,1.5729808767233588,1,2,2,1,1,1,1,1,1,2,0,0,-1.303237458049206,-2.9014381127299638,0,0
0,0,1,1,0.880734693482843,1,2,0,2,0,0,2,0,0,2,0,0,-0.1582593249347472,-0.24393083563923706,0,0
1,0,1,0,-0.055833672077855064,1,2,1,2,2,0,2,0,0,0,1,1,0.8570986421667539,-0.48759667523848893,0,0
0,0,0,0,-0.8702409464784621,1,0,1,2,0,0,0,0,0,0,0,2,0.3868100911197414,0.9323359236152139,0,0
0,1,0,0,-0.5851984004382496,1,0,1,0,0,2,0,0,2,0,1,2,0.6709773781481484,0.30077508708833156,0,1
0,1,0,0,1.6137012404433893,1,2,1,2,2,0,2,2,2,2,1,0,1.506861269231708,0.8724244692452074,0,1
0,1,0,0,1.5729808767233588,1,2,1,0,2,0,0,2,2,0,1,1,1.1595456961969886,0.7770648341418359,0,1
1,1,0,0,-1.1145631287986442,0,1,0,0,0,2,2,2,0,0,0,1,-0.6435040489832552,-1.572906698320088,0,1
1,0,1,0,0.22920887396235737,1,2,0,0,0,2,2,0,2,1,0,1,0.14086413509515497,-0.6852511430658031,0,0
1,0,0,1,-1.1145631287986442,1,0,0,0,0,0,2,0,0,0,1,0,-0.5354872439724572,-1.1142287635339467,0,0
1,1,0,0,-1.2367242199587352,1,0,0,0,0,0,0,0,0,0,1,2,-0.6850489739874083,0.9737766374461401,1,1
0,1,0,0,0.7992939660427822,1,2,0,2,0,2,0,0,0,2,0,0,-0.16324471593524553,-0.3493089753904395,0,1
0,1,0,0,-0.9924020376385531,1,2,1,0,0,0,0,0,0,0,1,2,0.3652067301175816,0.6408786803321945,1,1
0,0,0,0,1.4508197855632678,1,2,0,0,2,2,0,2,2,2,1,2,0.5280628361338618,0.49195710680639954,0,0
1,0,1,1,1.4915401492832983,1,0,2,1,1,1,1,1,1,1,1,1,-1.4694171580658184,0.30077508708833156,0,0
0,0,1,0,0.3920903288424788,1,2,0,2,2,0,2,0,0,0,1,1,0.05445069108651675,-0.6340505904633608,0,0
0,0,0,0,0.7178532386027215,1,0,1,0,2,0,2,2,2,2,1,3,1.1778254631988159,0.4288154774331724,0,0
0,0,0,0,-1.2774445836787656,1,0,2,1,1,1,1,1,1,0,1,3,-1.517609271070636,-2.8636140117104723,1,0
1,1,1,0,-1.2774445836787656,1,2,1,2,0,0,0,0,0,0,1,2,0.5164302571326987,0.9007873339772502,1,1
1,0,1,0,0.025607055362205634,1,0,0,0,0,0,0,0,0,0,1,1,-0.6717545979860794,0.30077508708833156,0,0
0,0,0,0,-1.0331224013585834,1,0,2,1,1,1,1,1,1,0,0,3,-1.4760643460664828,0.30077508708833156,0,0
1,0,1,1,1.2879383306831464,1,2,1,2,2,2,0,0,0,0,1,2,0.898643567170907,0.6211584276243671,0,0
0,0,0,0,-1.2774445836787656,1,0,1,0,0,2,0,0,0,0,1,2,0.33695618111475767,0.8354563930944903,1,0
1,0,0,0,1.0843365120829946,1,0,2,1,1,1,1,1,1,2,1,0,-1.481049737066981,0.30077508708833156,0,0
0,0,1,0,-1.0738427650786138,1,2,0,0,0,0,0,0,0,0,0,2,-0.47898614596680894,-0.32850221924547196,0,0
0,0,0,0,-1.1960038562387048,1,0,2,1,1,1,1,1,1,0,0,3,-1.5275800530716328,0.5473735518062186,0,0
0,0,1,0,-0.7073594915983407,1,0,2,1,1,1,1,1,1,0,0,1,-1.4727407520661506,-0.231172693827568,0,0
1,0,1,1,-0.7888002190384014,1,0,0,0,0,0,0,2,2,1,1,2,-0.00038860991896550476,0.9554118169306456,0,0
0,0,0,0,-0.38159658183809786,1,2,1,0,2,0,0,2,2,0,1,1,1.1279715531938321,-1.3037513904960631,0,0
1,1,1,0,-0.055833672077855064,1,2,1,2,0,0,0,2,0,0,0,2,0.8205391081630994,-0.5721212006884145,0,1
1,0,0,0,-0.13727439951791576,1,0,0,2,2,0,2,0,0,1,1,2,-0.19980424993890028,0.30077508708833156,0,0
0,0,1,0,0.6771328748826912,1,0,2,1,1,1,1,1,1,1,0,1,-1.46443176706532,0.30077508708833156,0,0
0,0,1,0,0.9621754209229036,1,2,1,0,0,0,0,2,0,0,1,0,0.6925807391503077,0.3876308200871336,0,0
0,0,0,0,1.247217966963116,1,2,0,2,2,2,2,0,2,2,1,1,0.5164302571326987,0.4124744792371635,0,0
1,0,1,0,1.247217966963116,1,2,0,0,0,2,2,2,2,2,0,1,0.4998122871310375,0.4270897116690016,0,0
1,1,1,1,-0.3408762181180675,1,2,1,2,0,0,0,0,0,0,1,2,0.5014740841312035,-3.558941575301156,0,1
1,1,1,0,0.14776814652229667,1,0,0,0,0,2,2,0,0,1,0,1,-0.3543513709543497,-2.1021684818692057,0,1
0,1,0,0,-0.9516816739185228,1,0,1,0,0,0,0,2,0,0,1,2,0.534710024134526,0.8484605805075038,1,1
1,0,0,0,-1.1960038562387048,0,1,0,0,0,0,0,0,0,0,0,2,-1.329826210051864,0.7243324746807631,1,0
0,0,1,0,-0.46303730927815856,1,0,0,2,0,2,2,2,2,1,0,3,0.5363718211346925,0.30077508708833156,0,0
1,0,1,1,-0.7888002190384014,1,2,2,1,1,1,1,1,1,1,0,0,-1.3381351950526947,-0.16533250167206084,0,0
1,0,1,1,-1.2774445836787656,1,0,2,1,1,1,1,1,1,0,1,0,-1.4827115340671475,-2.0639091281602373,0,0
0,0,1,1,-0.30015585439803716,1,0,2,1,1,1,1,1,1,1,0,3,-1.4860351280674797,0.4587113915508463,0,0
1,0,1,1,1.5729808767233588,1,0,2,1,1,1,1,1,1,2,1,0,-1.5009913010689746,0.30077508708833156,0,0
1,0,0,0,1.369379058123207,1,2,1,2,2,2,2,2,2,1,1,0,1.6464522172456624,0.8313144239480449,0,0
0,0,0,0,0.5142514200025698,1,0,1,2,2,0,0,2,2,1,1,2,1.1811490571991479,0.2532142677273896,0,0
0,0,1,0,-0.4223169455581282,1,0,1,0,0,0,0,2,0,0,1,1,0.5064594751317021,0.30077508708833156,0,0
0,0,1,0,1.4100994218432374,1,0,2,1,1,1,1,1,1,1,1,0,-1.4594463760648215,0.30077508708833156,0,0
0,0,1,0,1.4508197855632678,1,2,1,0,0,2,0,2,0,2,1,0,0.8371570781647607,0.6242831946676535,0,0
0,0,1,1,-1.318164947398796,1,0,2,1,1,1,1,1,1,2,0,3,-1.4876969250676457,0.30077508708833156,0,0
0,1,0,0,0.6771328748826912,1,2,1,0,0,2,0,0,2,0,1,1,0.8670694241677506,0.2691182656590079,1,1
0,1,0,0,-1.1552834925186746,1,2,0,0,0,0,0,0,0,0,0,3,-0.532163649972125,0.30077508708833156,0,1
1,0,1,0,1.247217966963116,1,2,0,2,2,2,2,0,2,1,0,1,0.5064594751317021,0.4298495091300996,0,0
0,0,1,0,-1.2367242199587352,1,0,1,0,2,2,0,0,0,0,0,0,0.4964886931307054,0.30077508708833156,1,0
1,0,0,0,-0.46303730927815856,1,0,2,1,1,1,1,1,1,1,1,3,-1.4760643460664828,0.16832188471783333,0,0
1,0,1,1,0.9214550572028734,1,0,0,2,2,0,2,0,0,2,0,0,-0.23968737794288733,-0.38991932818473074,1,0
1,0,0,1,-1.2774445836787656,1,0,2,1,1,1,1,1,1,0,1,3,-1.479387940066815,-2.0556022350409986,0,0
0,0,0,0,-0.62591876415828,1,0,2,1,1,1,1,1,1,2,0,3,-1.5076384890696393,-0.08840687414954043,0,0
1,0,0,0,-0.0965540357978854,1,2,1,2,0,0,0,2,2,0,1,0,1.1844726511994805,-0.47986643976493115,0,0
1,0,1,1,-0.4223169455581282,1,0,0,2,2,0,2,0,0,0,1,3,-0.22639300194155818,0.30077508708833156,0,0
0,0,0,0,-0.9516816739185228,1,0,0,0,0,0,2,2,0,0,1,0,-0.17487729493640844,0.48448290327449406,0,0
1,0,1,1,-1.2774445836787656,1,0,2,1,1,1,1,1,1,0,0,3,-1.5142856770703037,-2.8452252736859345,0,0
0,0,1,0,-0.46303730927815856,1,2,1,0,0,0,0,0,2,0,1,2,0.722493085153298,0.30077508708833156,1,0
1,0,0,0,-0.5444780367182193,1,2,0,0,0,2,2,0,0,0,0,2,-0.1732154979362424,0.30077508708833156,0,0
0,0,1,1,1.4915401492832983,1,2,1,0,2,2,0,2,2,0,1,2,1.302460238211275,0.8404956119054074,1,0
1,1,0,0,-1.2774445836787656,0,1,0,0,0,0,0,0,0,0,1,2,-1.3181936310507012,-0.8845766400382087,1,1
0,0,1,0,1.6137012404433893,1,2,1,2,2,2,2,2,0,2,1,0,1.302460238211275,0.8541112512749102,0,0
1,0,1,1,1.5322605130033284,1,2,0,2,0,2,0,2,0,2,0,1,0.13920233809498894,0.367301709338622,0,0
0,0,0,0,1.369379058123207,1,2,1,2,2,2,2,0,2,0,1,0,1.2742096892084507,0.7235623088697763,0,0
0,0,1,1,-1.0331224013585834,0,1,0,0,0,0,0,0,0,0,1,2,-1.33148800705203,0.30077508708833156,0,0
0,1,1,1,0.5549717837226001,1,2,1,2,2,0,2,2,2,0,1,2,1.5101848632320405,0.40720255088188695,0,1
1,0,0,0,0.26992923768238775,0,1,0,2,2,0,2,2,0,0,1,1,-0.5255164619714603,-3.0919552626213265,1,0
0,0,1,1,-0.015113308357824713,1,2,0,0,2,2,0,0,0,0,0,0,-0.07683127192660708,-1.8109882022929327,0,0
1,0,0,0,-0.3408762181180675,1,0,1,0,2,2,0,0,2,0,1,2,0.8238627021634315,-1.473374082301255,0,0
1,0,1,1,-1.0738427650786138,1,0,1,0,2,0,0,0,2,0,1,1,0.6244470621434968,0.34542683000985563,1,0
0,0,0,0,0.18848851024232702,1,2,0,2,2,2,2,2,0,0,1,1,0.46989994112804756,-0.45202277274474634,0,0
1,0,0,1,-0.9924020376385531,1,0,2,1,1,1,1,1,1,0,0,3,-1.4760643460664828,0.30077508708833156,0,0
0,0,1,1,1.6137012404433893,1,2,0,2,0,2,0,2,0,2,1,0,0.2222921881032951,0.42432227664288386,0,0
1,1,1,0,1.5729808767233588,0,1,0,2,2,2,2,0,0,2,0,1,-0.6119299059800988,-0.20288627076044868,0,1
0,0,1,0,-0.6666391278783103,1,0,1,0,2,0,0,2,2,0,1,0,0.9933659961803764,0.30077508708833156,0,0
0,0,1,0,1.002895784642934,0,1,0,2,0,2,2,0,2,0,1,0,-0.49394231896830415,-0.5939382068901857,0,0
1,0,0,0,1.369379058123207,1,2,2,1,1,1,1,1,1,1,0,0,-1.3065610520495383,0.30077508708833156,0,0
0,1,0,0,-0.62591876415828,1,0,1,0,2,2,0,2,0,0,1,2,0.8105683261621028,0.30077508708833156,1,1
0,0,0,1,-0.46303730927815856,1,0,2,1,1,1,1,1,1,0,0,3,-1.462769970065154,0.2703312371846881,0,0
1,0,1,0,1.369379058123207,1,2,0,2,2,2,0,0,0,2,1,1,0.04447990908551963,0.2370532393283402,0,0
0,0,1,0,-0.62591876415828,1,2,0,0,2,0,0,2,2,0,1,0,0.35357415111641893,0.30077508708833156,0,0
1,0,0,1,-1.2774445836787656,1,0,1,0,0,0,0,0,0,0,1,3,0.18905624809997262,0.7850663019847097,1,0
1,0,1,0,1.0436161483629645,1,0,0,2,2,2,0,0,0,1,0,1,-0.14828854293375057,-0.09537244782001641,1,0
0,0,1,1,-0.9924020376385531,1,0,2,1,1,1,1,1,1,0,0,1,-1.4527991880641573,0.30077508708833156,0,0
1,0,0,0,-0.21871512695797646,1,0,0,2,0,2,2,2,0,1,0,1,0.15249671409631763,-2.5016599117540803,0,0
1,0,1,0,0.06632741908223598,1,2,1,0,2,0,0,0,2,0,0,3,0.8005975441611056,-0.4298044875595703,0,0
1,0,0,0,-0.0965540357978854,1,0,1,0,2,0,0,2,2,1,1,0,1.071470455188184,-0.4096630678093288,0,0
1,0,0,0,0.025607055362205634,1,0,0,0,2,2,0,2,0,0,1,1,0.05445069108651675,-1.3076594370141084,0,0
1,0,0,1,-1.2774445836787656,0,1,0,0,0,0,0,0,0,0,0,2,-1.329826210051864,-1.0306877890711676,1,0
1,0,1,1,-0.748079855318371,1,2,0,2,2,0,0,0,2,0,0,3,0.14751132309581955,0.9859009727323084,0,0
0,0,0,1,-0.6666391278783103,1,2,1,0,0,0,2,0,0,1,1,1,0.4898415051300408,0.30077508708833156,0,0
0,0,0,0,0.6771328748826912,1,0,1,0,0,2,2,2,2,2,0,1,1.1927816362003112,0.39336403022284827,0,0
1,0,1,1,-0.5444780367182193,1,2,1,0,0,2,2,2,2,0,0,2,1.2808568772091153,-1.9349579310223075,1,0
0,0,1,1,1.5322605130033284,1,2,0,2,2,2,2,2,0,2,0,0,0.4964886931307054,0.580215095763268,0,0
0,0,1,1,-0.015113308357824713,1,0,0,2,2,0,2,0,0,0,0,0,-0.11172900893009581,-3.342386319121641,0,0
0,0,0,0,-0.5851984004382496,1,0,1,0,0,0,0,0,0,0,1,2,0.16745288709781284,0.30077508708833156,0,0
1,0,0,0,0.18848851024232702,0,1,0,2,2,0,2,0,0,2,1,3,-0.8046983579993692,0.30077508708833156,0,0
0,0,0,0,-1.1552834925186746,1,2,1,0,0,0,0,0,0,0,1,2,0.36188313611724954,-0.4128585577683968,0,0
0,0,1,0,-0.6666391278783103,1,2,1,2,2,2,0,0,0,0,0,2,0.8620840331672525,0.30077508708833156,0,0
1,0,1,0,-0.62591876415828,1,2,1,0,2,0,0,0,0,0,1,0,0.5230774451333633,0.30077508708833156,0,0
0,0,0,1,-0.5444780367182193,1,0,0,2,2,2,0,0,0,0,1,2,-0.1383177609327537,0.30077508708833156,0,0
1,0,1,0,1.125056875803025,1,2,1,0,0,2,0,2,2,2,0,1,1.2093996062019723,0.6419938914193992,0,0
1,0,1,1,0.758573602322752,1,2,2,1,1,1,1,1,1,2,1,3,-1.3231790220511994,0.30077508708833156,0,0
1,0,1,1,-0.1779947632379461,1,0,2,1,1,1,1,1,1,2,1,1,-1.477726143066649,0.3738812448802992,0,0
1,0,0,0,0.43281069256250915,1,0,0,0,2,0,0,0,2,2,1,2,-0.1582593249347472,-0.8212222917763945,0,0
1,0,1,0,0.3920903288424788,1,0,2,1,1,1,1,1,1,2,0,2,-1.479387940066815,0.9310845587569574,0,0
1,0,0,0,-1.1960038562387048,1,0,1,0,0,0,0,2,0,0,1,2,0.45660556512671835,-0.9999955284548006,1,0
0,0,0,0,-1.2774445836787656,1,0,0,0,0,0,0,0,0,0,0,3,-0.6651074099854147,0.23034677073300175,0,0
0,0,0,0,-1.1960038562387048,1,0,2,1,1,1,1,1,1,0,0,3,-1.4926823160681442,0.6786524281338834,1,0
0,0,0,0,1.247217966963116,1,2,1,2,2,2,0,2,0,2,0,1,1.1047063951915064,0.6673063682636386,0,0
1,1,0,0,-1.1960038562387048,1,0,1,0,0,0,0,2,0,0,1,2,0.50313588113137,-0.7616436941631247,1,1
1,0,1,0,1.4508197855632678,1,2,1,2,2,0,2,2,2,0,1,2,1.4270950132237343,0.8248370660433928,0,0
0,1,0,0,-0.0965540357978854,1,2,1,0,2,0,0,2,2,0,1,2,1.1612074931971548,-0.45786456753489196,1,1
0,0,0,0,1.125056875803025,1,2,1,0,2,2,0,2,2,2,0,2,1.327387193213767,0.686145574977285,0,0
1,0,0,0,-0.7073594915983407,1,2,0,0,2,0,2,0,0,0,1,1,-0.2047896409393986,0.9829331801532013,1,0
1,1,0,0,0.5142514200025698,1,2,1,0,0,0,0,2,2,0,1,0,0.9684390411778845,0.16338751356593703,0,1
0,0,1,0,1.5322605130033284,1,0,0,2,2,2,2,2,2,2,0,1,0.720831288153132,0.6194498847776001,0,0
1,0,1,0,-0.9109613101984924,1,2,1,0,0,2,0,2,2,0,1,2,1.1213243651931677,0.30077508708833156,1,0
1,0,0,0,-1.1552834925186746,1,0,2,1,1,1,1,1,1,0,0,3,-1.5076384890696393,0.9779672020104522,0,0
0,0,0,0,-1.2774445836787656,1,0,0,0,0,2,0,0,0,0,1,3,-0.4756625519664766,0.4145754930129656,1,0
0,0,1,0,1.4508197855632678,1,2,2,1,1,1,1,1,1,2,1,1,-1.3231790220511994,0.30077508708833156,0,0
1,0,1,1,-0.4223169455581282,1,0,1,2,0,0,0,0,0,0,0,0,0.3402797751150897,0.30077508708833156,0,0
1,0,1,1,0.22920887396235737,1,2,1,0,2,2,0,2,0,0,1,2,0.9933659961803764,-0.06949801055104993,1,0
0,0,0,0,-1.2774445836787656,1,2,1,0,2,0,0,2,2,0,1,1,1.1794872601989819,0.30077508708833156,1,0
1,0,1,0,-0.5851984004382496,1,0,1,0,0,2,2,0,0,0,0,2,0.44663478312572175,0.30077508708833156,0,0
1,0,0,0,-0.13727439951791576,1,0,1,0,0,0,2,2,2,0,1,2,0.9784098231788811,-0.7548622086249153,0,0
0,0,0,0,-0.6666391278783103,1,2,1,0,0,2,0,0,2,0,1,2,0.787303168159777,0.30077508708833156,1,0
1,0,0,0,-1.2774445836787656,1,0,1,0,0,0,0,0,0,0,1,2,0.16911468409797886,0.7712051065952846,1,0
1,0,0,0,-0.8295205827584317,1,0,1,2,0,2,0,0,0,0,0,0,0.5629605731373504,0.9468206377946782,1,0
1,0,0,0,-0.055833672077855064,0,1,0,0,0,2,0,2,2,1,1,2,-0.4889569279678058,0.30077508708833156,0,0
1,0,0,0,-1.1552834925186746,1,0,1,0,0,0,0,0,2,0,1,2,0.50313588113137,-0.26441264868697606,1,0
0,0,1,0,0.6364125111626608,1,2,0,0,0,2,2,0,2,1,1,3,0.15914390209698223,-0.16283681368196104,0,0
0,0,0,0,-0.7073594915983407,1,2,2,1,1,1,1,1,1,0,1,1,-1.3082228490497045,0.07603943900803059,1,0
1,0,0,0,0.7178532386027215,1,0,1,2,2,2,2,0,0,1,1,1,0.8421424691652587,0.2839763937824905,0,0
1,0,0,0,-1.0331224013585834,1,0,0,0,0,0,0,0,0,0,1,0,-0.6684310039857471,-0.2762079769036267,0,0
1,1,1,0,0.35136996512244845,1,2,1,2,0,2,0,0,0,0,1,0,0.6310942501441613,-0.24528331552451416,1,1
1,0,1,1,1.4508197855632678,1,0,1,2,0,2,0,0,0,2,0,1,0.5180920541328647,0.49776776351584884,0,0
0,1,1,0,-0.2594354906780068,1,2,1,0,0,2,0,2,2,0,1,0,1.1080299891918384,-0.8580017211551325,0,1
1,0,0,0,1.002895784642934,0,1,0,0,0,2,2,2,2,2,0,1,-0.3792783259568415,-0.360636132067125,0,0
0,0,0,0,-1.1960038562387048,1,0,2,1,1,1,1,1,1,0,0,2,-1.502653098069141,0.6483823312686262,0,0
0,0,0,0,-1.2774445836787656,1,0,2,1,1,1,1,1,1,0,0,3,-1.4577845790646555,-2.003226923836432,1,0
1,0,1,1,-0.5444780367182193,1,0,0,2,0,0,0,0,0,1,1,0,-0.5255164619714603,0.9908278043343646,0,0
0,0,0,0,-1.1960038562387048,1,0,0,0,0,0,0,2,0,0,1,2,-0.3510277769540174,0.30077508708833156,0,0
0,0,0,0,1.0843365120829946,1,2,2,1,1,1,1,1,1,2,0,2,-1.3397969920528607,0.30077508708833156,0,0
0,0,1,0,-1.2774445836787656,1,0,1,0,0,0,0,0,0,0,1,3,0.15415851109648415,0.769244208847041,1,0
1,0,1,0,0.3920903288424788,0,1,0,2,0,0,0,2,0,0,1,0,-0.8179927340006982,0.30077508708833156,0,0
0,0,0,0,-1.0331224013585834,1,2,1,0,0,0,0,0,0,0,1,2,0.33695618111475767,0.5048241289779782,1,0
1,0,1,0,1.4100994218432374,1,2,2,1,1,1,1,1,1,2,0,1,-1.3015756610490399,0.30077508708833156,0,0
1,0,0,0,-1.2774445836787656,1,0,1,0,0,0,0,0,0,0,1,2,0.1857326540996401,0.7845831827978602,0,0
1,0,1,0,1.369379058123207,1,2,0,2,2,2,2,2,2,2,0,0,0.895319973170575,0.6433861586035142,0,0
0,0,0,0,1.1657772395230555,1,2,1,0,0,2,0,0,2,0,0,3,0.8122301231622688,0.5278879891428503,0,0
1,0,1,1,-1.1552834925186746,1,2,2,1,1,1,1,1,1,1,0,1,-1.3514295710540236,0.82158258528377,0,0
0,1,1,0,0.3920903288424788,1,0,1,2,0,0,0,0,0,0,1,1,0.31202922611226586,-0.27411631288423965,1,1
0,0,1,1,1.2879383306831464,1,2,0,0,2,0,0,0,0,1,1,0,-0.3626603559551803,-0.18361494661372044,0,0
0,1,1,0,0.880734693482843,1,2,1,2,2,2,2,2,2,1,1,0,1.6896589392499817,0.7009655017769881,0,1
1,0,0,0,-1.2774445836787656,1,0,2,1,1,1,1,1,1,0,1,1,-1.4960059100684764,-2.7580357189955564,0,0
1,0,1,1,0.880734693482843,1,2,2,1,1,1,1,1,1,2,1,0,-1.3530913680541898,0.30077508708833156,0,0
0,0,0,1,-0.5851984004382496,1,2,2,1,1,1,1,1,1,2,0,1,-1.3115464430500368,0.2803825214655653,0,0
1,0,0,0,-1.1960038562387048,1,0,1,0,2,0,0,0,2,0,0,2,0.6493740171459885,-1.1174610097269349,0,0
0,0,0,0,-1.2774445836787656,1,0,1,0,0,0,0,0,0,0,1,2,0.1774236690988095,0.7833743626998545,1,0
0,0,1,1,1.6137012404433893,1,2,0,2,2,2,2,2,2,2,0,1,0.830509890164096,0.7238190967185637,0,0
1,1,1,0,1.125056875803025,1,0,1,0,2,2,0,2,2,1,1,2,1.1030445981913404,0.6024918752431673,0,1
0,0,1,1,-0.8702409464784621,1,0,2,1,1,1,1,1,1,1,1,3,-1.4876969250676457,-2.2717744255692613,0,0
0,0,0,1,-0.8295205827584317,1,2,1,2,0,0,0,0,0,0,1,2,0.4499583771260538,0.9681617604758717,1,0
1,0,1,1,1.1657772395230555,1,0,1,0,2,2,2,2,2,1,0,1,1.300798441211109,0.703588959672255,0,0
0,0,0,0,0.26992923768238775,1,0,2,1,1,1,1,1,1,2,0,1,-1.46443176706532,0.8610740271309251,0,0
1,0,0,0,0.9214550572028734,1,2,1,0,0,0,0,2,2,0,1,2,1.0648232671875193,0.4789223639655542,1,0
0,0,0,0,-0.62591876415828,1,2,1,2,2,0,0,2,0,0,1,2,0.9850570111795457,0.30077508708833156,1,0
1,0,0,0,0.18848851024232702,1,0,2,1,1,1,1,1,1,1,0,1,-1.4827115340671475,0.8827718215869426,0,0
0,0,1,0,1.6137012404433893,1,2,2,1,1,1,1,1,1,2,1,3,-1.288281285047711,0.30077508708833156,0,0
1,1,1,0,1.6137012404433893,1,2,0,0,2,2,2,2,0,2,0,1,0.4183842341228973,0.500339479371169,0,1
0,0,0,0,-0.9924020376385531,1,0,0,2,0,0,2,0,2,0,0,0,0.042818112085353605,0.57932548597783,0,0
0,0,1,1,-0.4223169455581282,1,0,2,1,1,1,1,1,1,0,0,3,-1.491020519067978,0.08142299181478739,0,0
0,0,0,0,-1.2774445836787656,1,0,1,0,2,0,0,2,0,0,0,2,0.6493740171459885,0.9333775328084091,1,0
0,0,0,0,0.22920887396235737,1,2,0,0,2,0,2,0,2,0,0,1,0.11261358609233106,-0.7032741323735747,0,0
1,0,0,1,-0.62591876415828,1,0,0,0,2,2,2,2,2,1,0,2,0.534710024134526,0.30077508708833156,0,0
0,1,0,0,1.5322605130033284,1,2,0,0,2,2,2,2,0,2,1,0,0.356897745116751,0.46238631219008697,0,1
0,1,1,1,1.6137012404433893,1,2,0,2,2,2,2,2,2,2,0,1,0.9202469281730669,0.702015710983094,1,1
0,0,0,0,-0.1779947632379461,1,0,1,0,0,0,0,0,2,0,1,2,0.5264010391336954,-1.309619202545412,0,0
0,0,0,0,-0.7073594915983407,1,0,1,0,2,0,0,2,0,0,1,0,0.612814483142334,0.30077508708833156,0,0
1,0,1,1,1.6137012404433893,1,2,0,2,2,2,2,2,2,2,1,0,0.7573908221567865,0.7051597371373192,0,0
0,1,1,0,-0.8702409464784621,1,2,1,0,0,2,0,2,2,0,1,2,1.156222102196656,0.30077508708833156,1,1
1,1,0,0,-0.9924020376385531,1,2,1,0,0,2,0,0,0,0,1,2,0.5480044001358552,0.6013317033299356,1,1
0,0,1,0,1.002895784642934,1,2,1,0,2,2,2,2,2,1,1,0,1.4835961112293827,0.6719143399764433,0,0
1,0,1,1,-1.2774445836787656,1,0,2,1,1,1,1,1,1,0,0,0,-1.4893587220678117,-2.7251826794576077,1,0
0,0,1,0,0.5549717837226001,0,1,0,2,2,0,0,2,0,0,0,2,-0.6385186579827569,-1.7822565824408096,0,0
1,0,1,0,-0.0965540357978854,1,0,2,1,1,1,1,1,1,1,0,1,-1.46443176706532,0.6030714568402938,0,0
1,1,1,0,-0.9109613101984924,1,0,1,2,0,0,0,0,0,0,0,2,0.3502505571160864,0.8126952288518663,0,1
1,0,1,0,-0.38159658183809786,1,2,1,2,2,2,0,2,0,0,1,2,1.1462513201956595,-1.4756874775182787,1,0
1,0,0,0,-0.015113308357824713,1,0,1,2,2,2,0,0,2,0,1,1,0.9518210711762233,-0.4495295556728296,0,0
1,0,0,0,-0.7888002190384014,1,0,1,2,0,0,0,0,0,0,1,1,0.29873485011093664,0.9912209042344546,0,0
0,0,0,0,0.26992923768238775,1,0,1,0,0,2,2,0,0,2,1,2,0.5214156481331973,-0.28955775951794327,1,0
0,0,0,0,0.47353105628253944,1,0,1,0,2,2,0,2,0,0,1,1,0.7773323861587803,0.07062674661519086,0,0
1,1,0,0,-0.9516816739185228,1,0,0,0,0,0,2,0,0,0,0,3,-0.5172074769706297,0.2499204100302792,0,1
0,0,1,0,1.4100994218432374,1,0,2,1,1,1,1,1,1,2,0,3,-1.4993295040688086,0.30077508708833156,0,0
1,0,1,1,-0.9516816739185228,1,2,1,0,0,2,0,0,0,0,1,0,0.48485611412954227,0.7261272248746656,1,0
0,0,0,0,-0.7073594915983407,1,2,1,0,2,0,0,0,0,0,1,2,0.4981504901308714,0.30077508708833156,1,0
0,0,1,0,1.5729808767233588,1,2,1,0,2,2,0,2,2,2,1,0,1.3423433662152622,0.8538858364406563,0,0
1,0,0,0,-1.2774445836787656,1,0,0,0,0,0,2,0,0,0,0,1,-0.5238546649712943,0.38186455062582186,0,0
0,0,1,1,-0.0965540357978854,1,2,1,0,0,2,0,2,2,0,1,2,1.1728400721983174,-0.39070163844666184,1,0
1,0,0,0,-1.2774445836787656,1,0,1,0,0,0,0,0,0,0,1,2,0.15249671409631763,0.7689988260474572,1,0
1,0,1,0,-0.62591876415828,0,1,0,0,2,0,0,2,2,0,1,3,-0.4972659129686364,0.9312932283409372,0,0
0,0,0,0,-1.1960038562387048,1,0,1,0,0,0,2,0,2,0,0,2,0.6992279271509723,-0.6440831267214432,1,0
1,0,1,1,1.4100994218432374,1,2,0,2,0,2,0,2,2,2,1,2,0.4964886931307054,0.48121574360701047,1,0
1,0,0,0,-1.2774445836787656,1,0,2,1,1,1,1,1,1,0,0,0,-1.4561227820644893,-1.9993094257186752,0,0
0,1,0,0,-1.2774445836787656,1,2,0,0,0,0,0,0,0,0,0,3,-0.47233895796614456,0.41527485113548224,1,1
0,1,1,0,-0.015113308357824713,1,2,1,0,0,2,0,0,0,0,0,3,0.4831943171293762,-0.7880739554279869,0,1
1,0,1,1,0.35136996512244845,1,0,2,1,1,1,1,1,1,1,0,0,-1.504314895069307,0.8975554538474186,0,0
1,0,1,0,-1.2774445836787656,1,0,1,0,0,0,0,2,0,0,1,2,0.5247392421335293,0.9014324584850577,1,0
0,0,0,0,-1.2774445836787656,1,0,0,0,0,0,0,0,0,0,0,0,-0.6850489739874083,0.22613227262858157,0,0
0,0,1,1,-0.8295205827584317,1,2,1,0,2,2,0,0,0,0,1,2,0.6560212051466532,0.9715745513076742,1,0
1,0,1,1,1.2064976032430856,1,2,1,2,2,0,0,2,2,0,1,2,1.3539759452164248,0.7080331032040241,0,0
0,0,0,0,-0.4223169455581282,1,0,1,0,2,0,0,0,2,0,1,3,0.6493740171459885,-3.6362519193235343,1,0
0,0,0,1,-0.62591876415828,1,2,1,0,2,2,2,0,0,0,1,1,0.9285559131738974,0.30077508708833156,0,0
0,0,1,1,1.6137012404433893,1,2,2,1,1,1,1,1,1,2,1,0,-1.2799723000468803,-2.1329719257212214,0,0
1,0,1,1,0.9621754209229036,1,2,1,0,2,0,2,2,0,0,1,1,1.069808658188018,0.509924936093023,0,0
0,0,0,0,-0.9516816739185228,1,0,2,1,1,1,1,1,1,0,1,1,-1.4727407520661506,0.30077508708833156,0,0
1,0,1,0,1.6137012404433893,1,2,1,2,2,2,2,2,2,2,1,0,1.6963061272506461,0.9360806500501586,0,0
1,0,0,0,-0.5037576729981889,1,0,1,2,2,2,2,2,2,0,1,0,1.4437129832253957,-1.397743066979755,0,0
1,0,1,1,-0.5444780367182193,1,0,2,1,1,1,1,1,1,2,0,3,-1.481049737066981,0.02623699958140726,0,0
1,0,0,0,-1.2367242199587352,1,0,1,0,0,0,0,0,0,0,1,2,0.09931921009100189,0.30077508708833156,1,0
1,0,0,0,0.8400143297628127,0,1,0,0,0,2,2,2,2,1,0,1,-0.32776261895169184,-0.3922680973959378,0,0
0,1,0,0,-0.21871512695797646,1,2,1,0,0,0,0,0,2,0,1,2,0.6809481601491449,-1.2214258373302973,1,1
1,0,0,0,-1.0738427650786138,1,0,2,1,1,1,1,1,1,0,0,0,-1.4827115340671475,0.30077508708833156,0,0
1,0,1,1,-0.9516816739185228,1,2,1,0,0,2,0,2,0,1,1,2,0.8504514541660894,0.8650947928173941,0,0
0,0,1,1,-0.9924020376385531,1,2,0,0,2,0,0,0,0,0,0,2,-0.2995120699488677,0.2478562258125211,0,0
0,0,1,1,1.5729808767233588,1,2,1,2,2,2,2,2,2,2,0,0,1.656422999246659,0.9110597142798553,0,0
0,0,0,0,-0.9109613101984924,1,2,1,0,2,0,0,0,0,0,1,0,0.5081212721318681,0.9256438094045596,1,0
1,0,0,0,-1.2774445836787656,1,0,2,1,1,1,1,1,1,0,0,3,-1.4876969250676457,-2.076500301973109,1,0
0,0,1,0,1.5729808767233588,0,1,0,2,2,2,2,2,2,1,0,0,0.06774506708784545,0.318837249649572,0,0
1,0,1,0,1.4508197855632678,1,0,1,0,2,0,2,2,2,1,1,2,1.1811490571991479,0.7454085237338036,0,0
1,0,0,0,0.06632741908223598,1,2,1,0,2,0,2,2,2,0,1,2,1.3489905542159264,-0.10709065478132011,0,0
1,0,0,0,-0.2594354906780068,1,0,1,0,2,2,2,0,0,1,1,2,0.6792863631489789,-1.4803303855148802,0,0
0,0,0,0,-0.4223169455581282,1,0,0,2,0,0,0,0,0,0,1,1,-0.5305018529719588,0.30077508708833156,1,0
1,0,0,0,-1.0331224013585834,1,0,2,1,1,1,1,1,1,0,1,3,-1.5225946620711341,0.30077508708833156,0,0
0,0,1,0,-0.5037576729981889,1,0,1,0,0,0,0,0,0,0,1,0,0.16745288709781284,0.30077508708833156,0,0
0,0,1,0,1.125056875803025,1,2,1,0,2,2,0,2,2,0,1,2,1.3755793062185846,0.6983351432428895,0,0
1,0,1,1,1.6137012404433893,1,0,2,1,1,1,1,1,1,2,0,2,-1.4694171580658184,0.30077508708833156,0,0
0,1,1,0,1.6137012404433893,1,2,1,0,2,2,0,2,2,1,1,1,1.3622849302172555,0.861968928766844,0,1
1,0,0,0,-1.1552834925186746,1,2,2,1,1,1,1,1,1,0,0,3,-1.3132082400502028,0.30077508708833156,0,0
1,0,1,1,-0.6666391278783103,1,0,2,1,1,1,1,1,1,0,0,2,-1.4960059100684764,-0.3351430099198426,0,0
0,1,1,0,1.2064976032430856,1,2,1,2,0,2,0,2,2,1,1,2,1.332372584214265,0.6821383729959878,0,1
0,0,0,0,-0.9109613101984924,1,0,0,0,0,0,2,0,2,0,1,3,-0.12668518193159078,0.6759626386343177,0,0
1,0,0,0,-0.055833672077855064,1,2,1,0,2,0,0,0,0,0,1,2,0.544680806135523,-0.7194510855457322,0,0
0,0,1,0,1.5729808767233588,1,0,2,1,1,1,1,1,1,2,0,1,-1.517609271070636,0.30077508708833156,0,0
1,0,0,0,1.0436161483629645,1,0,2,1,1,1,1,1,1,2,0,3,-1.461108173064988,0.30077508708833156,0,0
1,0,1,1,1.5322605130033284,1,2,0,2,2,2,2,2,2,2,1,1,0.8438042661654253,0.6700195106797477,0,0
0,0,1,0,1.5729808767233588,1,2,0,2,2,2,2,2,2,2,0,2,0.8421424691652587,0.6816028640966489,0,0
1,1,0,0,1.4915401492832983,1,2,0,2,0,2,2,0,2,2,0,1,0.31036742911209936,0.42605282083050366,0,1
0,1,0,0,-1.2774445836787656,1,2,1,0,0,0,0,0,2,0,1,2,0.6743009721484804,0.9406385758620932,1,1
0,0,1,1,1.6137012404433893,1,2,1,2,2,2,2,2,2,2,1,0,1.7943521502604476,0.9519433213382091,0,0
0,0,1,0,-0.2594354906780068,1,0,1,0,0,0,2,0,2,0,0,1,0.7025515211513048,-1.4370695959671818,0,0
0,0,1,0,0.025607055362205634,1,2,1,0,0,2,2,0,2,0,1,1,1.0049985751815391,-0.42493342005180934,0,0
0,0,1,1,-0.9109613101984924,1,0,2,1,1,1,1,1,1,2,0,3,-1.4827115340671475,-1.4128534872828817,0,0
0,1,0,0,1.002895784642934,1,2,1,2,0,2,2,0,2,2,0,1,1.2143849972024705,0.5873036262621283,0,1
0,0,0,0,-0.9109613101984924,1,0,2,1,1,1,1,1,1,0,1,2,-1.4478137970636586,-1.3578440421377649,0,0
0,0,1,1,0.26992923768238775,1,2,2,1,1,1,1,1,1,1,1,3,-1.3481059770536914,0.97077258890874,0,0
0,0,0,0,-0.8702409464784621,1,0,2,1,1,1,1,1,1,0,0,0,-1.477726143066649,-0.9385893388112825,0,0
0,0,1,1,-0.46303730927815856,1,0,1,0,2,2,2,2,2,0,1,2,1.2642389072074542,-1.625306895000115,1,0
0,0,1,1,1.4508197855632678,1,2,0,0,2,2,2,2,2,2,0,0,0.682609957149311,0.5399951808609943,0,0
1,0,0,0,-0.5851984004382496,1,2,1,0,0,2,0,2,0,1,1,1,0.8255244991635975,0.30077508708833156,0,0
0,0,0,0,-1.0738427650786138,1,0,1,0,0,2,2,2,2,0,1,3,1.1695164781979852,0.5187892171661779,1,0
1,0,0,0,-0.5851984004382496,1,2,0,2,0,0,0,0,0,0,0,3,-0.28289409994720643,0.9955348349514428,0,0
0,0,1,1,0.7992939660427822,1,0,0,0,0,2,0,0,0,1,1,0,-0.4590445819648154,-0.7503666334457234,0,0
1,0,1,1,0.9621754209229036,1,2,1,2,2,2,2,2,2,2,0,3,1.697967924250812,0.7189288160132046,0,0
1,0,0,0,0.5142514200025698,1,2,1,0,0,2,2,2,2,0,1,0,1.2924894562102784,0.3379016755192146,0,0
0,0,0,0,1.4100994218432374,1,2,2,1,1,1,1,1,1,2,1,3,-1.2849576910473786,0.30077508708833156,0,0
1,0,1,0,-1.1960038562387048,0,1,0,2,0,0,2,0,0,0,0,3,-0.9858342310174765,0.30077508708833156,0,0
1,1,0,0,1.3286586944031769,1,0,1,0,2,2,0,2,2,0,1,0,1.141265929195161,0.7088153177130501,0,1
1,0,1,0,1.247217966963116,1,2,0,0,2,0,2,0,2,2,0,3,0.08270124008934066,0.17189528678972119,0,0
0,0,1,1,-0.8702409464784621,1,2,2,1,1,1,1,1,1,2,0,3,-1.3215172250510334,-0.4314334637689947,0,0
1,0,0,1,-1.2774445836787656,1,0,0,0,0,0,2,0,2,0,1,3,-0.1732154979362424,0.6097126126954111,0,0
1,0,0,0,0.9214550572028734,1,2,0,0,0,2,0,2,2,2,1,0,0.43334040712439253,0.20089855301946827,0,0
1,0,1,1,-0.30015585439803716,1,2,0,0,0,0,2,0,0,1,1,3,-0.32111543095102724,0.30077508708833156,0,0
1,0,1,0,1.6137012404433893,1,2,1,2,2,2,2,2,2,1,1,0,1.7627780072572912,0.9525562836355908,1,0
0,0,1,0,1.6137012404433893,1,2,2,1,1,1,1,1,1,2,1,1,-1.3497677740538576,0.30077508708833156,0,0
0,0,0,1,1.3286586944031769,0,1,0,0,2,0,2,2,0,2,0,3,-0.6484894399837535,-0.4815791131182255,0,0
0,1,0,0,0.880734693482843,1,2,1,0,2,0,0,0,0,0,1,2,0.4898415051300408,0.21509072029171655,1,1
1,0,1,1,-1.0331224013585834,1,0,2,1,1,1,1,1,1,0,0,3,-1.479387940066815,0.30077508708833156,0,0
0,0,1,0,1.6137012404433893,1,2,0,2,2,0,2,0,0,2,0,0,-0.00038860991896550476,0.35363961512014747,0,0
1,0,1,0,-0.46303730927815856,1,0,0,0,0,0,0,2,0,0,0,0,-0.33773340095268845,0.30077508708833156,0,0
0,0,0,0,-1.2367242199587352,1,0,2,1,1,1,1,1,1,0,1,0,-1.46443176706532,0.04362193660222737,0,0
1,1,0,0,-1.1552834925186746,1,0,1,0,0,2,0,2,2,0,1,2,0.9966895901807084,0.16697856000426958,0,1
1,0,1,0,-1.1960038562387048,1,2,1,0,0,0,2,0,0,0,1,0,0.4948268961305394,-0.8605024561537051,1,0
1,0,1,0,1.6137012404433893,1,2,1,2,2,2,2,2,2,2,0,1,1.6963061272506461,0.9289954645485168,0,0
0,0,0,0,-1.0738427650786138,1,0,0,2,0,0,0,0,0,0,1,2,-0.5088984919697991,-0.3277670684957951,0,0
1,0,0,0,0.7992939660427822,1,0,1,0,0,2,0,0,2,0,1,1,0.6327560471443273,0.20435761910969807,0,0
1,1,1,0,1.4915401492832983,1,2,1,0,2,2,0,0,2,0,1,0,1.0166311541827018,0.6927887664716781,0,1
1,0,0,0,-0.9924020376385531,1,0,1,0,0,2,0,2,2,0,1,2,0.9950277931805424,0.836145056415328,1,0
0,1,0,0,-0.9924020376385531,1,0,1,0,0,2,0,0,0,0,1,0,0.3087056321119333,0.6299396938147219,0,1
0,1,0,0,1.247217966963116,1,2,1,0,0,2,0,0,2,0,1,0,0.8255244991635975,0.5356658555615099,0,1
1,0,0,0,1.125056875803025,1,2,1,2,2,2,2,2,2,1,1,1,1.722894879253304,0.7930042542218368,0,0
0,0,1,0,-0.8295205827584317,1,0,0,2,0,0,2,0,0,0,0,0,-0.3510277769540174,0.7721841154318485,0,0
0,0,0,0,-0.7888002190384014,1,0,2,1,1,1,1,1,1,0,1,3,-1.5109620830699715,-0.5901095910869361,0,0
1,0,0,0,-0.4223169455581282,1,2,0,2,2,2,0,0,0,0,0,3,0.00958217208203114,0.30077508708833156,0,0
1,0,0,0,-1.1145631287986442,1,2,1,0,0,2,0,2,0,0,1,2,0.9219087251732329,0.2715427391927492,1,0
0,0,1,1,-1.2774445836787656,1,0,2,1,1,1,1,1,1,0,0,3,-1.505976692069473,-2.809432165024553,1,0
0,0,1,1,1.6137012404433893,1,2,2,1,1,1,1,1,1,2,1,0,-1.3530913680541898,0.30077508708833156,0,0
0,0,0,0,-1.2367242199587352,1,0,2,1,1,1,1,1,1,0,0,0,-1.5292418500717988,0.4831773200478767,0,0
0,0,1,1,0.3106496014024181,1,0,2,1,1,1,1,1,1,2,0,0,-1.4827115340671475,0.874855804439433,0,0
1,0,1,1,0.47353105628253944,1,0,2,1,1,1,1,1,1,1,0,0,-1.4876969250676457,0.9480524772297458,0,0
1,1,1,0,1.5729808767233588,1,0,0,2,2,0,2,2,0,1,1,0,0.2073360151017999,0.4201567108438605,0,1
0,0,0,0,-1.2367242199587352,1,2,1,0,0,0,0,0,0,0,1,2,0.358559542116917,0.30077508708833156,1,0
1,1,0,0,-0.2594354906780068,1,2,1,0,0,0,0,2,2,0,1,2,0.9584682591768874,-1.0232942071768594,0,1
1,0,1,1,-1.2774445836787656,1,0,1,0,0,0,0,0,0,0,1,2,0.17410007509847744,0.7828904252147942,1,0
0,0,0,0,-1.2774445836787656,0,1,0,0,0,0,0,0,0,0,0,3,-1.341458789053027,-1.0366422673684723,0,0
1,0,1,1,1.3286586944031769,1,0,0,2,0,0,2,2,2,2,1,0,0.33363258711442517,0.3588310314860167,1,0
1,0,0,0,-1.1960038562387048,1,2,0,0,0,0,2,2,0,0,1,3,0.016229360082695727,-1.686307280368868,0,0
1,0,0,0,-0.7888002190384014,1,0,0,0,0,0,2,0,0,0,1,3,-0.47233895796614456,0.6500421904578751,0,0
0,0,1,0,0.025607055362205634,1,2,1,0,2,2,0,2,2,0,1,2,1.3174164112127704,-0.17727282733628233,1,0
0,0,0,0,-1.2774445836787656,1,0,1,0,0,0,0,0,0,0,1,3,0.19736523310080326,0.7862730797942892,0,0
1,0,1,1,-1.1552834925186746,1,0,0,0,0,0,0,0,0,0,0,3,-0.6484894399837535,0.30077508708833156,0,0
1,0,0,0,-1.2367242199587352,1,0,1,0,0,0,0,0,0,0,1,2,0.18407085709947407,0.30077508708833156,0,0
1,0,1,0,1.6137012404433893,1,2,1,2,2,0,2,2,2,2,1,1,1.4686399382278874,0.8849596398979378,0,0
0,0,1,1,0.18848851024232702,1,2,2,1,1,1,1,1,1,0,0,3,-1.2733251120462157,0.9695684381249579,0,0
0,0,0,0,-0.7073594915983407,1,0,1,2,0,0,0,2,0,0,0,2,0.7125223031523015,0.30077508708833156,1,0
0,0,0,0,-0.38159658183809786,1,0,2,1,1,1,1,1,1,1,1,1,-1.4993295040688086,0.3469250893394962,0,0
0,0,1,1,-0.0965540357978854,0,1,0,0,0,0,2,2,2,0,0,1,-0.4507355969639848,0.30077508708833156,1,0
0,0,1,1,0.3920903288424788,1,0,2,1,1,1,1,1,1,1,1,2,-1.5192710680708021,0.8592818177229252,0,0
0,0,0,0,-0.015113308357824713,1,2,0,2,0,0,0,2,2,1,0,3,0.3319707901142591,-1.2268286733643057,0,0
0,0,1,1,-0.4223169455581282,1,2,1,0,0,0,0,0,0,0,1,0,0.36686852711774764,0.30077508708833156,0,0
1,0,1,0,0.3920903288424788,0,1,0,0,0,0,0,0,0,0,1,1,-1.3181936310507012,0.30077508708833156,0,0
0,0,0,0,-0.9924020376385531,1,0,0,0,0,0,0,0,0,0,0,3,-0.6750781919864114,-0.04040936732084887,0,0
0,0,1,1,1.3286586944031769,1,2,1,2,0,2,0,2,2,2,1,1,1.3140928172124378,0.7413800828557218,0,0
0,0,0,0,-1.2367242199587352,1,0,2,1,1,1,1,1,1,0,0,3,-1.504314895069307,-0.3515641656161784,1,0
0,0,1,1,1.5322605130033284,1,2,0,2,2,2,2,2,2,2,1,0,0.8055829351616043,0.6765011756430175,0,0
1,0,0,1,-0.4223169455581282,1,0,2,1,1,1,1,1,1,0,0,1,-1.4827115340671475,0.20003191370524248,0,0
0,1,0,0,-1.1552834925186746,1,2,1,0,0,0,0,0,0,0,1,2,0.33695618111475767,-0.28250934813087825,1,1
0,0,0,0,-1.2367242199587352,1,2,1,0,0,0,0,0,0,0,0,1,0.33695618111475767,0.30077508708833156,1,0
0,0,1,1,1.4100994218432374,0,1,0,2,2,0,0,0,0,2,0,0,-0.950936494013988,-0.9730154218055147,0,0
0,0,0,0,-0.30015585439803716,1,0,2,1,1,1,1,1,1,0,1,1,-1.5142856770703037,0.48871431501311147,0,0
0,0,1,0,-0.5037576729981889,1,0,2,1,1,1,1,1,1,0,0,0,-1.5126238800701375,-0.01913504809496987,0,0
0,0,0,1,-1.2367242199587352,1,0,0,2,0,0,0,0,2,0,1,1,-0.11837619693076015,0.30077508708833156,0,0
1,0,0,0,0.758573602322752,1,0,2,1,1,1,1,1,1,2,0,3,-1.4727407520661506,0.30077508708833156,0,0
0,0,1,1,0.5549717837226001,0,1,0,2,2,0,0,0,0,0,0,0,-0.9874960280176428,0.30077508708833156,0,0
0,0,0,0,-0.30015585439803716,1,2,1,0,2,0,0,2,2,0,1,2,1.1794872601989819,-1.0608212018281074,1,0
1,0,0,1,-0.7888002190384014,1,0,0,0,0,0,0,0,0,0,0,3,-0.6900343649879066,0.7222773795935733,0,0
0,1,0,0,-0.30015585439803716,1,2,1,2,2,0,0,2,2,0,1,3,1.2642389072074542,-0.6905183867243521,1,1
1,0,1,1,-0.2594354906780068,1,0,0,0,0,2,0,0,0,1,0,3,-0.47898614596680894,0.30077508708833156,0,0
1,0,0,0,0.43281069256250915,1,2,1,0,0,0,2,2,2,1,1,2,1.1711782751981514,0.1642864848627929,1,0
1,0,0,1,-0.5444780367182193,1,0,2,1,1,1,1,1,1,0,1,2,-1.4876969250676457,-0.01267912718507677,0,0
1,0,1,0,-0.9109613101984924,1,0,1,0,2,0,2,2,2,0,1,2,1.1661928841976528,1.0025540970544764,1,0
0,0,0,1,-1.2367242199587352,1,2,1,0,0,0,0,2,2,0,1,0,0.9784098231788811,-2.4574231644405815,1,0
0,0,1,0,1.6137012404433893,1,2,0,2,2,0,2,2,2,2,1,0,0.719169491152966,0.6405996831245135,0,0
1,1,0,0,-0.5851984004382496,1,2,0,2,2,0,0,0,0,0,1,1,-0.2114368289400632,0.9945560290126578,0,1
1,1,0,0,-0.9516816739185228,1,2,1,0,0,0,0,0,2,0,1,2,0.6344178441444933,0.8919286654288593,1,1
0,1,0,0,-0.21871512695797646,1,2,1,0,0,2,0,0,2,0,0,1,0.7823177771592784,-0.92514403445305,1,1
1,0,0,0,-0.3408762181180675,1,2,1,0,0,0,0,2,2,0,1,2,0.9750862291785486,-1.1621508075854965,0,0
1,0,0,0,1.4915401492832983,1,0,1,0,2,2,2,2,2,1,1,0,1.3057838322116073,0.8180838479070268,1,0
0,0,1,0,0.5549717837226001,1,2,1,0,2,2,2,2,2,2,1,1,1.4669781412277214,0.36656797041409805,0,0
0,1,0,0,1.6137012404433893,1,2,1,2,2,2,2,0,2,2,1,0,1.4171242312227377,0.8726457441517935,0,1
1,0,1,0,-0.4223169455581282,1,0,1,0,0,2,0,2,2,0,1,1,0.9950277931805424,-2.547944487521694,1,0
0,1,1,0,1.5322605130033284,1,2,1,2,0,0,0,0,2,0,1,2,0.8670694241677506,0.7062055530410629,0,1
0,0,0,0,-1.2367242199587352,1,0,2,1,1,1,1,1,1,0,0,2,-1.491020519067978,0.5682880612919241,0,0
1,0,1,0,-0.055833672077855064,1,0,0,0,0,2,2,0,2,0,1,1,0.05445069108651675,-1.9096186108521698,0,0
0,1,1,0,0.9621754209229036,1,2,1,0,0,2,0,2,2,0,1,0,1.1927816362003112,0.5667871298112893,1,1
0,0,1,1,-0.6666391278783103,1,0,1,2,0,2,0,2,2,0,0,0,1.1944434332004772,0.30077508708833156,0,0
1,0,0,1,0.7992939660427822,1,2,2,1,1,1,1,1,1,2,0,1,-1.3015756610490399,0.30077508708833156,0,0
1,0,1,1,-0.7888002190384014,1,0,2,1,1,1,1,1,1,0,1,3,-1.4926823160681442,-0.8480608526610232,0,0
0,0,0,0,0.10704778280226633,1,0,2,1,1,1,1,1,1,1,0,3,-1.462769970065154,0.7874784030463383,0,0
0,0,0,0,1.0843365120829946,1,0,1,0,0,2,0,2,2,2,0,2,1.0315873271841969,0.5607607739824055,0,0
1,0,1,0,1.6137012404433893,1,0,1,0,0,2,0,2,2,0,1,2,0.9933659961803764,0.7446544261746385,0,0
0,1,1,0,1.369379058123207,1,2,0,0,2,2,0,2,2,2,1,0,0.5247392421335293,0.4746492258406276,1,1
0,0,1,0,0.6771328748826912,1,2,1,2,2,2,2,0,2,2,0,1,1.392197276220246,0.4533418282110443,0,0
0,0,0,0,-1.2367242199587352,1,0,0,0,0,0,0,0,0,0,1,3,-0.62854787598176,0.30077508708833156,0,0
1,1,0,0,-0.46303730927815856,1,2,1,0,2,2,0,2,2,0,1,2,1.3157546142126038,-1.2561474052449526,0,1
1,1,0,0,0.880734693482843,0,1,0,0,2,2,0,2,2,1,1,2,-0.3094828519498643,-0.45870190248034914,0,1
1,1,1,0,-0.3408762181180675,1,2,1,2,0,0,0,0,0,0,1,2,0.46823814412788106,0.30077508708833156,1,1
1,0,0,0,-1.2774445836787656,1,2,0,2,2,0,0,0,0,0,0,2,-0.12003799393092641,0.6486591658660624,0,0
1,0,0,0,-1.0738427650786138,1,0,1,2,2,0,0,0,0,0,1,2,0.47156173812821356,0.400484626807326,0,0
0,0,0,0,-1.2774445836787656,1,0,0,0,0,0,0,0,0,0,1,3,-0.6750781919864114,0.2282417419284325,1,0
1,0,0,1,0.6771328748826912,1,2,1,2,2,2,0,2,2,1,1,1,1.476948923228718,0.48056102879786855,0,0
0,0,1,1,0.9621754209229036,1,0,0,2,2,2,0,0,0,2,1,1,-0.1150526029304281,-0.20808863689132345,0,0
0,1,0,0,0.9621754209229036,1,2,1,2,2,0,0,0,2,0,1,2,1.0664850641876853,0.4633862238524258,0,1
0,0,1,1,-1.0738427650786138,0,1,0,0,2,2,2,0,0,2,0,3,-0.8046983579993692,-1.508649840568641,0,0
1,0,0,0,-0.015113308357824713,1,0,2,1,1,1,1,1,1,1,0,3,-1.4943441130683104,0.6431078601961446,0,0
1,0,1,1,0.7178532386027215,1,2,1,2,2,2,0,2,2,1,1,2,1.4453747802255617,0.509288756262384,0,0
1,0,1,1,1.0436161483629645,1,2,1,0,0,2,2,2,2,1,1,0,1.3390197722149297,0.6310671642364809,0,0
0,0,1,1,1.3286586944031769,1,2,0,2,2,2,2,2,2,2,1,3,0.8537750481664219,0.6203045210907716,0,0
0,0,0,0,1.2879383306831464,1,2,0,2,2,2,2,2,2,2,1,1,0.719169491152966,0.5130997784988828,0,0
0,0,1,0,1.369379058123207,1,2,0,2,2,2,0,0,0,2,0,0,0.07106866108817798,0.21509072029171655,0,0
1,0,1,0,0.22920887396235737,1,2,1,2,0,2,2,2,2,1,1,2,1.5268028332337018,0.2374709039957553,0,0
0,0,1,0,-0.5037576729981889,1,0,2,1,1,1,1,1,1,1,1,3,-1.4876969250676457,0.14752326810865646,0,0
1,0,0,0,0.14776814652229667,1,2,1,0,0,0,0,0,2,0,1,2,0.6693155811479823,-0.37825752703412424,1,0
1,1,0,0,1.2879383306831464,1,2,1,0,0,2,2,2,2,1,0,2,1.2409737492051283,0.7345450722534886,0,1
1,0,0,0,-1.2774445836787656,1,0,2,1,1,1,1,1,1,0,0,3,-1.479387940066815,-2.0556022350409986,1,0
0,0,0,0,1.125056875803025,1,0,0,0,2,2,2,2,0,1,1,1,0.179085466098976,0.16966340733064683,0,0
1,0,0,0,-1.2774445836787656,1,0,1,0,2,0,0,0,0,0,1,2,0.31867641411292996,0.8340776420462057,1,0
0,0,1,1,0.7178532386027215,1,2,0,2,2,2,2,0,2,1,1,0,0.5081212721318681,0.10075879878161578,0,0
1,0,0,0,-1.2774445836787656,1,2,0,0,0,2,2,0,0,0,0,3,-0.09012564792793624,0.6645858446750471,1,0
0,0,1,0,1.6137012404433893,0,1,0,2,2,2,0,0,2,2,1,2,-0.5172074769706297,-0.0860957567427423,0,0
1,0,1,0,1.125056875803025,1,0,2,1,1,1,1,1,1,2,1,0,-1.4710789550659844,0.30077508708833156,0,0
1,0,0,0,0.5549717837226001,0,1,0,2,0,2,2,0,0,2,0,3,-0.8811410200070108,0.30077508708833156,0,0
0,0,1,1,1.4915401492832983,0,1,0,0,2,2,0,2,2,2,1,1,-0.32610082195152557,-0.010536382427796111,0,0
1,1,0,0,-0.055833672077855064,1,2,1,0,0,2,2,2,0,0,1,0,1.0581760791868549,-0.5280678957025491,0,1
1,0,1,1,-0.5444780367182193,1,0,2,1,1,1,1,1,1,1,0,3,-1.491020519067978,-0.091303302372367,0,0
0,0,1,1,1.5729808767233588,1,0,2,1,1,1,1,1,1,2,0,1,-1.491020519067978,0.30077508708833156,0,0
1,0,1,0,-0.8295205827584317,1,0,1,2,2,2,0,0,0,0,1,2,0.6593447991469852,0.9923992776190915,0,0
1,0,1,1,0.26992923768238775,1,0,0,2,0,2,2,2,2,1,0,1,0.5064594751317021,-0.301655267008563,1,0
1,0,0,0,0.47353105628253944,1,2,0,0,2,2,2,2,2,1,1,0,0.6809481601491449,-0.034362951993237766,0,0
0,0,1,1,0.9621754209229036,1,2,0,2,2,2,2,2,0,2,0,1,0.5480044001358552,0.30175453243484845,0,0
0,0,1,0,1.6137012404433893,1,2,1,2,2,2,2,2,2,2,1,0,1.6863353452496495,0.9275304974877991,0,0
1,0,0,0,-1.1145631287986442,1,2,1,0,2,2,0,2,2,0,0,3,1.3074456292117733,0.505463154554997,1,0
0,0,0,0,-0.8702409464784621,1,2,1,2,0,0,0,0,0,0,1,0,0.4732235351283796,0.9773696240104572,0,0
1,1,1,0,-0.3408762181180675,0,1,0,2,0,0,0,0,2,0,0,0,-0.8528904710041867,0.9970989344131034,1,1
0,1,1,0,-0.7073594915983407,1,0,1,0,2,0,0,2,2,0,1,2,0.9933659961803764,0.30077508708833156,0,1
1,0,0,0,1.6137012404433893,1,0,2,1,1,1,1,1,1,2,1,3,-1.461108173064988,0.30077508708833156,0,0
1,0,1,0,0.9621754209229036,1,2,0,0,2,2,0,0,0,2,0,1,-0.17487729493640844,-0.18616309963957853,0,0
1,1,0,0,1.2879383306831464,1,0,2,1,1,1,1,1,1,2,1,0,-1.4860351280674797,0.30077508708833156,0,1
0,0,1,0,0.06632741908223598,1,2,1,0,0,2,0,2,2,0,1,2,1.1861344481996465,-0.17285715543954078,0,0
1,0,0,0,-1.2367242199587352,1,2,1,0,0,0,0,0,0,0,1,2,0.39013368512007346,0.30077508708833156,1,0
1,0,0,0,0.10704778280226633,1,0,2,1,1,1,1,1,1,1,0,0,-1.4677553610656522,0.8507246818630017,0,0
1,0,0,0,-0.4223169455581282,1,0,2,1,1,1,1,1,1,1,0,1,-1.477726143066649,0.3118840999707964,0,0
1,0,0,0,-1.1145631287986442,1,0,0,0,0,0,2,0,0,0,1,2,-0.5172074769706297,-1.5328778691597509,1,0
1,0,0,0,-0.9516816739185228,0,1,0,2,2,2,0,0,0,1,0,3,-0.8379342980026917,-0.024547004083890104,0,0
1,0,0,0,-0.8702409464784621,1,2,2,1,1,1,1,1,1,0,0,1,-1.38300371405718,-0.9467441585093874,1,0
1,0,0,0,-0.38159658183809786,1,0,2,1,1,1,1,1,1,1,0,3,-1.4727407520661506,0.35586780875914914,0,0
0,0,1,1,-1.1552834925186746,1,0,1,0,0,0,0,0,2,0,0,2,0.534710024134526,-0.41046098351315324,1,0
1,0,1,0,1.4508197855632678,1,2,2,1,1,1,1,1,1,2,0,0,-1.3132082400502028,0.30077508708833156,0,0
1,0,1,0,0.025607055362205634,1,0,1,0,0,0,0,2,2,0,0,2,0.8803638001690798,-0.46121812233269766,0,0
1,0,0,0,-0.055833672077855064,1,0,0,2,2,2,2,2,0,0,1,0,0.25552812810661757,-1.5501936643562426,0,0
1,0,0,0,-1.2774445836787656,1,2,0,0,2,0,2,0,0,0,0,3,-0.1549357309344149,0.6288109507684296,1,0
0,0,0,0,0.9621754209229036,1,0,2,1,1,1,1,1,1,2,0,0,-1.4976677070686424,0.30077508708833156,0,0
1,0,0,0,-1.2774445836787656,1,0,1,0,0,0,0,2,0,0,1,2,0.47156173812821356,0.8781617635833145,1,0
1,0,1,1,1.369379058123207,1,0,0,2,2,2,2,2,0,1,1,2,0.3436033691154218,0.4208521779218202,0,0
1,0,1,1,1.6137012404433893,1,2,2,1,1,1,1,1,1,2,0,0,-1.3215172250510334,0.30077508708833156,0,0
1,1,0,0,0.06632741908223598,1,0,1,0,0,0,0,0,0,0,0,1,0.14584952609565352,-1.246892626502099,0,1
0,0,1,1,1.0436161483629645,1,0,1,0,2,2,0,2,0,0,1,2,0.8903345821700764,0.5303834944082236,0,0
1,0,0,0,-1.2367242199587352,1,0,0,0,0,0,0,0,0,0,1,2,-0.6518130339840859,0.9996353898438692,1,0
1,0,0,0,0.18848851024232702,0,1,0,0,0,0,0,2,0,2,0,1,-0.9625690730151509,0.30077508708833156,0,0
0,0,0,0,1.5729808767233588,1,2,1,2,2,2,2,2,2,2,1,1,1.608230886241842,0.899280422984426,0,0
1,0,1,1,-1.2774445836787656,1,0,2,1,1,1,1,1,1,1,0,1,-1.4926823160681442,-2.7414742900176625,0,0
1,1,1,1,1.5729808767233588,1,0,2,1,1,1,1,1,1,2,0,1,-1.4943441130683104,0.30077508708833156,0,1
1,0,1,1,0.10704778280226633,1,0,2,1,1,1,1,1,1,1,0,2,-1.491020519067978,0.730982514750205,0,0
0,0,1,1,-1.0738427650786138,1,0,2,1,1,1,1,1,1,1,0,3,-1.4976677070686424,0.9839234233123534,0,0
0,0,0,0,-1.1960038562387048,1,0,1,0,0,0,0,2,0,0,1,2,0.48651791112970877,-0.9660347396487265,1,0
0,0,1,1,1.4915401492832983,1,0,0,0,2,2,2,0,0,1,0,0,-0.18817167093773737,0.1332587759464537,0,0
1,0,0,0,0.47353105628253944,0,1,0,0,2,2,0,2,2,1,1,3,-0.35933676195484804,-1.0746832460581381,1,0
0,0,1,0,0.8400143297628127,1,2,1,0,0,0,2,0,2,1,1,2,0.8770402061687477,0.3709623500301139,0,0
0,0,1,0,-0.3408762181180675,1,0,1,0,2,2,0,2,2,0,1,1,1.1479131171958254,-0.9786352667236672,1,0
0,0,1,0,-1.1145631287986442,1,0,1,0,0,0,0,0,0,0,1,2,0.13920233809498894,-0.12073856956000881,0,0
0,0,0,1,-1.2367242199587352,1,0,0,0,2,0,0,0,0,0,0,3,-0.43910301796282214,0.30077508708833156,0,0
1,0,0,1,1.2064976032430856,1,2,2,1,1,1,1,1,1,2,1,3,-1.341458789053027,0.30077508708833156,0,0
0,0,1,0,-0.5444780367182193,1,0,1,0,0,2,0,2,2,0,1,2,1.0648232671875193,0.30077508708833156,0,0
1,0,0,0,-0.9516816739185228,1,0,1,0,0,0,0,0,0,0,0,3,0.17576187209864347,0.7191867962936207,0,0
1,0,0,0,0.8400143297628127,1,0,2,1,1,1,1,1,1,2,0,1,-1.504314895069307,0.30077508708833156,0,0
1,0,0,0,-1.1145631287986442,1,0,1,0,0,0,0,0,2,0,0,3,0.464914550127549,0.1790040099761858,0,0
0,1,1,1,1.5729808767233588,1,2,0,2,2,0,0,2,0,1,0,2,0.14751132309581955,0.4096662432284885,0,1
0,0,0,0,-1.2774445836787656,1,0,2,1,1,1,1,1,1,0,1,3,-1.502653098069141,-2.7920048515792057,0,0
1,0,0,0,-0.5851984004382496,1,2,1,0,2,0,0,0,0,0,1,2,0.5280628361338618,0.30077508708833156,1,0
1,0,0,0,1.6137012404433893,1,2,1,0,2,2,0,2,2,2,1,2,1.2924894562102784,0.8626395798282915,0,0
0,0,1,0,-1.1552834925186746,1,0,0,2,2,0,0,0,0,0,0,3,-0.33440980695235617,-1.1174610097269349,0,0
1,0,0,0,1.0843365120829946,1,2,0,0,0,2,0,0,0,2,0,1,-0.35268957395418365,-0.34406655944273856,0,0
0,0,0,0,-1.2774445836787656,1,0,1,0,0,0,0,0,0,0,0,3,0.21065960910213194,0.7982614309483564,1,0
0,1,1,0,-0.055833672077855064,1,2,1,0,0,0,0,0,2,0,1,2,0.6676537841478158,-0.7281870040135806,0,1
1,0,1,0,-1.1960038562387048,1,0,2,1,1,1,1,1,1,0,0,0,-1.4876969250676457,0.38403080001014156,0,0
0,1,1,0,1.3286586944031769,1,2,1,0,2,2,0,2,2,1,1,2,1.3789029002189168,0.7797391101220921,1,1
1,0,1,0,0.6771328748826912,1,0,1,0,0,2,2,2,2,1,1,1,1.1462513201956595,0.39586201057966247,0,0
1,0,0,0,-1.2367242199587352,1,0,2,1,1,1,1,1,1,0,0,3,-1.5093002860698053,0.29546956470692676,0,0
0,0,1,0,0.8400143297628127,1,0,2,1,1,1,1,1,1,1,0,0,-1.461108173064988,0.30077508708833156,1,0
0,0,1,0,0.9214550572028734,1,0,1,2,0,0,0,2,2,1,1,2,0.9966895901807084,0.47760949598966196,0,0
1,0,1,1,1.6137012404433893,1,2,1,2,2,2,2,2,2,2,1,1,1.638143232244832,0.9237535549998002,0,0
0,1,0,0,0.14776814652229667,1,2,1,0,0,0,0,0,0,0,1,0,0.33695618111475767,-0.695813521211273,0,1
0,0,1,1,-0.9109613101984924,1,0,2,1,1,1,1,1,1,0,1,0,-1.4943441130683104,-2.2615580208489225,0,0
1,1,0,0,-1.2774445836787656,1,2,1,0,0,0,0,2,2,0,1,2,0.9717626351782166,0.9833293950944078,1,1
0,0,1,1,1.6137012404433893,1,2,0,2,2,2,2,0,2,2,0,0,0.534710024134526,0.5969690313015229,0,0
0,0,0,0,-0.1779947632379461,1,0,0,0,2,0,2,0,0,0,0,0,-0.33607160395252245,0.30077508708833156,0,0
1,0,1,0,0.22920887396235737,1,2,1,2,0,0,0,2,0,0,0,0,0.895319973170575,-0.13821662956883823,0,0
0,0,0,0,1.1657772395230555,1,2,1,2,2,2,2,2,2,1,1,2,1.789366759259949,0.8299299463490263,0,0
1,0,1,1,0.7992939660427822,1,2,2,1,1,1,1,1,1,2,0,3,-1.3364733980525287,0.30077508708833156,0,0
1,0,0,0,1.4100994218432374,1,0,2,1,1,1,1,1,1,1,1,3,-1.505976692069473,0.30077508708833156,0,0
0,0,0,1,0.06632741908223598,1,2,1,2,2,2,2,2,2,2,1,1,1.7079387062518092,0.05821511389583901,0,0
0,0,0,0,0.880734693482843,1,0,0,2,0,2,2,2,2,2,0,2,0.5264010391336954,0.1913239597409151,0,0
0,0,1,0,-1.2774445836787656,1,0,2,1,1,1,1,1,1,0,1,0,-1.477726143066649,-2.051474522669158,0,0
0,1,0,0,-0.7073594915983407,1,2,1,0,2,0,0,0,2,0,0,2,0.8338334841644282,0.30077508708833156,1,1
0,0,0,0,-1.1552834925186746,1,0,0,0,0,0,0,0,0,0,1,3,-0.6235624849812617,-2.463624146851804,1,0
0,0,0,0,-0.9516816739185228,1,0,0,0,2,0,2,2,0,0,0,3,0.04946530008601819,0.665947031625132,1,0
0,0,0,1,0.5549717837226001,1,0,1,0,2,2,0,2,2,0,1,2,1.1645310871974868,0.22274783861460523,0,0
0,0,0,0,-0.4223169455581282,1,2,1,0,0,0,2,2,0,0,1,2,0.8388188751649267,-2.0849833658900807,1,0
1,0,0,0,0.22920887396235737,1,0,1,0,0,0,0,0,0,1,1,0,0.18905624809997262,-0.7673302753932874,1,0
0,0,1,1,0.9214550572028734,1,2,0,2,2,0,2,2,0,1,1,1,0.3402797751150897,0.16518464873605246,0,0
0,0,0,0,-1.2774445836787656,1,0,2,1,1,1,1,1,1,0,0,3,-1.491020519067978,-2.7332953080327056,0,0
1,1,1,0,1.2879383306831464,1,0,1,2,0,2,0,0,0,1,0,1,0.5164302571326987,0.4218944724892448,0,1
1,0,0,1,0.8400143297628127,1,0,2,1,1,1,1,1,1,2,0,0,-1.4960059100684764,0.30077508708833156,1,0
0,0,1,0,1.0436161483629645,1,2,0,2,0,2,2,2,2,2,1,2,0.6493740171459885,0.3926491739427627,0,0
1,0,1,0,0.9621754209229036,0,1,0,0,0,2,2,2,2,1,1,0,-0.35601316795451593,-0.4671140416003454,0,0
1,0,1,1,1.6137012404433893,1,0,1,2,0,2,2,2,2,2,1,1,1.3340343812144315,0.8543366153087676,0,0
1,0,0,0,-1.2774445836787656,1,0,0,2,0,0,2,0,0,0,1,2,-0.35933676195484804,0.48415666723439854,1,0
1,1,1,0,1.6137012404433893,1,2,1,0,2,0,0,2,2,1,1,1,1.0797794401890146,0.8053860567254577,0,1
1,0,0,0,-0.4223169455581282,1,2,1,0,0,0,0,0,2,0,0,2,0.6078290921418354,0.30077508708833156,0,0
0,1,0,0,-0.9924020376385531,1,2,1,0,2,2,0,2,2,0,1,2,1.3539759452164248,0.9243840368915871,1,1
0,0,0,1,-0.6666391278783103,1,0,1,0,0,0,0,2,0,0,1,2,0.5396954151350245,0.30077508708833156,1,0
0,0,0,0,0.26992923768238775,0,1,0,0,2,2,2,0,0,0,0,0,-0.7864185909975417,0.30077508708833156,0,0
0,0,0,0,-0.8295205827584317,1,0,0,0,0,0,0,0,0,0,1,0,-0.6567984249845842,0.4703577496170139,0,0
1,0,1,0,0.880734693482843,1,0,0,2,2,0,0,2,2,2,1,0,0.32532360211359457,0.15933211181204682,0,0
0,0,0,0,-0.5851984004382496,0,1,0,2,2,0,2,0,0,1,1,3,-0.8163309370005319,0.8015925741343253,0,0
1,0,1,0,-0.015113308357824713,1,0,0,2,2,0,2,0,2,1,0,3,0.19071804510013865,-1.404191023622746,0,0
0,0,0,0,0.35136996512244845,1,0,2,1,1,1,1,1,1,1,1,3,-1.4960059100684764,0.9063646348063826,0,0
1,0,1,1,1.4100994218432374,1,2,2,1,1,1,1,1,1,2,0,0,-1.3331498040521963,0.30077508708833156,0,0
1,0,1,0,1.3286586944031769,1,2,1,2,0,2,0,2,2,0,1,2,1.3124310202122718,0.7546626030406892,0,0
0,0,0,0,-0.30015585439803716,1,2,0,2,2,2,2,2,0,0,1,0,0.4516201741262198,-4.418332751247885,0,0
0,0,1,1,-1.2774445836787656,1,0,1,0,0,0,0,0,0,0,1,2,0.16745288709781284,0.7709602045536917,1,0
0,0,1,0,1.4100994218432374,1,2,1,0,2,2,2,2,2,1,1,1,1.4935668932303794,0.8278496293434707,0,0
1,1,0,0,-1.0331224013585834,1,2,1,0,0,0,0,0,0,0,0,3,0.29873485011093664,0.5143668985323118,1,1
0,1,0,0,0.43281069256250915,0,1,0,2,2,0,0,0,0,0,1,1,-1.0406735320229585,0.30077508708833156,0,1
0,0,0,0,-0.3408762181180675,1,0,1,2,0,0,0,2,2,0,1,2,0.9917041991802098,-1.2250244826710717,0,0
1,1,0,0,-0.9516816739185228,1,2,0,2,0,0,0,0,0,0,0,2,-0.3393951979528547,0.39977484445120265,1,1
1,0,1,1,1.4915401492832983,1,0,2,1,1,1,1,1,1,2,0,0,-1.481049737066981,0.30077508708833156,0,0
0,0,0,1,0.18848851024232702,1,0,2,1,1,1,1,1,1,1,0,0,-1.477726143066649,0.8525322793429003,0,0
1,0,1,1,-0.5037576729981889,0,1,0,2,0,2,2,0,0,2,1,1,-0.84291968900319,0.9210168640299529,0,0
1,0,0,0,-1.0331224013585834,1,0,1,0,0,0,0,0,0,0,0,0,0.14584952609565352,0.3771548496800873,0,0
0,1,0,0,0.18848851024232702,1,2,1,0,0,0,0,0,0,0,1,2,0.3818247001192428,-0.5507700311670342,1,1
0,0,0,0,-1.1145631287986442,1,2,1,0,0,0,0,2,2,0,1,3,0.9684390411778845,0.369499701395131,1,0
1,0,0,0,0.35136996512244845,0,1,0,0,0,2,0,2,2,1,1,2,-0.44575020596348647,-1.7451884515449108,0,0
0,0,0,0,0.880734693482843,1,0,1,2,2,0,0,2,2,1,1,1,1.1728400721983174,0.4825238886723754,0,0
0,1,0,0,-1.1960038562387048,1,0,1,0,0,0,0,0,0,0,1,2,0.1873944510998066,-1.8273142806330032,1,1
1,1,0,0,1.4915401492832983,1,0,2,1,1,1,1,1,1,2,0,1,-1.477726143066649,0.30077508708833156,0,1
0,0,0,0,0.8400143297628127,1,0,1,0,2,2,2,0,2,1,1,1,0.9867188081797118,0.43019394889403706,0,0
1,0,1,1,-0.5851984004382496,0,1,0,0,2,2,0,2,0,1,0,1,-0.6102681089799328,0.912123710493519,0,0
1,0,1,0,1.2879383306831464,1,0,1,2,2,0,2,2,2,2,1,1,1.3057838322116073,0.7258710291174978,0,0
0,0,1,1,-0.055833672077855064,1,2,1,0,2,0,0,0,2,0,1,2,0.8770402061687477,-0.4371558685324971,1,0
0,0,0,0,-0.5037576729981889,0,1,0,0,0,0,0,0,0,0,0,1,-1.3248408190513656,0.43191437037679475,0,0
1,0,1,1,1.002895784642934,1,0,0,2,2,0,2,0,0,1,0,3,-0.17155370093607614,-0.12133620344263768,0,0
1,1,1,0,1.247217966963116,1,2,1,2,2,2,0,2,2,2,0,1,1.4536837652263923,0.7814372059979682,0,1
1,0,1,1,-0.7888002190384014,0,1,0,2,2,0,2,0,0,2,0,3,-0.8046983579993692,0.6105756078753098,0,0
0,1,1,0,0.6364125111626608,1,0,0,0,2,0,0,0,2,1,1,0,-0.1931570619382357,-0.592979677847165,0,1
0,0,0,0,-1.2367242199587352,1,0,1,0,0,0,0,0,0,0,1,2,0.20567421810163386,0.30077508708833156,1,0
1,0,1,1,1.002895784642934,1,0,2,1,1,1,1,1,1,2,0,3,-1.462769970065154,0.30077508708833156,0,0
1,0,1,0,1.5729808767233588,1,2,1,0,2,2,2,2,2,1,1,0,1.608230886241842,0.8960436611313906,0,0
0,0,1,1,-1.0331224013585834,1,2,0,0,0,0,0,0,0,0,0,2,-0.5305018529719588,-0.13155100991438634,0,0
0,0,0,0,-0.6666391278783103,1,2,0,0,0,0,0,0,2,0,1,0,-0.056889707924613786,0.30077508708833156,0,0
1,0,1,0,0.06632741908223598,1,2,1,0,0,2,0,2,2,0,0,2,1.1994288242009752,-0.11300165744649654,0,0
0,0,1,0,0.18848851024232702,1,2,1,0,0,2,0,2,2,0,1,2,1.15456030519649,-0.015364030909703045,1,0
1,0,0,0,-0.6666391278783103,1,2,1,0,2,0,0,0,0,0,1,3,0.5247392421335293,0.30077508708833156,0,0
1,0,0,1,0.6364125111626608,1,2,0,2,2,2,0,0,0,1,1,0,-0.012021188920128179,-0.3985585870530072,0,0
1,0,1,1,1.0436161483629645,1,0,0,0,2,0,2,2,2,1,1,1,0.3469269631157543,0.19438037660710145,0,0
0,0,1,0,1.6137012404433893,1,2,0,2,0,2,2,2,2,2,1,0,0.6693155811479823,0.64143644133776,0,0
0,0,0,0,-1.0331224013585834,1,0,2,1,1,1,1,1,1,0,0,3,-1.5109620830699715,0.30077508708833156,0,0
0,0,0,0,0.22920887396235737,1,0,1,2,2,2,0,0,0,0,1,1,0.6360796411446599,-0.26994606444114266,1,0
0,1,1,0,0.6364125111626608,1,2,1,2,2,2,2,2,2,0,0,2,1.7511454282561285,0.5118310508349986,1,1
1,0,0,0,-0.9109613101984924,1,0,1,2,2,2,0,2,2,0,1,2,1.3174164112127704,0.30077508708833156,1,0
0,0,0,0,-0.0965540357978854,1,0,0,2,2,2,2,2,0,1,0,1,0.32864719611392706,-1.1896078396811156,0,0
1,0,1,0,-0.055833672077855064,1,2,0,0,0,0,0,2,0,0,1,1,-0.18983346793790365,-3.0689035486653724,0,0
0,1,0,0,0.5549717837226001,1,2,0,0,0,2,2,0,2,1,1,1,0.14418772909548702,-0.2541193049964498,0,1
1,0,1,0,0.7178532386027215,1,0,2,1,1,1,1,1,1,2,0,3,-1.4694171580658184,0.30077508708833156,0,0
1,0,1,0,-0.1779947632379461,1,0,1,0,0,0,2,0,0,0,0,0,0.39179548212023946,-1.7759823529482004,0,0
0,0,0,0,1.369379058123207,0,1,0,2,2,2,2,2,2,2,1,0,-0.07516947492644105,0.13464813764346834,0,0
1,1,0,0,-0.9924020376385531,0,1,0,0,0,2,0,0,0,0,1,2,-1.1752790890364146,-1.3786449627659398,1,1
0,0,1,1,0.35136996512244845,1,0,1,0,0,2,0,2,2,0,1,0,1.001674981181207,0.01847003172204923,0,0
1,1,1,0,1.6137012404433893,1,2,1,0,2,2,2,2,2,2,1,0,1.5583769762368582,0.9037943606824443,0,1
0,0,0,0,-1.0331224013585834,1,0,2,1,1,1,1,1,1,1,0,3,-1.491020519067978,0.30077508708833156,0,0
0,0,1,1,0.22920887396235737,1,0,2,1,1,1,1,1,1,0,0,3,-1.4727407520661506,0.8803596800463123,0,0
1,0,0,0,0.47353105628253944,1,0,1,2,2,2,0,2,2,1,1,2,1.3722557122182522,0.2679038210464123,0,0
1,0,1,1,0.5956921474426305,1,2,1,2,2,2,2,2,2,1,1,0,1.6182016682428386,0.4883894567193118,0,0
1,0,1,1,0.8400143297628127,1,0,1,0,2,0,2,2,0,0,1,2,0.9235705221733989,0.3465507349027506,0,0
1,0,1,0,-1.1552834925186746,1,2,0,0,0,2,0,2,0,0,0,2,0.0278619390838584,-0.8693046072286981,0,0
1,1,0,0,-0.5037576729981889,1,2,1,0,0,0,0,2,0,0,1,2,0.6510358141461546,0.30077508708833156,0,1
1,0,0,0,-1.2367242199587352,1,0,0,0,0,0,0,0,0,0,0,3,-0.6684310039857471,0.8354563930944903,1,0
1,1,1,0,1.002895784642934,1,2,0,0,2,2,0,2,0,1,1,1,0.21065960910213194,0.13788249442327588,0,1
0,1,1,0,0.47353105628253944,1,0,1,2,2,0,2,0,0,0,1,2,0.677624566148813,-0.04982633542914909,0,1
1,0,0,0,-0.3408762181180675,1,0,0,0,0,2,0,0,0,0,1,3,-0.5005895069689685,0.30077508708833156,0,0
1,0,1,1,-0.7073594915983407,0,1,0,2,0,0,0,0,0,0,1,0,-1.1486903370337564,0.3199914220800488,0,0
0,0,0,0,-1.1960038562387048,0,1,0,0,0,0,0,0,0,0,0,2,-1.3132082400502028,0.5922944399120915,1,0
0,0,0,1,-1.1552834925186746,1,2,1,0,2,2,0,0,0,0,0,0,0.641065032145158,-0.2172584144751911,1,0
1,1,1,0,0.18848851024232702,1,2,1,0,0,0,0,2,0,0,1,2,0.6959043331506402,-0.309561780174105,1,1
0,0,0,0,-1.2774445836787656,1,0,1,0,2,0,0,0,0,0,1,2,0.3303089931140931,0.8352267332233922,1,0
0,0,0,0,-0.3408762181180675,1,0,0,2,0,0,2,0,0,0,0,1,-0.27957050594687416,0.30077508708833156,0,0
0,0,0,0,-1.1145631287986442,1,2,1,0,2,0,0,2,0,0,1,2,0.8654076271675846,0.28477328109171285,1,0
0,0,0,0,0.025607055362205634,1,2,1,0,2,2,0,2,2,0,0,2,1.422109622223236,-0.060457202086410866,0,0
0,0,1,1,1.0436161483629645,1,0,2,1,1,1,1,1,1,2,1,3,-1.4926823160681442,0.30077508708833156,0,0
0,0,1,1,1.6137012404433893,1,2,1,2,2,0,0,2,0,2,1,0,1.0349109211845293,0.7775515983885362,0,0
0,0,1,0,1.5729808767233588,1,2,2,1,1,1,1,1,1,2,0,3,-1.3597385560548543,0.30077508708833156,0,0
0,1,0,0,-0.1779947632379461,1,2,1,0,2,2,0,2,2,0,1,2,1.3755793062185846,-0.3211749192028155,1,1
1,0,1,0,0.758573602322752,1,0,0,2,2,2,2,2,2,2,1,1,0.6344178441444933,0.19612271544097779,0,0
0,0,0,0,-0.0965540357978854,1,0,0,2,2,2,2,2,2,1,0,0,0.684271754149477,-0.8394429251922925,1,0
1,1,1,0,1.6137012404433893,1,0,1,2,2,0,2,0,0,2,1,1,0.6659919871476498,0.6569287667352897,0,1
1,1,0,0,0.14776814652229667,1,2,1,2,0,0,0,2,0,0,1,2,0.8670694241677506,-0.29879560015461437,1,1
1,0,0,1,-0.748079855318371,1,0,0,2,2,2,2,0,2,2,0,0,0.37683930911874425,0.30077508708833156,0,0
0,0,1,1,1.6137012404433893,1,2,0,2,2,0,2,2,0,2,0,3,0.32532360211359457,0.5089705145108756,0,0
0,0,1,1,-0.4223169455581282,0,1,0,0,2,0,0,2,0,0,0,2,-0.8495668770038544,0.9400182624759252,0,0
0,0,0,0,-1.2367242199587352,1,2,1,0,2,0,0,0,0,0,0,2,0.4915033021302069,0.30077508708833156,0,0
0,0,0,0,-0.7073594915983407,1,0,2,1,1,1,1,1,1,0,0,3,-1.5009913010689746,-0.43961838761561794,0,0
1,0,1,1,0.758573602322752,1,0,2,1,1,1,1,1,1,2,0,1,-1.502653098069141,0.30077508708833156,0,0
1,0,1,0,1.5322605130033284,0,1,0,2,0,2,2,0,0,2,1,1,-0.8512286740040206,-0.6634267731948115,0,0
0,0,1,1,1.5729808767233588,1,0,2,1,1,1,1,1,1,2,0,0,-1.4843733310673135,0.30077508708833156,0,0
0,0,1,1,0.26992923768238775,1,2,1,0,0,0,2,2,2,0,1,1,1.1695164781979852,-0.013752223785032058,0,0
0,0,1,1,1.1657772395230555,1,2,0,2,2,0,0,0,0,0,0,2,-0.16490651293541178,-0.06158284328759591,0,0
0,0,0,0,0.7992939660427822,1,0,0,2,0,0,0,0,0,0,1,0,-0.4989277099688025,-0.8357721423771178,0,0
0,0,0,0,-1.2774445836787656,0,1,0,0,0,0,0,2,0,0,1,2,-0.9642308700153169,-0.12613017620008074,1,0
1,0,1,0,1.2879383306831464,1,2,1,2,0,2,2,2,2,1,1,3,1.4536837652263923,0.7653108401538892,0,0
1,0,1,0,1.2064976032430856,1,0,0,0,2,2,2,0,0,2,1,1,-0.15327393393424887,-0.01805616275349771,0,0
1,0,1,0,-0.0965540357978854,1,0,2,1,1,1,1,1,1,2,0,3,-1.5192710680708021,0.6906677429212303,0,0
0,1,1,1,-1.1552834925186746,1,0,0,0,0,0,0,0,0,0,0,2,-0.6235624849812617,0.30077508708833156,1,1
1,1,1,0,1.247217966963116,1,0,0,2,2,2,2,2,2,1,1,0,0.6394032351449919,0.4903370253715064,0,1
0,0,0,0,-1.2774445836787656,1,0,0,0,0,0,0,0,0,0,1,1,-0.6717545979860794,0.22866310233029602,0,0
1,0,1,0,-0.7073594915983407,1,2,1,0,0,2,2,2,2,0,1,2,1.285842268209614,0.30077508708833156,0,0
1,0,1,1,-0.21871512695797646,1,0,1,2,2,0,0,0,0,1,1,1,0.5280628361338618,-1.3870880122605123,0,0
0,0,0,1,-1.1552834925186746,0,1,0,2,2,2,0,2,2,0,1,3,-0.25131995694405,-1.3394861183590516,0,0
0,0,1,0,1.6137012404433893,1,2,1,2,2,2,0,2,2,2,1,2,1.5284646302338678,0.8733092752476374,0,0
1,1,1,0,0.5142514200025698,1,2,2,1,1,1,1,1,1,1,0,1,-1.33148800705203,0.30077508708833156,0,1
0,1,0,0,0.5142514200025698,1,2,1,2,2,0,2,2,0,0,1,2,1.07313225218835,0.22020197489393672,0,1
0,0,0,0,0.14776814652229667,1,0,0,2,2,2,2,2,0,1,1,3,0.3851482941195749,-0.7559892673763534,0,0
1,0,1,1,-0.62591876415828,1,0,1,2,0,2,0,2,0,0,1,2,0.8188773111629334,0.30077508708833156,1,0
1,0,0,0,-1.2774445836787656,1,0,2,1,1,1,1,1,1,0,0,3,-1.5242564590713006,0.30077508708833156,0,0
1,1,0,0,-0.6666391278783103,1,2,1,0,0,0,0,0,0,0,1,0,0.32200000811326246,0.30077508708833156,0,1
1,0,0,0,-1.1960038562387048,1,0,2,1,1,1,1,1,1,0,1,3,-1.4943441130683104,0.5914155160836089,1,0
1,0,1,1,-1.1552834925186746,1,2,0,0,0,0,0,0,0,0,1,2,-0.4607063789649817,-1.2979178089047099,1,0
0,0,1,0,1.5729808767233588,1,0,0,2,2,2,2,2,2,2,1,1,0.6526976111463211,0.6225799868287247,0,0
1,0,1,1,-0.9109613101984924,1,2,2,1,1,1,1,1,1,0,1,3,-1.341458789053027,-0.8406695199487374,0,0
1,0,1,1,-0.5037576729981889,1,0,2,1,1,1,1,1,1,2,0,3,-1.4860351280674797,0.08093477379609837,0,0
1,0,0,0,-1.1552834925186746,1,0,1,0,0,0,0,2,0,0,1,2,0.5396954151350245,-0.1791712433344463,1,0
1,0,0,0,-0.2594354906780068,1,2,1,0,0,2,0,2,2,0,1,2,1.116338974192669,-0.8505368206872227,1,0
0,0,0,0,-1.1552834925186746,1,0,0,0,0,0,0,2,0,0,0,1,-0.3078210549496983,-1.2598734329234378,0,0
1,0,0,0,-1.1145631287986442,0,1,0,0,2,0,0,2,2,0,1,3,-0.4573827849646494,-0.3867961929046917,1,0
0,0,1,0,-1.1552834925186746,1,2,1,0,2,0,0,2,0,0,1,2,0.893658176170409,-0.057087860982258036,1,0
1,1,1,0,-0.13727439951791576,1,2,1,0,0,0,0,0,2,0,1,2,0.6493740171459885,-1.1014032507377434,0,1
1,0,0,0,-1.2367242199587352,1,0,1,2,2,0,0,2,2,0,0,2,1.1778254631988159,-2.1693784198239228,0,0
0,0,0,0,-0.13727439951791576,1,0,2,1,1,1,1,1,1,2,0,3,-1.5076384890696393,0.5362854793217728,0,0
1,0,0,1,-1.2774445836787656,1,0,1,0,0,0,0,2,2,0,1,2,0.8670694241677506,0.9651407715572877,1,0
1,0,0,0,-1.2774445836787656,1,0,1,0,0,0,0,0,0,0,0,3,0.15415851109648415,0.769244208847041,1,0
0,1,0,0,-0.9924020376385531,1,0,1,0,0,2,0,2,2,0,1,1,0.9867188081797118,0.8386661054701261,1,1
1,0,0,0,-0.7888002190384014,1,0,2,1,1,1,1,1,1,0,1,2,-1.4744025490663168,-0.8617551726977468,0,0
0,0,1,0,1.0843365120829946,1,2,1,2,2,0,0,2,0,0,1,2,0.9966895901807084,0.5464542271580461,0,0
0,0,1,1,-1.2774445836787656,1,0,2,1,1,1,1,1,1,0,1,1,-1.4827115340671475,-2.0639091281602373,1,0
1,1,0,0,0.7178532386027215,1,2,1,0,0,0,0,2,2,0,1,2,1.0282637331838649,0.3569800465224954,1,1
1,0,1,0,-0.5851984004382496,1,0,0,0,0,0,0,0,0,0,1,0,-0.6784017859867437,0.8659861050874358,0,0
0,0,1,1,-0.62591876415828,1,0,0,2,2,0,0,2,2,0,0,3,0.32532360211359457,0.30077508708833156,0,0
1,0,1,0,0.5956921474426305,1,0,0,0,2,2,0,2,2,2,0,2,0.2937494591104381,-0.11418806236938743,0,0
0,0,0,0,-0.2594354906780068,1,2,1,0,0,0,0,0,0,0,1,0,0.3386179781149237,-4.666323250061553,1,0
0,0,0,0,-1.0738427650786138,0,1,0,0,0,2,0,2,2,0,1,2,-0.5587524019747828,-0.3883565412984595,1,0
1,0,1,1,-0.5444780367182193,1,2,0,0,0,0,0,0,0,0,0,1,-0.48729513096763954,0.9693676052819886,0,0
0,0,0,0,-1.1960038562387048,1,2,0,0,0,0,2,2,0,0,1,2,-0.03860994092278629,0.30077508708833156,1,0
0,1,1,1,1.4508197855632678,0,1,0,0,2,2,0,2,2,2,1,2,-0.39091090495800446,-0.05261299316230552,0,1
0,0,1,0,-1.2367242199587352,1,0,2,1,1,1,1,1,1,0,0,0,-1.4926823160681442,0.457371701315813,0,0
1,0,0,0,-1.0331224013585834,0,1,0,0,0,0,0,0,0,1,1,1,-1.343120586053193,0.30077508708833156,0,0
0,0,0,0,-0.5851984004382496,1,0,2,1,1,1,1,1,1,0,1,3,-1.502653098069141,0.037520528716755534,0,0
0,0,1,0,1.5729808767233588,1,2,2,1,1,1,1,1,1,2,0,1,-1.3198554280508674,-3.1898744584856784,0,0
1,1,1,0,-0.7888002190384014,1,2,1,2,2,0,0,0,2,0,0,1,0.9651154471775519,0.30077508708833156,0,1
1,0,0,0,-1.1960038562387048,0,1,0,0,2,0,2,0,0,0,1,3,-0.9276713360116622,0.30077508708833156,1,0
1,0,1,0,1.6137012404433893,1,2,1,0,2,2,0,2,2,2,1,0,1.2958130502106107,0.8280809895072286,0,0
1,0,1,1,1.369379058123207,0,1,0,0,2,2,0,2,2,2,1,1,-0.2662761299455452,-0.03272025490153008,0,0
1,0,1,1,-0.3408762181180675,1,0,2,1,1,1,1,1,1,1,1,1,-1.461108173064988,0.3199914220800488,0,0
0,0,0,0,-1.2774445836787656,1,0,0,0,0,0,0,0,0,0,1,2,-0.6867107709875744,0.22570984425917723,1,0
0,0,1,1,0.9621754209229036,1,2,2,1,1,1,1,1,1,2,1,3,-1.3397969920528607,0.30077508708833156,0,0
0,1,1,0,-0.4223169455581282,1,2,2,1,1,1,1,1,1,1,0,0,-1.3015756610490399,0.5200491529939739,0,1
1,0,0,0,-0.748079855318371,0,1,0,0,0,2,0,2,2,0,1,2,-0.46569176996548,0.8034911142425841,1,0
0,1,1,0,1.1657772395230555,1,2,1,0,2,2,0,2,2,1,1,1,1.3174164112127704,0.6972810595068736,1,1
0,1,1,0,0.3106496014024181,0,1,0,0,2,0,0,2,0,0,1,2,-0.8462432830035223,0.30077508708833156,1,1
0,0,0,0,0.3920903288424788,1,0,0,2,2,2,0,0,0,0,0,0,-0.1698919039359101,-0.8345515363770974,0,0
0,0,1,1,1.6137012404433893,1,2,0,2,0,2,2,2,2,2,1,0,0.6161380771426661,0.6372456310028258,0,0
0,0,0,0,-0.8295205827584317,1,2,1,0,0,0,2,0,0,0,1,1,0.4915033021302069,0.9920066407555431,0,0
1,0,1,0,1.5729808767233588,1,2,2,1,1,1,1,1,1,2,0,0,-1.3397969920528607,0.30077508708833156,0,0
0,0,1,0,-0.2594354906780068,1,0,2,1,1,1,1,1,1,1,0,3,-1.5142856770703037,0.2919168339626067,0,0
0,0,0,1,-1.0331224013585834,0,1,0,2,0,0,0,0,0,0,0,3,-1.1619847130350858,-1.9497311421770969,0,0
0,0,1,1,-1.0738427650786138,1,0,0,0,0,0,0,0,0,0,0,3,-0.640180454982923,-0.5461881858452413,0,0
0,0,0,0,1.0436161483629645,1,0,1,2,2,2,0,2,2,1,1,2,1.3855500882195813,0.6580262312047934,1,0
1,0,1,0,0.758573602322752,0,1,0,0,2,0,0,0,0,0,1,1,-1.153675728034255,0.30077508708833156,0,0
1,0,1,1,1.6137012404433893,0,1,0,2,2,2,2,2,2,2,1,0,0.0295237360840249,0.3107205267906701,0,0
0,0,0,0,-0.5851984004382496,1,0,1,2,0,0,0,2,2,0,1,2,1.0398963121850275,0.30077508708833156,1,0
0,0,0,0,-1.0331224013585834,1,2,1,0,0,0,0,0,0,0,1,0,0.3436033691154218,0.532872787626049,1,0
0,0,0,0,0.5956921474426305,1,2,0,2,2,0,2,0,2,2,0,3,0.3087056321119333,-0.1303438381687407,0,0
1,1,0,0,-1.2367242199587352,1,0,0,0,0,0,0,0,0,0,1,2,-0.6667692069855808,0.9785644231242375,1,1
1,1,0,0,1.2064976032430856,1,2,1,0,2,2,2,2,2,1,1,0,1.5284646302338678,0.7939621625408018,0,1
0,0,1,1,-0.6666391278783103,1,0,2,1,1,1,1,1,1,2,0,3,-1.4976677070686424,-0.42169917380407596,0,0
1,0,0,0,-1.0738427650786138,1,0,0,0,0,0,2,0,0,0,1,1,-0.5072366949696331,-0.342573760374313,0,0
1,0,0,0,-0.5444780367182193,1,0,0,0,0,2,2,0,0,0,1,1,-0.3244390249513595,0.30077508708833156,1,0
0,0,1,1,1.4915401492832983,0,1,0,2,0,2,0,0,2,2,1,1,-0.6916961619880726,-0.4645829613130207,0,0
1,0,1,1,-0.8702409464784621,1,2,1,0,0,0,0,0,0,0,1,2,0.31867641411292996,0.9300405571919644,1,0
0,0,1,0,1.2879383306831464,1,2,1,0,2,2,2,2,2,0,1,2,1.541759006235197,0.7773082458826146,0,0
0,0,1,0,0.26992923768238775,1,0,1,2,0,2,2,2,2,1,1,1,1.327387193213767,0.13372211102588222,1,0
0,0,0,0,-0.7073594915983407,1,2,0,2,0,0,0,0,0,0,1,3,-0.3011738669490337,0.9637278473879276,1,0
1,0,0,0,-0.30015585439803716,1,0,2,1,1,1,1,1,1,0,0,3,-1.4677553610656522,0.5051436928106978,0,0
0,0,0,0,-1.0738427650786138,1,0,2,1,1,1,1,1,1,2,0,1,-1.4993295040688086,0.30077508708833156,0,0
1,0,1,0,1.369379058123207,1,2,1,2,2,2,2,2,2,1,0,0,1.6963061272506461,0.895178752319447,0,0
0,0,0,0,1.1657772395230555,1,2,0,0,2,2,2,2,2,2,0,1,0.7939503561604415,0.48903906780827133,0,0
0,1,1,0,0.43281069256250915,1,2,1,2,2,0,0,2,0,0,1,2,0.9883806051798778,0.14523626194774153,0,1
0,0,0,0,-0.8295205827584317,1,0,2,1,1,1,1,1,1,0,0,3,-1.4843733310673135,-1.3415093240517866,0,0
1,1,0,0,-0.38159658183809786,0,1,0,0,0,0,0,0,2,0,1,0,-1.0007904040189717,0.8662088090793731,0,1
1,1,1,0,1.5729808767233588,0,1,0,0,2,2,0,2,2,0,1,0,-0.41417606296033027,-0.0148264731584482,0,1
0,0,0,0,0.06632741908223598,1,2,0,0,0,0,2,2,0,0,0,3,0.00792037508186511,-1.5452156232014251,0,0
0,0,0,0,-1.1145631287986442,1,0,2,1,1,1,1,1,1,0,0,1,-1.4926823160681442,0.30077508708833156,1,0
0,0,1,0,0.35136996512244845,0,1,0,0,2,0,2,0,0,1,0,3,-0.9742016520163136,0.30077508708833156,0,0
0,0,1,1,1.6137012404433893,1,0,2,1,1,1,1,1,1,2,0,1,-1.4976677070686424,0.30077508708833156,0,0
1,1,0,0,-0.748079855318371,1,2,1,0,0,0,0,2,2,0,1,2,1.0249401391835322,0.30077508708833156,0,1
0,0,0,0,0.35136996512244845,1,0,2,1,1,1,1,1,1,2,1,3,-1.4926823160681442,0.9104207727251007,0,0
0,0,1,1,-0.38159658183809786,1,2,1,2,0,0,0,0,0,1,0,1,0.5679459641378485,0.30077508708833156,0,0
1,0,1,1,1.5729808767233588,1,0,1,2,2,2,2,2,2,2,0,1,1.48027251722905,0.8755178711956223,0,0
0,0,0,0,-1.2774445836787656,1,0,1,0,0,0,0,0,0,0,1,2,0.18407085709947407,0.7843415356496799,1,0
1,0,1,0,1.6137012404433893,1,2,2,1,1,1,1,1,1,2,0,3,-1.3082228490497045,0.30077508708833156,0,0
1,0,1,1,-1.0738427650786138,1,0,1,0,0,0,0,0,0,0,1,2,0.16745288709781284,-0.012143010402516748,0,0
1,0,1,1,-0.38159658183809786,1,0,2,1,1,1,1,1,1,1,1,1,-1.4876969250676457,0.24246932056411616,0,0
1,1,1,0,-0.9109613101984924,1,2,1,0,0,0,0,0,2,0,0,2,0.6909189421501416,0.9424972106246738,1,1
0,0,0,0,1.6137012404433893,1,0,1,2,2,2,2,2,2,2,1,2,1.5002140812310438,0.8617452784262535,0,0
0,0,1,0,-1.0331224013585834,1,0,0,2,0,0,0,0,0,0,1,0,-0.4806479429669752,-0.10180046220425579,0,0
1,0,0,1,-1.0738427650786138,1,0,1,0,0,2,0,2,2,0,0,3,0.9883806051798778,0.5816960223166371,1,0
1,0,1,1,-0.9516816739185228,1,0,1,0,2,0,2,2,2,0,1,2,1.221032185203135,0.9671557778706021,0,0
0,0,0,0,-0.8295205827584317,1,2,1,0,2,0,0,0,2,0,1,2,0.8105683261621028,0.30077508708833156,0,0
0,0,0,0,-1.2774445836787656,1,0,2,1,1,1,1,1,1,0,1,3,-1.5076384890696393,-2.8182610527427236,0,0
0,1,1,1,0.6364125111626608,0,1,0,0,2,0,0,0,0,1,0,0,-1.1586611190347533,0.30077508708833156,0,1
1,0,0,0,-0.5037576729981889,1,0,1,0,0,0,0,2,0,0,0,2,0.466576347127715,0.30077508708833156,0,0
0,1,1,0,-0.6666391278783103,1,2,1,0,0,0,0,0,2,0,1,1,0.684271754149477,0.30077508708833156,1,1
0,0,0,0,-1.2367242199587352,1,0,1,0,0,0,0,2,0,0,1,3,0.4948268961305394,0.30077508708833156,1,0
0,0,0,0,-0.9109613101984924,1,0,2,1,1,1,1,1,1,1,1,3,-1.5109620830699715,-3.787842892063315,0,0
0,1,0,0,-1.2367242199587352,1,0,1,0,0,0,0,0,2,0,1,2,0.4931650991303729,-2.3408533800585736,1,1
1,0,1,1,-0.5037576729981889,1,2,1,0,2,0,2,2,0,0,0,3,1.0648232671875193,-5.167242866740774,0,0
1,0,1,0,-0.5037576729981889,1,0,2,1,1,1,1,1,1,1,0,3,-1.4660935640654862,0.1498050558047831,0,0
1,0,1,1,-0.5444780367182193,1,0,2,1,1,1,1,1,1,1,0,3,-1.4943441130683104,-0.15910492133774942,0,0
1,1,0,0,-0.5444780367182193,1,2,1,2,0,0,0,2,0,0,1,2,0.85876043916692,0.30077508708833156,1,1
1,0,1,0,-0.4223169455581282,1,0,1,2,2,0,2,2,2,0,1,2,1.3240635992134344,-1.4896813760566125,0,0
0,0,0,0,0.10704778280226633,1,2,1,0,0,0,2,0,0,0,0,1,0.5081212721318681,-0.5590706304650155,0,0
0,0,0,0,-1.2774445836787656,1,0,0,0,0,0,0,0,0,0,0,3,-0.6518130339840859,0.25772567947500874,0,0
1,0,0,0,0.26992923768238775,1,2,1,0,0,0,0,0,0,0,1,1,0.2787932861089434,-0.6270872262849861,0,0
0,1,1,0,0.880734693482843,1,0,1,0,0,2,2,2,2,1,1,2,1.141265929195161,0.5111960828658457,0,1
0,0,0,0,-1.2774445836787656,1,0,2,1,1,1,1,1,1,0,1,0,-1.481049737066981,-2.059747056066256,1,0
1,0,1,0,1.369379058123207,1,2,1,2,0,2,0,2,2,2,1,1,1.3722557122182522,0.7799818718612349,1,0
1,0,0,0,0.9621754209229036,1,2,1,2,0,0,2,2,2,0,1,3,1.3489905542159264,0.5902424146755129,0,0
1,0,0,1,-0.5851984004382496,1,0,0,0,0,0,0,0,0,0,1,1,-0.6351950639824246,0.84300573054424,0,0
0,0,1,1,-0.6666391278783103,1,2,1,0,2,0,0,0,0,0,1,1,0.5047976781315361,0.30077508708833156,0,0
0,0,0,0,1.4508197855632678,1,0,0,2,0,2,0,0,0,1,1,1,-0.3427187919531868,-0.048158060609790145,0,0
0,1,1,0,0.8400143297628127,1,2,2,1,1,1,1,1,1,2,0,1,-1.3181936310507012,0.30077508708833156,0,1
0,0,1,1,1.6137012404433893,1,2,0,2,0,2,2,2,2,2,0,1,0.6626683931473177,0.6068305713766304,0,0
1,0,0,0,-0.9516816739185228,1,2,1,0,0,0,0,0,0,0,1,2,0.36853032411791364,0.8155103047752368,0,0
0,0,0,0,-0.0965540357978854,1,0,0,2,0,0,0,0,0,0,1,3,-0.5305018529719588,0.30077508708833156,0,0
0,0,0,0,0.14776814652229667,1,2,1,0,2,0,0,2,2,0,1,2,1.1429277261953275,-0.07347921253465302,1,0
0,0,0,0,-0.5851984004382496,0,1,0,0,0,2,2,0,0,0,1,2,-0.9825106370171443,0.6428294843172109,0,0
0,1,1,1,0.9214550572028734,1,2,0,2,0,2,2,2,0,1,0,2,0.3818247001192428,0.14386154344252838,0,1
0,0,1,0,0.26992923768238775,0,1,0,2,0,2,0,2,2,0,0,2,-0.29452667894836937,-1.48265994833764,1,0
1,0,0,0,-0.46303730927815856,1,2,1,0,2,0,0,0,0,0,1,2,0.5845639341395097,-3.656550884592979,1,0
1,0,0,0,-1.2367242199587352,0,1,0,0,2,2,2,0,0,0,1,1,-0.8096837489998675,0.8673215856899839,1,0
1,1,0,0,0.025607055362205634,1,2,2,1,1,1,1,1,1,1,1,0,-1.3248408190513656,0.9389835509793951,0,1
1,0,1,0,0.47353105628253944,0,1,0,0,2,2,0,2,2,2,0,0,-0.3477041829536853,-1.0516854544684877,0,0
0,0,1,1,-0.0965540357978854,1,0,0,2,0,0,2,0,2,0,0,0,0.051127097086184216,-2.5212344407352365,0,0
0,0,1,0,1.5729808767233588,1,0,2,1,1,1,1,1,1,2,1,0,-1.4577845790646555,0.30077508708833156,0,0
0,0,0,0,-1.1552834925186746,1,2,1,0,0,0,0,0,0,0,0,2,0.35191235411625243,-0.1887177623404592,1,0
1,0,0,1,0.10704778280226633,1,0,1,0,0,2,0,2,0,1,1,2,0.677624566148813,-0.3993476878534807,1,0
1,0,1,0,-1.2774445836787656,1,0,1,0,0,2,0,0,0,0,0,1,0.35191235411625243,0.8459641339710442,0,0
1,1,1,0,-0.38159658183809786,1,2,1,0,2,2,0,2,2,0,1,2,1.3190782082129364,-1.4780062369446663,0,1
0,0,0,1,-0.4223169455581282,0,1,0,0,0,2,0,2,2,1,1,1,-0.5088984919697991,0.30077508708833156,0,0
0,0,0,1,0.6771328748826912,1,0,2,1,1,1,1,1,1,1,0,1,-1.505976692069473,0.9743763657528516,0,0
0,0,1,1,0.3920903288424788,1,0,1,0,0,2,0,2,2,0,1,2,0.9102761461720702,0.029841042564668525,0,0
0,0,1,1,0.025607055362205634,1,0,1,0,0,2,0,2,2,1,1,2,0.9651154471775519,-0.33885148315641744,1,0
0,0,1,1,-1.0331224013585834,1,0,2,1,1,1,1,1,1,2,0,3,-1.4926823160681442,0.30077508708833156,0,0
0,0,1,1,1.4100994218432374,1,2,1,2,0,2,2,0,2,1,1,0,1.1794872601989819,0.7350529745527737,0,0
1,0,0,0,-0.7073594915983407,1,2,1,0,2,0,2,0,2,0,0,2,1.0282637331838649,0.30077508708833156,0,0
1,0,1,0,1.4100994218432374,1,2,1,0,2,2,0,0,2,2,1,2,0.9435120861753926,0.6898711978213738,0,0
1,0,1,1,0.8400143297628127,1,0,0,2,2,0,2,2,0,2,1,3,0.16412929309748078,-0.025632918891456382,0,0
1,0,1,1,-0.46303730927815856,1,0,2,1,1,1,1,1,1,1,0,3,-1.4943441130683104,-0.1243297421185913,0,0
0,0,1,1,0.3106496014024181,1,0,0,2,2,0,2,0,2,0,1,3,0.21896859410296257,-0.5489347730739668,0,0
0,0,1,1,-0.4223169455581282,1,0,2,1,1,1,1,1,1,1,0,0,-1.462769970065154,0.27073523429122287,0,0
1,0,0,0,0.26992923768238775,0,1,0,0,0,0,2,0,2,0,1,2,-0.803036560999203,0.30077508708833156,0,0
1,0,0,0,0.5142514200025698,1,0,2,1,1,1,1,1,1,1,1,2,-1.4744025490663168,0.9793601635225233,1,0
0,0,1,0,-1.2367242199587352,1,0,2,1,1,1,1,1,1,0,0,3,-1.4760643460664828,0.11737627124920856,0,0
0,0,1,1,1.002895784642934,1,0,2,1,1,1,1,1,1,2,0,0,-1.4960059100684764,0.30077508708833156,0,0
1,0,1,1,-0.9924020376385531,1,0,0,0,0,0,0,2,0,0,1,2,-0.34438058895335305,0.339411243472334,0,0
1,1,1,0,-1.0331224013585834,1,2,1,2,2,0,0,0,2,0,1,1,0.9950277931805424,0.7418845263468117,1,1
1,0,0,0,-1.0738427650786138,0,1,0,0,2,0,0,0,0,0,1,1,-1.1387195550327598,-1.7182621025295362,1,0
0,0,1,1,-1.0331224013585834,1,0,2,1,1,1,1,1,1,0,0,3,-1.4727407520661506,0.30077508708833156,0,0
1,0,0,0,0.6771328748826912,1,2,0,0,0,0,2,2,0,2,1,0,0.046141706085686136,-0.29239109358170995,0,0
0,0,0,0,1.3286586944031769,1,2,1,2,2,0,2,0,0,1,1,2,0.8338334841644282,0.6004606902283797,0,0
0,0,0,0,0.9214550572028734,1,0,0,0,0,0,0,0,0,1,0,0,-0.6551366279844181,-0.927818672108375,0,0
1,0,1,1,1.5729808767233588,1,2,0,2,2,2,2,2,2,2,0,0,0.7341256641544608,0.6735356266158248,0,0
1,0,0,0,0.10704778280226633,1,2,1,2,2,2,2,0,0,0,1,3,1.0631614701873533,-0.1785380374747086,0,0
1,1,0,0,-1.1960038562387048,1,2,1,0,0,0,0,0,0,0,1,2,0.40675165512173467,-1.0793469602381243,1,1
0,0,0,1,-0.8702409464784621,1,0,2,1,1,1,1,1,1,0,0,1,-1.4843733310673135,-1.3828575769040965,1,0
0,0,0,0,-1.2774445836787656,1,0,1,0,0,2,0,0,0,0,0,2,0.3502505571160864,0.8457368749447759,1,0
1,0,0,0,-0.62591876415828,1,2,1,2,2,2,2,2,0,0,1,0,1.392197276220246,0.30077508708833156,0,0
0,0,1,0,1.6137012404433893,1,2,1,2,0,2,2,2,2,2,1,1,1.5085230662318745,0.8867064547528483,0,0
0,0,1,1,-0.1779947632379461,1,0,1,2,0,0,0,0,2,1,1,0,0.6011819041411709,-1.1638449614892823,0,0
0,0,1,0,-0.5851984004382496,1,0,2,1,1,1,1,1,1,2,0,3,-1.4843733310673135,-0.03545958444664414,0,0
0,1,1,0,0.3106496014024181,1,0,1,0,2,0,2,2,2,1,1,1,1.1445895231954935,0.10838963745655017,1,1
0,0,0,0,0.7992939660427822,1,0,0,0,0,2,0,0,2,0,1,2,-0.17653909193657447,-0.3930522480051685,0,0
0,0,1,0,0.5956921474426305,1,0,0,0,2,0,0,2,0,0,1,0,-0.2047896409393986,-0.639054277172195,0,0
0,0,0,0,-0.38159658183809786,1,0,0,0,0,2,0,0,0,0,0,1,-0.5005895069689685,0.30077508708833156,0,0
1,0,1,1,1.369379058123207,1,0,0,2,2,2,2,0,0,2,0,3,0.03617092408468901,0.11643410389760145,0,0
0,0,0,0,-0.9924020376385531,1,2,1,0,0,0,0,0,0,0,1,2,0.29042586511010604,0.6829410990352739,0,0
1,1,0,0,0.5956921474426305,1,0,1,2,0,0,0,0,2,0,0,3,0.6892571451499756,0.10123743594924262,1,1
0,0,0,0,-1.0331224013585834,1,0,2,1,1,1,1,1,1,0,0,3,-1.4860351280674797,0.30077508708833156,1,0
0,0,1,1,1.5729808767233588,1,2,1,2,2,2,2,2,2,2,0,1,1.624848856243503,0.9155209106542671,0,0
0,1,0,0,0.7178532386027215,1,2,1,2,2,0,0,0,0,0,1,2,0.6194616711429987,0.12394670416135459,0,1
1,0,1,0,0.5549717837226001,1,0,0,2,2,2,2,0,0,2,0,3,0.0295237360840249,-0.38913762945376973,0,0
1,0,0,0,-1.2774445836787656,1,0,1,0,0,0,0,0,0,0,0,2,0.1873944510998066,0.7848247715668033,1,0
0,0,0,0,1.369379058123207,0,1,0,2,0,2,2,2,2,2,1,0,-0.11339080593026184,0.16023473455286102,0,0
0,0,1,0,0.3920903288424788,1,2,1,0,0,2,2,0,0,0,1,1,0.7025515211513048,-0.025089814086309326,0,0
0,0,0,0,-1.1145631287986442,1,0,1,0,0,0,2,0,0,0,1,3,0.36188313611724954,0.07554858490730719,0,0
1,0,1,1,-1.0331224013585834,1,0,0,2,0,0,0,0,0,1,1,2,-0.4989277099688025,-0.22784216679332678,1,0
1,0,0,0,-0.13727439951791576,1,2,0,0,2,2,0,0,2,1,0,1,0.20401242110146783,-2.2414331032832733,0,0
0,0,1,1,-0.21871512695797646,1,0,0,0,2,0,0,0,0,0,0,3,-0.49560411596847015,0.30077508708833156,0,0
0,1,0,0,-0.7073594915983407,1,0,1,0,2,0,0,0,0,0,1,1,0.3502505571160864,0.30077508708833156,1,1
0,0,1,1,-0.30015585439803716,1,0,2,1,1,1,1,1,1,2,0,3,-1.4843733310673135,0.36876757404168997,0,0
0,0,1,0,-0.8702409464784621,1,2,1,0,0,0,0,2,2,0,1,2,0.9717626351782166,0.30077508708833156,1,0
1,0,1,0,1.002895784642934,1,2,1,2,2,2,2,2,0,0,1,2,1.2725478922082847,0.6143066713886824,0,0
1,0,0,0,1.4100994218432374,1,2,1,2,2,2,2,2,2,1,1,0,1.7810577742591183,0.8797008121965727,1,0
0,1,1,0,0.5956921474426305,1,2,1,0,0,2,0,2,2,0,0,2,1.1612074931971548,0.3367680022111184,0,1
0,0,0,0,-0.7888002190384014,1,0,1,0,0,0,0,2,0,0,1,3,0.5696077611380149,0.30077508708833156,0,0
1,0,0,0,-0.9924020376385531,0,1,0,2,0,0,0,0,0,0,1,2,-1.140381352032926,-1.278714710005947,1,0
0,0,1,0,0.47353105628253944,1,2,1,0,0,0,0,2,2,0,1,2,1.0415581091851935,0.21338114668725783,1,0
1,0,1,1,1.5729808767233588,1,2,0,2,0,0,0,2,0,1,1,2,0.04780350308585216,0.321528249395297,0,0
1,1,1,0,-0.3408762181180675,1,2,1,0,2,2,0,2,2,0,1,2,1.3124310202122718,-0.974417424935212,1,1
1,1,0,0,-0.7073594915983407,1,2,1,0,2,0,0,0,0,0,1,2,0.5131066631323666,0.30077508708833156,1,1
0,0,0,0,-1.2774445836787656,1,0,2,1,1,1,1,1,1,0,0,2,-1.4960059100684764,-2.7580357189955564,0,0
1,1,0,0,-1.2367242199587352,1,2,1,0,0,0,0,0,0,0,1,3,0.2605135191071156,0.30077508708833156,0,1
1,1,0,0,0.9214550572028734,1,2,1,2,2,2,2,2,2,0,1,2,1.7195712852529719,0.6930535783770948,0,1
1,1,0,0,1.5729808767233588,1,2,1,0,2,0,2,2,2,2,1,2,1.397182667220744,0.8615215780549984,0,1
1,0,1,1,0.7178532386027215,1,2,2,1,1,1,1,1,1,2,0,3,-1.3231790220511994,0.30077508708833156,0,0
1,0,0,0,-1.2774445836787656,1,0,1,0,0,0,0,2,2,0,1,2,0.8138919201624348,0.9592741871249583,0,0
1,0,0,0,-1.1145631287986442,1,0,2,1,1,1,1,1,1,0,1,3,-1.5126238800701375,0.9474367471907492,0,0
0,0,0,0,1.369379058123207,1,2,1,2,2,2,2,2,0,1,1,0,1.3224018022132684,0.7481686930558474,0,0
0,0,1,1,0.6771328748826912,1,0,0,2,2,2,2,2,2,1,1,3,0.7457582431556239,0.20694408912033072,0,0
0,1,1,0,-1.1960038562387048,0,1,0,0,2,0,0,0,0,0,1,2,-1.1304105700319294,0.918695338265663,0,1
1,0,1,1,1.369379058123207,1,2,2,1,1,1,1,1,1,1,1,1,-1.2982520670487077,0.30077508708833156,0,0
1,0,0,1,-0.8702409464784621,1,2,1,0,0,0,0,0,2,0,0,2,0.7125223031523015,0.9621106286034353,0,0
1,0,0,0,-0.1779947632379461,0,1,0,0,0,0,2,0,0,0,1,1,-1.152013931034089,0.9108467791190841,0,0
1,0,1,0,1.3286586944031769,1,2,1,2,2,2,0,2,0,2,1,2,1.1495749141959914,0.6874777485269684,0,0
0,0,0,0,1.2064976032430856,1,0,2,1,1,1,1,1,1,2,1,1,-1.5142856770703037,0.30077508708833156,0,0
0,0,1,0,-1.2367242199587352,1,0,2,1,1,1,1,1,1,0,0,0,-1.4843733310673135,0.1917611630779684,0,0
0,0,0,0,-1.2367242199587352,1,0,2,1,1,1,1,1,1,0,0,1,-1.4760643460664828,-0.12853580852943058,0,0
0,0,1,1,0.9214550572028734,1,2,2,1,1,1,1,1,1,2,1,1,-1.2999138640488739,0.30077508708833156,0,0
1,1,1,0,0.35136996512244845,1,0,1,0,2,0,0,2,2,0,1,2,0.9900424021800438,0.021065729647315123,0,1
0,0,1,1,-0.62591876415828,1,2,1,2,0,2,0,2,2,0,1,2,1.3107692232121058,0.30077508708833156,1,0
0,0,0,0,-0.0965540357978854,1,0,1,0,0,0,2,2,2,1,1,0,0.9850570111795457,-0.7238095052760557,0,0
1,0,0,0,-0.62591876415828,1,0,0,2,2,0,0,0,0,1,0,3,-0.28787949094770476,0.9862960137648036,0,0
0,0,1,1,-0.6666391278783103,1,0,0,2,2,0,2,0,2,2,0,0,0.11593718009266311,0.30077508708833156,0,0
1,0,0,0,1.6137012404433893,1,2,2,1,1,1,1,1,1,2,0,0,-1.329826210051864,0.30077508708833156,0,0
1,0,0,0,-0.9516816739185228,1,2,1,0,0,0,0,0,0,0,1,2,0.3818247001192428,0.7581419347429581,0,0
0,0,0,0,-1.2774445836787656,1,0,1,0,2,0,0,0,0,0,0,2,0.31867641411292996,0.8340776420462057,0,0
1,0,0,1,-0.38159658183809786,1,0,0,0,2,0,2,0,0,0,0,2,-0.35268957395418365,0.30077508708833156,0,0
1,0,0,1,-0.9924020376385531,1,0,2,1,1,1,1,1,1,0,0,0,-1.505976692069473,0.30077508708833156,0,0
1,0,1,1,-0.5444780367182193,0,1,0,2,2,0,0,0,0,0,1,3,-0.9908196220179748,0.649765738517749,0,0
0,0,0,0,-1.0331224013585834,1,2,0,2,0,0,0,0,0,0,1,2,-0.3693075439558449,0.09932151118045016,0,0
1,1,0,0,-1.2774445836787656,1,0,1,0,0,0,0,0,0,0,1,2,0.16246749609731476,0.7702251383610833,1,1
1,0,0,0,1.1657772395230555,1,2,1,2,0,2,0,2,2,1,0,2,1.304122035211441,0.6890740177315895,0,0
0,0,1,0,1.002895784642934,1,0,0,2,2,0,2,2,0,2,1,1,0.1857326540996401,0.12907907121643403,0,0
1,0,0,0,-0.9516816739185228,1,0,1,0,0,0,0,0,2,0,1,2,0.53304822713436,0.8044390343348304,1,0
1,0,0,1,-0.7073594915983407,1,0,0,2,0,2,0,0,2,1,0,3,0.0029349840813665527,0.9894507365026014,0,0
0,0,0,0,-1.2774445836787656,1,0,2,1,1,1,1,1,1,0,0,3,-1.4993295040688086,-2.7748760544756292,0,0
0,0,1,0,-0.8295205827584317,1,0,0,0,0,0,0,0,0,0,0,0,-0.626886078981594,0.43191437037679475,0,0
1,0,0,0,0.880734693482843,1,0,2,1,1,1,1,1,1,2,0,3,-1.4876969250676457,0.30077508708833156,0,0
1,0,1,1,-1.1552834925186746,1,0,0,0,0,0,0,0,0,0,0,2,-0.6634456129852487,0.30077508708833156,0,0
0,0,0,0,-1.0331224013585834,1,0,1,0,0,0,0,2,0,0,1,3,0.5164302571326987,0.473000836840621,1,0
0,0,1,0,-0.5037576729981889,1,0,2,1,1,1,1,1,1,1,0,3,-1.4760643460664828,0.0532070035439585,0,0
0,0,0,1,-0.2594354906780068,0,1,0,2,0,0,2,0,2,0,0,3,-0.6302096729819263,0.30077508708833156,0,0
1,1,1,0,0.14776814652229667,1,2,1,0,0,0,0,0,2,0,1,2,0.642726829145324,-0.4080691438737921,1,1
0,0,1,0,0.8400143297628127,1,2,1,0,2,2,2,2,2,1,1,0,1.4686399382278874,0.5730759590627564,0,0
1,0,0,0,-1.1960038562387048,1,0,0,0,0,0,2,2,2,0,1,2,0.15249671409631763,-2.5964757318449245,1,0
0,0,0,0,1.4508197855632678,0,1,0,2,2,2,2,2,2,2,0,1,-0.013682985920294679,0.27878108962700054,0,0
1,0,1,1,1.6137012404433893,1,2,0,2,2,2,2,2,2,2,1,1,0.8654076271675846,0.6959618904389298,0,0
1,0,0,0,-0.8295205827584317,1,2,2,1,1,1,1,1,1,1,0,1,-1.3231790220511994,-0.5777668648945012,0,0
0,1,1,1,0.06632741908223598,1,2,1,0,2,0,0,0,0,0,1,3,0.4931650991303729,-0.6481244944065736,1,1
0,0,1,0,1.4508197855632678,1,2,1,2,2,0,0,0,0,2,1,0,0.6626683931473177,0.5718811320262999,0,0
0,0,0,1,0.7178532386027215,1,0,0,2,0,2,2,2,0,1,1,1,0.2006888271011353,-0.13943334844185076,0,0
0,1,0,0,-1.2774445836787656,0,1,0,0,0,0,0,2,0,0,1,2,-0.9409657120129912,-0.07976758762219242,1,1
0,1,0,0,0.35136996512244845,1,2,1,0,2,2,0,2,2,0,1,2,1.3174164112127704,0.1327952260881109,0,1
1,1,1,0,-0.0965540357978854,1,2,1,0,0,0,2,2,2,0,1,2,1.221032185203135,-0.49451852350267655,0,1
1,0,0,0,-1.2774445836787656,1,2,0,0,2,0,0,0,0,0,0,2,-0.3477041829536853,0.5009813762680304,0,0
1,1,1,1,-0.13727439951791576,1,2,1,0,0,2,0,2,2,0,1,2,1.302460238211275,-0.46037867870065335,0,1
0,0,1,1,-0.38159658183809786,1,2,0,2,2,2,2,2,2,2,1,1,0.8753784091685812,-1.43484373867707,0,0
1,0,0,1,1.125056875803025,1,0,2,1,1,1,1,1,1,2,0,3,-1.4893587220678117,0.30077508708833156,0,0
0,0,1,0,1.6137012404433893,1,2,2,1,1,1,1,1,1,2,0,1,-1.2733251120462157,-2.5547349801570243,0,0
1,0,0,1,-0.4223169455581282,1,0,1,0,2,2,0,2,0,0,1,2,0.8188773111629334,-1.9837911209518069,1,0
1,0,0,0,1.6137012404433893,1,0,0,2,2,2,2,2,0,2,1,0,0.3436033691154218,0.49260440518814164,0,0
0,1,0,0,1.369379058123207,1,2,1,0,2,2,0,2,2,1,0,0,1.440389389225063,0.8152760175560786,0,1
0,0,1,0,1.6137012404433893,1,2,1,0,2,2,2,2,2,2,1,2,1.5085230662318745,0.8994958350606815,0,0
0,1,1,0,0.5956921474426305,1,2,1,2,0,0,0,0,0,0,0,2,0.5180920541328647,0.009069332488771368,1,1
0,0,0,0,0.758573602322752,1,2,1,0,2,2,2,2,2,1,1,2,1.5533915852363596,0.5691875400274004,0,0
0,0,1,1,1.5322605130033284,1,2,1,0,2,2,0,2,2,1,1,2,1.3872118852197473,0.8326969874186039,0,0
1,0,0,0,-0.9516816739185228,1,0,2,1,1,1,1,1,1,1,1,2,-1.491020519067978,0.30077508708833156,0,0
1,0,1,1,1.0843365120829946,1,2,1,2,2,0,2,2,2,2,1,3,1.5400972092350305,0.7173795351359858,0,0
1,0,0,1,-1.1960038562387048,1,0,0,0,0,0,2,2,2,0,0,3,0.19736523310080326,-1.2959808196492753,0,0
1,1,1,0,0.22920887396235737,0,1,0,0,0,0,0,0,0,0,1,2,-1.3265026160515319,0.9910243736003508,0,1
0,0,0,0,0.18848851024232702,1,2,1,2,2,2,0,0,0,0,0,0,0.8787020031689138,-0.18743961520255129,0,0
1,0,0,0,0.18848851024232702,1,0,0,2,2,2,2,0,0,2,0,0,0.0278619390838584,-1.179222906448146,0,0
0,1,1,0,-0.3408762181180675,0,1,0,0,0,2,0,0,2,0,1,1,-0.801374763999037,0.9805525881229286,1,1
0,0,1,1,-0.748079855318371,1,0,0,2,2,0,2,0,0,0,0,0,-0.17653909193657447,0.8794810930764817,0,0
1,0,1,0,1.6137012404433893,1,2,1,2,2,0,2,2,2,2,1,1,1.5018758782312098,0.8829908189384501,0,0
1,0,1,0,0.8400143297628127,0,1,0,0,2,2,2,2,2,1,1,2,-0.143303151933252,-0.30022441137012257,1,0
0,0,1,0,-0.9924020376385531,1,2,1,0,0,0,0,0,2,0,1,2,0.6693155811479823,0.8630864307923864,1,0
1,0,1,1,1.6137012404433893,0,1,0,2,2,2,0,0,0,2,0,1,-0.8728320350061801,-0.6055127977147128,0,0
0,1,1,0,-0.62591876415828,1,2,1,0,0,0,0,2,2,0,1,2,0.9235705221733989,0.30077508708833156,0,1
0,0,1,1,-1.2367242199587352,1,0,1,0,2,0,0,0,0,0,1,0,0.2920876621102721,0.30077508708833156,1,0
0,0,1,0,-0.9924020376385531,1,0,2,1,1,1,1,1,1,0,0,0,-1.4827115340671475,0.30077508708833156,1,0
0,0,1,0,0.6364125111626608,0,1,0,0,2,2,0,0,0,1,0,3,-0.9991286070188055,0.30077508708833156,1,0
0,0,0,0,-0.9109613101984924,1,2,2,1,1,1,1,1,1,0,1,3,-1.3381351950526947,-0.6582999517836081,0,0
1,0,1,1,-1.318164947398796,1,0,2,1,1,1,1,1,1,1,1,3,-1.4976677070686424,0.30077508708833156,0,0
1,0,0,0,-1.2774445836787656,1,0,2,1,1,1,1,1,1,0,0,3,-1.4677553610656522,-2.0270597726221724,0,0
0,0,0,0,-0.13727439951791576,1,0,0,2,0,2,2,0,0,1,0,1,-0.22473120494139212,0.30077508708833156,0,0
0,1,1,1,1.3286586944031769,1,2,1,0,2,2,0,2,2,1,1,2,1.4187860282229037,0.7927646337002155,0,1
0,0,0,0,-0.9924020376385531,1,2,0,2,2,2,0,0,0,0,1,0,0.02453834508352634,0.5760567957386052,0,0
1,0,1,0,1.1657772395230555,1,2,2,1,1,1,1,1,1,2,0,0,-1.3065610520495383,0.30077508708833156,0,0
0,1,0,0,0.5142514200025698,1,2,1,0,0,2,0,2,2,1,1,0,1.1761636661986499,0.24661566696992832,0,1
1,0,1,1,1.6137012404433893,1,2,1,0,2,2,0,2,2,1,1,1,1.3190782082129364,0.8414091114918336,0,0
1,0,1,1,-0.8295205827584317,1,0,2,1,1,1,1,1,1,0,1,2,-1.4494755940638249,-0.3813540672789969,0,0
1,0,0,0,-1.0331224013585834,1,2,1,0,0,0,0,2,2,0,0,2,1.044881703185526,0.6949053008012879,0,0
1,0,0,0,-0.9516816739185228,1,0,0,0,0,0,0,0,0,0,1,3,-0.6767399889865777,-0.1376088248342052,0,0
0,1,1,0,0.43281069256250915,1,2,1,0,0,2,2,2,2,1,1,2,1.422109622223236,0.27677568663077334,1,1
1,0,1,1,1.0436161483629645,1,2,1,0,0,2,2,0,2,2,0,0,0.9833952141793793,0.5403037023547875,0,0
1,1,1,0,-0.6666391278783103,1,2,1,0,0,2,0,2,2,0,1,2,1.1296333501939984,0.30077508708833156,1,1
1,0,1,1,-1.2367242199587352,1,0,2,1,1,1,1,1,1,0,0,3,-1.477726143066649,0.07995762210584245,0,0
0,0,1,0,-0.9924020376385531,1,0,1,0,2,2,0,2,2,0,0,2,1.2093996062019723,0.9358729771714859,1,0
0,0,1,0,0.3106496014024181,1,2,1,2,0,2,0,2,2,1,0,0,1.3622849302172555,0.1705567569574188,0,0
1,0,0,0,-0.9516816739185228,1,2,1,2,0,0,0,0,0,0,1,2,0.544680806135523,0.8812374957786289,0,0
1,0,0,0,0.35136996512244845,1,0,1,0,2,0,2,2,0,1,1,2,0.8238627021634315,-0.025089814086309326,0,0
0,0,0,0,-0.2594354906780068,1,0,0,0,2,2,0,0,0,0,1,1,-0.3327480099521901,0.30077508708833156,0,0
0,0,1,0,0.025607055362205634,1,0,0,0,2,0,2,0,0,1,1,1,-0.3659839499555126,-3.5777160800753656,0,0
1,0,1,1,1.4508197855632678,1,0,1,0,2,2,2,2,2,1,0,1,1.3622849302172555,0.8253011284465626,0,0
0,1,1,0,1.3286586944031769,1,0,1,0,2,2,2,2,2,2,1,1,1.3656085242175875,0.7416323364091709,0,1
1,0,0,0,0.9214550572028734,1,0,0,0,2,0,2,0,2,1,1,2,-0.018668376920792765,-0.06666396774286298,0,0
1,0,0,0,-0.5037576729981889,1,2,1,0,0,2,0,2,0,0,1,2,0.7956121531606076,0.30077508708833156,1,0
1,0,0,0,-0.5444780367182193,1,0,1,0,0,0,2,0,2,1,1,1,0.7623762131572851,0.30077508708833156,0,0
0,0,0,0,0.5142514200025698,1,2,1,0,0,2,0,0,2,0,1,1,0.8155537171626008,0.159783525023427,0,0
0,0,1,1,1.5322605130033284,1,0,2,1,1,1,1,1,1,2,1,1,-1.4827115340671475,0.30077508708833156,0,0
0,0,0,0,-1.2367242199587352,1,0,1,0,0,0,0,2,0,0,1,2,0.4981504901308714,0.30077508708833156,1,0
0,0,0,0,-0.21871512695797646,1,2,1,0,0,0,0,2,2,0,1,3,0.9900424021800438,-0.6360490617261824,1,0
0,0,1,0,-0.8295205827584317,1,0,2,1,1,1,1,1,1,2,1,2,-1.4860351280674797,-0.7227181181918438,0,0
1,0,0,1,1.6137012404433893,0,1,0,2,2,2,2,2,2,2,0,1,0.08103944308917463,0.31420719248331913,0,0
1,0,0,0,-0.8295205827584317,1,2,1,0,0,0,0,2,2,0,0,2,0.9900424021800438,0.30077508708833156,0,0
0,1,0,0,-1.1145631287986442,1,0,1,0,0,0,0,0,0,0,1,3,0.142525932095321,-0.30524138896634906,1,1
1,1,1,0,1.5729808767233588,1,2,1,2,2,2,0,2,2,0,1,2,1.42044782522307,0.8697653442277423,0,1
1,1,0,0,0.10704778280226633,1,0,0,0,0,2,2,2,2,1,1,2,0.27380789510844483,-0.9198161250054511,0,1
1,0,1,1,1.5322605130033284,1,2,1,2,2,2,2,2,2,2,0,1,1.6614083902471577,0.8816761148536153,0,0
0,0,0,0,-0.055833672077855064,1,2,1,0,0,0,0,0,0,0,1,2,0.37517751211857825,-1.3476036178566493,0,0
1,0,1,1,0.7992939660427822,1,2,1,0,0,2,2,0,2,2,1,0,1.0465435001856922,0.4114223146802213,1,0
1,1,0,0,0.18848851024232702,1,2,1,0,0,2,0,2,2,0,1,2,1.2077378092018058,-0.01967492757748542,1,1
1,0,0,0,1.4915401492832983,1,2,1,0,2,0,2,2,2,1,1,0,1.327387193213767,0.8136344682851486,1,0
1,1,1,0,-0.0965540357978854,1,2,1,0,0,0,0,0,0,0,0,3,0.4366640011247251,-1.107795445554461,0,1
0,0,0,0,0.025607055362205634,1,2,1,2,0,0,0,0,2,0,1,2,0.8604222361670865,-0.44291120776704035,0,0
1,1,1,0,0.880734693482843,1,2,1,0,2,2,2,2,2,2,1,2,1.5184938482328711,0.643664379582428,0,1
0,0,0,0,1.0843365120829946,1,2,0,2,0,0,2,0,2,1,0,0,0.1308933530941583,0.11123625614336802,0,0
1,1,0,0,0.9214550572028734,0,1,0,2,2,0,0,2,0,0,1,2,-0.6617838159850825,-0.9145164518032156,0,1
1,1,1,0,1.4915401492832983,0,1,0,0,0,2,0,0,0,1,1,1,-1.1619847130350858,-1.5909360969362276,0,1
0,0,0,0,1.369379058123207,1,2,1,0,2,0,0,2,0,1,1,0,0.8022593411612722,0.6305035879242871,0,0
1,0,1,1,0.18848851024232702,1,0,0,2,0,2,2,0,0,1,1,3,-0.19980424993890028,-1.4020370818657992,0,0
1,1,1,0,-0.9516816739185228,1,0,2,1,1,1,1,1,1,1,0,1,-1.4926823160681442,-5.078416236461658,0,1
1,0,1,1,1.4915401492832983,1,2,0,2,0,2,2,2,2,2,0,0,0.7357874611546272,0.6640408506785839,0,0
1,0,0,0,-0.9109613101984924,1,0,0,0,2,0,0,2,0,0,1,3,-0.1698919039359101,0.6925238844223407,0,0
1,0,0,1,0.3106496014024181,1,0,0,2,2,0,0,0,0,0,1,3,-0.3161300399505289,-1.5805938149499037,1,0
1,0,0,1,-0.7888002190384014,1,0,0,0,0,0,0,2,2,0,0,1,0.05445069108651675,0.9269019968873158,0,0
0,0,0,0,-1.0738427650786138,1,2,1,0,2,0,0,2,0,0,1,2,0.8421424691652587,0.4610515394562795,1,0
0,0,1,1,1.4915401492832983,1,0,2,1,1,1,1,1,1,2,0,0,-1.4827115340671475,0.30077508708833156,0,0
0,1,1,0,1.369379058123207,1,2,1,0,2,2,2,2,2,1,1,1,1.440389389225063,0.8108140993231028,0,1
1,0,0,0,-0.8702409464784621,1,2,0,0,0,2,0,0,0,0,0,2,-0.3659839499555126,0.6444985783789791,1,0
1,0,1,1,0.5549717837226001,1,0,0,2,0,2,2,0,0,1,0,3,-0.2612907389450469,-0.7997869103666562,0,0
0,0,0,0,-1.0738427650786138,1,0,1,0,0,0,0,2,2,0,0,2,0.8155537171626008,0.586420302981376,1,0
0,0,1,1,0.9621754209229036,1,2,1,2,0,2,2,2,2,0,1,3,1.4902432992300467,0.6197348447122764,0,0
1,0,1,1,1.5322605130033284,1,2,2,1,1,1,1,1,1,2,0,1,-1.3165318340505352,0.30077508708833156,0,0
0,0,1,1,0.025607055362205634,1,2,0,0,0,2,2,2,2,1,1,2,0.47820892612887816,-0.8382178331275388,0,0
0,0,1,1,1.6137012404433893,1,2,0,2,2,0,2,0,0,2,0,1,0.06608327008767942,0.34392632253046374,0,0
0,0,1,0,-1.1960038562387048,1,2,1,0,0,0,0,2,2,0,1,2,1.0116457631822036,-0.49105161038461465,1,0
0,0,0,1,-0.5444780367182193,1,0,0,0,0,0,2,0,0,0,0,3,-0.5305018529719588,0.9902378645931587,0,0
0,1,0,0,-1.1145631287986442,0,1,0,0,0,0,0,2,2,0,0,2,-0.6335332669822583,-2.1833799833135266,1,1
0,0,1,0,1.5729808767233588,1,0,0,0,2,2,2,2,2,2,1,1,0.5297246331340278,0.5694871865708038,0,0
1,0,1,0,-0.9924020376385531,1,0,1,2,0,0,0,0,0,0,1,2,0.3236618051134285,0.6469970075523257,1,0
1,0,0,0,-1.2774445836787656,1,0,2,1,1,1,1,1,1,0,0,1,-1.4694171580658184,-2.031087727422618,0,0
0,0,0,0,-1.2774445836787656,1,0,1,0,0,0,0,2,0,0,1,2,0.4948268961305394,0.8906256672355188,1,0
0,0,0,0,1.1657772395230555,1,2,1,2,2,2,2,2,2,1,1,3,1.6730409692483204,0.7816795559041161,0,0
0,0,1,1,1.5729808767233588,0,1,0,2,2,0,2,2,2,2,0,0,-0.16823010693574386,0.12814787069968722,0,0
0,0,1,0,1.4508197855632678,1,2,1,0,2,2,0,0,0,1,0,1,0.720831288153132,0.5843561759095461,0,0
1,0,0,0,0.5549717837226001,0,1,0,0,0,2,2,0,0,1,0,1,-1.0323645470221279,0.30077508708833156,0,0
1,0,0,0,0.025607055362205634,1,2,1,2,0,0,0,0,0,1,0,0,0.5097830691320341,-0.7582472028367722,0,0
0,0,1,1,0.8400143297628127,1,2,1,2,2,2,2,0,2,2,1,0,1.3057838322116073,0.5409204599325876,0,0
0,1,1,0,0.7178532386027215,1,2,1,2,2,2,0,2,2,0,0,0,1.461992750227223,0.5096068967682998,0,1
0,0,0,0,1.002895784642934,0,1,0,2,0,2,2,0,0,1,1,1,-0.7864185909975417,-1.2844370194248111,0,0
0,0,1,1,0.880734693482843,1,0,2,1,1,1,1,1,1,2,1,0,-1.4760643460664828,0.30077508708833156,0,0
0,1,1,0,1.125056875803025,1,2,1,0,2,2,0,2,2,0,1,2,1.3672703212177542,0.6967536006861613,0,1
0,1,1,0,-0.1779947632379461,1,2,1,0,0,0,2,2,2,0,1,1,1.2143849972024705,-0.5693102763440878,1,1
0,0,1,1,-1.2774445836787656,1,0,1,0,0,0,0,2,0,0,1,3,0.5081212721318681,0.899926520056063,1,0
1,0,1,1,-0.13727439951791576,1,2,1,0,0,2,0,0,2,0,1,2,0.8122301231622688,-0.6603475273134318,1,0
0,0,1,1,-0.9109613101984924,1,0,0,0,2,0,2,0,2,0,1,2,0.02453834508352634,0.6604911314108632,0,0
1,0,0,1,0.43281069256250915,0,1,0,2,2,2,0,0,0,0,1,2,-0.8080219519997013,-2.5615718990191496,0,0
1,1,1,0,-0.7888002190384014,1,0,1,0,0,0,0,0,0,0,0,0,0.18905624809997262,0.9398114058091254,0,1
0,0,1,0,0.43281069256250915,1,0,0,2,0,2,2,2,2,2,1,2,0.466576347127715,-0.1498356701680433,0,0
1,0,1,1,-0.5444780367182193,1,2,1,0,0,0,0,0,2,0,1,2,0.6277706561438292,0.30077508708833156,1,0
1,0,1,1,-1.2774445836787656,1,0,1,0,0,0,0,2,2,0,1,2,0.8421424691652587,0.9641317437585193,0,0
0,0,0,0,1.4915401492832983,1,0,0,2,0,2,2,2,2,2,1,1,0.5878875281398422,0.5393778521699538,0,0
0,0,1,0,1.1657772395230555,1,0,2,1,1,1,1,1,1,2,0,1,-1.479387940066815,0.30077508708833156,0,0
1,0,1,0,0.43281069256250915,1,2,0,2,2,0,2,0,0,0,0,0,0.04946530008601819,-0.5041149795310224,0,0
0,0,1,0,-1.0738427650786138,1,0,2,1,1,1,1,1,1,0,0,0,-1.504314895069307,0.30077508708833156,1,0
1,0,0,0,-1.2774445836787656,1,0,0,0,0,0,2,0,0,0,0,3,-0.44907379996381874,0.4401314411398297,1,0
1,0,1,0,0.9621754209229036,1,0,1,0,0,0,0,2,2,0,0,3,0.82884809316393,0.40296490519303785,0,0
0,0,1,0,1.5322605130033284,0,1,0,2,2,2,2,2,2,2,0,0,-0.007035797919630092,0.2654704982181261,0,0
1,0,0,0,-1.2774445836787656,1,0,0,0,0,0,0,0,0,0,1,2,-0.6368568609825906,0.26058601701648154,1,0
1,0,1,1,0.6771328748826912,1,2,1,0,2,2,0,2,0,1,1,2,0.9601300561770538,0.2723495925561944,0,0
0,0,0,0,-1.0738427650786138,1,0,0,0,0,0,2,0,0,0,1,0,-0.5022513039691348,-0.6831519894095873,1,0
0,0,1,1,-0.015113308357824713,1,0,0,2,2,2,2,0,2,2,0,3,0.2937494591104381,-1.1775025211609362,0,0
0,1,1,0,1.6137012404433893,1,2,1,2,0,2,2,2,2,2,1,3,1.4952286902305454,0.9072199268723531,0,1
1,0,0,1,0.18848851024232702,1,0,0,2,2,0,2,0,0,2,0,1,-0.11006721192992953,-1.1930935891200778,0,0
0,0,1,0,1.4915401492832983,1,0,1,2,2,0,2,2,2,1,1,1,1.3838882912194153,0.8171487801733688,0,0
0,0,1,0,-0.2594354906780068,1,0,0,0,2,2,2,2,2,0,0,0,0.5696077611380149,-1.7331315889973609,0,0
0,0,1,1,1.0436161483629645,1,2,1,0,2,2,0,2,2,1,1,1,1.3440051632154282,0.6689351368903036,0,0
1,0,0,0,-0.3408762181180675,1,2,0,0,0,0,2,0,0,1,0,0,-0.33773340095268845,0.30077508708833156,0,0
1,0,1,1,-1.1145631287986442,1,0,2,1,1,1,1,1,1,1,0,2,-1.4694171580658184,1.0011930937441726,0,0
1,0,1,1,-0.7073594915983407,1,0,2,1,1,1,1,1,1,0,1,2,-1.4876969250676457,-0.5235886662390685,1,0
0,0,1,1,-0.0965540357978854,1,0,2,1,1,1,1,1,1,2,0,3,-1.4976677070686424,0.6271154437336809,0,0
0,0,1,0,0.9214550572028734,1,2,0,2,2,0,2,0,0,1,1,1,0.042818112085353605,-0.14860623635317766,0,0
0,0,1,0,-0.30015585439803716,0,1,0,0,0,0,0,2,0,0,1,0,-1.0223937650211312,0.9433221629559589,1,0
1,1,1,0,-0.9109613101984924,1,0,1,0,2,2,2,2,0,0,1,3,0.9219087251732329,0.9807511873915694,1,1
1,0,1,1,0.47353105628253944,0,1,0,2,2,2,2,0,2,2,1,1,-0.35601316795451593,-1.0762354020130147,0,0
0,0,0,0,0.5956921474426305,1,0,0,2,2,0,2,0,0,1,1,3,-0.19481885893840195,-0.5683750546683916,0,0
0,0,1,1,-0.7888002190384014,1,0,1,0,0,0,0,2,2,0,0,2,0.7839795741594444,0.30077508708833156,1,0
0,0,1,1,0.6771328748826912,1,2,1,0,2,2,2,2,2,2,1,0,1.435403998224565,0.4808884397838737,1,0
0,0,1,0,1.2879383306831464,1,0,1,2,0,0,2,2,2,1,1,3,1.068146861187852,0.6824060199453671,0,0
1,0,0,0,-1.2774445836787656,1,0,2,1,1,1,1,1,1,0,0,3,-1.517609271070636,-2.8636140117104723,0,0
1,0,0,0,-0.5037576729981889,1,0,0,0,0,0,2,0,0,0,0,3,-0.4906187249679718,0.30077508708833156,0,0
0,0,1,0,0.18848851024232702,0,1,0,2,0,0,2,2,0,2,0,2,-0.6435040489832552,0.30077508708833156,0,0
1,0,1,1,-0.0965540357978854,1,2,1,0,0,0,0,2,0,0,0,2,0.6875953481498096,-0.8655227657349234,0,0
0,0,0,0,0.22920887396235737,1,2,0,2,2,2,0,2,2,1,0,0,0.642726829145324,-0.29808195938140447,0,0
0,1,0,0,-1.2774445836787656,1,2,1,0,0,0,0,0,0,0,1,3,0.32200000811326246,0.8345374369784748,1,1
0,0,0,0,0.18848851024232702,1,0,0,0,0,0,0,2,2,0,1,2,-0.00038860991896550476,-1.1288568608517582,1,0
0,0,1,0,0.7992939660427822,0,1,0,2,2,2,2,2,2,2,0,1,0.04946530008601819,-0.21528637120363978,0,0
1,0,0,1,1.5729808767233588,1,0,0,2,2,2,2,2,0,2,1,1,0.4034280611214026,0.5331835140326878,0,0
1,0,0,0,-0.2594354906780068,1,0,1,0,2,2,0,2,0,0,0,2,0.8321716871642622,-1.14536527975672,1,0
1,0,0,0,1.369379058123207,1,2,0,2,2,2,0,0,2,2,1,1,0.32698539911376057,0.34954165377121493,0,0
1,0,1,0,1.6137012404433893,1,2,1,2,2,2,2,2,2,2,1,1,1.7345274582544672,0.9470260497730096,0,0
1,0,0,1,-0.30015585439803716,0,1,0,2,0,0,0,2,0,1,1,1,-0.801374763999037,0.9967081388385626,0,0
1,0,1,1,1.4915401492832983,1,2,1,2,2,2,2,2,2,2,1,0,1.6481140142458286,0.8646488385911557,0,0
1,0,1,1,0.8400143297628127,1,2,0,2,2,0,0,0,2,2,0,0,0.16412929309748078,-0.044829837249886074,0,0
0,0,0,0,-0.8295205827584317,1,0,1,0,0,2,0,2,2,1,0,3,1.0216165451832002,0.30077508708833156,1,0
1,0,0,0,-0.2594354906780068,1,0,1,0,0,2,2,2,2,0,1,2,1.1263097561936661,-0.8333324184399303,0,0
1,0,0,0,-0.46303730927815856,1,0,0,0,0,2,0,0,2,0,0,3,-0.10342002392926519,0.30077508708833156,0,0
0,0,0,1,-1.2774445836787656,1,0,1,0,0,0,0,2,2,0,1,2,0.8172155141627669,0.9596798859587262,0,0
1,0,0,0,0.6364125111626608,1,2,1,2,0,0,2,0,2,0,1,2,1.0182929511828682,0.24038968241836897,0,0
0,0,1,0,-0.2594354906780068,0,1,0,2,0,2,0,0,0,1,0,1,-0.9758634490164798,0.9988556270322447,0,0
1,0,1,0,1.125056875803025,1,0,2,1,1,1,1,1,1,2,0,3,-1.4893587220678117,0.30077508708833156,0,0
1,0,0,0,-0.5851984004382496,1,0,2,1,1,1,1,1,1,0,0,3,-1.5126238800701375,-0.2271773904098753,0,0
0,1,0,0,-0.9109613101984924,0,1,0,0,0,0,2,0,0,0,1,2,-1.166970104035584,-0.5006146946241461,1,1
1,0,1,1,-1.1145631287986442,1,2,1,2,0,2,0,0,0,0,1,2,0.6560212051466532,0.2755705116020075,1,0
0,0,0,1,-1.1552834925186746,1,0,2,1,1,1,1,1,1,1,1,3,-1.4744025490663168,0.9344180581807127,0,0
1,0,1,1,1.3286586944031769,1,2,2,1,1,1,1,1,1,2,0,1,-1.329826210051864,0.30077508708833156,0,0
1,0,1,1,1.5322605130033284,1,2,2,1,1,1,1,1,1,2,0,3,-1.3098846460498705,0.30077508708833156,0,0
1,0,0,0,-0.5851984004382496,1,2,1,0,0,2,0,0,2,0,1,1,0.8620840331672525,0.30077508708833156,1,0
1,0,0,1,1.2064976032430856,1,0,2,1,1,1,1,1,1,2,0,0,-1.4876969250676457,0.30077508708833156,0,0
0,0,1,1,1.369379058123207,1,0,0,2,0,0,0,2,0,2,1,2,-0.16656830993557784,0.0784901019369093,0,0
0,0,1,1,1.3286586944031769,1,2,0,2,2,0,2,2,2,2,1,0,0.5895493251400082,0.46271972718135396,0,0
0,1,0,0,-1.1960038562387048,1,0,1,0,0,0,0,0,0,0,1,2,0.18407085709947407,-1.1126165497948088,1,1
0,0,0,0,0.06632741908223598,1,0,2,1,1,1,1,1,1,0,0,3,-1.4760643460664828,0.7421366527007227,0,0
1,0,1,1,-0.6666391278783103,1,2,1,0,0,2,0,2,0,0,1,0,0.8654076271675846,0.30077508708833156,0,0
0,0,0,0,0.880734693482843,1,2,1,2,0,2,0,2,2,1,1,0,1.302460238211275,0.5577339222638219,1,0
0,1,0,0,0.7178532386027215,1,2,1,0,0,2,2,2,2,0,1,2,1.3356961782145975,0.4647178860196574,0,1
1,0,1,0,1.5729808767233588,1,0,1,0,2,2,2,2,2,2,1,2,1.3456669602155942,0.82041769909156,0,0
0,0,0,0,-0.9109613101984924,1,2,1,0,0,0,0,0,0,0,1,2,0.3319707901142591,0.898849459574829,1,0
0,0,0,0,-1.2774445836787656,1,0,0,0,0,0,2,0,0,0,1,2,-0.46402997296531395,0.4170211096098142,1,0
1,0,0,0,-0.5851984004382496,1,2,2,1,1,1,1,1,1,1,0,3,-1.3630621500551865,0.17456698342934127,0,0
1,0,0,0,-1.1552834925186746,1,0,0,0,0,0,2,2,0,0,1,2,-0.1150526029304281,-0.9040006279810036,0,0
0,0,1,1,1.0436161483629645,1,2,0,2,0,2,2,2,0,2,0,3,0.36686852711774764,0.23370562711026255,0,0
0,0,1,0,0.9621754209229036,1,2,1,2,0,0,0,2,2,1,1,2,1.1047063951915064,0.4769524150771118,0,0
1,0,0,0,-1.2367242199587352,1,0,1,0,0,0,0,2,0,0,1,2,0.5147684601325326,0.30077508708833156,1,0
1,0,1,0,-0.015113308357824713,1,2,1,0,0,2,0,0,0,0,1,2,0.46989994112804756,-0.9522178859315984,1,0
1,0,1,1,0.9621754209229036,0,1,0,2,2,0,2,2,0,1,1,3,-0.42414684496132693,-0.5209107275139038,0,0
1,0,0,0,0.14776814652229667,1,2,1,0,0,0,0,0,2,0,1,2,0.6643301901474837,-0.38601693076675164,1,0
0,0,0,0,-1.1552834925186746,1,2,0,0,0,0,2,2,0,0,1,3,-0.012021188920128179,-0.8431272323139777,0,0
1,0,0,0,0.8400143297628127,1,2,1,0,0,0,0,2,0,0,0,0,0.6875953481498096,0.2695227530006964,1,0
1,0,0,0,-0.9109613101984924,1,0,0,0,0,0,0,0,0,0,1,1,-0.6302096729819263,0.21124006150122931,0,0
1,0,0,0,-1.1552834925186746,0,1,0,0,0,0,2,0,0,0,0,2,-1.1387195550327598,0.30077508708833156,0,0
1,0,1,1,-1.2774445836787656,1,0,2,1,1,1,1,1,1,0,0,3,-1.491020519067978,-2.7332953080327056,1,0
0,0,1,0,0.758573602322752,1,0,1,0,0,0,0,0,0,0,0,3,0.14584952609565352,-0.058209713771879425,0,0
1,1,0,0,-0.8295205827584317,1,2,1,0,0,2,0,2,2,0,1,2,1.1528985081963241,0.30077508708833156,1,1
0,0,0,0,-1.0738427650786138,0,1,0,0,0,0,2,2,2,1,1,3,-0.5155456799704636,-0.8128316261417858,0,0
1,0,1,1,1.247217966963116,0,1,0,0,2,2,2,0,0,2,0,0,-0.844581486003356,-1.0471486895613091,0,0
0,0,0,0,-1.2774445836787656,1,0,1,0,0,0,0,0,0,0,1,2,0.19404163910047073,0.7857905434139103,1,0
0,0,1,0,0.6364125111626608,1,2,1,0,2,0,2,2,2,0,1,1,1.3406815692150957,0.43774176227949424,0,0
0,0,0,0,-1.1145631287986442,1,0,1,0,0,0,0,2,0,0,1,1,0.5396954151350245,0.038030403657495,1,0
0,0,0,1,0.10704778280226633,1,0,2,1,1,1,1,1,1,1,1,1,-1.4843733310673135,0.7017532620640342,0,0
1,0,0,0,-1.0738427650786138,1,0,1,0,2,0,0,2,0,0,1,2,0.6676537841478158,0.46737590216006897,1,0
1,0,0,0,-1.2367242199587352,1,0,2,1,1,1,1,1,1,0,0,3,-1.4960059100684764,0.042100071128434766,0,0
0,0,0,0,0.7178532386027215,1,0,2,1,1,1,1,1,1,1,0,0,-1.4960059100684764,1.0008038951889187,0,0
0,0,0,0,0.025607055362205634,1,0,1,0,0,0,0,0,0,0,1,0,0.1873944510998066,-1.017418450013223,0,0
1,0,0,0,-0.055833672077855064,1,0,2,1,1,1,1,1,1,2,0,3,-1.4727407520661506,0.6922589321919133,0,0
0,0,1,1,-0.9516816739185228,1,0,2,1,1,1,1,1,1,2,0,3,-1.4760643460664828,-2.603605109765264,0,0
0,0,1,1,0.880734693482843,1,2,0,0,2,2,2,2,2,0,1,2,0.7125223031523015,0.2731557954321023,0,0
0,0,0,0,0.5549717837226001,1,0,1,2,2,2,0,2,0,1,1,1,1.0266019361836989,0.310332368002115,0,0
1,0,0,1,0.06632741908223598,1,2,1,2,2,0,0,2,2,1,1,2,1.2974748472107767,-0.1443150822411091,0,0
1,0,1,1,1.5729808767233588,1,2,1,2,0,0,0,2,2,2,1,2,1.0781176431888486,0.7726732606626942,0,0
0,0,1,1,1.247217966963116,1,0,0,2,2,2,2,0,0,2,0,3,-0.04027173792295256,0.08677771710592184,0,0
0,0,0,0,0.758573602322752,1,2,2,1,1,1,1,1,1,2,0,0,-1.3231790220511994,0.30077508708833156,0,0
0,1,0,0,-0.2594354906780068,1,2,1,0,2,0,0,2,0,0,1,2,0.8105683261621028,-1.241380594647916,1,1
0,0,1,0,1.2879383306831464,1,0,1,2,0,2,0,2,2,2,1,0,1.1379423351948288,0.6914636540419503,0,0
0,1,1,0,-1.2774445836787656,0,1,0,0,0,0,0,0,0,0,1,2,-1.328164413051698,-1.0292046930205385,1,1
1,1,1,0,1.1657772395230555,1,2,1,0,2,0,2,0,0,1,1,0,0.6909189421501416,0.47234071967523505,0,1
0,0,0,0,-0.7073594915983407,1,0,1,0,0,2,0,2,2,0,1,1,0.9717626351782166,0.30077508708833156,0,0
1,0,0,0,1.2879383306831464,1,2,1,0,2,0,2,2,2,1,1,1,1.3589613362169235,0.7724287179551531,1,0
0,0,0,0,-0.5851984004382496,1,2,0,0,0,0,0,0,0,0,1,2,-0.4806479429669752,0.9699699828498909,0,0
0,0,1,1,1.002895784642934,1,0,1,0,2,0,0,2,2,1,1,2,1.0049985751815391,0.53473569945033,0,0
1,0,1,1,-0.748079855318371,1,0,0,2,2,0,0,0,2,2,1,0,-0.11172900893009581,0.9144605248297503,0,0
1,1,0,0,-0.5851984004382496,1,2,1,0,2,0,0,0,0,0,1,1,0.5247392421335293,0.30077508708833156,0,1
0,1,1,0,1.6137012404433893,1,2,1,2,0,0,0,0,0,2,0,0,0.45660556512671835,0.549515361623536,0,1
1,0,1,0,1.5322605130033284,1,2,1,2,2,2,2,2,2,2,0,1,1.6464522172456624,0.9203842549457102,0,0
0,0,0,0,0.22920887396235737,1,0,2,1,1,1,1,1,1,2,0,3,-1.4860351280674797,0.8375209619164349,0,0
1,0,1,1,1.4508197855632678,1,0,0,2,2,2,2,0,0,2,0,1,-0.07018408392594272,0.21637098523961398,0,0
1,0,0,0,-0.7888002190384014,1,0,1,0,0,0,0,0,2,0,1,2,0.534710024134526,0.30077508708833156,1,0
1,1,1,0,1.3286586944031769,1,2,1,2,2,0,0,2,0,2,1,1,0.9285559131738974,0.6222958366083364,0,1
0,0,0,0,-0.0965540357978854,1,2,1,0,0,2,0,2,2,0,0,2,1.1861344481996465,-0.35533415490367326,0,0
1,0,1,0,0.758573602322752,1,2,0,0,0,0,2,2,2,2,1,0,0.3469269631157543,0.04514148952045248,0,0
0,0,0,0,-0.055833672077855064,1,2,1,2,0,2,0,0,0,0,1,1,0.6643301901474837,-0.7492458904111763,0,0
0,0,1,0,-0.9516816739185228,1,0,1,0,0,0,0,2,2,0,0,2,0.8205391081630994,0.9435282947472567,1,0
0,0,1,1,1.6137012404433893,1,2,0,2,2,2,2,0,2,2,1,0,0.4898415051300408,0.5619689540074375,0,0
1,0,0,0,-0.9109613101984924,1,2,0,0,0,0,0,2,2,0,1,1,0.2455573461056209,0.8949624081803842,1,0
0,0,0,0,0.18848851024232702,1,0,2,1,1,1,1,1,1,1,1,2,-1.4943441130683104,0.7763342432218103,0,0
0,0,0,0,-1.2367242199587352,1,0,0,0,0,2,2,2,2,0,0,2,0.3868100911197414,0.30077508708833156,1,0
1,0,0,0,0.9214550572028734,1,0,1,2,2,0,0,2,2,1,1,3,1.2010906212011416,0.538451143992121,0,0
1,0,0,1,0.025607055362205634,1,2,1,2,0,2,0,0,2,0,1,0,1.0149693571825356,-0.24258018248546054,0,0
0,0,1,1,0.5549717837226001,1,0,1,0,0,2,2,0,2,1,0,0,0.8703930181680831,0.17234106554920808,0,0
0,0,0,1,-1.2774445836787656,1,0,0,2,0,0,2,0,0,0,0,2,-0.3410569949530208,0.5016228613975636,0,0
0,1,0,0,-0.5037576729981889,1,2,0,0,0,0,0,0,2,0,1,3,-0.10508182092943122,0.30077508708833156,1,1
1,0,1,0,-0.9516816739185228,1,0,1,0,2,2,0,0,0,0,1,2,0.50313588113137,0.8377500955595013,1,0
1,1,0,0,-0.015113308357824713,1,2,1,0,0,0,0,2,2,0,1,1,1.04321990618536,-0.41526189420397186,1,1
0,0,1,1,-0.5444780367182193,1,0,0,0,0,2,0,0,0,0,1,0,-0.5039131009693008,0.9939682852497367,0,0
0,0,1,0,1.5322605130033284,1,2,0,2,0,2,2,0,0,2,0,1,0.017891157082861757,0.3427994625091098,1,0
0,0,0,1,1.1657772395230555,1,2,2,1,1,1,1,1,1,2,1,1,-1.3215172250510334,0.30077508708833156,0,0
1,0,0,0,-0.2594354906780068,1,0,0,0,0,0,0,0,0,0,0,2,-0.641842251983089,0.30077508708833156,0,0
1,0,1,0,0.5142514200025698,1,2,1,0,2,2,0,2,2,0,1,0,1.4287568102239003,0.37751792291632646,0,0
1,0,1,1,1.2064976032430856,1,2,1,0,0,2,0,2,0,2,1,1,0.8089065291619363,0.5061017720390958,0,0
1,0,0,0,-1.2774445836787656,1,0,2,1,1,1,1,1,1,0,0,3,-1.4993295040688086,-2.7748760544756292,1,0
0,0,0,0,-1.1960038562387048,1,0,0,0,0,0,0,0,0,0,0,3,-0.6651074099854147,0.30077508708833156,0,0
0,0,1,1,0.35136996512244845,1,2,1,2,2,2,0,0,2,1,1,0,1.2243557792034672,0.054210634117791985,0,0
1,0,1,1,1.4100994218432374,1,0,1,0,2,2,2,2,2,2,0,0,1.2758714862086173,0.7677710080453072,0,0
1,0,0,0,-1.2774445836787656,1,2,1,0,0,0,0,2,0,0,1,3,0.6610065961471517,0.9342100397036712,1,0
0,0,1,0,1.5729808767233588,1,2,1,2,2,0,0,2,0,1,0,3,1.0266019361836989,0.7613619389562896,0,0
0,0,1,1,0.18848851024232702,1,0,0,2,2,0,0,2,2,1,0,0,0.3436033691154218,-0.6979394507945925,0,0
1,0,1,0,1.125056875803025,1,0,0,2,2,0,2,0,0,2,1,3,-0.11339080593026184,-0.01428920422028253,0,0
0,1,1,0,-1.2774445836787656,1,0,1,0,0,0,0,0,0,0,1,2,0.15914390209698223,0.7697347938818963,1,1
0,0,0,0,-1.0738427650786138,1,0,2,1,1,1,1,1,1,0,0,1,-1.4976677070686424,0.30077508708833156,0,0
0,0,0,0,-0.7888002190384014,0,1,0,0,2,0,0,0,0,0,1,2,-1.1204397880309327,-0.14615189397555145,1,0
0,0,1,1,-0.8702409464784621,1,0,0,2,0,0,0,0,0,0,0,0,-0.4573827849646494,0.5934651379617342,0,0
1,0,0,0,-1.0331224013585834,1,0,0,2,0,0,0,0,0,0,1,3,-0.4573827849646494,-0.1076801852262305,1,0
0,0,1,1,-0.9109613101984924,1,0,1,0,0,0,0,2,2,0,1,2,0.8005975441611056,0.9775688563574747,0,0
1,0,1,0,0.06632741908223598,1,0,2,1,1,1,1,1,1,2,0,1,-1.4860351280674797,0.7504213604410589,0,0
0,0,0,0,1.2064976032430856,1,0,0,2,0,0,2,0,2,2,1,3,0.011243969082197169,0.017429863067820663,0,0
1,0,1,0,1.2879383306831464,1,2,0,0,2,0,2,0,2,1,1,3,0.179085466098976,0.2523918198850985,0,0
0,0,1,1,-1.2774445836787656,1,0,0,0,0,0,0,0,0,0,1,0,-0.6784017859867437,0.22739848811659752,1,0
1,0,0,0,-0.30015585439803716,1,0,2,1,1,1,1,1,1,2,1,3,-1.462769970065154,0.41107134700618714,0,0
0,0,0,0,-0.2594354906780068,1,0,0,0,2,2,0,0,0,1,1,3,-0.28954128794787104,0.30077508708833156,0,0
1,0,0,1,-0.9109613101984924,1,0,2,1,1,1,1,1,1,1,1,0,-1.4893587220678117,-1.459604984621053,0,0
0,0,0,0,0.8400143297628127,1,2,1,2,2,2,0,2,0,1,0,3,1.1246479591934997,0.487414248160074,0,0
0,0,0,0,-1.0331224013585834,1,0,1,0,0,0,0,2,0,0,1,2,0.4964886931307054,0.6016218725200355,1,0
1,0,0,0,0.025607055362205634,1,0,1,0,2,2,0,0,0,0,1,1,0.4732235351283796,-0.782268526924118,0,0
0,1,1,0,1.5729808767233588,1,0,1,0,2,2,0,0,2,2,0,1,0.8205391081630994,0.7012281574971786,0,1
0,0,0,0,-0.13727439951791576,1,2,1,0,0,0,0,0,0,0,1,2,0.31369102311243185,-2.089252037249549,0,0
1,0,1,1,-0.3408762181180675,1,2,0,2,0,0,2,2,2,0,0,0,0.5396954151350245,-2.514666932026204,0,0
1,0,1,1,-0.5037576729981889,1,0,0,0,0,2,0,0,0,0,1,2,-0.5039131009693008,0.9831313072470894,0,0
0,0,0,0,-1.2774445836787656,1,2,1,0,0,0,0,2,0,0,1,2,0.6593447991469852,0.9340019779459395,0,0
1,0,0,1,0.880734693482843,1,2,0,0,2,0,0,0,0,0,1,1,-0.3244390249513595,-0.3576029895451158,1,0
0,1,0,0,-1.1145631287986442,1,0,1,0,0,2,0,2,0,0,1,3,0.6676537841478158,0.14248493248445823,1,1
0,0,1,1,1.6137012404433893,1,2,0,2,0,2,2,2,2,2,1,0,0.6460504231456565,0.6268325795281227,0,0
1,0,1,0,0.7992939660427822,1,0,1,2,2,2,2,2,2,2,1,2,1.3805646972190828,0.5222502281231731,0,0
0,0,0,0,-0.9516816739185228,1,0,1,0,0,0,0,0,0,0,0,2,0.142525932095321,0.7103779135420567,0,0
0,0,0,0,-1.2774445836787656,1,0,0,0,0,0,0,0,0,0,1,3,-0.6435040489832552,0.259769612227741,0,0
1,1,0,0,-1.2774445836787656,1,2,1,0,0,0,0,0,0,0,1,2,0.2954112561106046,0.8227461160948512,1,1
1,0,1,1,0.025607055362205634,1,0,0,0,0,2,2,2,2,1,1,3,0.30372024111143525,-1.0188841558009802,1,0
0,0,1,0,0.9214550572028734,1,2,1,0,0,2,0,0,0,0,1,2,0.43167861012422654,0.24578777192337062,1,0
1,0,1,1,1.4915401492832983,1,2,1,0,0,0,2,2,2,2,1,2,1.1495749141959914,0.7611146141001968,0,0
1,0,0,0,-1.2774445836787656,1,0,0,2,0,0,0,0,0,0,1,3,-0.46569176996548,0.4166721017832418,0,0
1,0,0,0,0.880734693482843,1,2,0,2,0,2,2,2,2,2,0,0,0.7424346491552913,0.33297978209531565,0,0
1,0,0,1,0.025607055362205634,1,0,2,1,1,1,1,1,1,1,1,3,-1.4827115340671475,0.7556579337069985,0,0
1,1,1,0,0.5142514200025698,1,2,1,0,2,2,2,2,0,1,1,0,1.1279715531938321,0.27355865326483025,0,1
0,0,0,1,-0.8702409464784621,0,1,0,0,0,0,0,0,0,0,0,2,-1.3148700370503688,-0.28532275388550754,0,0
1,0,0,0,-1.0738427650786138,1,0,0,2,2,0,0,0,0,0,1,0,-0.3011738669490337,-0.20548407075303116,0,0
1,0,0,0,-0.46303730927815856,1,0,0,2,0,2,0,2,0,0,0,0,0.019552954083027783,0.30077508708833156,0,0
0,0,1,1,1.3286586944031769,1,2,2,1,1,1,1,1,1,2,1,0,-1.3115464430500368,0.30077508708833156,0,0
0,1,1,0,-1.0738427650786138,1,2,1,0,0,0,0,0,2,0,1,2,0.6510358141461546,0.3348756859786001,1,1
0,0,0,0,-0.9924020376385531,1,0,1,2,0,0,0,2,0,0,0,2,0.6709773781481484,0.7335284931049612,1,0
1,0,0,0,-0.8702409464784621,1,0,1,0,0,0,2,0,0,0,1,2,0.3020584441112687,0.9759738850541547,1,0
1,0,1,1,0.43281069256250915,1,2,2,1,1,1,1,1,1,2,0,3,-1.3464441800535252,0.30077508708833156,0,0
1,0,1,1,0.6771328748826912,0,1,0,0,2,0,0,2,2,1,1,0,-0.4307940329619915,-0.827259023324205,1,0
0,1,1,0,-1.2774445836787656,1,0,0,0,0,0,0,0,0,0,0,2,-0.6235624849812617,0.2942867230042484,1,1
1,1,0,0,-0.7073594915983407,1,0,1,0,0,0,0,0,2,0,1,2,0.48651791112970877,0.30077508708833156,1,1
1,0,1,1,1.125056875803025,1,0,0,2,2,2,0,0,0,2,0,0,-0.14164135493308597,-0.03820643853503688,0,0
1,0,0,0,-0.62591876415828,0,1,0,0,0,0,0,0,0,0,0,1,-1.3181936310507012,0.007493921414512746,0,0
1,1,1,0,-0.6666391278783103,1,0,1,0,0,0,0,0,0,0,1,0,0.23392476710445778,0.30077508708833156,1,1
1,0,1,1,0.10704778280226633,1,0,2,1,1,1,1,1,1,1,0,0,-1.4860351280674797,0.8423217773583105,0,0
1,1,1,0,0.47353105628253944,1,2,1,0,2,0,0,0,2,1,0,3,0.785641371159611,0.047668957750393794,1,1
0,0,1,1,-0.8295205827584317,0,1,0,0,0,0,2,0,0,1,0,1,-1.1470285400335904,-0.0464925642966355,0,0
1,0,0,0,-1.2774445836787656,1,0,2,1,1,1,1,1,1,0,0,3,-1.481049737066981,-2.059747056066256,0,0
0,0,0,0,-0.1779947632379461,1,0,0,2,2,0,2,0,0,1,1,2,-0.1615829189350795,0.30077508708833156,0,0
1,0,1,0,1.5322605130033284,1,2,2,1,1,1,1,1,1,2,0,0,-1.3165318340505352,-2.3744200946780416,0,0
0,0,0,1,-1.1145631287986442,1,0,0,0,0,0,0,0,0,0,0,3,-0.6235624849812617,-1.3807490515719236,1,0
1,0,0,0,-0.5851984004382496,1,0,1,0,2,2,0,2,2,0,0,1,1.2143849972024705,0.30077508708833156,0,0
1,0,1,0,1.5322605130033284,1,2,0,2,0,0,2,2,2,2,1,1,0.40508985812156867,0.47957815216034155,0,0
0,0,1,1,-0.9516816739185228,1,2,0,0,2,0,0,0,0,0,1,3,-0.31446824295036285,0.41911260249550597,0,0
0,1,0,0,1.4100994218432374,1,0,1,2,2,0,2,2,0,2,1,0,0.9202469281730669,0.6566542123226765,0,1
0,0,0,0,-1.2774445836787656,1,0,0,2,0,0,0,0,0,0,1,0,-0.5421344319731216,0.3502879878262925,0,0
0,0,1,1,-0.5851984004382496,1,0,2,1,1,1,1,1,1,2,0,3,-1.5093002860698053,-0.36291704172977374,0,0
1,0,0,0,-1.1552834925186746,1,2,0,0,0,0,0,0,0,0,0,1,-0.43245582996215753,-1.9572004049982372,1,0
1,1,1,1,1.5729808767233588,1,0,1,2,2,2,0,0,0,1,1,0,0.7291402731539627,0.6632228023692763,0,1
1,0,1,1,-0.0965540357978854,1,2,1,2,2,0,0,2,0,0,1,2,0.9850570111795457,-0.5572200893753212,1,0
1,0,1,0,-1.2774445836787656,1,0,0,2,0,2,0,0,0,0,0,3,-0.3011738669490337,0.5263251299954657,0,0
0,0,0,0,0.9214550572028734,1,2,1,2,0,2,0,0,0,1,1,1,0.6477122201458225,0.2915213058436129,0,0
1,0,0,0,1.0843365120829946,1,0,0,0,0,2,2,2,0,0,1,2,-0.003712203919297562,-0.022920339696898693,0,0
0,0,0,0,-1.2774445836787656,1,0,1,0,0,0,0,0,0,0,1,3,0.179085466098976,0.7836162436474007,1,0
0,0,1,0,-1.0331224013585834,1,0,1,0,0,0,0,0,0,0,1,0,0.14751132309581955,0.34542683000985563,0,0
1,0,1,1,0.5142514200025698,1,0,0,2,0,0,2,0,0,2,0,0,-0.33607160395252245,-0.8080683814259895,0,0
0,0,1,1,0.880734693482843,1,2,2,1,1,1,1,1,1,1,1,0,-1.329826210051864,0.30077508708833156,0,0
1,0,1,1,0.758573602322752,1,2,2,1,1,1,1,1,1,1,1,3,-1.3564149620545218,0.30077508708833156,0,0
0,1,1,0,1.6137012404433893,1,2,1,0,2,2,0,2,2,1,0,1,1.3373579752147637,0.8559127430556465,0,1
1,0,1,0,0.47353105628253944,1,0,0,2,2,0,2,0,0,1,1,0,-0.16324471593524553,-0.7571175978226303,0,0
1,0,0,0,-1.2367242199587352,1,0,2,1,1,1,1,1,1,0,0,3,-1.4860351280674797,0.16158714288548015,0,0
0,0,0,0,1.369379058123207,1,2,1,0,0,2,0,2,0,1,1,0,0.9102761461720702,0.6403206080556669,0,0
1,0,1,1,1.4508197855632678,0,1,0,2,2,0,0,2,0,1,0,3,-0.6634456129852487,-0.4453879579615029,0,0
0,0,0,0,-0.055833672077855064,1,0,2,1,1,1,1,1,1,2,0,1,-1.4577845790646555,0.7665416806526641,0,0
0,1,0,0,-0.46303730927815856,1,2,1,0,0,0,0,2,2,0,1,0,1.0182929511828682,-1.8744983615895667,0,1
1,0,0,1,-0.46303730927815856,1,2,1,2,0,0,0,0,0,0,0,2,0.5180920541328647,0.30077508708833156,0,0
0,0,1,1,0.9214550572028734,1,2,0,2,0,2,2,2,2,2,1,0,0.6759627691486464,0.3087782244186665,0,0
1,0,0,0,-0.9516816739185228,0,1,0,0,0,0,0,2,0,0,1,1,-0.9991286070188055,-0.4662696361525761,1,0
1,1,1,0,1.5729808767233588,1,2,1,2,2,2,2,2,2,2,1,0,1.6713791722481544,0.9033653386472676,0,1
0,0,0,0,-1.2774445836787656,1,0,1,0,0,0,0,0,2,0,1,2,0.5430190091353566,0.9091416635708889,1,0
1,0,1,1,-0.4223169455581282,1,0,2,1,1,1,1,1,1,1,0,3,-1.4893587220678117,0.20306187108574744,0,0
0,0,1,1,-1.2774445836787656,1,0,2,1,1,1,1,1,1,0,0,3,-1.4694171580658184,-2.031087727422618,1,0
0,0,0,0,1.1657772395230555,1,2,1,0,0,2,2,2,2,2,1,2,1.3905354792200795,0.7004399832818805,1,0
0,0,1,0,1.4100994218432374,1,2,0,0,2,2,2,2,2,2,0,0,0.7108605061521354,0.6050973511824009,0,0
0,1,0,0,-0.748079855318371,1,0,1,2,2,0,0,0,0,0,0,2,0.46823814412788106,0.30077508708833156,0,1
1,0,1,0,1.0843365120829946,1,2,1,2,2,2,2,2,0,0,1,2,1.395520870220578,0.6721847370217221,1,0
1,1,1,0,-0.46303730927815856,1,0,1,0,0,2,0,2,0,0,0,0,0.7241548821534641,-3.596849822134997,0,1
1,0,0,0,-1.1552834925186746,0,1,0,2,2,0,2,0,0,0,0,3,-0.7432118689932226,0.30077508708833156,0,0
0,0,0,0,-1.1960038562387048,1,0,1,0,0,0,0,2,2,0,1,2,0.8205391081630994,-1.0262450833746914,1,0
1,0,1,0,1.5322605130033284,1,2,2,1,1,1,1,1,1,2,0,0,-1.3464441800535252,0.30077508708833156,0,0
0,0,0,0,-1.1960038562387048,1,0,1,0,2,0,2,2,2,0,1,2,1.1013828011911744,-0.3219052379032151,1,0
1,1,0,0,-0.46303730927815856,1,0,2,1,1,1,1,1,1,1,0,0,-1.4710789550659844,0.18825817254371416,0,1
1,0,0,0,-0.5037576729981889,1,0,2,1,1,1,1,1,1,0,1,1,-1.5009913010689746,-0.09770512964276282,0,0
1,0,1,1,-0.4223169455581282,1,0,2,1,1,1,1,1,1,1,0,0,-1.479387940066815,0.3767916445737932,0,0
1,0,0,0,-1.2774445836787656,1,0,0,0,0,0,0,0,2,0,1,3,-0.3011738669490337,0.5263251299954657,1,0
0,0,0,0,1.247217966963116,1,0,2,1,1,1,1,1,1,2,1,3,-1.4677553610656522,0.30077508708833156,0,0
0,0,1,1,1.5322605130033284,1,0,2,1,1,1,1,1,1,2,0,0,-1.4943441130683104,0.30077508708833156,0,0
1,0,0,0,-0.7888002190384014,1,0,1,0,2,2,0,0,0,0,1,2,0.4998122871310375,0.99788006769684,1,0
0,0,0,0,-1.1145631287986442,1,0,1,0,0,0,0,2,0,0,0,2,0.5131066631323666,0.014824698027132354,0,0
0,0,1,1,1.6137012404433893,1,2,1,2,2,2,2,2,2,2,1,1,1.7162476912526399,0.94435239727187,0,0
0,0,0,0,-0.7888002190384014,0,1,0,0,2,0,0,0,0,0,1,2,-1.1004982240289392,0.039049374283751034,0,0
1,0,1,0,1.1657772395230555,1,0,1,0,2,2,2,0,2,0,0,1,0.9767480261787151,0.5781381071817663,0,0
1,0,0,0,-1.2774445836787656,1,0,2,1,1,1,1,1,1,0,0,2,-1.4660935640654862,-2.023047977174219,0,0
0,1,1,0,0.9621754209229036,1,2,1,0,0,0,2,0,0,0,1,0,0.4017662641212361,0.18430258468813443,0,1
0,0,0,0,-1.1552834925186746,1,0,2,1,1,1,1,1,1,0,0,3,-1.4827115340671475,0.9337938728895039,0,0
1,0,0,0,0.10704778280226633,1,2,0,2,0,0,0,0,0,2,0,3,-0.3161300399505289,-2.508142274217173,0,0
0,0,1,0,-0.5851984004382496,0,1,0,0,0,2,0,2,0,0,1,2,-0.8545522680043529,0.7358143446451112,1,0
1,0,1,0,1.6137012404433893,1,2,0,0,2,2,0,2,2,2,0,0,0.5779167461388456,0.5881861699714253,0,0
0,1,0,0,0.6771328748826912,1,2,1,2,2,2,2,0,2,1,0,0,1.2708860952081187,0.45266860098413664,0,1
0,0,1,0,0.47353105628253944,1,2,1,2,2,2,2,0,0,0,1,1,1.0083221691818711,0.10743896098917768,0,0
0,1,1,0,-1.1960038562387048,1,0,1,0,0,0,2,2,0,0,1,3,0.6360796411446599,-0.682104062689637,1,1
0,0,1,1,0.18848851024232702,1,2,1,0,2,2,0,0,2,0,1,2,1.0099839661820376,-0.10945086471069705,0,0
1,0,1,0,1.1657772395230555,1,2,0,0,2,2,0,2,2,1,1,2,0.4998122871310375,0.39157593044684597,0,0
1,0,1,0,1.5322605130033284,1,2,0,2,0,2,2,0,2,2,1,1,0.33363258711442517,0.48806449285830567,0,0
0,1,0,0,-1.2774445836787656,1,0,1,0,0,0,0,0,0,0,1,2,0.16911468409797886,0.7712051065952846,1,1
0,0,0,0,0.35136996512244845,1,0,2,1,1,1,1,1,1,0,0,2,-1.4727407520661506,0.8730881471313616,0,0
1,0,1,1,1.5322605130033284,1,2,0,2,2,2,2,0,2,1,0,0,0.4516201741262198,0.5137335392147313,0,0
0,0,0,0,-1.2774445836787656,1,0,0,0,0,0,0,2,0,0,1,3,-0.3726311379561772,0.4838303247296155,1,0
1,0,0,0,0.758573602322752,1,0,2,1,1,1,1,1,1,1,0,2,-1.517609271070636,0.30077508708833156,0,0
0,0,1,1,0.3920903288424788,1,0,2,1,1,1,1,1,1,2,0,3,-1.4876969250676457,0.9285771214780321,0,0
0,0,1,1,1.5322605130033284,1,2,1,2,2,2,2,0,0,2,0,0,0.9684390411778845,0.7199603380521311,1,0
1,0,0,0,0.6364125111626608,1,0,2,1,1,1,1,1,1,1,0,0,-1.4893587220678117,0.30077508708833156,0,0
1,0,1,1,1.4508197855632678,1,2,1,2,2,2,2,2,2,2,1,2,1.608230886241842,0.8838663290609411,1,0
0,0,0,0,0.6364125111626608,1,2,2,1,1,1,1,1,1,2,0,1,-1.3547531650543558,0.30077508708833156,0,0
0,1,1,0,-0.2594354906780068,1,0,1,0,2,0,0,0,2,0,0,2,0.6709773781481484,-1.5182707276048326,1,1
1,0,1,0,-0.8702409464784621,1,2,1,0,2,0,0,0,0,0,1,0,0.5230774451333633,0.9629195649202205,1,0
1,0,0,0,-1.2774445836787656,1,0,2,1,1,1,1,1,1,0,1,3,-1.5109620830699715,-2.8271685845746872,1,0
0,0,0,0,-0.21871512695797646,1,0,2,1,1,1,1,1,1,1,0,3,-1.51594747407047,0.419460759754811,0,0
0,1,0,0,0.5549717837226001,1,0,1,0,2,2,0,2,0,1,1,0,0.8820255971692458,0.13000940540544073,0,1
1,0,0,0,-1.2774445836787656,1,0,0,0,0,2,0,0,0,0,1,3,-0.5022513039691348,0.38403080001014156,1,0
0,0,0,0,0.5549717837226001,1,0,0,0,0,2,2,0,0,2,0,1,-0.34604238595351905,-0.933189504622267,1,0
1,0,1,1,-0.30015585439803716,1,0,2,1,1,1,1,1,1,0,1,3,-1.51594747407047,0.3458016053430324,0,0
1,0,0,0,-1.1552834925186746,1,0,1,0,0,0,0,2,2,0,1,2,0.787303168159777,-0.03491111789460625,1,0
1,0,0,0,-0.7888002190384014,1,0,2,1,1,1,1,1,1,2,0,3,-1.4960059100684764,-0.710790822903218,0,0
1,0,1,0,-0.055833672077855064,1,0,0,2,2,2,2,0,2,1,1,1,0.356897745116751,-0.9885466377606822,0,0
0,0,1,1,-0.38159658183809786,1,2,1,0,0,0,0,2,0,0,1,2,0.6310942501441613,-3.811504074552648,0,0
0,0,0,0,-1.2367242199587352,1,0,2,1,1,1,1,1,1,0,0,3,-1.5076384890696393,0.6483823312686262,0,0
0,0,0,0,1.3286586944031769,1,2,2,1,1,1,1,1,1,2,0,0,-1.2716633150460497,0.30077508708833156,0,0
1,1,0,0,-0.4223169455581282,1,2,1,0,0,0,2,2,0,0,1,0,0.8554368451665879,-2.589396822357835,1,1
0,0,1,1,0.9214550572028734,1,0,2,1,1,1,1,1,1,1,0,1,-1.51594747407047,1.0046890810987572,0,0
1,0,1,0,-0.9516816739185228,1,0,1,0,2,2,2,2,0,0,1,3,1.0000131841810405,0.9610985371190783,1,0
1,0,1,1,-1.0331224013585834,1,0,1,0,0,0,0,0,0,0,1,0,0.1724382780983114,0.4799058850564016,1,0
0,0,1,1,0.10704778280226633,0,1,0,0,0,0,2,2,0,1,0,3,-0.7930657789982063,0.30077508708833156,0,0
1,0,0,0,-1.0738427650786138,1,0,0,2,0,2,2,2,2,2,1,3,0.5147684601325326,0.3976424696214446,0,0
0,0,0,0,-1.2774445836787656,1,0,0,2,0,0,0,0,0,0,1,1,-0.5371490409726233,0.35103376528223146,1,0
1,0,0,0,-0.62591876415828,1,0,1,0,0,0,0,0,0,0,1,2,0.2006888271011353,0.30077508708833156,0,0
1,0,1,1,-0.9109613101984924,1,0,0,0,0,2,0,2,0,0,0,3,-0.15161213693408263,0.5562170537704477,0,0
1,0,0,1,-0.7073594915983407,1,0,0,0,0,2,2,0,0,1,0,1,-0.31779183695069496,0.9490778522133532,0,0
0,1,0,0,0.3106496014024181,0,1,0,2,2,0,0,2,2,0,1,2,-0.29785027294870164,-1.6307011563378813,1,1
0,0,1,1,-0.7888002190384014,1,0,0,2,0,0,2,0,0,1,0,0,-0.35268957395418365,0.78892287586307,0,0
1,0,1,0,-0.13727439951791576,1,2,1,0,2,0,0,0,0,0,1,0,0.5114448661322006,-1.2617416659591196,1,0
0,0,0,0,-1.1960038562387048,1,2,1,0,0,0,0,0,0,0,1,2,0.356897745116751,-1.419399937130154,1,0
0,1,1,0,1.0436161483629645,1,2,1,0,0,0,2,2,2,0,1,0,1.1844726511994805,0.581400012405475,0,1
0,0,0,0,0.5142514200025698,1,0,0,2,2,0,2,0,0,1,1,1,-0.07350767792627502,-0.5834445836799315,0,0
0,0,1,1,1.6137012404433893,1,2,0,2,2,2,2,0,0,2,1,0,0.18905624809997262,0.4523318173312778,0,0
1,0,1,1,1.4508197855632678,1,2,1,2,2,0,0,0,0,1,1,0,0.6892571451499756,0.5676879590080347,0,0
1,0,0,0,-1.2774445836787656,1,0,2,1,1,1,1,1,1,0,1,0,-1.481049737066981,-2.059747056066256,1,0
0,0,1,1,0.22920887396235737,1,0,0,2,2,0,0,0,0,0,0,2,-0.3410569949530208,-1.742160580299407,0,0
1,0,0,0,-1.2367242199587352,1,0,2,1,1,1,1,1,1,0,0,3,-1.462769970065154,0.22655452262760467,0,0
1,0,0,0,-0.8702409464784621,1,0,2,1,1,1,1,1,1,0,0,3,-1.4760643460664828,-1.5577075009375954,0,0
0,1,1,0,-0.5037576729981889,1,0,1,0,0,0,0,2,2,1,1,0,0.8720548151682491,-3.48718158603934,0,1
1,0,1,0,1.6137012404433893,1,2,1,0,2,2,0,2,2,2,1,0,1.330710787214099,0.8432336110252658,0,0
0,0,1,0,-1.1960038562387048,1,2,1,0,0,0,0,0,0,0,1,1,0.3319707901142591,-1.2142671659172353,1,0
1,0,0,0,-0.38159658183809786,1,2,1,0,0,2,2,2,2,0,1,3,1.3057838322116073,-0.9211454434857407,1,0
1,0,0,0,0.3106496014024181,1,0,0,0,0,0,2,0,0,0,1,2,-0.45405919096431707,-1.680605446418432,0,0
1,1,1,0,1.2064976032430856,1,2,1,0,2,0,0,0,2,0,1,0,0.8321716871642622,0.5556096615370067,0,1
0,0,0,1,-0.4223169455581282,1,0,2,1,1,1,1,1,1,0,1,2,-1.4694171580658184,0.3207601309674185,0,0
0,0,0,0,-0.8702409464784621,1,0,0,2,0,2,0,0,2,0,0,0,-0.023653767921291324,0.8264603431546639,0,0
1,1,1,0,-1.0331224013585834,1,2,1,0,0,0,0,0,0,0,1,2,0.33529438411459117,0.36546635158966634,0,1
0,0,0,0,-0.7888002190384014,1,2,1,2,2,0,0,2,0,0,1,2,1.0598378761870213,0.30077508708833156,1,0
1,1,0,0,-1.2774445836787656,1,0,2,1,1,1,1,1,1,0,0,3,-1.4860351280674797,-2.0722856041739153,1,1
0,0,0,0,0.26992923768238775,1,2,1,0,2,2,0,2,2,0,1,2,1.285842268209614,0.07800044957555748,1,0
1,0,1,0,-1.1960038562387048,0,1,0,0,0,0,0,0,0,0,0,3,-1.3215172250510334,0.8768406911600837,0,0
1,0,0,0,1.0436161483629645,1,0,2,1,1,1,1,1,1,2,0,1,-1.477726143066649,0.30077508708833156,0,0
1,0,0,1,-1.0738427650786138,1,2,2,1,1,1,1,1,1,0,0,3,-1.2766487060465481,-4.3341266698979615,0,0
0,0,1,1,-1.2774445836787656,1,0,2,1,1,1,1,1,1,0,1,2,-1.491020519067978,-2.7332953080327056,1,0
0,0,1,0,-0.4223169455581282,1,0,0,0,2,2,0,0,0,0,1,3,-0.33440980695235617,0.30077508708833156,0,0
1,0,1,0,-0.748079855318371,0,1,0,0,0,0,0,2,2,0,0,2,-0.6119299059800988,0.7327653799780034,1,0
1,0,1,1,1.2879383306831464,1,2,1,0,0,2,0,0,2,1,0,1,0.8471278601657574,0.5553058270172453,0,0
1,0,0,0,-1.2774445836787656,1,0,2,1,1,1,1,1,1,0,0,2,-1.4893587220678117,-2.7251826794576077,1,0
1,0,0,0,-1.0738427650786138,1,0,2,1,1,1,1,1,1,0,0,3,-1.4660935640654862,0.30077508708833156,0,0
1,0,0,0,-1.2774445836787656,1,0,1,0,0,0,0,0,2,0,0,2,0.4931650991303729,0.890408335710015,1,0
1,0,0,1,0.26992923768238775,1,2,2,1,1,1,1,1,1,1,0,0,-1.3065610520495383,0.9922029784577805,0,0
0,0,0,0,-0.5037576729981889,1,0,2,1,1,1,1,1,1,1,0,3,-1.504314895069307,0.0954786140500198,0,0
1,0,0,0,-1.2774445836787656,1,0,1,0,0,0,2,0,0,0,1,2,0.37019212111808014,0.8477803492921737,1,0
1,0,1,0,-1.2774445836787656,1,0,1,0,0,2,0,0,0,0,0,2,0.3801629031190768,0.8574863905325606,1,0
1,0,1,0,1.2879383306831464,1,2,0,2,0,0,0,2,0,1,1,1,0.046141706085686136,0.22359502157309905,0,0
1,0,0,1,-1.2774445836787656,1,0,2,1,1,1,1,1,1,0,0,3,-1.5126238800701375,-2.836156174181261,1,0
0,0,1,0,0.5549717837226001,1,0,0,0,2,0,0,2,2,0,1,1,0.14418772909548702,-0.3131764197470485,0,0
0,1,1,1,-0.1779947632379461,0,1,0,0,2,0,0,0,2,1,1,2,-0.8528904710041867,0.30077508708833156,0,1
0,0,1,0,0.025607055362205634,1,0,2,1,1,1,1,1,1,0,0,3,-1.4860351280674797,0.7355606190182619,0,0
1,0,1,1,0.26992923768238775,1,0,0,2,2,2,0,0,0,1,0,2,-0.16490651293541178,-1.1321368143645407,0,0
0,0,1,0,0.3920903288424788,1,2,1,0,0,2,2,0,0,0,1,2,0.6493740171459885,-0.08321435094350453,1,0
0,0,0,0,-1.2774445836787656,1,0,0,0,2,0,0,0,0,0,1,2,-0.5371490409726233,0.35103376528223146,0,0
0,0,0,0,-1.0331224013585834,1,0,1,0,0,0,0,2,0,0,1,2,0.4732235351283796,0.4640522766015412,1,0
1,1,1,0,1.5322605130033284,1,0,1,2,2,2,0,2,2,2,0,1,1.3489905542159264,0.8491403493228489,0,1
1,0,0,0,1.3286586944031769,1,2,2,1,1,1,1,1,1,2,1,0,-1.3181936310507012,0.30077508708833156,0,0
1,0,0,0,-1.2774445836787656,1,0,0,2,0,0,0,0,0,0,0,2,-0.4989277099688025,0.38475184158365716,0,0
1,0,1,0,-0.5851984004382496,1,2,1,0,0,0,0,2,2,0,1,2,0.9966895901807084,0.30077508708833156,0,0
1,0,1,0,-0.3408762181180675,1,2,1,0,0,0,0,2,2,0,1,2,0.9385266951748941,-1.3057035046528525,0,0
1,0,0,0,1.247217966963116,1,2,0,2,0,2,2,0,2,2,1,0,0.2372483611047903,0.25198034216712417,0,0
0,0,0,1,0.47353105628253944,1,2,0,0,2,0,0,2,2,1,1,3,0.42503142212356193,-0.14370356064917184,0,0
1,0,0,0,-1.1552834925186746,1,0,2,1,1,1,1,1,1,0,1,2,-1.4926823160681442,0.6778462506830402,0,0
0,0,0,0,-1.2774445836787656,1,0,1,0,0,0,0,0,0,0,1,2,0.18240906009930805,0.784099830094041,1,0
0,0,1,1,0.18848851024232702,1,2,1,0,0,0,0,2,2,0,1,2,1.0133075601823696,-0.22386012129320798,0,0
0,1,0,0,-0.9109613101984924,1,0,1,0,0,2,0,0,2,0,1,1,0.6593447991469852,0.9501021768799804,1,1
1,0,0,0,0.06632741908223598,0,1,0,0,0,0,0,0,0,0,1,0,-1.3198554280508674,0.9429097718586075,0,0
1,0,1,0,0.10704778280226633,0,1,0,2,0,2,0,2,2,1,0,1,-0.3859255139575061,-2.451260397361321,0,0
0,0,1,0,-1.1552834925186746,1,0,2,1,1,1,1,1,1,0,0,2,-1.4827115340671475,0.9687648646366311,0,0
0,1,1,0,0.26992923768238775,1,2,1,0,0,0,2,2,2,0,1,2,1.2127232002023045,0.05921373324470325,0,1
1,1,1,0,0.43281069256250915,1,0,1,0,2,2,0,2,2,1,1,0,1.1894580421999785,0.19525192549206813,0,1
0,0,1,1,-0.62591876415828,1,2,2,1,1,1,1,1,1,0,0,3,-1.3514295710540236,0.11501918637771494,1,0
0,0,1,0,1.1657772395230555,1,2,2,1,1,1,1,1,1,2,0,0,-1.3115464430500368,0.30077508708833156,0,0
0,0,1,0,0.6771328748826912,1,2,0,2,2,2,0,0,2,1,0,2,0.23392476710445778,-0.14309241278735957,0,0
1,0,0,0,-1.1552834925186746,1,0,2,1,1,1,1,1,1,1,0,3,-1.4976677070686424,0.30077508708833156,0,0
0,0,1,1,1.2879383306831464,0,1,0,0,2,2,2,0,2,2,0,2,-0.49560411596847015,-0.28110560791658357,0,0
1,0,0,0,-1.1960038562387048,1,0,1,0,0,0,0,0,0,0,1,3,0.16080569909714826,-1.760466873884166,0,0
1,0,1,1,-1.2774445836787656,1,0,2,1,1,1,1,1,1,0,0,2,-1.4960059100684764,-2.7580357189955564,0,0
1,0,1,0,0.3106496014024181,1,0,1,0,2,2,0,0,0,1,0,2,0.53304822713436,-0.3314482386592484,0,0
0,0,0,1,-1.2774445836787656,1,0,0,2,2,0,2,0,0,0,1,2,-0.1582593249347472,0.6285285658224351,1,0
1,0,0,0,-0.9924020376385531,1,2,1,0,0,0,0,0,2,0,1,2,0.7241548821534641,0.708554647521858,1,0
0,1,1,0,-1.2774445836787656,1,0,2,1,1,1,1,1,1,0,1,3,-1.4594463760648215,-2.007159829123027,1,1
0,1,1,0,0.06632741908223598,1,0,0,0,0,2,2,2,0,1,0,0,-0.018668376920792765,-1.6388475027401161,0,1
0,0,1,0,-1.2774445836787656,0,1,0,0,0,0,0,0,2,0,0,2,-0.9891578250178088,-0.12974079833034952,0,0
0,0,0,0,0.26992923768238775,0,1,0,0,0,2,0,2,2,0,1,2,-0.46569176996548,-1.9386308235070444,1,0
0,1,1,0,1.0436161483629645,1,0,1,2,2,0,2,2,2,1,1,1,1.3539759452164248,0.6667628553236584,1,1
1,0,1,1,0.5142514200025698,1,0,2,1,1,1,1,1,1,2,0,2,-1.5142856770703037,0.9665517021883268,0,0
1,1,0,0,-1.0738427650786138,1,0,1,2,0,0,0,2,0,0,1,0,0.677624566148813,0.4257069514927152,1,1
1,0,0,0,0.43281069256250915,1,0,1,2,2,2,2,0,0,1,1,1,0.8604222361670865,0.03291991757423864,0,0
1,0,1,1,0.35136996512244845,1,0,2,1,1,1,1,1,1,2,1,3,-1.4876969250676457,0.9558190854338245,0,0
1,0,0,0,-1.1145631287986442,1,0,1,0,2,0,0,0,0,0,1,2,0.32864719611392706,0.011166027241498858,0,0
1,0,0,0,1.6137012404433893,0,1,0,2,0,2,2,2,2,2,1,1,-0.11837619693076015,0.222323977838648,0,0
1,0,0,0,-1.1552834925186746,1,0,2,1,1,1,1,1,1,1,0,3,-1.4893587220678117,0.7521699334890085,0,0
1,0,1,1,-0.9516816739185228,1,0,0,0,2,0,2,0,0,0,0,3,-0.3310862129520241,0.27194624725101335,0,0
1,1,1,0,1.6137012404433893,1,2,0,0,0,2,0,2,2,2,1,1,0.28876406810994004,0.4900126938865754,0,1
0,0,1,0,0.025607055362205634,1,0,0,0,0,0,2,0,0,1,1,3,-0.4424266119631542,0.30077508708833156,0,0
0,0,1,0,1.6137012404433893,1,2,1,2,0,0,0,0,0,2,0,0,0.5214156481331973,0.5787319728133384,0,0
1,0,1,0,-0.4223169455581282,1,0,0,2,0,0,2,0,0,0,1,2,-0.3510277769540174,0.30077508708833156,1,0
0,0,1,0,1.5322605130033284,1,2,1,0,2,2,2,2,2,1,1,2,1.4869197052297147,0.8653176953744893,1,0
1,0,1,1,-0.46303730927815856,1,2,1,0,2,2,0,2,2,0,0,2,1.3174164112127704,-1.542735864724258,1,0
1,0,0,0,-0.7073594915983407,1,0,1,0,0,2,0,2,0,0,0,2,0.682609957149311,0.30077508708833156,0,0
1,1,1,0,-0.13727439951791576,1,2,1,0,0,0,2,0,0,0,1,2,0.4831943171293762,-1.0101219733316518,0,1
0,0,1,1,-0.7073594915983407,1,0,0,0,2,2,2,2,2,0,0,0,0.39013368512007346,0.30077508708833156,0,0
1,1,1,1,1.5729808767233588,1,2,1,2,2,0,0,2,2,0,1,1,1.3406815692150957,0.8520806862001924,1,1
1,1,0,0,1.6137012404433893,1,2,2,1,1,1,1,1,1,2,0,0,-1.3082228490497045,0.30077508708833156,0,1
0,0,1,0,-0.5444780367182193,1,2,1,0,0,0,0,2,0,0,1,2,0.7341256641544608,0.30077508708833156,0,0
1,0,0,0,-1.2774445836787656,1,0,2,1,1,1,1,1,1,0,0,3,-1.4993295040688086,-2.7748760544756292,0,0
0,0,0,0,-1.2774445836787656,1,0,1,0,2,0,0,0,0,0,1,2,0.36354493311741554,0.8470996550473522,1,0
0,0,0,0,-1.2367242199587352,1,0,0,0,0,0,0,0,0,0,0,2,-0.6385186579827569,0.9335857245163393,0,0
0,1,1,1,-0.8702409464784621,1,2,1,0,0,2,0,0,0,0,1,1,0.4433111891253892,0.949282801103157,0,1
0,0,0,0,-0.8295205827584317,1,0,2,1,1,1,1,1,1,1,0,3,-1.5109620830699715,-1.2322608586766444,0,0
0,0,1,0,1.5322605130033284,1,2,1,0,2,2,2,2,2,2,1,2,1.5201556452330371,0.8735303544770793,0,0
0,1,1,0,-0.5037576729981889,1,2,1,0,0,2,0,2,0,0,0,2,0.8654076271675846,-2.324483302266324,1,1
0,0,0,0,-0.38159658183809786,1,0,2,1,1,1,1,1,1,0,1,0,-1.477726143066649,0.32497749963826494,0,0
1,1,0,0,0.6771328748826912,1,2,0,2,2,2,2,0,2,2,0,1,0.5513279941361872,0.10791441219607788,0,1
0,0,1,1,-1.1552834925186746,1,2,1,0,2,0,0,2,2,0,1,2,1.1030445981913404,0.015346274268968632,1,0
1,0,0,0,-0.015113308357824713,1,2,1,2,2,0,2,2,2,0,1,1,1.4420511862252297,-0.16346015200441483,1,0
1,0,0,1,-1.2367242199587352,1,0,0,0,0,0,0,0,2,0,1,2,-0.31446824295036285,0.30077508708833156,0,0
1,1,1,0,1.4915401492832983,0,1,0,2,2,0,0,2,2,2,0,1,-0.2729233179462098,0.061207985190757805,0,1
1,0,0,0,-1.0738427650786138,1,0,1,0,0,0,0,2,0,0,1,1,0.5230774451333633,0.30331962170099785,1,0
0,0,1,1,-0.3408762181180675,1,0,2,1,1,1,1,1,1,2,1,3,-1.4976677070686424,0.39977484445120265,0,0
0,0,0,0,-0.015113308357824713,1,2,1,0,2,2,0,2,2,1,1,1,1.3057838322116073,-0.1715991079271673,0,0
0,0,0,0,-0.21871512695797646,1,0,0,2,2,0,0,0,0,2,0,0,-0.3958962959585028,0.30077508708833156,0,0
0,1,1,0,-0.21871512695797646,1,2,1,2,0,0,2,2,2,0,1,0,1.3140928172124378,-0.5370869982210384,1,1
1,0,0,0,1.0436161483629645,1,2,1,0,0,0,2,0,0,0,0,0,0.5280628361338618,0.3547543325453815,0,0
1,0,0,0,-1.2774445836787656,1,0,1,0,0,0,0,0,0,0,1,3,0.21896859410296257,0.7992143189803884,1,0
0,0,1,1,-0.5851984004382496,1,2,2,1,1,1,1,1,1,2,1,1,-1.3331498040521963,0.32650668912644654,0,0
0,0,1,1,0.5956921474426305,1,0,2,1,1,1,1,1,1,2,1,0,-1.4444902030633266,0.30077508708833156,0,0
0,0,1,1,1.5322605130033284,1,2,1,0,2,2,2,2,2,2,1,2,1.5101848632320405,0.8664314634852852,0,0
0,0,0,0,-0.7888002190384014,1,2,1,0,2,2,2,0,0,0,0,2,0.8188773111629334,0.30077508708833156,1,0
0,0,1,1,0.14776814652229667,1,0,0,2,0,0,0,0,0,0,0,1,-0.45572098796448335,0.30077508708833156,0,0
1,0,0,0,1.4100994218432374,1,0,2,1,1,1,1,1,1,2,1,3,-1.4943441130683104,0.30077508708833156,0,0
0,0,0,0,-0.9109613101984924,1,0,2,1,1,1,1,1,1,0,1,3,-1.491020519067978,-2.128512913481447,0,0
1,1,0,0,-0.5444780367182193,1,0,1,2,0,0,0,0,2,0,1,2,0.749081837155956,0.30077508708833156,0,1
0,0,1,1,1.5729808767233588,1,0,2,1,1,1,1,1,1,2,0,0,-1.4926823160681442,0.30077508708833156,0,0
1,0,1,1,1.6137012404433893,1,2,0,2,2,2,2,2,2,2,1,3,0.8188773111629334,0.6917288170389615,0,0
0,0,1,1,0.6364125111626608,1,0,2,1,1,1,1,1,1,2,0,3,-1.4876969250676457,0.9813467486570816,0,0
1,0,0,0,-1.2774445836787656,1,0,2,1,1,1,1,1,1,0,0,3,-1.4860351280674797,-2.0722856041739153,0,0
1,0,1,1,-0.5851984004382496,1,0,0,2,0,2,2,2,2,0,0,2,0.6144762801425001,0.30077508708833156,0,0
1,0,0,0,-1.2774445836787656,1,0,2,1,1,1,1,1,1,0,0,3,-1.4677553610656522,-2.0270597726221724,1,0
1,1,1,0,1.4100994218432374,1,2,1,0,2,0,2,2,2,2,0,0,1.2675625012077867,0.780952329914039,0,1
1,0,1,1,1.4915401492832983,0,1,0,2,0,2,2,0,0,2,0,3,-0.8528904710041867,-0.5987446824031232,0,0
1,0,0,0,-0.5444780367182193,1,2,1,0,2,0,0,2,2,0,1,2,1.1695164781979852,-2.4390476451793823,1,0
1,1,1,0,1.6137012404433893,1,2,1,2,2,2,2,2,2,2,1,3,1.653099405246327,0.9287863148896398,0,1
0,1,0,0,0.22920887396235737,1,0,2,1,1,1,1,1,1,2,0,3,-1.481049737066981,0.829005895258242,0,1
1,1,1,0,0.3106496014024181,1,0,0,0,0,0,0,0,2,1,0,2,-0.29785027294870164,-1.2232235412205221,0,1
0,0,1,1,1.1657772395230555,1,2,2,1,1,1,1,1,1,2,1,3,-1.3481059770536914,0.30077508708833156,0,0
0,0,0,0,-0.9109613101984924,1,2,1,0,2,0,0,0,0,0,1,1,0.5396954151350245,0.9161566028476448,1,0
1,0,1,0,-0.015113308357824713,1,2,0,2,0,0,2,2,0,1,1,1,0.2671607071077802,-1.1486999206549884,0,0
0,0,0,0,-0.46303730927815856,1,2,1,0,2,0,0,2,2,0,1,1,1.1661928841976528,-2.1065113056939455,0,0
0,1,0,0,1.0843365120829946,1,2,1,0,0,2,0,2,2,1,1,2,1.15456030519649,0.6062531650311618,0,1
0,1,1,0,-0.7888002190384014,1,0,1,0,0,0,0,0,0,0,1,2,0.179085466098976,0.9713741209946021,1,1
0,0,0,0,0.5956921474426305,1,0,2,1,1,1,1,1,1,2,0,1,-1.479387940066815,0.30077508708833156,0,0
1,0,1,1,1.4915401492832983,1,2,2,1,1,1,1,1,1,2,1,0,-1.288281285047711,0.30077508708833156,0,0
1,0,0,0,-1.2367242199587352,1,0,2,1,1,1,1,1,1,0,1,1,-1.491020519067978,-0.23451435034951684,0,0
0,0,1,1,-0.4223169455581282,1,0,2,1,1,1,1,1,1,0,0,0,-1.5192710680708021,0.2795821261192404,0,0
1,1,1,0,-0.7073594915983407,1,2,1,2,0,2,0,2,0,0,1,2,1.0548524851865226,0.30077508708833156,0,1
0,0,0,0,0.8400143297628127,1,0,2,1,1,1,1,1,1,2,0,1,-1.4926823160681442,0.30077508708833156,0,0
0,1,1,0,-0.1779947632379461,1,2,2,1,1,1,1,1,1,0,0,3,-1.2982520670487077,0.8276182156398002,0,1
1,0,0,0,-0.4223169455581282,1,0,2,1,1,1,1,1,1,1,0,3,-1.477726143066649,0.339411243472334,0,0
0,0,0,0,-1.2774445836787656,1,0,1,0,0,0,0,0,0,0,1,3,0.179085466098976,0.7836162436474007,1,0
1,1,1,0,-0.6666391278783103,1,0,1,0,0,2,2,0,2,0,1,2,0.8903345821700764,0.30077508708833156,0,1
0,0,1,1,0.6364125111626608,0,1,0,2,2,0,2,0,0,2,0,3,-0.84291968900319,-2.1880910779376914,0,0
1,1,1,0,-0.0965540357978854,1,2,1,2,2,2,2,2,0,0,1,0,1.3606231332170895,-0.302371463316316,0,1
0,0,0,0,-1.1960038562387048,1,0,1,0,0,0,0,0,0,0,1,2,0.18240906009930805,-1.2089315935641456,0,0
1,1,0,0,1.002895784642934,1,2,1,2,0,0,2,0,2,2,0,2,0.9634536501773859,0.5550019001540106,0,1
0,1,1,0,1.4508197855632678,1,2,1,2,2,0,0,0,2,1,1,1,1.0565142821866886,0.7207332819062636,1,1
0,0,1,0,-0.38159658183809786,1,0,0,0,0,0,2,2,0,1,0,0,-0.1582593249347472,0.30077508708833156,0,0
0,0,1,0,1.3286586944031769,1,0,0,0,0,0,2,2,0,2,1,1,-0.16490651293541178,0.0038082815125020496,0,0
1,0,1,0,0.47353105628253944,1,0,1,0,0,0,0,2,2,1,1,0,0.8604222361670865,0.07112002197831084,0,0
0,0,1,1,1.5729808767233588,1,2,1,2,2,2,0,2,2,2,1,0,1.4703017352280534,0.8644257868776679,0,0
0,0,1,0,0.18848851024232702,1,2,0,2,0,2,2,0,0,1,0,1,0.11095178909216456,-0.9131959104245035,0,0
0,0,0,0,-0.8295205827584317,1,0,2,1,1,1,1,1,1,0,0,3,-1.4744025490663168,-0.6947522488622658,0,0
1,0,1,1,1.4915401492832983,1,2,0,0,2,2,2,2,2,2,1,0,0.5712695581381809,0.5492096695074142,0,0
0,0,0,0,0.10704778280226633,1,0,0,2,2,2,0,0,0,0,0,2,-0.13997955793291994,-2.146469514998576,0,0
1,0,0,0,-1.1145631287986442,1,0,0,0,2,0,2,0,2,0,1,0,0.0278619390838584,-0.18552545239802357,0,0
1,0,1,1,1.0436161483629645,1,2,1,0,0,0,0,2,0,2,0,0,0.5895493251400082,0.36030935658266317,0,0
1,0,1,0,1.6137012404433893,1,2,0,2,2,2,2,0,2,2,1,0,0.5829021371393436,0.6251337119770359,0,0
1,0,1,0,1.6137012404433893,1,2,0,2,2,2,2,0,0,2,0,3,0.11261358609233106,0.3554967877629871,0,0
0,0,0,0,-1.2774445836787656,1,0,2,1,1,1,1,1,1,0,0,1,-1.477726143066649,-2.051474522669158,0,0
0,0,0,0,0.26992923768238775,1,0,1,2,0,2,2,2,0,1,1,2,1.0232783421833662,-0.03875671593962486,1,0
1,0,1,1,0.8400143297628127,1,0,2,1,1,1,1,1,1,1,0,1,-1.481049737066981,0.30077508708833156,0,0
0,0,0,0,-0.21871512695797646,1,0,1,0,0,2,2,0,2,0,1,2,0.8122301231622688,-1.065420565539783,0,0
0,1,0,0,-1.2774445836787656,1,0,1,0,0,0,0,0,0,0,1,2,0.16246749609731476,0.7702251383610833,1,1
0,1,0,0,-1.2774445836787656,1,0,1,0,0,0,0,2,2,0,1,2,0.8155537171626008,0.9594770571157851,1,1
0,0,1,0,-0.5851984004382496,1,0,1,2,0,0,0,0,0,0,0,2,0.33363258711442517,0.30077508708833156,0,0
1,0,1,1,0.5549717837226001,1,0,2,1,1,1,1,1,1,2,1,3,-1.481049737066981,0.9719752914571311,0,0
0,0,1,0,1.6137012404433893,1,2,0,2,0,2,2,2,2,2,1,1,0.6526976111463211,0.6478284320554367,0,0
0,0,0,0,0.14776814652229667,1,0,1,0,0,2,2,0,2,0,1,2,0.7573908221567865,-0.37286154746217576,1,0
0,0,1,0,-1.1552834925186746,0,1,0,0,0,0,0,0,0,0,1,2,-1.3165318340505352,1.001776607707763,0,0
0,0,0,0,-0.30015585439803716,1,0,2,1,1,1,1,1,1,2,0,1,-1.4943441130683104,0.3397882796673872,0,0
0,0,1,1,0.3106496014024181,0,1,0,0,2,0,0,2,2,0,1,2,-0.4623681759651477,-1.8372394184582481,0,0
1,0,1,0,1.247217966963116,1,2,1,0,2,2,0,2,2,0,1,2,1.2509445312061254,0.7028026447165723,0,0
0,1,0,0,-0.7073594915983407,1,0,1,2,0,2,2,0,2,0,1,3,1.0482052971858582,0.30077508708833156,1,1
1,0,0,0,-0.748079855318371,1,2,0,0,2,0,0,0,0,0,1,1,-0.3078210549496983,0.8648718405636712,0,0
1,1,1,0,1.6137012404433893,1,2,1,0,2,2,2,2,2,2,1,0,1.4952286902305454,0.8945295794372492,0,1
1,0,0,0,0.26992923768238775,1,2,1,2,2,0,0,2,2,0,1,2,1.3838882912194153,0.10027993241074117,0,0
0,0,1,1,0.5956921474426305,0,1,0,2,2,2,0,2,2,2,1,1,-0.1582593249347472,-0.6016396960012074,0,0
1,0,1,0,-0.5444780367182193,1,2,1,2,2,0,2,0,0,0,1,1,0.7989357471609396,0.30077508708833156,0,0
0,0,0,0,-1.1145631287986442,1,2,1,0,0,0,0,2,0,0,1,2,0.6792863631489789,0.3344967926490337,1,0
0,0,0,0,-0.7888002190384014,0,1,0,0,0,0,0,0,2,0,1,2,-0.9858342310174765,0.2474428771732171,1,0
0,0,0,0,-0.62591876415828,1,2,1,0,0,2,0,0,0,0,0,0,0.5081212721318681,0.30077508708833156,0,0
1,1,1,0,0.06632741908223598,1,2,1,0,0,0,0,0,0,0,1,2,0.358559542116917,-0.9857047792820823,0,1
0,0,0,0,0.3920903288424788,1,0,0,0,2,0,0,0,0,0,1,2,-0.5055748979694671,-1.7361322037964222,0,0
1,0,1,0,-1.1145631287986442,1,2,1,0,2,0,0,0,0,0,1,2,0.5496661971360212,0.1466090931961362,1,0
0,0,1,1,1.5729808767233588,1,2,2,1,1,1,1,1,1,2,0,1,-1.3580767590546883,0.30077508708833156,0,0
1,1,1,0,-0.5444780367182193,1,0,0,2,0,2,0,2,0,0,0,0,0.05445069108651675,0.30077508708833156,0,1
0,0,0,1,-1.2367242199587352,1,0,2,1,1,1,1,1,1,0,1,2,-1.5009913010689746,-0.12552967126057774,1,0
1,0,0,0,1.002895784642934,1,0,2,1,1,1,1,1,1,2,0,1,-1.5275800530716328,0.30077508708833156,0,0
1,0,1,0,1.6137012404433893,1,2,1,0,2,2,2,2,2,2,1,2,1.4503601712260603,0.8702090230587707,0,0
0,0,0,0,-1.0738427650786138,1,0,1,0,2,0,0,0,2,0,1,3,0.7042133181514708,0.4479432769382149,0,0
0,0,1,1,-0.62591876415828,1,2,1,0,0,0,0,0,2,0,1,2,0.6875953481498096,0.30077508708833156,1,0
1,0,1,0,1.1657772395230555,1,2,0,0,2,2,0,2,2,2,0,0,0.5363718211346925,0.3990645579462291,0,0
1,0,1,1,-1.2774445836787656,1,0,1,0,0,0,0,0,0,0,1,2,0.2073360151017999,0.7980230669984096,1,0
1,0,1,1,0.6364125111626608,1,2,1,2,2,2,2,2,2,2,0,1,1.5633623672373562,0.5134167090633868,0,0
1,0,0,0,-0.6666391278783103,1,0,2,1,1,1,1,1,1,0,1,1,-1.4677553610656522,-0.23250801673521998,0,0
1,1,0,0,-0.9516816739185228,1,2,1,0,0,0,0,0,2,0,1,2,0.6743009721484804,0.842093688969717,1,1
0,0,0,0,-1.1960038562387048,1,0,0,0,0,0,0,0,0,0,0,2,-0.6700928009859131,0.30077508708833156,0,0
1,0,0,1,-1.2774445836787656,1,0,0,0,0,0,0,0,0,0,1,2,-0.6767399889865777,0.22782020390713625,1,0
1,0,0,0,1.3286586944031769,1,2,1,0,2,2,0,2,2,2,0,1,1.3406815692150957,0.7284300378409677,0,0
0,0,1,1,1.5322605130033284,1,2,1,2,2,2,2,2,2,2,1,1,1.6747027662484868,0.9214383811986433,0,0
1,0,1,0,1.125056875803025,1,0,0,2,0,0,0,2,0,1,1,3,-0.16490651293541178,-0.09653810855598306,0,0
0,0,1,0,1.4915401492832983,1,2,2,1,1,1,1,1,1,1,1,2,-1.2783105030467143,0.30077508708833156,0,0
0,1,0,0,0.10704778280226633,1,0,1,0,0,0,0,0,0,0,0,2,0.19237984210030468,-1.0043228829905924,0,1
0,0,0,0,-0.4223169455581282,1,0,2,1,1,1,1,1,1,0,1,3,-1.4860351280674797,0.3245948366084468,0,0
1,0,1,1,1.369379058123207,1,2,0,0,2,2,0,2,2,2,0,0,0.5014740841312035,0.46903358166443687,0,0
1,1,1,0,-1.2774445836787656,1,0,1,0,0,0,0,0,0,0,1,2,0.18407085709947407,0.7843415356496799,1,1
0,0,1,0,-1.2774445836787656,1,0,1,0,0,0,0,2,0,0,1,0,0.48485611412954227,0.8895385369698976,1,0
1,0,1,1,0.06632741908223598,1,2,1,0,0,2,0,0,2,0,1,1,0.8404806721650927,-0.35457901916326795,0,0
0,0,1,1,1.6137012404433893,1,2,2,1,1,1,1,1,1,2,0,0,-1.3397969920528607,0.30077508708833156,0,0
1,0,1,1,-0.055833672077855064,0,1,0,2,0,2,2,2,2,1,0,2,-0.15992112193491323,-3.860575269487964,0,0
1,0,0,1,-0.0965540357978854,1,2,2,1,1,1,1,1,1,1,0,0,-1.3098846460498705,0.8143383193883267,0,0
0,0,0,0,-0.9516816739185228,1,0,1,0,0,0,0,2,2,0,1,0,0.8654076271675846,0.9082880142738279,1,0
1,0,1,1,-0.5037576729981889,1,0,1,0,0,0,0,0,0,0,1,2,0.18905624809997262,0.30077508708833156,1,0
1,1,1,0,-0.5444780367182193,0,1,0,0,2,2,0,0,0,0,1,1,-1.0124229830201346,0.5861256884115462,0,1
0,0,1,0,1.3286586944031769,1,2,1,2,0,2,0,2,2,0,1,2,1.3390197722149297,0.7731621667474554,0,0
0,0,1,1,-0.0965540357978854,1,0,2,1,1,1,1,1,1,2,0,3,-1.5109620830699715,0.6341611692935115,0,0
1,0,0,0,-1.0738427650786138,1,0,2,1,1,1,1,1,1,1,0,3,-1.51594747407047,0.30077508708833156,0,0
0,0,0,0,-1.2367242199587352,0,1,0,0,2,0,0,2,2,0,0,2,-0.4440884089633204,0.9931840891575007,0,0
1,0,1,1,0.8400143297628127,1,2,0,2,0,0,2,0,2,0,0,2,0.2355865641046238,0.009593918458038345,0,0
1,1,1,0,-1.0331224013585834,1,2,1,0,0,0,0,0,0,0,1,2,0.35357415111641893,0.49066125169963004,0,1
0,0,1,1,1.1657772395230555,1,0,0,2,0,0,0,0,0,1,1,0,-0.5005895069689685,-0.4637406895220442,0,0
1,1,0,0,1.5322605130033284,0,1,0,0,0,0,0,2,2,1,1,2,-0.6484894399837535,-0.25003145225121287,1,1
0,0,0,0,-0.7888002190384014,1,2,0,2,0,2,0,2,2,0,1,2,0.464914550127549,1.003525109444553,0,0
1,1,1,0,0.10704778280226633,1,2,1,0,0,2,0,0,0,1,1,0,0.5596369791370178,-0.5674407068151239,0,1
0,0,1,0,-1.2367242199587352,1,0,1,0,0,0,0,0,0,0,1,1,0.1873944510998066,0.30077508708833156,0,0
0,0,0,0,-1.1960038562387048,1,2,1,0,0,0,0,0,0,0,1,2,0.36686852711774764,-0.9385893388112825,1,0
0,0,0,0,-1.1960038562387048,1,2,1,0,0,0,0,0,0,0,0,2,0.37683930911874425,-0.789239096473542,0,0
0,0,0,0,1.2064976032430856,1,2,1,0,0,0,0,2,2,1,1,0,0.9717626351782166,0.5828791865199456,0,0
1,0,1,1,1.6137012404433893,1,2,1,2,2,2,2,0,2,2,0,1,1.302460238211275,0.8493668362810302,0,0
1,0,1,0,1.247217966963116,1,0,2,1,1,1,1,1,1,2,1,0,-1.4893587220678117,0.30077508708833156,0,0
1,1,0,0,-0.5037576729981889,1,0,1,0,0,0,0,0,0,0,0,1,0.21730679710279655,0.30077508708833156,1,1
0,1,0,0,0.10704778280226633,1,2,1,2,2,2,2,2,2,1,1,0,1.5301264272340338,0.01325833506179468,0,1
1,1,1,0,-0.46303730927815856,1,0,1,0,0,0,0,0,0,0,1,2,0.14418772909548702,0.30077508708833156,1,1
1,0,1,0,1.2064976032430856,1,2,1,2,2,0,0,0,2,1,0,2,1.0415581091851935,0.6307854157826659,0,0
0,0,0,0,-0.7073594915983407,1,2,0,0,0,0,0,0,0,0,1,3,-0.5305018529719588,0.8124602810896107,0,0
0,0,0,0,0.9214550572028734,1,0,0,2,0,0,0,0,0,0,1,1,-0.47233895796614456,-0.5609246024069483,0,0
0,0,0,0,-0.8702409464784621,1,0,0,0,0,0,0,0,0,0,1,3,-0.6684310039857471,0.32917715678050996,0,0
0,0,1,1,-0.62591876415828,1,2,1,0,0,2,0,2,0,0,0,2,0.7806559801591124,0.30077508708833156,1,0
0,0,0,0,1.1657772395230555,1,0,2,1,1,1,1,1,1,1,0,0,-1.505976692069473,0.30077508708833156,0,0
0,0,1,0,1.5729808767233588,1,2,0,2,2,2,2,2,2,2,0,1,0.8155537171626008,0.6941121253019146,0,0
0,0,0,0,-1.2367242199587352,1,0,1,0,0,0,0,0,0,0,0,0,0.17410007509847744,0.30077508708833156,1,0
1,0,0,0,0.10704778280226633,1,0,2,1,1,1,1,1,1,2,0,3,-1.5126238800701375,0.7474166748454693,0,0
0,0,0,0,-0.62591876415828,1,0,1,0,0,0,0,0,0,0,0,0,0.19071804510013865,0.30077508708833156,0,0
0,0,0,0,-0.46303730927815856,1,2,1,0,0,0,0,2,2,0,1,2,1.0831030341893466,-1.6119471885319603,1,0
0,0,1,0,0.5956921474426305,1,0,2,1,1,1,1,1,1,2,0,0,-1.4993295040688086,0.974775984898241,0,0
0,0,1,0,-1.1960038562387048,1,0,2,1,1,1,1,1,1,0,0,3,-1.4594463760648215,0.811519937646694,0,0
1,0,0,0,-1.1960038562387048,1,0,2,1,1,1,1,1,1,0,1,3,-1.4993295040688086,0.7524194802331658,0,0
1,1,1,0,0.47353105628253944,1,0,2,1,1,1,1,1,1,2,1,1,-1.5093002860698053,0.9385693664187508,0,1
0,0,0,0,-1.2774445836787656,1,0,0,0,0,0,0,0,0,0,1,3,-0.6900343649879066,0.22486445180598927,0,0
0,0,1,1,0.47353105628253944,1,2,1,0,2,2,0,0,2,1,0,2,0.9850570111795457,0.18869671801559518,0,0
1,0,1,1,-1.1145631287986442,1,2,2,1,1,1,1,1,1,0,1,0,-1.2916048790480432,0.30077508708833156,1,0
1,0,0,0,-0.3408762181180675,1,2,0,2,0,0,0,0,0,0,1,0,-0.3028356639492,0.30077508708833156,1,0
0,0,0,1,-1.2774445836787656,1,0,1,0,0,0,0,0,0,0,1,2,0.16246749609731476,0.7702251383610833,1,0
0,0,0,0,-0.5851984004382496,1,0,1,2,0,0,0,0,0,0,1,2,0.35357415111641893,0.30077508708833156,0,0
0,0,0,0,-0.9109613101984924,1,2,1,0,0,2,0,2,2,0,1,2,1.1911198392001445,0.30077508708833156,1,0
0,0,1,0,1.3286586944031769,1,0,0,2,2,2,0,0,2,2,0,0,0.2073360151017999,0.22062673586748668,0,0
0,1,0,0,-1.2774445836787656,1,0,1,0,2,0,0,0,2,0,1,2,0.7058751151516368,0.9472314195659255,1,1
0,0,0,0,0.8400143297628127,1,2,1,2,0,2,0,2,2,1,1,1,1.4021680582212426,0.5884801782074807,1,0
1,0,0,0,-1.1960038562387048,1,0,2,1,1,1,1,1,1,1,0,3,-1.4478137970636586,0.4577067921718181,0,0
1,0,1,0,0.025607055362205634,1,0,0,2,2,0,2,0,0,2,1,3,-0.12336158793125872,-1.9131994392519733,0,0
1,0,0,0,-1.1960038562387048,0,1,0,0,2,0,0,0,0,0,1,2,-1.16863190103575,0.8897560575917567,1,0
0,0,0,0,0.06632741908223598,1,0,0,2,0,2,2,2,2,1,1,0,0.5047976781315361,-0.635049326858931,0,0
0,0,1,1,-0.748079855318371,1,0,2,1,1,1,1,1,1,2,1,3,-1.4976677070686424,-0.7303829603523057,0,0
0,0,0,0,-0.7888002190384014,1,0,2,1,1,1,1,1,1,0,1,3,-1.477726143066649,-0.6172229300605754,0,0
1,1,1,0,0.5549717837226001,0,1,0,0,2,2,2,2,2,1,1,0,-0.1615829189350795,-0.5665072311529007,1,1
1,0,1,1,-0.38159658183809786,1,2,2,1,1,1,1,1,1,1,0,3,-1.343120586053193,0.4990544481585862,0,0
0,0,1,1,0.5956921474426305,1,0,2,1,1,1,1,1,1,2,0,3,-1.4960059100684764,0.987085627965562,0,0
1,0,0,1,-0.62591876415828,1,0,0,2,0,0,0,0,0,0,1,3,-0.4806479429669752,0.9381550102381713,0,0
0,0,1,1,0.6771328748826912,1,2,1,0,0,0,0,2,2,0,1,2,1.0249401391835322,0.3476733780513852,1,0
1,1,1,0,1.0843365120829946,0,1,0,0,2,0,0,2,2,0,1,2,-0.4823097399671412,-0.43633637455267926,0,1
0,0,0,0,1.4915401492832983,1,2,0,2,0,2,2,2,2,2,1,1,0.684271754149477,0.6079843848348082,0,0
1,0,0,0,-0.8702409464784621,0,1,0,0,0,2,0,2,0,1,1,2,-0.7698006209958805,0.32497749963826494,1,0
1,0,0,0,-0.9109613101984924,1,0,0,2,0,0,0,0,0,0,1,3,-0.4357794239624898,0.4706885178144408,0,0
1,0,1,1,-0.8295205827584317,1,2,2,1,1,1,1,1,1,2,1,0,-1.3547531650543558,-0.664455299155956,0,0
1,0,0,0,0.5142514200025698,1,2,1,0,2,0,0,2,2,0,1,1,1.1994288242009752,0.335254435802383,1,0
0,0,1,1,0.26992923768238775,1,0,0,0,0,2,0,2,0,0,1,3,-0.16324471593524553,-1.1370770047042198,0,0
1,1,1,0,1.5729808767233588,1,2,2,1,1,1,1,1,1,2,0,1,-1.3065610520495383,0.30077508708833156,0,1
1,0,1,1,1.5729808767233588,1,2,2,1,1,1,1,1,1,2,0,1,-1.3580767590546883,0.30077508708833156,0,0
0,0,1,1,0.025607055362205634,1,2,2,1,1,1,1,1,1,1,0,1,-1.3497677740538576,0.9022919776056222,0,0
1,1,0,0,1.4100994218432374,1,2,1,0,0,0,0,0,0,0,1,3,0.36354493311741554,0.43294520432849687,0,1
1,0,1,1,0.18848851024232702,0,1,0,2,2,2,0,0,0,0,0,0,-0.8163309370005319,0.30077508708833156,1,0
1,0,1,1,0.6771328748826912,1,2,1,0,0,0,0,2,0,0,0,2,0.6560212051466532,0.1781181782456453,1,0
0,0,1,0,-0.9516816739185228,1,0,0,0,2,0,0,0,0,0,0,3,-0.4623681759651477,0.3091669868133899,0,0
1,0,1,0,0.7992939660427822,1,2,1,2,0,2,2,0,0,2,1,1,0.8919963791702424,0.30253738325594326,0,0
0,0,0,0,1.5322605130033284,1,2,1,0,2,0,0,2,2,1,0,2,1.1346187411944968,0.7573973820949271,0,0
1,0,0,0,-1.2774445836787656,1,0,1,0,2,0,0,0,2,0,1,2,0.6726391751483144,0.940431847484723,0,0
0,1,0,0,-0.748079855318371,1,2,1,0,2,0,0,0,0,0,1,2,0.47156173812821356,0.30077508708833156,1,1
1,0,0,0,-1.2774445836787656,1,0,0,0,0,0,0,0,0,0,1,3,-0.6800635829869099,0.22697659440681678,0,0
1,0,0,0,-1.2774445836787656,1,0,2,1,1,1,1,1,1,0,0,3,-1.481049737066981,-2.059747056066256,1,0
0,0,0,0,0.7992939660427822,1,2,1,0,2,0,0,0,0,1,1,3,0.5131066631323666,0.18913507124964726,0,0
1,0,0,0,-1.0738427650786138,1,0,0,0,0,2,0,2,0,0,0,3,-0.12834697893175703,0.1369594594482483,0,0
1,0,1,0,-1.0331224013585834,0,1,0,2,2,0,0,0,0,0,0,3,-1.0157465770204666,-0.802146055002252,0,0
0,1,0,0,0.5956921474426305,1,2,1,0,2,2,0,0,0,0,1,0,0.6792863631489789,0.06815671337608611,1,1
0,0,0,0,-0.2594354906780068,1,0,1,2,0,2,2,0,0,1,1,1,0.7440964461554579,-1.2524352093271478,0,0
1,0,1,1,-0.30015585439803716,1,0,0,2,0,0,2,0,0,0,0,2,-0.3477041829536853,0.30077508708833156,0,0
1,0,0,0,1.4915401492832983,1,0,2,1,1,1,1,1,1,2,1,3,-1.517609271070636,0.30077508708833156,0,0
0,0,0,0,1.6137012404433893,1,2,1,2,2,2,2,2,2,2,1,1,1.5949365102405126,0.9176383149989249,0,0
1,0,0,0,-1.1552834925186746,1,0,2,1,1,1,1,1,1,0,1,3,-1.4893587220678117,0.6094247820536849,0,0
1,0,1,1,1.0843365120829946,1,0,2,1,1,1,1,1,1,2,0,3,-1.504314895069307,0.30077508708833156,0,0
1,0,0,0,1.4100994218432374,1,0,0,2,0,2,0,0,2,2,0,0,0.02620014208369237,0.21252526264372476,0,0
0,1,0,0,-0.2594354906780068,1,0,1,0,0,0,0,0,2,0,1,2,0.466576347127715,-1.9761213508223954,0,1
0,0,0,0,-0.21871512695797646,1,0,0,0,2,2,2,2,2,1,0,3,0.44663478312572175,-1.7301399509583888,0,0
1,0,1,1,1.6137012404433893,1,2,1,2,0,2,0,2,2,2,0,0,1.3456669602155942,0.8590575655333893,0,0
0,0,0,0,-1.0738427650786138,1,0,1,0,0,2,2,0,2,0,1,2,0.8138919201624348,0.37315231952415173,0,0
1,0,1,1,1.2064976032430856,1,0,2,1,1,1,1,1,1,2,0,1,-1.4660935640654862,0.30077508708833156,0,0
1,0,0,0,-0.5037576729981889,1,2,0,0,2,0,2,2,0,1,1,2,0.1308933530941583,0.30077508708833156,0,0
1,0,0,0,-1.0738427650786138,1,0,0,2,0,2,2,2,2,0,0,1,0.4615909561272169,0.36104770039595674,0,0
1,0,0,0,0.758573602322752,1,2,2,1,1,1,1,1,1,2,0,3,-1.329826210051864,0.30077508708833156,0,0
0,0,1,1,1.1657772395230555,1,0,2,1,1,1,1,1,1,2,0,1,-1.4960059100684764,0.30077508708833156,0,0
1,1,1,0,1.2064976032430856,1,2,1,2,2,2,0,0,0,0,1,2,0.8089065291619363,0.5531763966137653,0,1
0,0,0,0,1.6137012404433893,1,2,1,2,0,0,2,0,0,2,1,0,0.6626683931473177,0.6634955595016955,0,0
1,1,1,0,-0.7888002190384014,1,0,1,0,2,2,0,2,2,0,1,2,1.1047063951915064,0.30077508708833156,1,1
1,0,1,0,-1.1145631287986442,1,0,1,0,0,2,0,2,2,0,1,2,0.9867188081797118,0.4086111182309376,1,0
1,1,0,0,-1.1960038562387048,1,2,1,0,2,2,0,2,2,0,1,2,1.3373579752147637,-0.4764498677692107,1,1
0,1,1,0,-0.2594354906780068,1,2,1,0,2,2,0,0,2,0,1,2,0.966777244177718,-1.0669583997407348,1,1
1,1,0,0,-0.7888002190384014,1,0,0,0,2,0,0,2,0,0,1,2,-0.1615829189350795,0.8856150531020451,0,1
0,0,1,1,0.22920887396235737,1,0,2,1,1,1,1,1,1,2,1,3,-1.4893587220678117,0.8545619285651204,0,0
0,1,1,0,-0.9924020376385531,1,2,1,0,0,0,0,0,2,0,1,2,0.6394032351449919,0.6544550591078859,1,1
1,1,1,1,0.06632741908223598,1,2,1,0,2,2,2,2,2,0,1,2,1.4669781412277214,-0.0683634294301228,0,1
1,0,0,0,-0.5851984004382496,0,1,0,2,0,2,0,0,0,0,0,3,-1.03568814102246,0.5272631385567773,0,0
1,0,1,1,0.9621754209229036,1,0,1,0,2,2,2,0,0,1,1,3,0.7008897241511383,0.34916827775924736,0,0
0,0,0,0,0.14776814652229667,0,1,0,0,2,0,2,0,0,0,1,0,-0.9941432160183071,0.30077508708833156,0,0
0,0,1,0,-0.9516816739185228,0,1,0,0,0,2,0,2,2,0,1,2,-0.532163649972125,0.23412469200650218,1,0
1,0,0,0,-1.2774445836787656,1,0,1,0,0,2,0,2,0,0,1,2,0.6676537841478158,0.9348339653647245,1,0
1,0,0,0,-0.8295205827584317,1,0,0,2,0,0,2,0,0,0,0,3,-0.2695997239458775,0.7153100864596069,1,0
0,1,1,1,1.002895784642934,1,0,1,0,2,2,2,2,0,0,1,1,1.0149693571825356,0.5412286961338987,0,1
0,0,0,0,0.3920903288424788,1,0,0,2,2,2,2,0,2,1,0,1,0.30372024111143525,-0.3182589663980664,1,0
0,0,1,1,0.025607055362205634,1,2,2,1,1,1,1,1,1,2,1,3,-1.3381351950526947,0.836145056415328,1,0
1,0,1,0,1.5322605130033284,1,0,1,2,2,0,2,0,0,2,0,0,0.6593447991469852,0.5697867433530522,0,0
0,0,0,0,1.4508197855632678,0,1,0,0,2,0,2,0,2,0,0,2,-0.6584602219847502,-0.3674945282859561,0,0
1,0,0,1,-1.2774445836787656,0,1,0,0,0,0,0,0,0,0,1,2,-1.33148800705203,-1.0321730879631221,0,0
0,0,0,0,0.18848851024232702,1,2,1,0,0,0,2,2,2,0,0,1,1.1811490571991479,-0.10532414585941685,0,0
0,0,0,1,-1.1552834925186746,1,2,2,1,1,1,1,1,1,0,1,3,-1.3065610520495383,0.9331692977476658,0,0
1,0,0,0,-1.2774445836787656,1,0,0,2,0,0,0,0,0,0,1,3,-0.467353566965646,0.41632297210767905,0,0
1,0,0,0,-0.5037576729981889,0,1,0,2,2,2,2,2,0,0,1,1,-0.3244390249513595,0.30077508708833156,0,0
1,0,1,1,1.6137012404433893,1,0,0,2,2,0,2,2,0,2,0,0,0.12092257109316168,0.3669349071729597,0,0
0,0,0,0,-0.055833672077855064,1,2,1,0,0,2,0,0,2,0,1,2,0.8354952811645946,-0.5739995494791073,1,0
1,1,1,0,-0.5851984004382496,1,0,1,0,0,0,0,0,2,0,0,2,0.4582673621268844,0.30077508708833156,1,1
1,0,1,0,-0.8702409464784621,1,0,0,0,0,0,0,2,0,0,1,0,-0.3227772279511935,0.6447764900744349,0,0
0,0,1,1,0.025607055362205634,1,0,2,1,1,1,1,1,1,2,0,1,-1.4943441130683104,0.6980717264555085,0,0
0,1,0,0,1.2064976032430856,1,2,1,0,0,0,0,2,0,1,0,2,0.6543594081464871,0.4036724277075784,0,1
0,0,0,0,-1.2774445836787656,0,1,0,0,0,2,2,0,0,0,0,3,-0.9592454790148186,-0.12492952671085208,0,0
1,0,1,0,-0.6666391278783103,1,0,1,2,2,0,0,0,0,0,0,0,0.531386430134194,0.30077508708833156,0,0
1,0,1,1,-0.4223169455581282,1,2,0,0,0,2,2,2,2,1,1,3,0.4615909561272169,0.30077508708833156,0,0
0,0,1,1,0.6771328748826912,1,0,0,2,0,2,2,0,0,0,0,0,-0.10009642992893289,-0.4048888975952095,0,0
1,0,1,1,0.14776814652229667,1,0,0,2,0,2,0,0,2,1,1,1,-0.035286346922454,-1.466465835141992,0,0
1,0,1,0,0.3920903288424788,1,2,1,0,2,2,2,0,2,0,1,2,1.1528985081963241,0.13557330752905342,1,0
1,1,0,0,-1.1552834925186746,0,1,0,0,0,0,0,0,0,0,1,0,-1.3148700370503688,0.30077508708833156,1,1
0,0,0,0,-0.8295205827584317,1,2,0,0,0,0,2,2,2,1,0,3,0.3087056321119333,0.953781082212235,1,0
0,0,0,0,-0.055833672077855064,1,0,1,2,0,2,2,0,0,0,0,2,0.7590526191569525,-0.6370497970635265,0,0
1,0,1,0,-1.1145631287986442,1,2,1,2,0,0,0,0,2,0,1,2,0.8105683261621028,0.13093887487715797,0,0
1,0,1,1,1.369379058123207,1,0,2,1,1,1,1,1,1,2,0,1,-1.4876969250676457,0.30077508708833156,0,0
0,1,0,0,-0.7073594915983407,1,2,0,0,0,0,2,0,0,0,0,1,-0.3244390249513595,0.8552375638978396,1,1
1,0,0,0,1.2879383306831464,1,2,1,0,2,2,0,2,2,2,1,0,1.3174164112127704,0.7363216028503605,0,0
1,0,1,1,-0.9109613101984924,1,0,2,1,1,1,1,1,1,0,1,1,-1.4860351280674797,-1.4943898674497138,0,0
1,0,1,1,-1.0331224013585834,1,0,1,0,2,0,2,2,0,0,1,2,0.830509890164096,0.6453320818678826,1,0
1,0,0,0,-0.13727439951791576,0,1,0,0,2,0,2,0,0,0,0,2,-1.0124229830201346,0.30077508708833156,0,0
1,0,0,0,1.002895784642934,1,0,2,1,1,1,1,1,1,2,0,0,-1.4660935640654862,0.30077508708833156,0,0
0,0,0,0,0.5549717837226001,1,2,1,2,2,0,0,0,0,0,0,3,0.6477122201458225,0.017950082638782505,0,0
1,0,0,0,0.8400143297628127,1,0,2,1,1,1,1,1,1,2,0,0,-1.4993295040688086,0.9986605912875901,0,0
0,0,0,0,-0.62591876415828,1,0,0,2,2,0,2,2,2,1,0,1,0.5014740841312035,0.30077508708833156,0,0
0,0,1,1,0.22920887396235737,1,0,2,1,1,1,1,1,1,2,1,3,-1.481049737066981,0.8418655485449414,0,0
1,0,0,0,-0.7073594915983407,1,0,2,1,1,1,1,1,1,1,0,3,-1.4943441130683104,-0.395408395950112,0,0
0,0,0,0,-0.4223169455581282,0,1,0,0,2,0,0,2,2,0,1,2,-0.47898614596680894,0.30077508708833156,0,0
1,0,1,0,-0.748079855318371,1,2,1,0,0,0,0,0,2,0,1,2,0.677624566148813,0.30077508708833156,1,0
0,0,1,0,1.002895784642934,1,2,0,0,2,2,2,2,0,1,0,0,0.32698539911376057,0.21466360081020266,0,0
1,1,0,0,-0.8702409464784621,1,0,1,0,0,0,0,0,2,0,1,1,0.47820892612887816,0.9227018676917355,0,1
0,0,1,1,-1.2774445836787656,1,0,2,1,1,1,1,1,1,2,0,3,-1.4760643460664828,-2.0473637782917353,0,0
1,0,1,1,-0.8295205827584317,1,0,2,1,1,1,1,1,1,2,0,0,-1.4527991880641573,-0.7436609391429577,0,0
1,1,1,0,-1.1960038562387048,1,2,1,0,0,0,0,2,2,0,1,2,0.9917041991802098,-0.5882007660540033,1,1
1,0,0,1,0.14776814652229667,1,0,1,0,2,0,0,2,2,0,1,2,0.9950277931805424,-0.11835159930126585,0,0
1,0,0,0,-0.6666391278783103,1,0,1,2,0,0,0,2,2,0,1,2,0.9800716201790471,0.30077508708833156,1,0
1,0,1,1,1.3286586944031769,1,2,0,2,2,2,0,0,2,1,0,1,0.25552812810661757,0.3083893108289627,1,0
1,0,0,0,-1.2367242199587352,1,0,1,0,2,0,0,0,0,0,0,2,0.3386179781149237,0.30077508708833156,0,0
0,0,0,0,0.3920903288424788,1,2,1,2,0,2,0,2,2,0,1,2,1.3440051632154282,0.23244737769777363,1,0
1,0,1,1,1.6137012404433893,1,0,1,2,2,2,2,2,2,2,0,0,1.5683477582378549,0.9042231987366436,0,0
1,0,0,0,1.2064976032430856,1,0,2,1,1,1,1,1,1,2,0,0,-1.4926823160681442,0.30077508708833156,0,0
0,0,0,0,-1.0738427650786138,1,2,1,0,2,0,0,2,0,0,1,2,0.830509890164096,0.5319400286803799,0,0
1,0,1,0,0.6364125111626608,1,0,2,1,1,1,1,1,1,2,1,3,-1.4860351280674797,0.30077508708833156,0,0
1,0,0,0,0.10704778280226633,1,2,1,2,0,2,2,2,2,2,1,2,1.4686399382278874,0.09355161331249212,0,0
1,0,0,1,0.7992939660427822,1,0,2,1,1,1,1,1,1,1,0,1,-1.4993295040688086,0.9769710401962822,0,0
0,0,0,0,-1.2774445836787656,0,1,0,0,0,0,0,0,0,0,1,3,-1.3248408190513656,-1.0277237932868575,0,0
1,0,1,0,-1.0738427650786138,1,2,1,0,0,0,0,2,0,0,1,2,0.6011819041411709,0.2966510089479246,1,0
0,0,1,0,1.5729808767233588,1,2,0,2,2,2,2,2,2,2,0,1,0.9451738831755587,0.7098573195192351,0,0
0,0,1,1,1.4100994218432374,1,0,1,2,2,2,0,0,0,1,0,0,0.6659919871476498,0.5470672041536566,0,0
1,1,0,0,1.125056875803025,1,2,0,2,2,0,0,0,2,1,1,2,0.23226297010429173,0.21594441235088158,0,1
1,0,1,1,-0.38159658183809786,0,1,0,0,0,0,2,0,0,0,1,0,-1.1437049460332582,0.7489201461597805,0,0
1,0,0,1,0.26992923768238775,0,1,0,0,0,2,2,2,2,1,0,0,-0.32942441595185784,-1.4527908848025377,0,0
1,0,1,1,-0.7073594915983407,1,0,2,1,1,1,1,1,1,1,1,3,-1.504314895069307,-1.053202294824566,0,0
1,1,1,0,0.8400143297628127,1,2,1,0,2,2,0,2,2,0,1,2,1.2991366442109427,0.5219360852798152,1,1
1,0,1,1,-0.3408762181180675,1,2,2,1,1,1,1,1,1,2,0,3,-1.3481059770536914,0.646164891207256,0,0
0,0,1,1,0.18848851024232702,1,0,2,1,1,1,1,1,1,0,0,2,-1.5093002860698053,0.757149074637129,0,0
0,0,1,1,-1.1145631287986442,1,0,1,0,2,0,0,0,2,0,1,2,0.6261088591436628,0.09884195588084448,1,0
0,1,1,0,0.7178532386027215,1,2,1,0,0,0,2,2,2,1,1,2,1.1927816362003112,0.4553587947467101,0,1
0,0,0,0,0.880734693482843,1,0,1,0,0,2,0,2,2,1,1,1,0.9750862291785486,0.4332885796434122,0,0
0,0,0,0,-1.1960038562387048,1,0,1,2,0,0,0,0,0,0,1,2,0.32532360211359457,-1.1554027484958296,0,0
1,0,0,0,1.4508197855632678,1,2,1,0,2,2,2,2,2,1,0,2,1.4520219682262263,0.8098722058992879,1,0
1,0,0,0,-1.1145631287986442,1,0,0,0,0,2,2,0,0,0,0,2,-0.28621769394753876,-0.49974153442673885,0,0
1,0,0,0,0.025607055362205634,1,0,2,1,1,1,1,1,1,2,0,3,-1.4760643460664828,0.7667876670605855,0,0
0,0,0,0,0.35136996512244845,1,2,0,0,2,2,0,2,2,1,1,2,0.5247392421335293,-0.25071160164181466,0,0
0,0,1,1,0.06632741908223598,0,1,0,2,0,2,2,2,2,1,0,3,-0.11671439993059413,-2.0935390083074963,0,0
0,0,1,1,-0.7888002190384014,1,0,2,1,1,1,1,1,1,0,1,3,-1.4727407520661506,-0.82968395683328,0,0
0,0,0,0,-0.5037576729981889,1,0,2,1,1,1,1,1,1,0,1,1,-1.5242564590713006,-0.14492697802053917,0,0
0,1,0,0,0.758573602322752,1,0,2,1,1,1,1,1,1,2,0,1,-1.5009913010689746,0.9953391503935671,0,1
0,0,1,0,-1.1960038562387048,1,2,1,0,2,0,0,0,2,0,1,1,0.8886727851699104,-0.995686819260256,1,0
0,0,0,1,0.35136996512244845,1,0,0,0,0,0,0,0,0,0,0,0,-0.6501512369839195,-4.054199986836089,0,0
0,0,0,0,-0.7888002190384014,1,0,2,1,1,1,1,1,1,0,0,1,-1.505976692069473,-1.1723590526845866,0,0
1,0,1,1,0.10704778280226633,1,2,2,1,1,1,1,1,1,2,0,0,-1.3065610520495383,0.9080744880388933,0,0
1,0,1,0,-0.8295205827584317,1,0,1,2,0,0,2,0,0,0,0,0,0.534710024134526,0.9511254533791571,1,0
1,0,0,0,-1.1552834925186746,1,0,1,2,2,0,2,0,2,0,1,3,1.001674981181207,-0.07690433227665949,0,0
0,0,0,0,0.43281069256250915,0,1,0,0,0,2,0,2,2,0,1,0,-0.5221928679711283,-1.739141849389385,1,0
0,1,1,1,-0.8295205827584317,0,1,0,0,0,0,2,0,0,0,1,3,-1.1786026830367469,-0.10062865478303486,0,1
1,1,1,0,1.4508197855632678,1,2,1,0,2,2,0,2,2,0,1,2,1.3473287572157604,0.8208838164162625,1,1
1,1,0,0,-0.30015585439803716,1,2,1,0,2,0,0,2,0,0,1,2,0.8039211381614382,-1.2071593770449347,1,1
0,0,0,0,-1.0331224013585834,1,0,2,1,1,1,1,1,1,1,0,3,-1.479387940066815,0.30077508708833156,0,0
1,1,1,0,1.369379058123207,1,2,1,0,2,2,2,2,2,1,1,2,1.5317882242341998,0.8448273220206678,1,1
0,0,1,0,0.8400143297628127,1,0,1,2,2,2,2,2,2,1,0,2,1.5201556452330371,0.5995889178015704,0,0
1,1,0,0,1.247217966963116,1,2,1,2,2,2,0,2,2,0,1,0,1.4835961112293827,0.7913257035391184,0,1
0,0,1,1,1.5322605130033284,1,2,1,2,2,2,2,2,2,2,1,0,1.6431286232453304,0.8710957906044468,1,0
1,1,1,0,-0.21871512695797646,0,1,0,0,0,0,0,0,2,0,0,0,-0.9393039150128251,0.30077508708833156,1,1
0,0,0,0,-1.2774445836787656,1,0,1,0,0,0,0,0,0,0,0,3,0.19902703010096928,0.7865142606970486,1,0
0,0,0,0,-1.1145631287986442,1,0,2,1,1,1,1,1,1,0,0,3,-1.4893587220678117,0.30077508708833156,0,0
0,1,1,0,0.18848851024232702,1,0,2,1,1,1,1,1,1,1,0,3,-1.5009913010689746,0.8185510540962441,0,1
1,0,0,0,-1.1960038562387048,0,1,0,0,0,2,0,2,0,0,1,3,-0.8179927340006982,0.30077508708833156,1,0
0,0,0,1,-0.8295205827584317,1,2,1,0,0,0,0,0,0,0,1,2,0.3934572791204055,0.9619082922363107,0,0
0,0,1,1,0.22920887396235737,1,0,2,1,1,1,1,1,1,1,0,1,-1.5009913010689746,0.8621925290991438,0,0
0,0,0,0,-0.9516816739185228,1,0,1,0,0,2,0,0,2,0,1,1,0.682609957149311,0.8805792062300029,0,0
1,0,1,0,-0.7888002190384014,1,2,0,2,0,0,0,0,2,0,1,2,0.03617092408468901,0.9661487822451644,0,0
1,1,1,0,-0.13727439951791576,1,2,1,0,0,0,0,2,2,0,1,2,0.9867188081797118,-0.7064886552183539,1,1
0,0,1,1,0.5956921474426305,1,0,2,1,1,1,1,1,1,2,0,1,-1.4860351280674797,0.30077508708833156,0,0
1,0,1,0,1.1657772395230555,1,2,1,2,0,2,2,2,0,0,0,0,1.1512367111961581,0.6183092323224049,0,0
1,0,0,0,-0.6666391278783103,1,0,2,1,1,1,1,1,1,0,0,3,-1.4876969250676457,-0.6162418311321792,0,0
0,0,1,1,0.35136996512244845,1,0,0,2,2,0,2,2,2,2,0,2,0.45494376812655235,-0.33810868747112416,0,0
0,0,0,1,0.43281069256250915,1,2,2,1,1,1,1,1,1,2,1,2,-1.3181936310507012,0.30077508708833156,0,0
0,0,1,1,0.14776814652229667,1,2,1,0,2,2,0,2,0,0,1,0,1.0831030341893466,-0.15229908163296668,1,0
0,0,0,0,-1.0738427650786138,1,0,0,0,0,0,0,0,2,0,1,2,-0.3244390249513595,-0.1798048503979028,0,0
0,0,0,0,1.0436161483629645,1,2,0,2,2,2,2,0,0,1,1,1,0.21065960910213194,0.19044897920834644,0,0
1,0,0,0,-0.5444780367182193,1,0,0,0,0,0,2,2,0,0,1,1,-0.10674361792959748,0.30077508708833156,0,0
1,0,1,0,-0.8702409464784621,1,0,0,0,0,0,0,0,0,0,1,0,-0.626886078981594,0.46205278599618593,0,0
0,0,0,0,0.26992923768238775,0,1,0,2,2,0,2,0,0,1,1,0,-0.8130073430001998,0.30077508708833156,0,0
0,1,0,0,-0.9924020376385531,1,0,1,0,2,0,0,2,0,0,1,2,0.7424346491552913,0.8046758740255768,0,1
0,0,0,1,-0.2594354906780068,1,2,0,0,0,0,0,0,0,0,1,3,-0.5072366949696331,0.30077508708833156,0,0
0,1,0,0,0.8400143297628127,1,0,1,0,2,0,0,0,0,0,1,1,0.3003966471111027,0.08239871336298962,0,1
0,0,1,1,1.5322605130033284,1,0,2,1,1,1,1,1,1,2,1,3,-1.5142856770703037,0.30077508708833156,0,0
1,0,0,0,-1.2774445836787656,0,1,0,0,0,0,0,2,2,0,1,3,-0.6468276429835875,0.2589525403775922,1,0
1,0,0,0,1.0843365120829946,1,2,2,1,1,1,1,1,1,2,0,3,-1.3215172250510334,0.30077508708833156,0,0
1,0,0,0,-1.2367242199587352,1,0,1,0,0,2,0,2,2,0,0,2,1.003336778181373,0.30077508708833156,1,0
1,0,0,0,-1.0331224013585834,0,1,0,2,0,2,0,0,0,1,0,3,-0.9791870430168121,-0.7216279209349551,0,0
0,0,0,1,-0.8295205827584317,1,0,0,0,0,0,0,0,0,0,1,2,-0.6717545979860794,0.35215138965695314,1,0
1,0,1,1,1.0843365120829946,1,0,0,0,2,2,2,2,2,1,0,1,0.39844267012090406,0.28118227669149504,0,0
1,0,1,1,1.1657772395230555,1,2,0,0,0,2,2,2,2,2,1,0,0.5396954151350245,0.4079070825641389,0,0
1,0,1,1,1.6137012404433893,1,2,1,2,0,2,0,2,2,2,1,0,1.3556377422165908,0.8514029138750496,0,0
0,0,1,1,-0.7888002190384014,1,0,2,1,1,1,1,1,1,0,0,3,-1.5275800530716328,-0.8642653235343181,0,0
0,0,1,1,1.2879383306831464,1,2,2,1,1,1,1,1,1,1,0,3,-1.3248408190513656,0.30077508708833156,0,0
1,0,1,0,-1.2774445836787656,0,1,0,0,0,0,0,0,0,0,1,2,-1.3730329320561832,-1.1965915315221947,1,0
0,0,0,0,-0.9109613101984924,1,0,0,0,2,0,2,0,2,1,0,3,0.004596781081533054,0.7606197808035794,0,0
0,0,1,1,1.3286586944031769,1,0,0,2,2,2,0,0,0,1,0,0,-0.11339080593026184,0.02932697385176501,0,0
0,0,1,0,1.2064976032430856,1,2,1,2,2,2,2,2,2,2,0,3,1.6348196382444997,0.7672794584228779,0,0
0,0,1,0,0.9214550572028734,1,2,0,2,2,2,2,2,2,1,1,2,0.8438042661654253,0.3930066659602418,0,0
0,0,1,0,-0.30015585439803716,1,2,0,0,2,0,0,0,0,0,0,2,-0.3543513709543497,0.30077508708833156,0,0
1,0,0,0,-1.2774445836787656,0,1,0,2,0,0,0,0,0,0,0,3,-1.1653083070354178,-0.5093884871487984,1,0
1,0,0,0,-1.2774445836787656,1,0,0,2,0,0,0,0,0,0,1,1,-0.4972659129686364,0.3851121675012296,0,0
0,0,1,0,1.0843365120829946,1,2,1,0,2,0,0,2,2,0,0,2,1.2077378092018058,0.6366855269657674,1,0
1,1,1,1,1.2879383306831464,1,2,2,1,1,1,1,1,1,2,1,0,-1.341458789053027,0.30077508708833156,0,1
1,0,1,0,0.14776814652229667,1,2,1,0,0,0,0,2,2,0,1,0,1.0049985751815391,-0.15848429105386314,0,0
0,0,0,0,-1.1960038562387048,1,2,0,0,0,0,0,0,0,0,1,3,-0.4690153639658123,0.30077508708833156,1,0
1,0,1,0,1.1657772395230555,1,2,0,2,0,2,0,0,2,2,1,3,0.17077648109814536,0.17011018190322397,0,0
1,0,0,1,-0.2594354906780068,0,1,0,0,2,0,0,2,0,1,1,0,-0.8246399220013625,0.30077508708833156,0,0
0,0,0,0,-1.2774445836787656,1,0,0,0,0,0,0,0,2,0,1,2,-0.3111446489500306,0.5253862407479369,1,0
0,1,1,0,-1.2774445836787656,1,2,1,0,2,0,0,2,0,0,1,2,0.85876043916692,0.964737282606009,1,1
1,0,1,1,1.4508197855632678,1,0,1,2,2,2,0,2,2,2,1,1,1.2791950802089493,0.7956362973195099,0,0
1,1,1,0,-1.2367242199587352,1,2,1,0,0,0,0,2,0,0,1,3,0.7341256641544608,0.30077508708833156,1,1
0,0,1,0,1.6137012404433893,1,2,1,2,2,2,2,0,0,2,1,0,0.9800716201790471,0.7603722723024724,0,0
0,0,1,0,1.5729808767233588,0,1,0,0,0,2,2,0,2,2,1,2,-0.5886647479777732,-0.2513922139504813,0,0
1,0,0,0,1.002895784642934,1,0,2,1,1,1,1,1,1,2,0,1,-1.4694171580658184,0.30077508708833156,0,0
1,0,0,0,-1.1552834925186746,1,0,2,1,1,1,1,1,1,0,1,3,-1.4993295040688086,0.7373353479802021,0,0
0,1,0,0,-1.2774445836787656,1,0,1,0,0,0,0,0,0,0,1,2,0.18074726309914202,0.783858066102702,0,1
1,0,1,1,1.6137012404433893,1,2,0,2,2,2,2,0,2,2,0,1,0.5396954151350245,0.5819919446318604,0,0
1,0,1,1,-0.46303730927815856,1,2,0,2,0,0,0,2,2,1,1,0,0.37019212111808014,0.30077508708833156,0,0
0,0,1,1,1.5729808767233588,1,2,2,1,1,1,1,1,1,2,0,0,-1.33148800705203,0.30077508708833156,0,0
0,1,1,0,-0.13727439951791576,1,2,1,0,0,2,0,2,2,0,1,0,1.1396041321949948,-0.46965154451471325,1,1
0,1,0,0,1.4915401492832983,1,2,1,2,0,2,2,2,2,2,0,1,1.5118466602322065,0.842777798121864,0,1
0,0,1,0,1.2879383306831464,1,2,0,2,0,2,2,2,2,2,1,1,0.6726391751483144,0.5216218437197193,0,0
1,0,0,0,-0.6666391278783103,1,0,2,1,1,1,1,1,1,0,0,1,-1.4960059100684764,-0.47474594918590685,0,0
0,0,0,0,-1.1552834925186746,1,2,2,1,1,1,1,1,1,1,0,2,-1.3580767590546883,0.9961216589752442,0,0
0,0,0,0,0.7992939660427822,1,2,1,2,2,0,2,2,2,1,1,1,1.5450826002355291,0.6117251108191191,1,0
1,0,0,0,-1.2367242199587352,1,0,0,2,0,2,0,0,0,0,1,3,-0.32111543095102724,0.30077508708833156,1,0
1,0,0,0,-1.2774445836787656,1,0,2,1,1,1,1,1,1,0,0,3,-1.4893587220678117,-2.7251826794576077,0,0
1,0,0,0,-0.5851984004382496,0,1,0,0,0,0,0,0,0,0,0,3,-1.3165318340505352,0.3435508435960651,0,0
0,0,0,0,-1.2367242199587352,1,2,0,0,2,0,0,0,0,0,0,3,-0.35268957395418365,0.30077508708833156,0,0
0,0,1,0,-0.5444780367182193,1,0,0,0,2,0,0,0,2,0,1,3,-0.16490651293541178,0.30077508708833156,0,0
0,0,0,0,0.3106496014024181,1,2,1,0,0,0,0,0,2,0,0,0,0.6344178441444933,-0.11004178862620319,0,0
0,1,1,1,1.369379058123207,1,2,1,0,2,2,0,2,2,1,1,2,1.3340343812144315,0.7675252634367212,0,1
1,0,0,0,-0.46303730927815856,1,2,1,0,0,0,0,0,0,0,0,3,0.3502505571160864,0.30077508708833156,0,0
1,0,0,0,-0.9924020376385531,1,0,0,0,2,0,2,2,0,0,1,2,0.06275967608734737,0.4593805642301965,0,0
0,0,1,1,1.6137012404433893,1,0,1,2,2,2,2,2,2,2,1,1,1.4869197052297147,0.883647523380892,0,0
0,0,0,0,0.6364125111626608,1,2,0,0,2,2,2,2,0,1,1,0,0.3020584441112687,-0.0855188110001602,0,0
1,0,0,0,1.4915401492832983,1,0,2,1,1,1,1,1,1,2,1,0,-1.5109620830699715,0.30077508708833156,0,0
1,0,0,0,1.6137012404433893,1,2,1,2,2,2,2,2,2,2,1,2,1.7760723832586203,0.9445583168303298,0,0
0,0,0,0,-0.748079855318371,1,0,0,0,2,0,0,0,0,1,0,1,-0.4424266119631542,0.8187845753607315,0,0
1,0,0,0,-1.0738427650786138,1,0,0,0,2,0,0,2,0,0,0,2,-0.17653909193657447,-0.09188359609496953,0,0
0,0,1,1,-0.9924020376385531,1,0,2,1,1,1,1,1,1,2,0,0,-1.504314895069307,0.30077508708833156,0,0
0,0,0,0,-0.62591876415828,1,0,2,1,1,1,1,1,1,1,0,3,-1.502653098069141,-0.5768237046430239,0,0
1,0,0,0,1.3286586944031769,1,2,1,2,0,0,2,0,2,1,0,2,0.9568064621767214,0.6425510309235684,0,0
0,0,1,1,1.002895784642934,1,0,0,2,0,2,2,0,0,1,1,3,-0.18152448293707302,-0.2432552810293734,0,0
1,0,1,0,-0.7888002190384014,1,2,1,0,0,2,0,2,2,0,1,1,1.245959140205627,0.30077508708833156,1,0
1,1,0,0,-0.5444780367182193,1,0,1,0,0,2,0,2,2,0,1,1,1.0349109211845293,0.30077508708833156,1,1
0,0,1,0,0.9621754209229036,1,2,1,2,2,2,0,2,2,1,0,0,1.4968904872307114,0.6503185659934477,0,0
0,0,1,0,-0.748079855318371,1,0,1,0,0,0,0,0,2,0,1,2,0.4433111891253892,0.30077508708833156,0,0
1,0,1,0,0.7992939660427822,0,1,0,2,0,0,0,0,2,0,1,2,-0.8263017190015288,-1.891904315155404,0,0
0,0,0,0,1.0436161483629645,1,0,0,2,2,2,2,0,0,2,1,1,0.004596781081533054,-0.0025417347615846898,0,0
0,1,0,0,0.5956921474426305,1,2,1,0,2,0,2,2,0,0,1,2,1.0066603721817051,0.26506436813162443,1,1
0,0,0,0,1.4100994218432374,0,1,0,0,0,2,2,2,2,0,1,1,-0.3776165289566755,-0.08898548903915474,0,0
1,0,0,0,-1.2367242199587352,0,1,0,0,0,0,0,0,0,0,1,1,-1.3248408190513656,0.3843913857845168,0,0
1,1,0,0,-1.0738427650786138,1,0,0,0,0,0,0,0,0,0,0,1,-0.6667692069855808,-0.6074549884791018,0,1
1,0,1,1,1.5729808767233588,1,2,1,2,2,2,2,2,2,2,1,0,1.6364814352446657,0.9159447503471875,0,0
0,0,1,1,0.5549717837226001,1,0,2,1,1,1,1,1,1,2,0,0,-1.479387940066815,0.9606934135388923,0,0
0,0,0,0,-1.1145631287986442,1,0,0,2,0,0,2,0,0,0,0,1,-0.3626603559551803,-0.7719029385202472,1,0
1,1,1,0,1.4100994218432374,1,2,1,2,2,0,0,0,0,0,0,0,0.6344178441444933,0.5446130384967837,0,1
1,0,0,1,-1.1960038562387048,1,0,2,1,1,1,1,1,1,0,0,0,-1.481049737066981,0.415624346869045,0,0
0,0,0,0,-1.1960038562387048,1,0,2,1,1,1,1,1,1,0,0,3,-1.4893587220678117,0.5911223697220065,0,0
1,1,1,0,0.7992939660427822,1,2,1,2,0,2,0,2,2,0,1,2,1.3107692232121058,0.541844883654197,1,1
0,0,1,0,0.3920903288424788,1,2,0,0,0,0,0,0,0,0,1,2,-0.4823097399671412,-1.3998877696040675,1,0
1,0,1,1,0.7178532386027215,1,0,2,1,1,1,1,1,1,1,1,3,-1.4760643460664828,0.982735013797189,0,0
1,1,1,0,-0.38159658183809786,1,0,1,2,2,0,0,0,2,0,1,2,0.8388188751649267,-1.8779553992744562,0,1
0,0,1,1,1.4100994218432374,0,1,0,2,2,2,2,2,0,2,0,1,-0.3510277769540174,-0.0700657842047978,0,0
0,0,0,0,-0.30015585439803716,1,0,1,0,2,2,0,2,2,0,1,2,1.15456030519649,-1.0918909244069797,1,0
0,1,1,0,0.26992923768238775,1,0,1,2,2,0,0,2,2,1,0,3,1.141265929195161,0.031381665002901134,0,1
0,0,0,0,1.4915401492832983,1,2,0,2,2,0,2,0,0,2,1,3,0.07106866108817798,0.29033378196449605,0,0
0,0,0,0,-1.2774445836787656,0,1,0,0,0,0,0,0,0,1,0,3,-1.2932666760482092,-0.8718338040720622,0,0
1,0,0,0,-0.015113308357824713,1,0,1,0,0,0,0,2,2,0,0,2,0.8737166121684152,-0.5316657813029996,0,0
0,0,0,0,-0.9516816739185228,1,0,1,0,0,0,0,0,0,0,0,2,0.2073360151017999,0.7406229401793764,1,0
0,0,0,0,-0.6666391278783103,1,0,1,0,2,2,0,0,2,0,1,1,0.9451738831755587,0.30077508708833156,1,0
1,0,1,1,1.125056875803025,1,0,2,1,1,1,1,1,1,2,1,0,-1.4561227820644893,0.30077508708833156,0,0
0,0,1,1,1.6137012404433893,1,2,1,0,2,2,2,2,2,2,1,0,1.476948923228718,0.8695434309712975,0,0
1,0,1,0,-1.1145631287986442,1,0,2,1,1,1,1,1,1,0,0,3,-1.5093002860698053,0.30077508708833156,1,0
0,1,0,0,-0.2594354906780068,1,0,1,2,0,0,0,2,0,0,1,1,0.6992279271509723,-1.4437770497733926,0,1
1,0,0,0,-1.1960038562387048,1,0,2,1,1,1,1,1,1,0,0,3,-1.4926823160681442,0.6964897669093026,1,0
1,0,0,0,-1.2367242199587352,1,0,2,1,1,1,1,1,1,0,1,2,-1.4993295040688086,-0.3530704562224146,0,0
0,0,0,1,-1.2367242199587352,1,0,2,1,1,1,1,1,1,1,0,0,-1.4710789550659844,-0.0009504464401307413,0,0
0,0,0,0,0.14776814652229667,1,2,0,2,0,2,2,2,2,1,1,1,0.827186296163764,-0.20743685910277393,0,0
1,0,0,0,-1.0331224013585834,1,0,1,2,0,0,0,0,0,0,0,3,0.31867641411292996,0.49130938915805733,0,0
0,1,1,0,1.125056875803025,0,1,0,0,2,0,0,2,2,2,1,1,-0.5088984919697991,-0.5032387590098871,0,1
0,0,1,0,-0.5444780367182193,1,2,1,0,2,0,0,0,2,0,1,2,0.8089065291619363,0.30077508708833156,0,0
1,1,1,0,0.5142514200025698,1,2,0,2,0,2,2,0,2,2,0,1,0.34526516611558833,-0.13578762405130246,0,1
1,1,0,0,-1.1552834925186746,1,0,1,0,0,0,0,0,0,0,1,2,0.19570343610063723,-0.48415363558287067,0,1
0,0,1,1,-0.055833672077855064,1,2,1,0,0,2,2,2,2,0,1,2,1.3107692232121058,-0.2616573806226109,1,0
1,0,1,1,0.5956921474426305,1,0,1,2,0,2,0,0,2,0,0,2,0.8404806721650927,0.1351108295786717,0,0
1,0,0,0,-1.2774445836787656,1,0,1,0,0,0,0,0,2,0,1,2,0.4815325201292102,0.8893209690225232,1,0
0,0,0,0,-1.2774445836787656,1,0,0,0,0,0,0,0,0,0,1,0,-0.6601220189849164,0.2311875430989315,1,0
0,0,0,0,-1.2774445836787656,1,0,2,1,1,1,1,1,1,0,0,1,-1.5076384890696393,-2.8182610527427236,0,0
0,1,1,1,1.0843365120829946,1,2,1,0,0,2,0,0,2,0,1,1,0.7972739501607736,0.4938977463204933,0,1
1,0,1,0,-0.9109613101984924,1,0,1,0,0,0,0,0,0,0,1,2,0.1774236690988095,0.7227915494462037,1,0
1,1,0,0,0.10704778280226633,1,2,1,2,0,0,0,0,2,0,0,1,0.8720548151682491,-0.30308817292886914,0,1
1,0,0,0,-1.1552834925186746,0,1,0,0,0,2,0,0,0,0,1,2,-1.166970104035584,0.30077508708833156,1,0
1,0,1,1,-0.015113308357824713,1,0,1,2,2,0,0,0,2,1,1,2,0.8654076271675846,-0.4056830114831821,0,0
1,0,0,0,0.43281069256250915,1,2,1,0,2,0,0,0,0,0,1,2,0.4350022041245586,-0.19642114323293647,1,0
1,0,0,0,-1.1552834925186746,1,0,0,0,0,0,0,0,2,0,0,2,-0.3477041829536853,-2.335366858031334,1,0
0,1,1,0,0.880734693482843,1,0,2,1,1,1,1,1,1,2,1,3,-1.5225946620711341,0.30077508708833156,0,1
0,1,0,0,-0.8702409464784621,1,2,1,0,0,0,0,2,2,0,1,0,1.0099839661820376,1.004301241064549,1,1
0,1,0,0,1.369379058123207,1,2,1,2,0,0,0,2,2,2,1,0,1.2509445312061254,0.7064668362108628,0,1
1,0,1,1,1.1657772395230555,1,2,1,0,0,2,0,2,2,1,1,2,1.1678546811978192,0.6711027098762594,0,0
1,0,1,1,1.6137012404433893,1,2,0,2,2,2,2,2,2,2,0,1,0.7956121531606076,0.709336454337107,0,0
1,0,1,1,0.47353105628253944,0,1,0,0,0,2,2,2,2,1,1,2,-0.3477041829536853,-1.1757850905168656,0,0
1,0,0,0,0.35136996512244845,1,2,0,0,0,2,0,0,0,0,1,0,-0.3011738669490337,-1.325437146203731,0,0
1,0,1,0,0.7178532386027215,1,2,1,2,0,2,0,2,2,1,1,2,1.302460238211275,0.4680393037463847,0,0
1,0,1,0,0.5956921474426305,1,2,1,2,0,2,2,2,2,1,1,1,1.5317882242341998,0.47728100950280156,1,0
1,0,1,1,-0.9924020376385531,1,0,2,1,1,1,1,1,1,2,0,3,-1.4827115340671475,0.30077508708833156,0,0
1,0,0,0,-0.5851984004382496,1,0,2,1,1,1,1,1,1,0,0,3,-1.4860351280674797,-0.08725064778833144,0,0
1,0,1,1,1.6137012404433893,1,2,0,2,2,2,2,2,2,2,1,1,0.9036289581714056,0.7268954185638364,0,0
1,0,0,0,-1.2774445836787656,1,0,1,0,0,0,0,0,2,0,0,2,0.5230774451333633,0.9012174632219878,1,0
0,1,0,0,0.3920903288424788,1,2,0,0,0,2,0,0,0,0,0,2,-0.3028356639492,-0.9928246258966782,0,1
0,1,0,0,-0.5851984004382496,1,0,1,0,2,0,0,0,0,0,1,2,0.3303089931140931,0.30077508708833156,0,1
0,0,0,1,-0.7888002190384014,1,2,1,0,2,2,0,2,2,1,1,1,1.3091074262119398,0.30077508708833156,0,0
0,0,1,1,1.4508197855632678,1,2,1,0,2,0,2,0,0,1,1,0,0.6277706561438292,0.5784350840821002,0,0
1,0,0,0,-1.1552834925186746,1,2,1,0,0,0,0,0,0,0,1,0,0.24721914310578694,-0.3875760627657177,1,0
1,0,0,0,1.4915401492832983,1,2,1,2,2,2,0,2,2,2,1,1,1.505199472231542,0.8400385489909394,0,0
1,0,0,0,-0.62591876415828,1,0,0,0,0,0,2,0,0,0,0,3,-0.44076481496298814,0.9653424549980947,1,0
1,0,1,1,-0.30015585439803716,1,2,2,1,1,1,1,1,1,2,0,1,-1.304899255049372,0.6789210095883587,0,0
1,1,0,0,0.43281069256250915,1,0,1,0,0,0,0,2,2,0,1,3,0.8238627021634315,0.021584061692913915,1,1
0,0,1,1,1.0843365120829946,1,0,2,1,1,1,1,1,1,2,0,1,-1.504314895069307,0.30077508708833156,0,0
0,1,0,0,-1.1145631287986442,1,0,1,2,2,0,0,0,0,0,0,2,0.5297246331340278,-0.020755561739663083,0,1
1,0,1,1,-0.46303730927815856,1,2,0,2,2,0,2,2,0,1,0,3,0.4233696251233959,0.30077508708833156,1,0
0,0,1,1,1.4915401492832983,1,2,1,2,2,2,2,2,0,1,1,1,1.3406815692150957,0.8150416754335559,0,0
1,0,0,0,-0.7888002190384014,0,1,0,0,0,0,0,0,0,0,1,0,-1.3165318340505352,-0.2258491619587813,0,0
1,0,1,0,0.3920903288424788,1,2,1,0,2,2,0,2,0,0,1,0,1.0133075601823696,0.06568056396250757,1,0
1,0,1,0,0.7992939660427822,1,2,1,0,2,0,2,0,2,0,1,1,1.0266019361836989,0.43842511057774647,0,0
1,1,0,0,0.5549717837226001,1,0,1,2,0,0,0,0,2,0,0,2,0.6726391751483144,0.0686512083501704,1,1
1,0,1,0,1.1657772395230555,1,2,0,2,2,2,2,0,2,2,1,0,0.53304822713436,0.3702312931302273,0,0
1,0,0,0,-0.13727439951791576,0,1,0,0,0,0,0,0,0,1,1,3,-1.3265026160515319,0.8853966297601404,0,0
0,0,0,1,-0.30015585439803716,1,0,0,0,2,0,2,0,0,1,1,1,-0.3327480099521901,0.30077508708833156,0,0
0,0,1,1,-1.1145631287986442,1,0,1,0,0,0,2,2,0,0,1,2,0.6975661301508063,0.32536001629309924,1,0
1,0,0,0,-0.7073594915983407,0,1,0,0,0,2,0,2,2,1,0,2,-0.46569176996548,0.7645716080128341,0,0
0,0,1,1,-0.5444780367182193,1,0,2,1,1,1,1,1,1,2,0,3,-1.4827115340671475,0.02675265879997062,0,0
1,0,0,0,0.47353105628253944,1,0,2,1,1,1,1,1,1,2,0,3,-1.4860351280674797,0.9373257824479002,0,0
0,1,0,0,-1.0738427650786138,1,2,1,0,2,0,0,2,2,0,1,2,1.113015380192337,0.5482920320727839,1,1
1,0,1,1,1.0436161483629645,1,2,0,2,2,2,2,0,0,2,0,1,0.22727757910379318,0.17100313267135167,0,0
1,0,1,1,1.2064976032430856,1,0,1,2,2,0,0,0,0,1,1,1,0.5546515881365197,0.4100177043084387,0,0
0,0,1,1,1.5322605130033284,0,1,0,0,2,2,2,2,2,1,1,0,-0.2114368289400632,0.12347881651791666,0,0
0,1,0,0,-1.2774445836787656,0,1,0,0,0,0,0,0,0,0,1,3,-1.2982520670487077,-0.8756396340038664,1,1
1,0,1,1,-0.9109613101984924,0,1,0,2,2,2,2,0,2,2,0,1,-0.36764574695567864,0.4603834843874718,0,0
1,0,0,0,-0.2594354906780068,1,0,2,1,1,1,1,1,1,1,1,0,-1.5009913010689746,0.3276520486070492,0,0
1,0,0,0,1.369379058123207,1,2,1,0,2,0,0,0,2,0,0,1,0.8188773111629334,0.6245667808205633,0,0
0,0,1,1,-1.0331224013585834,1,0,1,0,0,0,0,0,0,0,1,2,0.14086413509515497,0.4326017110664735,1,0
1,0,1,1,0.758573602322752,1,2,1,0,2,0,2,0,0,1,0,0,0.6460504231456565,0.19088656517349428,0,0
1,0,1,1,1.6137012404433893,1,2,1,2,2,2,2,2,0,2,1,1,1.3739175092184182,0.8523065082635919,0,0
1,0,0,0,1.3286586944031769,1,2,2,1,1,1,1,1,1,2,0,3,-1.2965902700485417,0.30077508708833156,0,0
1,0,0,0,-1.2367242199587352,1,0,0,0,0,0,0,0,0,0,0,0,-0.6219006879810957,0.9010024217260147,1,0
1,0,0,1,1.5322605130033284,1,2,0,2,2,0,2,0,0,1,0,0,0.006258578081699082,0.2851714867367476,0,0
1,0,1,0,1.6137012404433893,1,2,0,0,2,2,2,2,2,2,1,1,0.6875953481498096,0.6692063405950721,0,0
0,0,1,1,-1.2774445836787656,1,0,2,1,1,1,1,1,1,0,0,3,-1.4860351280674797,-2.0722856041739153,0,0
0,1,1,0,-1.2774445836787656,1,0,1,0,2,0,0,0,0,0,1,3,0.3868100911197414,0.8579355496292109,1,1
0,0,0,0,-1.1145631287986442,1,2,1,0,0,2,0,2,2,0,1,2,1.1877962451998125,0.44760489783764734,1,0
1,0,0,0,-1.1960038562387048,1,0,2,1,1,1,1,1,1,0,0,3,-1.46443176706532,0.5685879774418425,0,0
1,0,0,0,1.0436161483629645,1,2,2,1,1,1,1,1,1,2,1,1,-1.3115464430500368,0.30077508708833156,0,0
1,1,1,1,-0.4223169455581282,0,1,0,2,0,0,0,0,2,0,0,3,-0.8213163280010305,0.9566331251747904,1,1
1,1,1,0,0.025607055362205634,1,2,1,0,2,0,0,2,2,0,1,0,1.1911198392001445,-0.2459602420369081,0,1
1,0,0,0,-1.2774445836787656,1,0,1,0,0,0,0,0,0,0,0,2,0.1724382780983114,0.7716947308208495,1,0
1,1,1,0,0.880734693482843,1,2,1,0,0,0,0,0,0,0,0,0,0.3070438351117673,0.04968634295685418,0,1
1,0,1,0,1.6137012404433893,1,2,1,0,2,0,0,2,2,2,1,2,1.1512367111961581,0.8197181154786042,0,0
1,0,0,1,-1.2774445836787656,1,2,1,0,0,0,0,2,2,0,1,2,0.9484974771758907,0.9777680490188707,1,0
1,0,0,0,-1.1960038562387048,1,0,0,0,0,2,0,0,0,0,1,2,-0.518869273970796,0.30077508708833156,1,0
0,0,1,1,1.6137012404433893,1,2,1,2,2,2,2,0,2,2,0,1,1.4187860282229037,0.8642026854010133,0,0
0,0,1,1,1.6137012404433893,1,2,0,2,2,2,0,2,2,2,1,1,0.6261088591436628,0.6208738731228545,0,0
1,1,1,0,0.880734693482843,1,2,1,0,0,2,0,2,2,0,1,1,1.1396041321949948,0.48219701280013316,0,1
0,0,1,0,1.0843365120829946,1,2,0,0,2,0,2,2,2,1,1,2,0.5097830691320341,0.32229577827007394,0,0
1,0,0,0,0.880734693482843,1,0,0,2,2,0,0,2,0,2,1,0,0.017891157082861757,-0.11775574592951,0,0
1,0,0,0,1.125056875803025,1,2,1,0,0,2,0,2,0,2,1,2,0.8238627021634315,0.46770765796593394,0,0
0,0,1,0,1.125056875803025,0,1,0,0,2,2,2,2,2,2,0,1,-0.13167057293208934,-0.07576132170643039,0,0
1,0,0,0,-1.1960038562387048,1,2,1,0,0,0,0,0,0,0,0,2,0.3236618051134285,-1.5110463986128386,0,0
0,0,1,0,1.4915401492832983,1,2,1,2,0,0,0,2,2,2,0,0,1.1429277261953275,0.763831829003333,0,0
0,0,1,1,-1.2774445836787656,1,0,2,1,1,1,1,1,1,0,0,2,-1.5126238800701375,-2.836156174181261,0,0
1,0,1,1,0.7178532386027215,0,1,0,2,0,0,0,2,0,0,1,1,-0.8412578920030237,-1.8849055358803244,0,0
0,0,0,0,0.9621754209229036,0,1,0,0,0,0,0,2,2,0,1,1,-0.6617838159850825,-0.7974333181979686,0,0
0,0,1,0,1.125056875803025,1,0,1,2,0,0,2,2,2,2,1,2,1.0781176431888486,0.5519575402525831,0,0
1,1,1,0,1.4915401492832983,1,2,1,2,0,2,2,2,2,1,1,3,1.5218174422332031,0.8597301712912272,0,1
0,0,0,0,-1.2774445836787656,0,1,0,0,0,0,0,0,2,0,0,3,-0.9874960280176428,-0.1291381219298485,1,0
0,1,0,0,-1.2774445836787656,1,0,1,0,2,0,0,0,0,0,1,2,0.27380789510844483,0.8211167936294133,1,1
0,0,1,0,-1.1960038562387048,1,0,2,1,1,1,1,1,1,0,1,3,-1.491020519067978,0.26180937583937114,0,0
1,0,1,1,1.125056875803025,1,0,0,0,2,0,2,2,2,2,0,0,0.40508985812156867,0.2823807115419247,0,0
0,0,0,0,-0.7888002190384014,0,1,0,0,0,2,2,0,0,2,0,3,-0.9758634490164798,0.263438196356766,0,0
1,0,1,1,1.2064976032430856,1,0,2,1,1,1,1,1,1,2,0,0,-1.4727407520661506,0.30077508708833156,0,0
0,0,0,0,0.5142514200025698,1,2,1,2,2,0,0,0,2,1,0,0,1.0631614701873533,0.23955661467658745,0,0
0,0,0,0,-0.30015585439803716,0,1,0,0,0,2,2,2,2,1,0,2,-0.3510277769540174,0.30077508708833156,0,0
1,0,0,0,0.47353105628253944,1,0,1,0,0,2,2,2,2,2,0,0,1.1745018691984834,0.21679737624150225,0,0
0,0,0,0,-1.2367242199587352,1,0,0,0,0,0,0,0,0,0,1,3,-0.6484894399837535,0.8333875530082859,0,0
1,1,0,0,0.025607055362205634,1,2,1,0,2,2,0,0,0,0,1,1,0.6344178441444933,-0.6491373934715957,1,1
0,0,0,0,-1.2774445836787656,1,0,1,0,0,0,0,0,0,0,1,2,0.1774236690988095,0.7833743626998545,1,0
0,0,0,0,-0.4223169455581282,1,0,2,1,1,1,1,1,1,1,0,0,-1.4594463760648215,0.26384498728341366,0,0
0,0,0,0,0.10704778280226633,0,1,0,0,0,2,2,0,0,0,1,3,-1.0406735320229585,0.30077508708833156,0,0
0,0,1,1,-0.13727439951791576,1,0,2,1,1,1,1,1,1,2,0,3,-1.481049737066981,0.5430761208020733,0,0
1,1,1,0,-0.21871512695797646,1,2,1,2,0,2,0,0,0,1,1,2,0.7025515211513048,-1.3557875507935309,0,1
1,0,0,1,0.880734693482843,1,0,0,0,2,2,2,0,0,1,1,2,-0.12502338493142473,-0.23988433668069525,0,0
0,1,0,0,-1.2367242199587352,1,0,1,0,0,0,0,0,0,0,1,2,0.19570343610063723,0.30077508708833156,1,1
1,0,0,0,1.002895784642934,1,2,1,0,0,0,0,2,0,1,1,2,0.7357874611546272,0.3994197642620795,0,0
1,0,0,0,1.2064976032430856,1,2,0,2,2,2,2,0,0,2,0,0,0.15415851109648415,0.17278664567853444,0,0
0,0,1,1,-0.7073594915983407,1,0,2,1,1,1,1,1,1,1,0,1,-1.4760643460664828,-0.20418432718637694,0,0
1,0,0,0,-1.2367242199587352,1,0,2,1,1,1,1,1,1,0,0,3,-1.4760643460664828,-0.2358541459070846,1,0
0,0,1,0,1.5322605130033284,1,2,1,0,0,2,2,2,2,2,1,0,1.3140928172124378,0.8110494341250558,0,0
0,0,1,1,-0.46303730927815856,1,0,0,0,0,0,0,0,0,0,1,2,-0.6584602219847502,0.9759738850541547,0,0
0,0,0,1,-0.38159658183809786,1,0,0,0,0,0,2,0,0,1,1,2,-0.5088984919697991,0.30077508708833156,0,0
1,0,0,0,-1.0738427650786138,1,0,2,1,1,1,1,1,1,1,0,3,-1.4677553610656522,0.30077508708833156,0,0
1,0,1,1,-1.1552834925186746,1,0,2,1,1,1,1,1,1,2,0,1,-1.502653098069141,0.7536662807041228,0,0
0,0,0,0,-1.1960038562387048,1,0,1,2,0,2,0,2,2,0,1,1,1.1379423351948288,-0.5334695900683588,1,0
0,0,0,0,-0.38159658183809786,1,2,1,0,0,0,0,2,2,0,1,2,0.9551446651765553,-1.1354275613842786,0,0
1,0,0,0,-0.2594354906780068,0,1,0,2,0,0,2,2,2,1,0,1,-0.3393951979528547,0.30077508708833156,0,0
0,0,0,1,-0.9924020376385531,1,0,2,1,1,1,1,1,1,0,0,3,-1.4860351280674797,0.30077508708833156,0,0
1,0,0,0,-0.2594354906780068,1,2,1,0,0,0,0,0,2,0,1,2,0.6377414381448259,-1.2882701652876427,1,0
1,0,0,0,-1.2367242199587352,1,2,1,0,2,0,0,0,0,0,1,2,0.4881797081298748,0.30077508708833156,0,0
1,0,0,0,1.4100994218432374,1,2,1,2,2,2,2,2,2,2,0,1,1.7096005032519754,0.8737513848412983,1,0
0,0,1,0,1.5729808767233588,1,2,1,0,0,0,0,2,2,2,1,0,0.9617918531772199,0.7212482460960963,1,0
0,0,0,0,1.0843365120829946,1,2,0,2,2,2,2,0,2,1,0,1,0.5014740841312035,0.34842110724593234,0,0
1,0,1,1,0.26992923768238775,1,2,1,0,0,2,0,2,2,1,0,2,1.1711782751981514,0.012735668377834618,0,0
1,0,0,1,-0.46303730927815856,1,0,2,1,1,1,1,1,1,2,0,3,-1.5009913010689746,0.0691454589198271,0,0
1,0,0,0,-1.2774445836787656,1,0,2,1,1,1,1,1,1,0,0,3,-1.4976677070686424,-2.7664204375420924,1,0
0,0,1,1,0.6364125111626608,1,0,2,1,1,1,1,1,1,2,0,0,-1.481049737066981,0.30077508708833156,0,0
0,1,1,0,-0.055833672077855064,0,1,0,2,2,2,0,0,2,1,1,1,-0.4773243489666429,0.30077508708833156,0,1
0,0,1,1,1.2879383306831464,1,2,1,2,2,2,2,2,2,1,0,2,1.614878074242506,0.8138691403689983,0,0
1,0,1,1,0.5549717837226001,1,2,1,0,2,0,0,0,0,0,1,0,0.5064594751317021,-0.013215531543022215,0,0
0,0,0,0,0.7992939660427822,1,2,0,0,0,2,2,2,2,2,1,0,0.5380336181348585,0.1714493092229045,0,0
0,0,1,1,1.4100994218432374,1,2,2,1,1,1,1,1,1,2,1,3,-1.3248408190513656,0.30077508708833156,0,0
0,1,0,0,1.4100994218432374,1,2,0,0,2,0,0,0,0,0,0,2,-0.32776261895169184,-0.02672001419202291,0,1
0,0,0,0,-1.1145631287986442,1,2,1,0,0,0,0,0,0,0,0,2,0.358559542116917,0.1314032858460716,1,0
0,0,1,0,1.5729808767233588,1,2,1,0,2,2,2,2,2,2,0,2,1.478610720228884,0.8688773955759188,0,0
0,0,0,0,-0.9516816739185228,1,0,1,0,0,0,0,2,0,0,1,0,0.4283550161238945,0.8063321831131446,1,0
0,1,0,0,-0.2594354906780068,1,2,1,2,2,0,0,0,2,0,1,2,1.0049985751815391,-0.8923010195106714,1,1
1,0,0,0,1.5729808767233588,1,2,1,2,2,2,2,2,2,1,1,0,1.7129240972523074,0.926692408875826,0,0
0,0,0,0,-0.015113308357824713,1,0,2,1,1,1,1,1,1,0,0,0,-1.491020519067978,0.6316304231093081,0,0
0,0,0,0,-1.2367242199587352,1,0,1,0,0,0,0,0,0,0,0,2,0.1857326540996401,0.30077508708833156,0,0
0,0,1,0,1.5729808767233588,1,2,2,1,1,1,1,1,1,2,0,1,-1.3015756610490399,-3.002774893317457,0,0
0,0,0,0,1.125056875803025,0,1,0,2,0,2,0,0,2,1,1,2,-0.6750781919864114,-0.6006737599354333,0,0
0,1,0,0,0.9214550572028734,1,2,1,0,0,2,0,2,2,1,1,2,1.1761636661986499,0.5045044629915698,0,1
1,0,0,0,0.880734693482843,1,0,1,2,2,0,2,2,2,1,1,1,1.3506523512160928,0.5589457625924971,1,0
1,0,0,0,-1.2367242199587352,1,0,1,0,0,2,0,2,2,0,1,2,1.0332491241843629,-2.2266008250772678,1,0
0,0,0,0,-1.0738427650786138,1,2,1,0,0,0,0,0,0,0,1,3,0.3020584441112687,0.08386051294325483,0,0
0,0,1,1,0.6364125111626608,1,0,0,2,2,2,0,0,2,2,1,1,0.1774236690988095,-0.2671755292327036,0,0
1,0,1,1,1.247217966963116,1,2,2,1,1,1,1,1,1,2,0,3,-1.3132082400502028,0.30077508708833156,0,0
1,0,0,0,-1.2774445836787656,1,2,1,0,2,0,0,0,0,0,1,2,0.47820892612887816,0.8888856910688248,1,0
1,0,0,1,-0.8295205827584317,1,0,2,1,1,1,1,1,1,0,0,1,-1.4527991880641573,-1.1093998991256526,0,0
1,1,1,0,0.880734693482843,0,1,0,0,0,0,0,0,0,0,1,0,-1.3231790220511994,0.30077508708833156,0,1
0,0,1,1,-0.0965540357978854,1,0,0,0,0,2,2,2,0,1,1,2,-0.00869759491979612,-2.1374509098392407,0,0
0,0,1,0,-0.0965540357978854,1,0,2,1,1,1,1,1,1,0,0,0,-1.4993295040688086,0.7168625743238153,1,0
0,0,0,0,-1.1552834925186746,1,0,1,0,0,0,0,2,0,0,1,2,0.4732235351283796,-0.40092775995502633,1,0
0,0,0,0,0.3106496014024181,1,2,1,0,0,2,2,2,2,1,1,1,1.3689321182179202,0.20478916228319627,0,0
0,0,1,1,-0.9516816739185228,1,0,1,0,0,0,2,0,0,0,1,2,0.36853032411791364,0.7059442015845255,0,0
0,0,1,1,-0.62591876415828,1,0,1,2,0,0,2,2,0,0,0,2,0.9003053641710731,0.30077508708833156,1,0
0,0,0,0,1.2064976032430856,0,1,0,0,2,2,0,0,2,2,1,1,-0.7033287409892356,-0.6182049924894454,0,0
1,0,0,0,-0.1779947632379461,1,0,1,0,2,0,2,2,0,1,1,0,0.8803638001690798,-0.9066192350040396,0,0
0,0,0,0,1.5322605130033284,1,2,0,2,2,2,2,2,2,2,0,1,0.830509890164096,0.6896055417292007,0,0
0,0,0,0,0.5549717837226001,1,0,1,0,2,2,2,2,2,2,1,0,1.3174164112127704,0.38870830372524967,0,0
0,0,1,0,-0.38159658183809786,1,2,1,0,0,2,0,0,2,0,0,3,0.8438042661654253,-1.814232164299498,0,0
1,0,1,1,0.5956921474426305,0,1,0,2,0,2,2,0,0,1,0,2,-0.8130073430001998,0.30077508708833156,0,0
1,0,1,1,1.4508197855632678,1,0,1,2,2,2,0,2,2,2,1,0,1.3456669602155942,0.809636593858769,0,0
0,1,0,0,1.125056875803025,1,2,1,0,0,2,2,2,2,1,1,2,1.3705939152180862,0.702278091040791,1,1
0,0,0,1,1.4100994218432374,1,2,1,0,2,0,2,2,2,2,1,2,1.304122035211441,0.791805577020698,0,0
0,0,0,0,-0.748079855318371,1,0,0,0,0,0,2,2,2,0,1,2,0.16246749609731476,0.9745761952874789,0,0
1,0,1,1,1.002895784642934,1,2,1,0,0,0,0,0,0,0,1,2,0.3170146171127639,0.0906541317692289,0,0
0,0,1,1,0.9214550572028734,1,2,1,2,0,0,0,2,2,1,0,3,1.2010906212011416,0.5140502690165238,0,0
1,0,0,0,-1.2774445836787656,1,0,2,1,1,1,1,1,1,0,1,3,-1.479387940066815,-2.0556022350409986,0,0
1,0,0,1,-1.2774445836787656,1,0,0,0,0,0,2,0,0,0,1,3,-0.49394231896830415,0.3858324300658321,1,0
1,0,0,0,-0.38159658183809786,1,2,1,0,0,2,2,2,0,0,1,1,1.068146861187852,-1.703610482088936,0,0
0,0,0,0,-0.7888002190384014,1,2,1,2,0,0,0,2,2,0,1,2,1.182810854199314,0.30077508708833156,1,0
1,0,1,0,0.5956921474426305,1,2,1,0,2,2,0,2,2,0,1,2,1.3074456292117733,0.44625023526756025,0,0
1,0,0,0,0.22920887396235737,1,0,2,1,1,1,1,1,1,1,0,3,-1.4843733310673135,0.8229786598887596,0,0
0,1,1,0,0.22920887396235737,1,2,1,0,0,0,0,0,0,0,1,0,0.3386179781149237,-0.5343727160674085,1,1
0,1,0,0,-1.2367242199587352,1,2,0,0,2,0,0,0,0,0,1,1,-0.2729233179462098,0.30077508708833156,0,1
1,1,1,1,-1.2774445836787656,1,0,0,0,0,0,2,0,0,0,1,1,-0.5155456799704636,0.3825871552834033,1,1
1,0,1,0,-0.7073594915983407,1,0,1,0,0,0,0,0,0,0,1,0,0.12756975909382579,0.30077508708833156,0,0
0,0,0,0,-0.2594354906780068,1,0,1,0,0,0,0,0,0,0,1,1,0.142525932095321,0.30077508708833156,0,0
0,0,1,1,0.10704778280226633,1,0,2,1,1,1,1,1,1,2,0,1,-1.4976677070686424,0.823211149618624,0,0
1,0,0,1,-1.1960038562387048,1,0,2,1,1,1,1,1,1,0,1,3,-1.4860351280674797,0.8461913413623818,0,0
1,0,1,1,0.7178532386027215,1,2,1,0,2,0,2,2,2,0,0,2,1.2941512532104444,0.4363736631907815,1,0
1,0,1,0,0.3920903288424788,1,2,1,2,0,2,0,0,2,0,1,2,0.9850570111795457,0.0872630915022416,0,0
1,0,1,0,-0.9109613101984924,1,0,0,2,0,0,2,0,0,0,1,1,-0.32610082195152557,0.5646820338318246,0,0
0,0,1,0,1.1657772395230555,1,0,1,2,2,0,2,0,2,1,0,0,0.9617918531772199,0.6019119575364005,0,0
0,0,0,0,1.4508197855632678,1,2,1,2,2,0,2,2,2,2,0,1,1.5118466602322065,0.819018042105769,0,0
1,0,0,0,-0.9109613101984924,1,0,1,2,0,2,0,2,2,1,1,2,1.1346187411944968,0.30077508708833156,0,0
1,0,1,0,1.3286586944031769,1,2,1,2,2,2,0,0,0,1,0,2,0.830509890164096,0.5855361987507234,1,0
0,0,1,1,1.6137012404433893,1,0,0,2,0,2,2,2,2,2,1,0,0.5214156481331973,0.6056754250949787,0,0
1,0,1,1,0.9214550572028734,1,0,1,0,2,0,2,0,0,0,0,2,0.48651791112970877,0.17323202735463264,0,0
0,0,0,0,-1.2774445836787656,1,0,2,1,1,1,1,1,1,0,1,3,-1.477726143066649,-2.051474522669158,1,0
0,0,0,0,-1.0331224013585834,1,0,0,0,0,2,2,0,2,0,0,0,-0.0651986929254444,0.1543530706834051,0,0
0,0,0,0,-1.2367242199587352,1,2,1,0,0,0,0,0,0,0,1,3,0.33695618111475767,0.30077508708833156,0,0
0,0,0,0,-0.9516816739185228,1,0,1,2,0,0,0,0,0,0,1,2,0.33529438411459117,0.7961141072064046,0,0
1,0,0,1,-0.21871512695797646,1,2,2,1,1,1,1,1,1,2,1,1,-1.2932666760482092,0.8858334287456117,0,0
1,1,1,0,-1.0331224013585834,1,2,1,0,0,2,0,2,2,0,1,2,1.2359883582046303,0.7877192934582612,1,1
0,0,1,0,1.2879383306831464,1,0,0,0,2,2,2,0,2,2,1,3,0.11759897709282914,0.21722358551159004,0,0
1,0,0,0,1.5322605130033284,0,1,0,2,0,2,2,0,2,2,0,0,-0.5437962289732878,-0.15724418483803115,0,0
1,1,0,0,-1.2367242199587352,1,2,1,0,0,0,0,2,2,0,1,2,0.9717626351782166,0.30077508708833156,1,1
1,1,0,0,1.4100994218432374,1,0,1,2,2,0,2,2,2,2,1,2,1.3390197722149297,0.8094009262921336,0,1
0,0,0,0,0.5142514200025698,1,2,1,0,2,0,0,2,0,0,1,1,0.8155537171626008,0.08920223662934379,1,0
0,0,0,0,-0.3408762181180675,1,2,2,1,1,1,1,1,1,2,0,1,-1.3165318340505352,0.5341151143668789,0,0
1,0,1,1,-1.1552834925186746,1,0,2,1,1,1,1,1,1,2,0,1,-1.504314895069307,0.9933801958409237,0,0
1,0,1,1,0.47353105628253944,1,0,1,0,0,2,0,2,2,0,1,0,0.9368648981747281,0.128613579349857,0,0
0,0,1,1,1.6137012404433893,1,0,2,1,1,1,1,1,1,2,1,3,-1.46443176706532,0.30077508708833156,0,0
0,0,0,0,-1.2774445836787656,1,0,1,0,2,0,0,0,0,0,1,1,0.3170146171127639,0.8338476652764946,1,0
1,0,0,0,1.369379058123207,1,0,2,1,1,1,1,1,1,2,0,0,-1.5093002860698053,0.30077508708833156,0,0
1,0,0,0,-1.2774445836787656,0,1,0,0,2,0,2,0,2,0,1,3,-0.6684310039857471,0.22950529087401833,1,0
1,0,1,1,-0.7888002190384014,1,0,1,2,0,0,0,0,2,0,0,2,0.641065032145158,0.30077508708833156,1,0
1,0,0,0,-0.9109613101984924,1,2,1,0,2,0,0,0,0,0,1,0,0.5297246331340278,0.886270037021028,1,0
1,1,1,0,1.3286586944031769,1,2,1,0,2,2,0,2,2,0,1,2,1.3157546142126038,0.7197025572787846,0,1
1,0,0,1,-1.2774445836787656,1,0,2,1,1,1,1,1,1,0,0,3,-1.502653098069141,-2.7920048515792057,0,0
1,0,1,1,0.22920887396235737,1,0,0,2,2,2,2,2,0,1,0,2,0.3087056321119333,-0.5758814331046735,0,0
1,0,0,1,-0.38159658183809786,0,1,0,2,0,2,2,0,0,2,0,3,-0.8196545310008642,0.9464096872124206,0,0
0,0,1,0,-0.9109613101984924,1,0,2,1,1,1,1,1,1,1,0,3,-1.4843733310673135,-4.219783050681123,0,0
1,0,0,1,-1.1552834925186746,1,2,1,0,2,0,0,2,2,0,1,2,1.2276793732037996,-0.06270975298490035,1,0
1,0,1,1,1.6137012404433893,1,2,0,2,0,2,2,2,2,2,1,1,0.6244470621434968,0.6472742258678683,0,0
0,0,1,0,0.10704778280226633,1,0,0,0,2,0,2,0,0,0,0,2,-0.2629525359452129,-3.4202281020442014,0,0
0,0,0,0,-1.2774445836787656,1,0,2,1,1,1,1,1,1,0,0,3,-1.4744025490663168,-2.043269862977273,1,0
0,0,1,1,1.0436161483629645,1,0,2,1,1,1,1,1,1,2,0,1,-1.502653098069141,0.30077508708833156,0,0
1,0,1,1,1.5322605130033284,1,0,1,0,2,2,2,2,2,1,1,2,1.3755793062185846,0.84368921625792,0,0
1,0,1,1,0.22920887396235737,1,2,0,0,2,2,0,2,2,1,0,1,0.47156173812821356,-0.539808667758269,0,0
0,0,1,1,1.125056875803025,0,1,0,0,2,0,0,2,2,0,1,2,-0.4989277099688025,-0.3767128452151712,0,0
1,0,0,0,-0.2594354906780068,1,2,1,2,2,0,0,2,0,0,1,1,0.9185851311729007,-1.1207037372226805,0,0
0,0,0,0,-0.9924020376385531,1,0,0,2,2,0,2,0,0,1,0,0,-0.21808401694072754,0.3196068459302363,0,0
1,0,1,1,0.35136996512244845,1,2,1,0,0,2,2,2,2,1,1,2,1.2575917192067896,0.16473566763671219,1,0
0,1,1,0,0.14776814652229667,1,2,1,0,2,0,0,2,0,0,1,1,0.9036289581714056,-0.23050570043676402,0,1
1,1,0,0,0.880734693482843,1,0,0,0,0,2,2,0,2,1,0,0,0.016229360082695727,-0.11181665841245797,0,1
1,0,1,1,1.5729808767233588,1,2,1,0,2,2,0,2,2,2,1,0,1.3705939152180862,0.8708741724280704,1,0
0,0,0,0,0.9214550572028734,1,2,1,0,0,0,0,0,0,0,1,2,0.2771314891087769,0.13880467819037265,0,0
0,0,0,0,1.6137012404433893,1,2,0,2,2,0,0,0,0,2,0,0,-0.16656830993557784,0.1825395107112155,0,0
0,0,0,1,-1.1960038562387048,1,0,0,2,0,0,2,0,0,0,1,3,-0.32111543095102724,0.30077508708833156,1,0
0,0,1,1,0.880734693482843,1,2,0,0,2,2,0,0,0,2,1,0,-0.16490651293541178,-0.260282588184448,0,0
1,0,1,1,1.6137012404433893,1,2,1,2,2,2,2,2,2,2,1,0,1.722894879253304,0.9294136326812583,0,0
1,0,0,0,0.7992939660427822,1,2,1,2,0,2,2,2,2,2,1,2,1.48027251722905,0.5775438886642285,0,0
0,1,0,0,1.125056875803025,1,2,1,2,0,0,0,2,2,1,1,0,1.217708591202803,0.6629499708201055,0,1
0,0,0,0,0.26992923768238775,0,1,0,0,0,2,0,2,2,0,1,1,-0.4690153639658123,-2.6400349536986054,0,0
0,0,0,0,-0.7073594915983407,1,0,0,0,0,0,0,2,0,1,0,3,-0.28621769394753876,0.9803539494047834,0,0
1,0,0,0,1.4915401492832983,1,2,1,0,0,2,2,2,2,2,1,0,1.3872118852197473,0.8283122961558422,1,0
1,0,1,1,0.43281069256250915,1,0,2,1,1,1,1,1,1,1,1,3,-1.5142856770703037,0.8741932990604404,0,0
0,1,0,0,1.247217966963116,1,2,0,2,2,2,2,2,0,1,0,0,0.6061672951416694,0.47101917664044285,0,1
1,1,1,0,-1.2367242199587352,1,0,1,0,0,0,0,0,0,0,0,2,0.1774236690988095,0.30077508708833156,0,1
0,0,1,1,1.6137012404433893,1,0,1,2,2,2,2,2,2,2,1,0,1.4470365772257276,0.8657633514873823,0,0
0,0,1,1,-0.015113308357824713,1,2,1,0,0,2,0,0,2,0,1,0,0.8737166121684152,-0.46880499457266755,1,0
1,0,1,1,0.3106496014024181,1,2,2,1,1,1,1,1,1,2,0,1,-1.3132082400502028,0.30077508708833156,0,0
0,0,1,0,1.0436161483629645,0,1,0,2,2,0,0,2,0,1,1,2,-0.6451658459834212,-0.828470755041107,0,0
1,0,0,0,1.4100994218432374,0,1,0,2,0,0,2,2,0,2,0,2,-0.6933579589882389,-0.3538244532225999,0,0
0,1,1,0,0.758573602322752,1,2,1,2,0,0,0,0,0,0,1,2,0.4233696251233959,0.002752741704971931,1,1
1,0,1,0,-0.055833672077855064,1,2,0,0,0,2,2,2,2,1,1,3,0.4831943171293762,-0.9053090743549237,0,0
1,1,1,0,1.4915401492832983,1,2,1,2,2,0,0,0,0,0,1,1,0.6693155811479823,0.5887741000280994,0,1
1,0,1,0,-0.015113308357824713,1,2,1,0,0,0,2,0,0,1,1,2,0.4815325201292102,-0.7458911780464739,0,0
0,0,0,0,-0.46303730927815856,1,0,0,2,2,0,2,2,0,2,0,1,0.2089978121019659,0.30077508708833156,0,0
1,0,0,0,0.7992939660427822,1,0,0,2,0,2,0,0,0,1,0,2,-0.3659839499555126,-0.587247718155938,0,0
0,0,1,1,1.6137012404433893,1,2,2,1,1,1,1,1,1,2,0,1,-1.3464441800535252,0.30077508708833156,0,0
0,0,1,0,1.6137012404433893,0,1,0,0,2,2,0,2,2,2,1,2,-0.3510277769540174,0.05521325842713016,1,0
1,0,1,1,0.7992939660427822,0,1,0,2,0,2,0,0,2,1,0,0,-0.681725379987076,-1.2450519046532411,0,0
0,0,0,0,0.35136996512244845,1,0,0,0,0,0,2,0,0,1,0,0,-0.4889569279678058,-1.8676199342834918,0,0
1,0,0,0,0.35136996512244845,1,0,2,1,1,1,1,1,1,2,0,3,-1.4827115340671475,0.9035798726723442,0,0
0,0,0,0,-1.0738427650786138,1,0,1,0,0,0,0,0,0,0,1,3,0.14917312009598557,0.1548067365934626,1,0
1,0,1,1,1.4100994218432374,1,2,0,2,2,2,2,0,0,1,1,1,0.15249671409631763,0.3080002459266292,0,0
0,0,1,1,-0.6666391278783103,1,0,2,1,1,1,1,1,1,0,0,3,-1.5093002860698053,-0.6152616938155313,0,0
1,0,0,0,-0.62591876415828,1,0,2,1,1,1,1,1,1,2,0,3,-1.51594747407047,-0.1659573980820849,0,0
1,0,1,0,0.10704778280226633,1,0,0,2,2,2,0,0,0,0,0,3,-0.12502338493142473,-1.596147627519334,0,0
0,0,1,1,1.0436161483629645,1,0,2,1,1,1,1,1,1,2,0,1,-1.4710789550659844,0.30077508708833156,0,0
1,0,0,0,-1.2774445836787656,1,0,0,0,0,2,0,0,0,0,1,2,-0.4740007549663106,0.4149252332119456,1,0
1,0,1,1,0.7992939660427822,0,1,0,0,2,2,2,2,0,2,0,3,-0.48397153696730727,-0.8068811069013878,0,0
0,0,0,0,1.5322605130033284,1,0,0,2,0,2,2,2,2,2,0,0,0.4931650991303729,0.545227144791524,0,0
0,0,1,1,-0.5444780367182193,1,2,2,1,1,1,1,1,1,2,1,0,-1.3248408190513656,0.3130463208217588,0,0
1,1,0,0,-1.2774445836787656,1,2,1,0,0,0,0,0,0,0,1,2,0.32033821111309646,0.8343075659387624,1,1
0,0,1,1,0.10704778280226633,1,0,1,2,0,2,2,2,2,0,1,2,1.4005062612210766,-0.016440014094679597,0,0
0,0,0,0,-0.015113308357824713,1,2,1,0,0,2,0,2,2,0,1,2,1.2160467942026365,-0.21462988671281633,0,0
0,0,1,1,-0.62591876415828,1,0,0,2,0,0,2,0,0,0,1,1,-0.31280644595019663,0.9741764962784001,0,0
0,0,1,1,1.4100994218432374,1,0,0,0,2,0,0,0,0,1,0,1,-0.47233895796614456,-0.16408387911989503,0,0
0,0,0,0,-0.9516816739185228,1,0,2,1,1,1,1,1,1,0,0,0,-1.504314895069307,0.30077508708833156,0,0
1,0,0,1,-0.055833672077855064,1,2,0,0,2,0,2,2,2,1,1,3,0.4881797081298748,-0.7764966069823694,1,0
1,0,0,0,-1.1552834925186746,1,2,1,2,0,0,0,2,0,0,0,2,0.8604222361670865,-0.05038304608509336,0,0
1,1,1,1,1.0436161483629645,1,2,1,2,2,0,2,0,0,1,1,0,0.8338334841644282,0.4448937350971846,0,1
1,0,0,0,1.125056875803025,1,0,0,2,0,2,2,2,2,1,0,3,0.4732235351283796,0.35289577924040344,0,0
1,0,0,0,1.0436161483629645,1,2,1,0,0,2,2,2,2,1,1,2,1.325725396213601,0.6675780139963845,1,0
1,0,0,0,-1.2774445836787656,1,0,2,1,1,1,1,1,1,0,0,3,-1.502653098069141,-2.7920048515792057,0,0
0,0,1,1,-0.21871512695797646,1,0,2,1,1,1,1,1,1,2,0,3,-1.491020519067978,0.5269505667883776,0,0
1,1,1,1,1.369379058123207,1,2,1,2,2,2,2,2,2,1,1,2,1.7112623002521414,0.8845224589921082,0,1
1,0,0,0,-0.7073594915983407,1,2,1,2,0,0,0,2,0,0,1,0,0.7640380101574512,0.30077508708833156,0,0
1,1,1,0,0.5956921474426305,1,2,1,0,0,2,0,2,2,0,1,2,1.1728400721983174,0.37424550840558424,1,1
0,0,0,0,0.35136996512244845,1,2,1,2,0,0,0,0,0,0,1,1,0.5496661971360212,-0.2945213748316644,0,0
1,0,1,0,1.0843365120829946,0,1,0,0,0,0,0,2,2,0,1,2,-0.6800635829869099,-0.6863023746269823,0,0
0,0,0,1,0.7178532386027215,1,0,1,0,0,0,0,0,0,2,0,1,0.1857326540996401,-0.10886028978005151,0,0
1,0,1,1,-0.62591876415828,0,1,0,2,0,2,0,2,0,1,0,1,-0.6750781919864114,0.8934466872535658,0,0
1,0,1,1,-1.0738427650786138,1,0,0,2,0,0,0,0,0,0,1,2,-0.518869273970796,-0.47134679737736285,0,0
1,1,1,0,0.758573602322752,0,1,0,0,2,0,0,0,0,0,1,1,-1.1736172920362484,0.30077508708833156,0,1
1,0,0,0,0.47353105628253944,1,0,1,0,2,0,2,2,2,0,0,2,1.1894580421999785,0.22401834405965534,1,0
1,0,1,0,0.6771328748826912,1,0,1,0,2,0,0,2,0,0,1,1,0.682609957149311,0.18957323241433266,0,0
1,0,0,0,-1.2367242199587352,1,0,1,0,2,0,0,2,2,0,0,2,1.0266019361836989,0.30077508708833156,1,0
1,0,1,0,1.0843365120829946,1,2,0,2,0,0,2,0,2,1,1,3,0.14418772909548702,0.11596268713283235,0,0
1,1,0,0,0.7178532386027215,1,2,0,2,2,0,0,2,0,0,1,0,0.1857326540996401,-0.15353306675752526,0,1
0,0,1,1,1.0843365120829946,1,0,2,1,1,1,1,1,1,2,0,3,-1.4677553610656522,0.30077508708833156,0,0
1,0,0,0,-0.5851984004382496,1,2,1,0,0,0,0,0,0,0,0,3,0.31202922611226586,0.30077508708833156,0,0
1,0,0,0,-0.9109613101984924,1,2,1,0,0,0,0,0,0,0,0,2,0.3419415721152558,0.8840850868755377,0,0
1,0,1,0,-0.748079855318371,1,0,0,0,0,0,0,0,0,1,0,2,-0.6700928009859131,0.6978082402614404,0,0
1,0,0,0,0.10704778280226633,1,0,2,1,1,1,1,1,1,2,0,0,-1.439504812062828,0.7934833230798582,0,0
1,0,1,1,-0.9924020376385531,1,0,0,0,0,0,0,0,0,1,1,3,-0.7083141319897339,-0.15600561458107015,0,0
1,0,1,1,-0.5851984004382496,1,0,2,1,1,1,1,1,1,1,0,0,-1.4860351280674797,-0.15538690424909019,0,0
0,0,1,1,1.125056875803025,1,2,1,2,2,0,0,2,0,1,0,0,0.9767480261787151,0.5943422629626188,0,0
0,0,0,0,-1.2774445836787656,1,0,1,0,0,2,0,2,2,0,0,2,0.9850570111795457,0.983725453111508,1,0
0,0,0,0,-1.0738427650786138,1,0,2,1,1,1,1,1,1,2,0,3,-1.502653098069141,0.30077508708833156,0,0
0,0,0,1,-0.5444780367182193,1,2,0,2,2,0,2,2,0,0,1,3,0.37019212111808014,0.30077508708833156,0,0
1,0,1,1,0.8400143297628127,1,2,0,2,2,0,2,0,0,1,0,0,-0.020330173920958795,-0.13094724188362164,0,0
1,1,1,0,1.6137012404433893,1,2,1,2,2,2,0,2,2,2,1,0,1.4885815022298807,0.8936633595230592,0,1
0,0,1,0,1.125056875803025,1,2,1,0,2,2,2,2,2,2,1,1,1.5301264272340338,0.7297070906876618,0,0
0,0,0,0,-1.2774445836787656,1,0,0,0,0,0,0,2,0,0,1,1,-0.3244390249513595,0.5238194637569491,1,0
0,0,0,1,-0.7888002190384014,1,0,0,0,0,2,2,0,0,0,0,3,-0.37595473195650925,0.8101077624398493,0,0
0,0,1,1,-1.1145631287986442,1,0,1,0,0,0,0,0,0,0,0,1,0.1724382780983114,-0.2909734230774227,0,0
1,0,0,0,-1.2774445836787656,1,2,1,0,0,2,0,2,2,0,1,2,1.219370388202969,0.30077508708833156,1,0
1,0,1,1,-0.7888002190384014,1,0,1,0,0,2,0,2,2,0,0,2,1.071470455188184,0.30077508708833156,0,0
1,0,0,0,0.18848851024232702,1,2,0,2,2,2,2,2,2,1,1,0,0.85876043916692,-0.20094233994621696,0,0
1,0,1,0,1.2879383306831464,1,0,1,2,0,0,0,0,0,0,1,3,0.2920876621102721,0.3443016605333474,0,0
0,0,1,0,-1.1145631287986442,1,2,0,0,0,2,2,2,0,0,0,0,0.10596639809166647,-0.12373031705226027,1,0
0,0,1,0,1.1657772395230555,1,2,1,0,2,0,2,0,2,2,1,0,0.9833952141793793,0.5688878036690325,0,0
0,0,0,0,-1.2774445836787656,1,0,1,0,0,0,0,0,0,0,1,2,0.1574821050968162,0.7694895314486779,1,0
1,0,0,0,-1.2774445836787656,1,0,2,1,1,1,1,1,1,0,1,3,-1.5259182560714666,0.30077508708833156,1,0
1,0,0,0,-0.2594354906780068,1,0,2,1,1,1,1,1,1,1,0,3,-1.5076384890696393,0.4720104976125952,0,0
0,0,0,0,-1.2774445836787656,1,0,1,0,0,0,0,0,0,0,1,2,0.14751132309581955,0.7685078797362249,1,0
1,0,1,0,-0.3408762181180675,1,0,2,1,1,1,1,1,1,2,0,3,-1.4960059100684764,0.36067859663325674,0,0
1,0,1,0,-0.62591876415828,0,1,0,0,0,2,2,2,2,1,0,2,-0.33773340095268845,0.9811482676429938,0,0
0,0,0,1,-0.2594354906780068,0,1,0,0,0,2,0,0,0,0,1,3,-1.1619847130350858,0.8843037968456188,0,0
1,0,0,0,-1.2774445836787656,1,0,1,0,0,0,0,0,0,0,1,2,0.16246749609731476,0.7702251383610833,1,0
1,1,1,0,0.3106496014024181,1,2,1,2,0,0,0,2,2,0,0,2,1.2326647642042976,0.1140747945881648,1,1
1,0,0,0,0.7992939660427822,1,2,1,0,2,2,0,2,2,0,1,2,1.2725478922082847,0.4968016624079977,0,0
0,0,0,0,-1.2774445836787656,1,0,1,0,2,2,0,0,0,0,1,2,0.5829021371393436,0.9182726630252964,1,0
1,0,0,0,-1.2774445836787656,1,0,2,1,1,1,1,1,1,0,0,3,-1.477726143066649,-2.051474522669158,0,0
0,0,0,0,-0.46303730927815856,0,1,0,2,0,0,2,0,0,2,0,3,-0.9858342310174765,0.8682109162817233,0,0
0,0,1,0,1.4100994218432374,1,2,1,0,2,2,0,2,2,1,1,0,1.3606231332170895,0.7549115285992166,0,0
0,0,1,1,0.47353105628253944,1,0,0,2,0,0,2,0,0,0,0,0,-0.28289409994720643,-1.0028783498129612,0,0
1,0,1,1,1.5322605130033284,0,1,0,0,2,2,2,2,2,1,0,2,-0.1466267459335843,0.1360355716924485,0,0
1,0,0,0,-1.1960038562387048,1,0,1,0,0,0,0,2,0,0,0,2,0.4815325201292102,-0.6810572329706206,1,0
1,0,1,1,0.9621754209229036,1,0,0,2,2,2,0,0,0,2,1,0,-0.16490651293541178,-0.15291588385534707,0,0
0,0,0,0,-0.7888002190384014,1,2,1,0,0,0,0,0,2,0,1,2,0.6593447991469852,0.30077508708833156,1,0
0,0,1,1,1.0436161483629645,1,2,1,2,2,0,0,0,2,0,1,0,0.9518210711762233,0.5105607114561855,1,0
0,0,1,1,0.3920903288424788,1,2,1,0,0,0,0,2,2,0,1,2,0.9784098231788811,0.15571345144176346,1,0
1,1,1,0,-1.2774445836787656,0,1,0,0,0,0,0,0,0,0,0,2,-1.3198554280508674,-0.8858599002510212,1,1
0,0,1,1,0.5549717837226001,1,2,1,2,0,2,2,0,2,2,0,3,1.1595456961969886,0.30410124872731165,0,0
0,0,1,1,1.247217966963116,1,0,0,2,0,0,0,0,0,2,1,0,-0.4690153639658123,-0.27481304821947494,0,0
1,0,0,0,-0.8702409464784621,1,0,0,0,2,2,2,0,0,0,1,2,-0.12834697893175703,0.7648180794497452,0,0
1,0,1,1,-0.7073594915983407,1,2,0,0,0,2,2,0,0,0,1,0,-0.1698919039359101,0.9513299830875925,0,0
1,0,1,0,1.6137012404433893,0,1,0,2,2,2,2,2,2,2,1,2,-0.0020504069191315333,0.3363898253250582,0,0
0,0,0,0,-0.13727439951791576,0,1,0,0,0,0,0,0,0,0,1,1,-1.3181936310507012,0.8037281785182505,1,0
1,0,0,1,-1.2774445836787656,1,0,0,0,0,2,0,0,0,0,0,2,-0.5255164619714603,0.3517789869686112,1,0
0,0,1,1,-1.0738427650786138,1,0,0,0,0,0,0,2,0,0,0,2,-0.32942441595185784,-0.10180046220425579,0,0
1,0,0,0,-1.2774445836787656,1,0,0,0,0,0,0,0,0,0,0,2,-0.6468276429835875,0.2589525403775922,1,0
1,0,1,1,1.247217966963116,1,2,1,0,2,0,0,0,2,1,1,2,0.8836873941694119,0.585241323557307,0,0
1,0,0,0,-1.2367242199587352,1,0,1,0,0,2,0,0,2,0,1,2,0.7008897241511383,0.30077508708833156,1,0
0,0,1,1,-0.5851984004382496,1,2,2,1,1,1,1,1,1,2,0,3,-1.3181936310507012,0.18474286791799466,0,0
0,0,1,0,0.43281069256250915,0,1,0,2,0,0,2,0,0,0,0,0,-1.0223937650211312,0.30077508708833156,0,0
0,0,0,0,-0.7073594915983407,0,1,0,2,2,2,2,0,0,1,0,3,-0.626886078981594,0.7751154042950363,0,0
1,0,0,1,-0.9109613101984924,1,2,1,0,0,0,0,2,2,0,0,2,1.0116457631822036,0.9791612877778393,1,0
1,0,1,1,0.9214550572028734,1,0,2,1,1,1,1,1,1,2,0,3,-1.4710789550659844,0.30077508708833156,0,0
1,0,0,1,0.6771328748826912,1,2,1,0,0,0,2,2,2,1,1,0,1.1911198392001445,0.43500368984248666,1,0
1,0,1,1,-1.0738427650786138,1,0,0,0,2,2,0,0,0,0,1,3,-0.31446824295036285,-0.26510265351154305,1,0
1,0,1,1,1.5322605130033284,1,0,2,1,1,1,1,1,1,2,0,1,-1.4760643460664828,0.30077508708833156,0,0
1,1,0,0,-1.2367242199587352,1,2,1,0,0,0,0,0,0,0,1,3,0.33529438411459117,0.30077508708833156,1,1
1,1,1,0,1.247217966963116,0,1,0,2,0,0,2,0,0,1,0,0,-0.952598291014154,-1.1983451017993,0,1
0,0,0,0,-0.30015585439803716,1,0,0,0,2,0,2,0,2,0,1,0,0.034509127084522986,0.30077508708833156,0,0
0,1,0,0,-0.5851984004382496,1,0,2,1,1,1,1,1,1,1,0,0,-1.4760643460664828,-0.039858179998450254,0,1
1,1,1,0,-0.1779947632379461,1,2,1,0,2,0,2,2,2,0,1,2,1.3639467272174215,-0.4355175515933847,0,1
0,1,0,0,0.8400143297628127,1,0,1,2,2,0,2,0,2,1,1,3,1.0631614701873533,0.46004928941690515,0,1
1,0,0,0,0.10704778280226633,1,0,1,0,2,2,0,2,2,1,1,0,1.249282734205959,-0.06779662123268453,1,0
1,0,0,0,-1.2774445836787656,0,1,0,0,0,0,0,0,0,0,0,3,-1.341458789053027,-1.0366422673684723,0,0
1,0,1,0,1.5322605130033284,1,2,1,2,2,2,2,2,2,1,0,1,1.6913207362501481,0.8969078225224856,1,0
1,0,0,0,-1.2367242199587352,1,0,1,0,0,2,2,0,0,0,1,2,0.5014740841312035,0.30077508708833156,1,0
0,0,1,0,-0.2594354906780068,1,0,0,0,2,0,2,2,2,0,1,2,0.27546969210861083,-2.2820962834943135,0,0
0,0,0,0,0.06632741908223598,1,0,0,2,2,0,0,0,2,1,0,2,-0.013682985920294679,-1.798116574085065,0,0
0,0,0,1,-0.5444780367182193,1,0,2,1,1,1,1,1,1,2,0,3,-1.4710789550659844,0.07309069381971435,0,0
1,0,0,0,-0.7073594915983407,1,2,1,0,0,0,0,0,0,0,1,3,0.3735157151184122,0.30077508708833156,1,0
0,0,1,1,1.2064976032430856,1,0,0,2,0,2,0,0,0,1,0,1,-0.3327480099521901,-0.1665826852318168,0,0
0,1,0,0,0.3920903288424788,1,2,1,0,2,2,0,2,2,0,1,0,1.329048990213933,0.20133159119032173,1,1
0,0,0,0,-0.9516816739185228,1,0,0,2,2,0,0,2,2,0,1,2,0.32864719611392706,0.7906054612679955,1,0
1,0,0,0,-0.3408762181180675,1,0,0,2,0,0,0,0,0,0,1,2,-0.4523973939641511,0.30077508708833156,0,0
1,1,1,0,1.4508197855632678,0,1,0,2,2,2,0,0,0,2,1,2,-0.7581680419947175,-0.4595399391432308,0,1
1,0,1,1,-0.055833672077855064,1,0,0,0,0,2,2,0,0,0,0,3,-0.34604238595351905,0.30077508708833156,0,0
0,0,0,0,-1.2774445836787656,1,0,0,0,0,0,0,0,2,0,1,2,-0.28289409994720643,0.5476798056386374,1,0
1,0,1,0,-0.46303730927815856,1,2,1,0,0,2,2,2,2,0,1,2,1.3739175092184182,-1.3018030796656332,1,0
0,0,1,0,1.247217966963116,1,0,1,0,2,0,0,2,2,1,1,2,1.0382345151848615,0.6505948651666879,0,0
0,1,0,0,-1.2367242199587352,1,0,1,0,0,0,0,0,2,0,1,0,0.4981504901308714,0.30077508708833156,1,1
0,0,1,1,1.1657772395230555,0,1,0,0,2,2,2,2,2,2,1,0,-0.11006721192992953,-0.018595459925043342,0,0
0,0,0,0,-1.2774445836787656,1,0,1,0,0,0,0,0,0,0,0,2,0.12923155609399228,0.7531677470415937,1,0
1,0,0,0,-0.5851984004382496,1,0,2,1,1,1,1,1,1,1,0,3,-1.4993295040688086,0.12066688401915644,0,0
0,0,1,1,-1.0738427650786138,1,0,2,1,1,1,1,1,1,1,0,1,-1.5209328650709681,0.30077508708833156,0,0
0,0,0,0,0.025607055362205634,1,2,1,0,2,0,0,2,2,0,1,2,1.1711782751981514,-0.22055382007747854,0,0
1,0,0,0,-0.6666391278783103,1,0,2,1,1,1,1,1,1,0,0,0,-1.479387940066815,-0.24663762708922055,1,0
0,0,1,0,0.9621754209229036,1,0,1,0,0,2,2,2,2,0,1,2,1.1279715531938321,0.5625724970733675,0,0
1,0,0,1,-0.38159658183809786,1,0,2,1,1,1,1,1,1,1,0,3,-1.4943441130683104,0.3064424708331992,0,0
1,0,0,0,-0.9516816739185228,1,0,1,0,0,2,0,0,0,0,1,2,0.3003966471111027,0.7922852203341667,0,0
0,1,1,0,-0.748079855318371,1,2,1,0,2,0,0,2,2,0,1,2,1.1778254631988159,0.30077508708833156,1,1
1,0,1,1,-0.7073594915983407,1,2,1,0,0,0,0,0,0,0,1,0,0.33695618111475767,0.30077508708833156,1,0
1,0,0,0,-1.1145631287986442,1,0,2,1,1,1,1,1,1,0,0,1,-1.4860351280674797,0.9884659543172978,0,0
1,0,1,0,1.1657772395230555,1,2,1,2,2,0,0,2,2,0,1,2,1.3772411032187506,0.6911984207148747,0,0
1,0,1,1,1.5322605130033284,1,2,1,2,2,2,2,2,2,2,1,1,1.721233082253138,0.9146726919671788,0,0
1,0,0,0,-0.7073594915983407,1,2,1,2,0,0,0,2,2,0,1,2,1.1612074931971548,0.30077508708833156,0,0
1,0,1,1,-0.9924020376385531,1,0,2,1,1,1,1,1,1,2,0,3,-1.4976677070686424,0.30077508708833156,0,0
0,0,1,1,-0.9924020376385531,1,0,2,1,1,1,1,1,1,2,0,3,-1.504314895069307,0.30077508708833156,0,0
0,0,0,0,-1.1552834925186746,0,1,0,2,0,0,0,0,0,0,1,3,-1.1835880740372453,0.30077508708833156,0,0
0,0,0,0,0.06632741908223598,1,0,0,2,2,0,0,0,0,1,0,3,-0.3244390249513595,-3.046371264950805,0,0
1,0,1,0,1.4508197855632678,1,2,0,2,2,2,2,2,2,2,1,1,0.8654076271675846,0.6802628358851848,0,0
0,0,1,1,0.5142514200025698,0,1,0,0,2,2,2,0,2,1,0,0,-0.4573827849646494,-1.2654886356310315,0,0
0,1,0,0,-0.9516816739185228,1,2,1,0,0,2,0,2,0,0,1,2,0.8421424691652587,0.9148848140992616,0,1
0,0,0,0,-0.4223169455581282,1,2,0,2,0,0,2,0,0,0,1,3,-0.18983346793790365,0.30077508708833156,0,0
0,0,0,0,-1.2367242199587352,1,0,2,1,1,1,1,1,1,0,0,3,-1.477726143066649,0.1169052985333157,0,0
1,0,1,0,1.5322605130033284,1,2,0,0,2,2,2,2,0,2,0,0,0.2721460981082788,0.47563695656581706,0,0
0,0,0,1,-0.9109613101984924,1,2,0,2,0,2,2,0,2,1,0,1,0.2920876621102721,0.7748714581400307,0,0
1,0,0,0,1.6137012404433893,1,2,0,2,0,2,2,2,2,2,0,1,0.6493740171459885,0.6279635565940254,0,0
0,0,1,1,0.6771328748826912,1,0,0,0,2,2,0,2,2,1,0,1,0.43998759512505714,0.008544471184622105,0,0
0,1,0,0,0.880734693482843,1,2,0,0,2,0,2,2,0,1,0,3,0.2438955491054544,0.033944106292044425,0,1
0,0,0,0,1.5729808767233588,1,2,1,2,2,2,0,2,2,2,1,1,1.395520870220578,0.8194848121392811,0,0
0,0,0,0,-0.4223169455581282,1,0,2,1,1,1,1,1,1,1,1,3,-1.5126238800701375,0.12721580224024656,0,0
0,0,1,1,0.7178532386027215,1,0,2,1,1,1,1,1,1,2,0,1,-1.4694171580658184,0.30077508708833156,0,0
0,0,1,1,0.43281069256250915,1,0,2,1,1,1,1,1,1,1,0,3,-1.4876969250676457,0.9157328529557378,0,0
0,0,1,1,0.5142514200025698,1,2,2,1,1,1,1,1,1,2,1,1,-1.3331498040521963,0.30077508708833156,0,0
1,1,0,0,1.2879383306831464,1,2,1,2,2,0,0,2,2,0,1,0,1.28750406520978,0.7158278502625839,0,1
0,0,1,1,-0.38159658183809786,1,2,2,1,1,1,1,1,1,2,0,3,-1.3597385560548543,0.6716438697968266,0,0
0,0,1,0,1.4508197855632678,1,2,2,1,1,1,1,1,1,2,0,1,-1.2949284730483754,-2.5753875855154935,0,0
0,0,0,0,-1.2774445836787656,1,0,1,0,0,0,0,0,0,0,1,2,0.20235062410130134,0.7869964480679976,1,0
1,0,0,0,-1.2367242199587352,1,0,1,0,0,0,0,0,0,0,1,1,0.16745288709781284,0.30077508708833156,1,0
1,0,0,0,-0.2594354906780068,1,0,0,0,0,0,2,2,0,1,0,1,-0.17653909193657447,0.30077508708833156,0,0
1,0,1,0,0.9214550572028734,0,1,0,0,0,2,2,2,2,0,1,0,-0.3393951979528547,-0.45119100951496166,1,0
1,0,0,0,-0.748079855318371,1,0,2,1,1,1,1,1,1,0,1,2,-1.4860351280674797,-0.44044057671164494,0,0
1,0,1,0,1.5729808767233588,1,0,0,2,0,2,2,2,2,2,1,2,0.5912111221401742,0.5992981580247638,0,0
1,0,0,0,1.2879383306831464,1,2,0,2,2,2,2,2,0,1,0,2,0.5480044001358552,0.5415368373549296,0,0
0,0,0,0,-1.0331224013585834,1,0,0,0,0,0,2,2,2,0,1,1,0.19902703010096928,0.26425161279848897,1,0
0,0,0,0,1.002895784642934,1,0,0,2,2,2,2,2,0,2,1,1,0.3170146171127639,0.14889296541778202,0,0
0,0,1,0,-0.7888002190384014,1,2,1,0,2,2,0,2,0,0,0,2,0.9750862291785486,0.30077508708833156,1,0
0,0,1,1,-1.1960038562387048,0,1,0,2,0,0,0,0,0,0,0,1,-1.1653083070354178,0.9691667320970863,1,0
1,1,1,0,1.6137012404433893,1,2,1,0,2,2,2,2,2,2,0,1,1.4935668932303794,0.8882324186815364,0,1
0,0,1,1,0.3106496014024181,1,2,1,0,2,2,0,2,0,0,1,1,1.0498670941860242,0.04918237807472273,0,0
1,0,1,0,-0.748079855318371,1,2,0,0,0,0,2,2,0,0,1,1,0.06109787908718086,0.9992455844418104,0,0
1,0,1,1,-1.2367242199587352,1,0,0,0,0,0,0,0,0,0,1,2,-0.6734163949862454,0.963929815964758,0,0
1,1,0,0,1.369379058123207,1,2,1,0,2,2,2,2,2,1,0,1,1.5334500212343665,0.8402671065614866,1,1
0,0,1,0,0.22920887396235737,1,2,1,0,0,2,2,2,2,0,1,2,1.3373579752147637,0.09451557784766444,1,0
1,0,0,1,-1.2774445836787656,0,1,0,0,0,0,0,0,0,0,1,2,-1.3115464430500368,-0.8794600036303621,1,0
1,0,0,0,-0.4223169455581282,1,0,0,0,2,0,2,0,0,1,1,1,-0.3194536339508612,0.30077508708833156,1,0
1,0,0,0,-1.2774445836787656,1,0,2,1,1,1,1,1,1,0,1,3,-1.4843733310673135,-2.0680885955239163,1,0
1,0,0,0,-1.1145631287986442,1,0,1,0,0,0,0,2,0,0,1,3,0.5097830691320341,0.07309069381971435,0,0
1,0,1,1,-0.13727439951791576,1,2,0,2,0,0,2,2,0,1,0,0,0.142525932095321,-2.292525794314023,0,0
1,0,1,1,-1.2774445836787656,1,0,1,0,0,0,0,0,0,0,1,3,0.17077648109814536,0.7714499486745521,1,0
0,0,0,0,-1.1960038562387048,1,0,2,1,1,1,1,1,1,0,0,3,-1.4744025490663168,0.6781150487200198,0,0
1,0,1,1,1.5729808767233588,1,0,2,1,1,1,1,1,1,2,0,1,-1.4976677070686424,0.30077508708833156,0,0
1,0,0,1,-0.9516816739185228,1,0,0,0,2,0,0,0,0,0,1,2,-0.48729513096763954,0.3632594665506226,0,0
1,0,0,0,0.43281069256250915,1,2,1,0,2,0,0,2,2,0,1,2,1.217708591202803,0.2747662539107957,1,0
0,0,0,0,0.6364125111626608,1,2,0,2,2,2,0,2,2,1,1,1,0.6211234681431647,0.0359893422015874,0,0
1,0,0,0,-0.2594354906780068,1,2,1,2,2,0,0,0,0,0,1,1,0.7274784761537967,-1.3913364202592524,0,0
0,0,0,0,-0.9516816739185228,1,0,2,1,1,1,1,1,1,0,0,0,-1.4827115340671475,-1.0700411811810016,0,0
1,0,0,0,-1.2774445836787656,1,0,1,0,0,0,0,0,2,0,1,2,0.53304822713436,0.9016474075351,1,0
0,0,1,1,0.5549717837226001,1,0,2,1,1,1,1,1,1,2,0,1,-1.5076384890696393,0.9918102644972422,0,0
1,0,0,0,-1.2367242199587352,1,2,0,0,0,0,0,0,2,0,0,0,-0.09012564792793624,0.30077508708833156,1,0
1,1,0,0,-1.2774445836787656,1,2,1,0,0,0,0,0,0,0,1,2,0.3884718881199074,0.8581600535462226,1,1
1,0,1,1,1.2879383306831464,0,1,0,2,0,2,2,2,2,2,1,0,-0.15659752793458118,0.016388611336081823,0,0
0,1,0,0,-0.8295205827584317,1,2,1,0,2,0,0,2,0,0,1,2,0.8820255971692458,0.30077508708833156,1,1
1,1,1,0,-1.0738427650786138,1,0,1,0,0,2,0,2,2,0,1,2,1.0299255301840309,0.5766518983085863,1,1
0,0,1,0,1.0843365120829946,1,0,2,1,1,1,1,1,1,1,0,3,-1.4760643460664828,0.30077508708833156,0,0
0,0,0,0,-1.0331224013585834,1,0,1,0,2,0,0,2,2,1,1,3,0.9734244321783826,0.6848116243736276,0,0
0,1,1,0,1.6137012404433893,1,2,0,2,2,2,0,2,2,2,1,1,0.642726829145324,0.654179824593615,0,1
1,1,0,0,-0.6666391278783103,1,0,1,0,0,0,0,0,2,0,1,2,0.464914550127549,0.30077508708833156,0,1
1,0,1,0,-0.30015585439803716,1,2,0,0,0,2,0,0,0,0,0,1,-0.30615925794953225,0.30077508708833156,0,0
0,0,1,0,0.06632741908223598,1,2,0,2,2,0,2,0,0,0,0,2,-0.07018408392594272,-1.2487367428571834,1,0
0,0,0,0,-1.2774445836787656,1,2,1,0,0,0,0,0,0,0,1,2,0.3236618051134285,0.8347672551896359,1,0
0,0,1,1,-0.9109613101984924,1,2,1,0,2,2,0,2,2,0,1,1,1.2409737492051283,0.30077508708833156,1,0
1,0,1,0,-0.3408762181180675,1,0,2,1,1,1,1,1,1,1,0,3,-1.4843733310673135,0.49163330042449654,0,0
0,0,1,1,-0.9109613101984924,1,2,0,2,2,0,0,2,0,1,0,2,0.18407085709947407,0.7459109397011343,0,0
1,0,1,0,1.4915401492832983,1,0,0,2,2,0,0,0,0,1,1,1,-0.3693075439558449,0.00222455369537518,0,0
1,0,0,0,1.002895784642934,1,0,2,1,1,1,1,1,1,2,0,3,-1.462769970065154,0.30077508708833156,0,0
1,0,1,1,0.7178532386027215,1,0,1,0,2,2,2,2,2,1,1,0,1.284180471209448,0.4693647880720535,0,0
1,0,1,1,-0.1779947632379461,0,1,0,2,0,2,2,2,0,1,0,3,-0.46402997296531395,0.30077508708833156,0,0
0,0,0,0,-0.6666391278783103,1,0,0,2,0,0,0,0,0,0,1,2,-0.4856333339674735,0.8608501765332841,1,0
1,0,0,0,-0.30015585439803716,1,0,0,2,2,0,2,2,2,0,1,3,0.4732235351283796,-2.6474829296400944,0,0
0,1,1,0,-1.1960038562387048,1,0,1,0,2,0,0,0,0,0,1,0,0.32698539911376057,-1.0577666697741817,0,1
1,0,1,0,1.1657772395230555,1,2,1,0,0,0,0,2,2,1,1,0,1.0548524851865226,0.5634771292259629,0,0
0,0,0,0,-1.2367242199587352,1,0,2,1,1,1,1,1,1,0,0,3,-1.4843733310673135,0.04311490540904451,0,0
1,0,1,1,0.758573602322752,1,0,2,1,1,1,1,1,1,1,0,3,-1.5076384890696393,1.0044951798841395,0,0
0,0,1,1,1.5729808767233588,1,0,0,2,0,2,0,2,2,2,0,1,0.42503142212356193,0.5421528350901634,0,0
0,0,1,1,-0.5037576729981889,1,0,2,1,1,1,1,1,1,0,0,3,-1.4860351280674797,0.10648737987596589,0,0
1,0,1,1,-1.0738427650786138,1,0,2,1,1,1,1,1,1,0,0,1,-1.4926823160681442,0.30077508708833156,0,0
0,0,0,0,-1.0738427650786138,1,0,2,1,1,1,1,1,1,0,0,3,-1.481049737066981,0.30077508708833156,0,0
0,0,0,0,-0.13727439951791576,1,2,0,2,2,0,2,0,0,0,0,3,0.08934842809000525,0.30077508708833156,0,0
1,0,0,0,0.14776814652229667,1,0,2,1,1,1,1,1,1,2,1,1,-1.5358890380724635,0.7662956337205414,0,0
0,0,0,0,-0.1779947632379461,0,1,0,0,0,2,0,0,0,0,1,3,-1.1636465100352518,0.8921456668256498,0,0
0,0,1,0,-1.0331224013585834,1,2,1,0,0,0,0,2,0,0,1,2,0.722493085153298,0.5963859010026015,1,0
0,0,0,0,1.247217966963116,1,2,2,1,1,1,1,1,1,2,0,3,-1.3481059770536914,0.30077508708833156,0,0
1,0,1,1,0.6364125111626608,1,2,2,1,1,1,1,1,1,2,0,3,-1.3697093380558512,0.30077508708833156,0,0
0,0,1,0,0.6771328748826912,1,0,2,1,1,1,1,1,1,1,0,0,-1.4727407520661506,0.9655440977708933,0,0
1,1,0,0,-0.21871512695797646,1,2,1,0,2,0,0,0,0,0,1,2,0.5546515881365197,-1.6040162050841653,1,1
1,0,1,0,1.6137012404433893,1,2,0,2,2,2,2,2,2,2,0,1,0.9152615371725683,0.740117859726906,0,0
1,0,1,0,-1.2774445836787656,1,0,1,0,0,0,0,0,0,0,1,2,0.14584952609565352,0.7682623161654105,1,0
0,0,1,1,1.6137012404433893,0,1,0,0,2,0,2,2,2,2,0,1,-0.3693075439558449,-0.0046673991763306515,0,0
0,0,0,0,0.5956921474426305,0,1,0,2,2,0,2,0,0,1,0,1,-0.8346107040023594,0.30077508708833156,0,0
0,0,0,0,-1.2774445836787656,1,0,0,0,0,0,0,2,0,0,1,2,-0.33607160395252245,0.5019434497146051,0,0
0,0,0,0,0.14776814652229667,1,2,1,0,2,2,0,2,2,1,1,0,1.330710787214099,0.03445580755839359,0,0
1,0,1,1,0.43281069256250915,0,1,0,0,2,0,0,0,0,0,0,1,-1.1786026830367469,0.30077508708833156,0,0
0,1,1,0,-0.21871512695797646,1,2,0,0,2,2,2,2,2,0,0,2,0.6344178441444933,-1.1826725817398225,0,1
0,0,0,0,-0.9516816739185228,1,0,1,0,0,0,0,0,2,0,1,2,0.4915033021302069,0.8148072783819303,1,0
0,0,0,0,0.22920887396235737,1,2,1,0,0,2,2,2,2,0,1,2,1.2924894562102784,0.0745661533007519,0,0
0,1,0,0,0.10704778280226633,1,2,1,2,0,0,0,2,2,0,1,2,1.1396041321949948,-0.09945821888743919,0,1
0,0,1,1,-1.318164947398796,1,2,0,0,2,2,2,2,0,2,0,3,0.2854404741096075,0.30077508708833156,0,0
0,0,1,0,1.0843365120829946,1,0,1,0,2,0,2,2,2,2,1,3,1.1728400721983174,0.6361251090363561,0,0
1,0,0,0,-0.21871512695797646,1,0,2,1,1,1,1,1,1,2,0,1,-1.4760643460664828,0.48708896718538075,0,0
0,1,0,0,-1.2367242199587352,1,0,0,0,0,0,0,0,0,0,0,2,-0.6916961619880726,0.9408452615116742,0,1
1,0,0,0,-1.0331224013585834,1,2,2,1,1,1,1,1,1,0,0,3,-1.3713711350560172,0.30077508708833156,0,0
0,0,0,0,0.14776814652229667,1,2,0,0,2,0,2,0,2,1,1,3,0.19736523310080326,-0.8542623053449764,0,0
0,0,1,1,0.35136996512244845,1,2,1,2,2,0,0,2,0,0,1,0,0.9817334171792131,0.039558470498267044,0,0
0,0,0,0,-0.7888002190384014,0,1,0,0,2,0,0,0,0,0,0,2,-1.1835880740372453,-0.09246422675390807,0,0
1,0,0,1,-0.5444780367182193,1,0,2,1,1,1,1,1,1,2,0,1,-1.4594463760648215,0.312271657024638,0,0
0,0,1,0,1.125056875803025,0,1,0,2,2,0,2,0,0,2,0,0,-0.8994207870088381,-1.2196313593809305,0,0
0,0,0,1,0.6364125111626608,1,0,1,0,2,2,2,2,0,2,1,3,1.0216165451832002,0.3029285789655917,1,0
1,1,0,0,-1.1960038562387048,1,2,1,0,0,2,0,2,0,0,0,2,0.8737166121684152,-0.5191294108370167,1,1
1,0,1,0,1.4915401492832983,1,2,1,0,2,0,2,2,0,2,1,3,0.9202469281730669,0.704898112176522,0,0
1,0,0,0,0.43281069256250915,0,1,0,0,0,2,2,0,2,1,0,2,-0.6850489739874083,-2.445135377471734,0,0
0,0,0,1,-0.8702409464784621,0,1,0,2,0,0,2,0,0,1,1,3,-0.9542600880143203,0.09210392196540511,0,0
0,0,1,0,0.5142514200025698,1,0,0,0,0,2,0,0,0,0,1,1,-0.4823097399671412,-1.3537352799280522,0,0
1,0,1,0,1.6137012404433893,1,2,1,0,2,2,2,2,2,2,1,1,1.4952286902305454,0.8739723663618912,0,0
0,1,1,0,-1.2367242199587352,1,2,1,0,0,2,0,0,0,0,0,2,0.47987072312904416,0.30077508708833156,1,1
0,0,1,1,-0.8295205827584317,1,0,2,1,1,1,1,1,1,2,0,0,-1.477726143066649,-1.315521649141983,0,0
0,0,1,1,1.4100994218432374,1,2,1,0,2,2,2,2,2,1,1,1,1.5816421342391835,0.8317754908577075,0,0
1,0,1,0,0.18848851024232702,1,2,1,0,0,2,2,2,0,2,0,3,0.9817334171792131,-0.14922076432218423,0,0
0,0,0,0,0.26992923768238775,0,1,0,2,2,0,2,0,0,1,0,0,-0.7847567939973756,0.30077508708833156,0,0
0,0,0,0,0.35136996512244845,1,2,0,2,0,2,2,0,2,0,1,0,0.32864719611392706,-0.3598769835050475,0,0
0,0,0,0,-0.30015585439803716,0,1,0,0,0,2,0,2,2,0,1,2,-0.5487816199737862,0.30077508708833156,0,0
1,0,1,1,-0.9924020376385531,1,2,0,2,2,0,2,0,2,2,1,1,0.37850110611891075,0.7038509273194312,0,0
0,0,1,1,1.5729808767233588,1,2,0,2,2,2,2,0,0,2,0,3,0.21065960910213194,0.4657154701910261,0,0
1,0,0,0,-1.1145631287986442,1,2,1,0,2,2,0,0,2,0,0,2,1.0565142821866886,0.4177187600559897,0,0
0,0,0,0,-0.0965540357978854,1,2,0,2,0,2,0,2,2,1,1,1,0.4831943171293762,-0.9842868728759986,0,0
1,0,0,0,0.3106496014024181,1,0,1,0,2,0,2,0,2,1,1,1,0.8255244991635975,-0.13275964068512672,0,0
0,0,0,0,0.880734693482843,1,0,2,1,1,1,1,1,1,2,1,3,-1.4710789550659844,0.30077508708833156,0,0
1,0,1,0,1.6137012404433893,1,2,1,0,2,2,0,2,2,2,1,0,1.3805646972190828,0.8547871910668451,0,0
1,0,1,1,-0.1779947632379461,1,0,1,0,2,2,0,2,2,1,0,0,1.182810854199314,-0.58249605574498,0,0
1,0,1,1,-0.5851984004382496,1,0,1,0,0,0,2,0,2,0,1,2,0.6925807391503077,0.30077508708833156,0,0
0,0,0,0,-1.2367242199587352,0,1,0,0,0,0,0,2,2,0,1,2,-0.6484894399837535,0.9414650622702161,1,0
0,0,1,1,1.0843365120829946,1,2,1,0,2,2,0,2,2,1,1,2,1.3755793062185846,0.6732655946497769,0,0
1,0,1,1,-0.4223169455581282,1,0,0,0,0,0,2,0,0,0,1,2,-0.45405919096431707,0.30077508708833156,0,0
0,0,0,0,-1.2774445836787656,1,0,2,1,1,1,1,1,1,0,0,3,-1.491020519067978,-2.7332953080327056,0,0
0,1,1,0,1.6137012404433893,1,2,2,1,1,1,1,1,1,2,1,1,-1.2982520670487077,-2.415060687962399,0,1
0,1,0,0,-0.748079855318371,1,2,1,0,0,0,0,0,0,0,1,2,0.3170146171127639,0.30077508708833156,1,1
1,0,1,0,0.7178532386027215,1,2,1,0,0,0,2,2,2,1,0,2,1.1512367111961581,0.4322580997762859,0,0
0,0,1,1,0.6364125111626608,1,0,0,2,0,2,2,2,0,1,0,0,0.16412929309748078,-0.40647775648923457,0,0
0,0,1,1,0.6771328748826912,1,2,1,0,2,0,0,2,2,0,1,2,1.116338974192669,0.3793313143933349,0,0
1,0,1,1,-0.1779947632379461,1,0,1,0,0,2,0,2,0,0,0,2,0.6875953481498096,-1.2178400958153943,0,0
1,1,0,0,1.4508197855632678,1,2,1,0,2,2,0,0,2,0,1,2,1.0349109211845293,0.7095969208407379,0,1
1,0,0,0,-0.7888002190384014,1,2,1,0,0,0,2,2,2,0,0,2,1.1961052302006432,0.30077508708833156,0,0
0,0,0,0,-0.8702409464784621,1,2,1,0,0,2,0,2,0,0,1,2,0.8122301231622688,1.0019710367226924,0,0
0,0,1,0,-1.1960038562387048,1,2,1,0,0,0,0,0,0,0,1,1,0.31036742911209936,-1.2377227138719107,1,0
1,1,1,0,1.002895784642934,1,2,1,0,0,2,0,2,2,0,0,2,1.1911198392001445,0.5808077295877924,1,1
1,0,0,0,-1.1960038562387048,1,2,1,0,0,0,0,0,0,0,0,3,0.3402797751150897,-1.6891704354608597,1,0
1,0,1,0,1.6137012404433893,1,2,2,1,1,1,1,1,1,2,0,1,-1.2965902700485417,-3.3574774631157203,0,0
1,0,1,1,1.5322605130033284,1,2,0,0,2,2,2,2,2,2,1,2,0.642726829145324,0.6248502865751661,0,0
0,0,1,1,0.6771328748826912,1,2,0,0,2,0,2,2,2,2,0,0,0.4831943171293762,0.04564749447243515,0,0
0,1,1,0,1.4100994218432374,1,2,1,2,0,2,0,2,2,1,1,1,1.4054916522215746,0.8065685749082118,0,1
1,0,0,0,0.5549717837226001,1,0,2,1,1,1,1,1,1,2,0,0,-1.4860351280674797,0.9659472613780455,0,0
0,1,0,0,1.2879383306831464,1,0,0,2,2,0,2,2,0,2,1,1,0.18074726309914202,0.2528031283587983,1,1
0,0,1,0,0.18848851024232702,1,0,2,1,1,1,1,1,1,0,0,0,-1.504314895069307,0.9057226853515182,0,0
0,1,0,0,-1.2367242199587352,1,0,1,0,0,0,0,0,0,0,0,2,0.19902703010096928,0.30077508708833156,1,1
0,1,1,0,-0.7888002190384014,0,1,0,0,0,0,0,2,2,0,0,2,-0.6468276429835875,0.4785943085258133,0,1
0,0,1,0,1.6137012404433893,1,2,1,2,2,2,2,2,2,2,0,2,1.6747027662484868,0.9306670889145638,0,0
1,0,1,1,1.4508197855632678,1,0,0,0,0,2,2,2,2,2,1,0,0.2721460981082788,0.4033187290238204,0,0
1,0,1,1,-0.7073594915983407,1,0,2,1,1,1,1,1,1,1,0,3,-1.4993295040688086,-0.22121420636866598,0,0
0,0,0,0,-0.3408762181180675,1,0,2,1,1,1,1,1,1,2,1,0,-1.502653098069141,0.3245948366084468,0,0
0,0,0,0,-0.3408762181180675,1,2,1,0,0,0,2,0,2,0,1,2,0.8238627021634315,-1.2825259423279893,0,0
1,0,0,0,-0.21871512695797646,1,0,0,2,0,0,0,0,0,0,0,3,-0.47898614596680894,0.30077508708833156,0,0
1,0,0,0,-0.8295205827584317,1,0,0,0,0,0,2,0,0,0,0,0,-0.4823097399671412,0.6157379972238903,1,0
0,0,1,1,1.5729808767233588,1,0,0,2,2,2,2,2,2,2,0,1,0.7474200401557899,0.6840103990514241,0,0
1,0,1,1,1.4100994218432374,1,0,2,1,1,1,1,1,1,2,1,3,-1.461108173064988,0.30077508708833156,0,0
0,0,1,0,1.247217966963116,1,2,1,0,2,2,2,2,2,2,1,0,1.478610720228884,0.759133810055279,0,0
1,0,0,0,-1.2774445836787656,1,0,2,1,1,1,1,1,1,0,0,3,-1.4760643460664828,-2.0473637782917353,0,0
1,0,0,0,-1.1552834925186746,1,0,0,0,0,0,0,0,2,0,1,2,-0.29452667894836937,-1.0684986025186627,0,0
0,1,0,0,0.3106496014024181,1,0,1,2,2,0,0,0,0,0,1,1,0.47987072312904416,-0.26925271069442963,1,1
0,0,0,0,-0.8295205827584317,1,0,1,0,0,2,0,2,2,0,1,2,1.0382345151848615,0.30077508708833156,1,0
1,0,1,1,0.7992939660427822,1,0,0,2,2,2,0,2,2,2,0,2,0.47987072312904416,0.08823313410119703,0,0
1,0,0,0,-0.9109613101984924,1,2,2,1,1,1,1,1,1,0,1,2,-1.3547531650543558,-1.276814527100513,0,0
1,0,0,0,1.4508197855632678,1,2,1,2,2,2,0,2,0,1,0,0,1.2160467942026365,0.8018300888600453,0,0
0,0,0,0,0.880734693482843,1,2,1,0,0,0,2,2,2,0,1,2,1.1745018691984834,0.512782747457551,1,0
0,0,1,1,-1.1552834925186746,1,0,0,0,2,0,2,0,0,0,0,3,-0.27458511494637583,-1.1158435807040779,1,0
0,0,1,0,0.7992939660427822,0,1,0,2,0,2,0,0,0,1,0,3,-0.9742016520163136,-2.287297442128801,0,0
0,1,0,0,-1.2774445836787656,1,0,1,0,0,2,0,0,2,0,1,2,0.6726391751483144,0.940431847484723,1,1
1,0,1,0,1.5322605130033284,1,2,0,2,2,2,2,2,0,1,0,0,0.48651791112970877,0.5338046773431848,0,0
1,0,0,0,0.43281069256250915,0,1,0,2,0,2,0,0,0,1,1,1,-0.9825106370171443,0.30077508708833156,0,0
1,0,0,0,0.7992939660427822,1,0,2,1,1,1,1,1,1,2,0,3,-1.4993295040688086,0.30077508708833156,0,0
0,0,0,0,-0.8295205827584317,0,1,0,2,0,2,2,0,2,2,0,3,-0.49560411596847015,0.5316289155895269,0,0
0,0,1,1,0.9621754209229036,1,2,0,2,2,0,0,0,2,1,0,0,0.13255515009432434,0.006442266828818433,0,0
1,0,0,1,-1.318164947398796,1,2,0,2,2,0,2,0,0,2,1,0,-0.09511103892843457,0.30077508708833156,0,0
1,0,0,0,0.3920903288424788,1,2,1,0,0,2,0,0,0,0,0,2,0.50313588113137,-0.2245226953586237,0,0
1,1,1,0,-0.4223169455581282,1,0,1,0,0,0,0,2,2,0,1,0,0.830509890164096,-2.4032795802042672,0,1
1,0,1,1,0.758573602322752,0,1,0,2,2,2,0,2,2,1,0,2,-0.18152448293707302,-0.4184753541918861,1,0
1,0,0,0,-0.21871512695797646,1,0,2,1,1,1,1,1,1,0,1,1,-1.5076384890696393,0.2966510089479246,0,0
1,1,1,0,0.758573602322752,1,2,1,2,0,2,0,0,2,1,1,0,0.9601300561770538,0.36289117840716884,0,1
1,0,0,1,-1.1552834925186746,1,0,0,2,0,0,0,0,0,0,1,2,-0.5105602889699654,-4.219783050681123,1,0
1,0,0,0,-1.2774445836787656,1,0,2,1,1,1,1,1,1,0,1,3,-1.491020519067978,-2.7332953080327056,0,0
1,0,0,0,0.10704778280226633,1,0,0,0,0,0,0,2,0,0,0,3,-0.3244390249513595,-1.9460173283289275,1,0
1,1,1,1,1.5729808767233588,1,2,0,0,2,2,2,0,2,1,1,0,0.2704843011081128,0.4472664041979054,0,1
0,0,0,0,-1.2774445836787656,1,0,1,0,0,0,0,0,0,0,1,2,0.14751132309581955,0.7685078797362249,1,0
0,0,1,1,1.4915401492832983,1,2,2,1,1,1,1,1,1,2,1,0,-1.3015756610490399,0.30077508708833156,0,0
1,0,1,1,-0.748079855318371,1,0,2,1,1,1,1,1,1,1,0,3,-1.4960059100684764,-0.36215616030148623,0,0
1,0,1,0,1.002895784642934,1,0,0,2,0,0,2,0,0,0,0,2,-0.3011738669490337,-0.30884041749324376,0,0
0,0,1,1,1.6137012404433893,1,2,1,2,2,2,2,2,2,2,0,1,1.7528072252562945,0.9517389170500224,0,0
1,0,0,0,0.6364125111626608,1,0,2,1,1,1,1,1,1,2,0,1,-1.4926823160681442,0.9709731398112531,0,0
0,0,1,1,-1.1552834925186746,1,0,1,0,0,0,0,2,0,0,1,3,0.46989994112804756,-0.43797603463353474,0,0
1,0,1,1,-0.055833672077855064,1,0,2,1,1,1,1,1,1,0,1,2,-1.4660935640654862,0.7898846998740268,0,0
1,0,0,0,0.22920887396235737,1,0,0,0,0,2,2,0,2,1,1,3,-0.08181666292710564,-1.1045942406354758,1,0
1,1,1,0,0.18848851024232702,1,2,1,0,0,0,0,2,2,0,1,2,0.9219087251732329,-0.14248163819914253,1,1
0,0,0,0,-1.2774445836787656,1,0,2,1,1,1,1,1,1,0,0,3,-1.4993295040688086,-2.7748760544756292,0,0
1,1,0,0,1.002895784642934,1,2,0,0,2,2,0,2,2,2,1,0,0.4981504901308714,0.23872285235427076,0,1
0,1,1,0,1.2064976032430856,1,0,0,2,0,2,2,2,2,2,1,1,0.5047976781315361,0.3577208516960264,0,1
1,0,1,0,-1.1960038562387048,0,1,0,0,0,0,2,0,0,0,1,2,-1.1586611190347533,0.9731765492495399,0,0
0,0,0,1,1.6137012404433893,1,0,2,1,1,1,1,1,1,2,1,3,-1.4960059100684764,0.30077508708833156,0,0
1,0,0,1,-0.13727439951791576,0,1,0,2,2,2,2,0,0,0,1,3,-0.6567984249845842,0.30077508708833156,0,0
1,0,1,1,-0.7888002190384014,1,0,0,0,0,0,0,0,0,0,0,0,-0.6634456129852487,0.5455340565743159,0,0
1,0,0,1,-1.1960038562387048,1,0,1,0,0,0,0,0,0,0,0,2,0.16246749609731476,-1.4281957399509353,1,0
0,0,0,0,-0.8702409464784621,1,0,0,0,2,0,0,0,0,0,0,2,-0.45405919096431707,0.486438087640667,0,0
0,0,0,1,-0.46303730927815856,0,1,0,2,2,2,2,2,0,2,0,3,-0.3859255139575061,0.30077508708833156,0,0
0,0,0,0,-0.5444780367182193,1,2,2,1,1,1,1,1,1,0,0,0,-1.33148800705203,0.30722166171278875,0,0
1,0,0,0,1.1657772395230555,1,2,1,2,0,2,2,2,2,2,1,1,1.5567151792366918,0.7640784828196066,1,0
0,0,0,0,-0.8702409464784621,1,0,0,2,0,0,0,0,0,0,0,1,-0.5388108379727895,0.4187643239805064,1,0
1,0,1,1,0.10704778280226633,1,2,1,0,2,2,2,2,2,0,1,2,1.5018758782312098,-0.005199522038838085,0,0
1,0,0,1,-0.30015585439803716,1,0,2,1,1,1,1,1,1,0,0,3,-1.461108173064988,0.29625734927061537,0,0
0,0,0,0,-1.2774445836787656,1,0,2,1,1,1,1,1,1,0,1,3,-1.481049737066981,-2.059747056066256,1,0
0,0,0,0,1.4100994218432374,1,2,2,1,1,1,1,1,1,2,1,0,-1.3015756610490399,0.30077508708833156,0,0
1,0,0,0,-0.5444780367182193,0,1,0,0,0,2,0,2,0,0,1,2,-0.8346107040023594,0.8259968185124023,1,0
1,0,0,0,0.9621754209229036,1,2,2,1,1,1,1,1,1,1,0,2,-1.3248408190513656,0.30077508708833156,1,0
1,0,1,1,1.6137012404433893,1,2,1,2,2,2,0,2,2,2,1,1,1.4503601712260603,0.8744141829585136,0,0
1,0,0,0,0.43281069256250915,1,0,2,1,1,1,1,1,1,2,0,3,-1.502653098069141,0.9550043824922505,0,0
0,0,1,1,0.9214550572028734,1,2,1,2,2,0,0,0,0,0,1,2,0.6759627691486464,0.29743786370351977,0,0
1,0,1,1,-1.2367242199587352,1,2,0,2,0,0,0,0,0,0,0,3,-0.2679379269457112,0.30077508708833156,1,0
1,0,0,0,-0.21871512695797646,1,0,1,0,0,0,0,0,0,0,1,3,0.142525932095321,0.30077508708833156,0,0
0,0,0,0,-0.7888002190384014,1,0,1,0,0,0,0,0,0,0,1,3,0.179085466098976,0.9574465027940132,0,0
0,0,0,0,1.5322605130033284,1,2,1,2,2,2,0,2,2,2,1,3,1.541759006235197,0.8722031453652002,0,0
0,0,1,0,-0.748079855318371,1,0,1,2,2,0,2,2,2,1,0,3,1.3689321182179202,0.30077508708833156,1,0
0,0,1,1,-0.5444780367182193,1,2,1,0,0,0,2,0,2,1,1,0,0.8172155141627669,0.30077508708833156,0,0
0,0,0,0,-0.5037576729981889,1,2,1,2,0,0,0,2,0,0,1,0,0.8089065291619363,-3.1275608727399735,0,0
1,0,1,1,0.43281069256250915,1,2,1,2,0,2,2,0,0,1,1,1,0.8803638001690798,0.08580626097611198,0,0
1,0,1,1,-1.1145631287986442,1,0,1,2,0,2,0,0,2,0,1,3,0.8504514541660894,0.20608267555048806,0,0
0,1,1,0,1.5322605130033284,1,2,1,0,2,0,2,2,2,1,1,0,1.3556377422165908,0.8112847135575701,0,1
0,0,1,0,0.3106496014024181,1,0,2,1,1,1,1,1,1,2,0,3,-1.517609271070636,0.878381772744723,0,0
1,0,1,1,-1.0738427650786138,1,0,2,1,1,1,1,1,1,2,1,1,-1.4744025490663168,0.30077508708833156,0,0
1,0,0,0,0.26992923768238775,1,0,1,2,0,2,0,2,2,2,1,2,1.1861344481996465,0.001696086555765328,0,0
1,1,1,0,-1.1552834925186746,1,2,1,0,0,0,0,0,0,0,0,2,0.3386179781149237,-0.36979115313690714,1,1
1,0,0,0,-0.7073594915983407,0,1,0,0,0,0,2,0,0,0,1,2,-1.1653083070354178,0.21892660836788289,1,0
1,0,1,0,-1.2774445836787656,0,1,0,0,0,2,0,2,2,0,1,2,-0.47898614596680894,0.41422563045298294,1,0
0,1,0,0,0.5142514200025698,1,0,1,2,2,0,2,0,0,0,1,0,0.6959043331506402,-0.007864391977690836,0,1
0,0,1,0,1.2879383306831464,0,1,0,2,0,2,2,0,2,2,0,2,-0.562075995975115,-0.32263609035885416,1,0
0,1,1,0,1.002895784642934,1,2,1,0,2,2,0,0,2,0,0,1,0.9717626351782166,0.5121483836894287,0,1
1,0,1,1,1.6137012404433893,1,2,0,2,2,2,2,0,0,2,0,0,0.16911468409797886,0.44115384367284466,0,0
1,0,0,0,-1.2774445836787656,1,0,1,0,0,0,0,0,0,0,1,2,0.18407085709947407,0.7843415356496799,1,0
1,0,1,0,1.6137012404433893,1,2,2,1,1,1,1,1,1,2,0,1,-1.2932666760482092,-3.202817061899687,0,0
0,0,0,0,-1.1960038562387048,1,0,0,2,2,0,2,0,2,2,0,3,0.21065960910213194,-1.5987636133436471,0,0
1,1,0,0,0.9214550572028734,1,2,1,2,0,0,0,2,2,0,1,2,1.1312951471941644,0.5525671541345163,1,1
0,0,1,0,1.0843365120829946,1,2,1,0,0,2,2,2,0,0,0,2,0.9501592741760567,0.49937586080474927,0,0
0,0,0,0,-0.5851984004382496,1,2,1,0,0,0,2,2,2,0,1,0,1.1661928841976528,0.30077508708833156,1,0
1,1,1,0,-0.015113308357824713,1,0,1,0,0,0,0,0,2,0,1,1,0.5164302571326987,-0.9092447171369666,1,1
0,0,0,0,-1.1552834925186746,1,0,0,2,0,0,0,0,0,0,1,0,-0.47233895796614456,-1.1110069311055972,0,0
0,1,0,0,1.369379058123207,1,2,1,0,2,0,0,0,0,0,1,1,0.5214156481331973,0.4650505246639425,1,1
1,0,0,0,-0.21871512695797646,1,2,1,0,0,2,0,0,0,0,1,2,0.5496661971360212,-1.2542895847372226,0,0
1,0,0,0,-1.1552834925186746,1,0,2,1,1,1,1,1,1,0,1,1,-1.46443176706532,0.9252240615451877,0,0
1,0,1,1,1.125056875803025,1,0,0,2,2,0,2,2,2,0,1,1,0.4748853321285456,0.30955559813064504,0,0
0,0,1,1,-0.9924020376385531,1,0,2,1,1,1,1,1,1,2,0,3,-1.5192710680708021,-1.953458799867992,0,0
1,0,1,1,-0.9924020376385531,1,0,2,1,1,1,1,1,1,2,0,1,-1.5009913010689746,0.30077508708833156,0,0
1,0,0,0,0.10704778280226633,1,0,2,1,1,1,1,1,1,2,1,3,-1.481049737066981,0.7578938121172563,0,0
1,0,0,0,-1.0331224013585834,1,2,1,0,0,0,0,0,2,0,1,2,0.7324638671542947,0.6656749424211562,1,0
0,0,1,1,0.8400143297628127,1,0,2,1,1,1,1,1,1,2,0,3,-1.4577845790646555,0.30077508708833156,0,0
0,1,0,0,-0.5851984004382496,1,2,1,0,2,0,2,2,2,0,1,1,1.290827659210112,0.30077508708833156,0,1
0,0,0,0,-0.7073594915983407,0,1,0,0,2,0,0,0,2,2,1,3,-0.8628612530051836,0.6352838928238737,0,0
1,0,1,0,1.4100994218432374,1,2,1,0,2,0,0,2,0,1,1,0,0.785641371159611,0.5908291374004152,0,0
1,1,1,0,-1.0738427650786138,1,0,1,0,2,0,0,0,2,0,1,2,0.6460504231456565,0.4556945606752759,1,1
1,1,0,0,-1.0738427650786138,1,0,1,0,0,0,0,2,0,0,1,2,0.4964886931307054,0.40685009881645817,0,1
1,0,0,0,-0.7888002190384014,1,2,1,0,0,0,2,2,2,0,1,3,1.1379423351948288,0.30077508708833156,1,0
0,0,0,0,-0.8702409464784621,1,2,1,0,0,2,0,2,2,0,1,2,1.1961052302006432,0.30077508708833156,1,0
1,0,0,1,-1.2774445836787656,1,0,2,1,1,1,1,1,1,0,1,3,-1.5109620830699715,-2.8271685845746872,0,0
1,0,0,0,-1.1145631287986442,1,0,0,2,0,0,2,0,0,0,1,3,-0.2995120699488677,-0.6915751729210626,0,0
1,0,0,0,-0.7888002190384014,1,0,2,1,1,1,1,1,1,1,1,3,-1.4893587220678117,-0.7915734591514142,0,0
0,0,1,0,-0.9516816739185228,1,2,1,2,2,2,0,0,0,0,0,0,0.896981770170741,0.9505116131395932,1,0
1,0,0,0,-0.13727439951791576,1,0,1,0,2,0,2,2,0,0,0,3,0.827186296163764,-0.7403248793308198,0,0
1,1,0,0,-1.2774445836787656,1,0,0,0,0,0,0,0,0,0,1,3,-0.62854787598176,0.26262411773006666,0,1
0,0,0,0,-1.2774445836787656,1,2,1,0,0,2,0,0,0,0,1,3,0.4915033021302069,0.8901909569412514,1,0
0,0,1,1,-0.5851984004382496,1,0,0,0,0,0,0,2,0,0,0,3,-0.2928648819482031,0.30077508708833156,0,0
0,0,1,0,-1.2367242199587352,1,0,0,0,0,2,0,2,2,0,0,1,0.14086413509515497,0.30077508708833156,0,0
1,0,1,1,-0.0965540357978854,1,2,1,0,2,0,2,0,0,0,1,0,0.6244470621434968,-0.7869101703563401,0,0
1,0,0,1,1.369379058123207,1,2,0,2,2,0,2,0,0,2,0,0,0.03118553308419093,0.21764961320472298,0,0
1,0,1,1,0.22920887396235737,1,2,1,0,0,2,2,2,0,2,1,0,1.001674981181207,-0.07290949806766574,0,0
1,0,1,1,0.47353105628253944,1,0,0,0,2,2,2,0,0,0,1,3,-0.09511103892843457,-0.4893226507401859,0,0
0,0,0,0,0.880734693482843,1,2,1,0,2,2,2,2,2,0,0,2,1.5400972092350305,0.6324747170013831,1,0
1,0,0,0,-1.2367242199587352,1,0,2,1,1,1,1,1,1,0,0,3,-1.4876969250676457,-0.29168200710588,0,0
0,0,0,0,0.3920903288424788,1,0,0,2,2,0,2,0,2,1,1,3,0.09765741309083585,-0.5218025771755631,0,0
0,0,1,1,1.0436161483629645,1,2,2,1,1,1,1,1,1,2,0,1,-1.3165318340505352,0.30077508708833156,0,0
1,0,1,1,1.0436161483629645,1,0,1,0,2,0,0,2,2,0,1,2,0.9335413041743955,0.4851350562383254,0,0
0,0,1,1,-0.30015585439803716,1,2,1,0,0,2,0,0,2,0,1,2,0.8089065291619363,-1.0934700417679304,1,0
0,0,0,0,1.5729808767233588,1,2,1,2,2,2,2,2,2,2,0,3,1.5467443972356951,0.898202666017462,0,0
0,0,0,0,0.18848851024232702,1,2,1,0,2,2,0,2,2,0,1,0,1.2343265612044643,-0.10356075198932656,1,0
0,0,1,1,-0.748079855318371,1,2,1,0,0,0,2,2,0,0,1,2,0.893658176170409,0.30077508708833156,1,0
0,1,0,0,-1.1552834925186746,1,2,1,0,0,2,0,0,2,0,1,2,0.8005975441611056,-0.02889775655819651,1,1
0,0,1,0,0.6364125111626608,1,2,0,2,0,0,2,0,0,1,1,0,-0.1383177609327537,-0.4437361097649325,0,0
0,1,0,0,-1.1960038562387048,0,1,0,0,0,0,0,0,0,0,0,2,-1.3115464430500368,0.8679886577705072,1,1
0,0,1,0,-0.9924020376385531,1,0,0,2,0,0,2,0,2,2,0,3,0.02453834508352634,0.5580370200510129,0,0
1,0,0,0,-1.2774445836787656,1,2,1,0,0,0,0,2,2,0,1,2,1.0199547481830342,0.9882688814512177,1,0
1,0,0,0,1.4100994218432374,1,0,2,1,1,1,1,1,1,2,0,0,-1.4893587220678117,0.30077508708833156,0,0
1,0,0,0,-0.7888002190384014,1,0,1,0,0,0,0,2,2,0,1,2,0.8753784091685812,0.30077508708833156,1,0
0,0,1,1,0.5142514200025698,1,0,0,0,2,0,2,0,0,1,1,1,-0.35268957395418365,-1.1740706043845404,1,0
1,0,0,0,0.6771328748826912,1,2,1,0,0,0,0,0,0,0,1,0,0.32698539911376057,-0.028352876190128898,0,0
0,0,1,0,0.7992939660427822,1,2,1,0,2,2,0,2,0,0,0,0,0.9917041991802098,0.4239758081409328,0,0
0,0,1,0,1.247217966963116,1,0,1,2,0,2,0,0,0,1,1,1,0.544680806135523,0.46538305269655256,0,0
0,0,1,1,1.4508197855632678,1,2,0,2,2,2,2,2,2,2,1,0,0.8072447321617703,0.6637682422579477,0,0
0,0,1,0,-0.055833672077855064,1,0,0,0,0,0,2,0,0,0,1,3,-0.5172074769706297,0.30077508708833156,0,0
0,0,1,0,1.2879383306831464,1,0,2,1,1,1,1,1,1,2,0,1,-1.505976692069473,0.30077508708833156,0,0
0,0,1,0,1.2064976032430856,1,0,1,2,0,2,2,2,2,1,1,2,1.3140928172124378,0.7266394195642423,0,0
0,0,0,0,-1.2774445836787656,1,0,1,0,0,0,0,0,0,0,0,0,0.16412929309748078,0.7704702204660006,1,0
0,0,0,0,-1.0738427650786138,1,0,1,0,0,0,0,2,2,0,1,2,0.8222009051632655,0.5763543912919787,1,0
0,0,1,0,-0.46303730927815856,1,0,1,0,0,0,2,2,0,0,1,2,0.7075369121518029,-6.2177456790014904,0,0
0,0,1,1,1.6137012404433893,1,2,2,1,1,1,1,1,1,2,0,0,-1.3148700370503688,0.30077508708833156,0,0
0,0,1,1,-0.015113308357824713,0,1,0,2,2,0,0,0,0,0,1,2,-0.9841724340173105,0.30077508708833156,0,0
0,1,0,0,1.5729808767233588,1,2,1,2,2,0,2,2,0,1,1,1,1.1595456961969886,0.8105787091256439,0,1
0,0,0,1,0.06632741908223598,1,0,1,2,2,2,0,2,2,0,1,0,1.3489905542159264,-0.04316987027575608,0,0
1,0,1,0,-1.1960038562387048,0,1,0,0,0,0,0,0,2,0,1,2,-0.9841724340173105,1.0015821408828405,1,0
1,0,0,1,-0.8295205827584317,1,2,1,0,0,0,0,0,0,0,1,1,0.29873485011093664,0.9535770532635778,1,0
0,1,0,0,-0.9924020376385531,1,2,1,0,0,2,0,2,2,0,0,2,1.2160467942026365,0.8792613256692892,1,1
0,0,1,1,0.10704778280226633,1,2,2,1,1,1,1,1,1,2,0,0,-1.3447823830533592,0.9193290163379546,0,0
0,0,1,1,-1.1960038562387048,1,0,1,0,0,0,0,2,0,0,1,2,0.5297246331340278,-1.0562428954496006,0,0
1,0,0,0,-1.1960038562387048,1,0,1,0,0,2,2,2,0,0,1,3,0.8338334841644282,-0.9674269831282587,0,0
1,0,0,0,0.8400143297628127,1,0,0,0,0,2,0,0,2,1,1,2,-0.12169979093109246,-0.20158989710091557,0,0
0,0,1,0,-1.1552834925186746,0,1,0,2,0,0,0,0,0,0,1,2,-1.1869116680375775,0.30077508708833156,0,0
0,0,1,1,0.6364125111626608,1,0,1,2,0,2,0,2,2,1,1,0,1.1612074931971548,0.40825916235581444,0,0
0,0,1,1,-1.0738427650786138,1,0,0,2,2,0,0,0,0,0,0,1,-0.29452667894836937,-0.05764863005786679,1,0
1,1,1,0,-1.1960038562387048,1,2,1,0,2,2,0,2,2,0,1,2,1.3672703212177542,-0.2126630151174641,1,1
1,0,1,1,0.880734693482843,0,1,0,0,0,2,2,0,2,2,0,1,-0.6235624849812617,-0.9899706013088959,0,0
0,0,0,0,-1.2774445836787656,1,0,0,0,0,0,0,0,0,0,0,3,-0.6916961619880726,0.19350806746202387,1,0
1,0,0,0,1.2064976032430856,1,0,0,0,2,2,2,2,2,0,1,0,0.5197538511330312,0.40931465858021693,0,0
1,0,1,1,-0.4223169455581282,1,0,1,0,2,2,0,2,2,1,1,3,1.1728400721983174,-1.6834522995353547,0,0
1,0,0,0,-1.2774445836787656,1,0,0,0,0,0,0,0,0,0,1,0,-0.6534748309842519,0.25731639112652827,1,0
1,1,0,0,0.758573602322752,1,0,1,0,0,2,0,2,2,1,1,0,0.9717626351782166,0.3897846276418443,0,1
0,0,0,0,-0.0965540357978854,1,2,0,0,2,2,0,2,0,1,1,1,0.13920233809498894,-1.8339200817693055,0,0
0,1,1,0,0.9621754209229036,1,2,0,2,2,2,2,0,0,1,1,1,0.1225843680933277,0.08629210700688879,0,1
1,0,1,0,0.10704778280226633,1,2,0,0,2,0,2,2,0,1,1,2,0.14086413509515497,-0.957721740026531,0,0
0,1,0,0,1.2879383306831464,0,1,0,0,2,0,2,2,0,0,1,2,-0.6950197559884049,-0.6142825162274538,0,1
1,0,0,1,-0.0965540357978854,0,1,0,0,0,0,0,2,2,0,1,2,-0.6734163949862454,0.30077508708833156,0,0
0,0,1,1,-0.30015585439803716,1,0,2,1,1,1,1,1,1,2,1,3,-1.5309036470719648,0.011166027241498858,0,0
0,0,0,0,0.35136996512244845,1,0,1,0,0,0,0,0,0,0,0,0,0.18240906009930805,-0.5361814186644963,1,0
1,0,0,1,-0.9516816739185228,1,0,0,0,0,0,0,2,0,0,0,2,-0.31280644595019663,0.25485713692798917,1,0
0,0,1,0,-1.2774445836787656,1,0,0,2,2,0,0,0,0,0,1,3,-0.3726311379561772,0.4838303247296155,0,0
1,0,0,1,1.5322605130033284,1,2,1,2,2,2,2,2,2,2,1,2,1.656422999246659,0.8871426821073127,0,0
0,0,1,1,1.002895784642934,1,0,2,1,1,1,1,1,1,2,1,0,-1.4843733310673135,0.30077508708833156,0,0
1,0,0,0,-0.9516816739185228,1,2,1,0,0,0,0,2,0,0,1,2,0.6892571451499756,0.8927963886213621,0,0
0,0,1,1,1.4915401492832983,1,2,1,0,2,2,2,2,2,1,1,0,1.461992750227223,0.8450547878215628,0,0
1,1,1,0,0.43281069256250915,1,2,1,0,2,2,0,2,2,0,1,2,1.2708860952081187,0.23328638652500797,1,1
0,0,1,0,1.6137012404433893,1,2,1,0,0,2,0,2,2,2,1,2,1.099721004191008,0.7588859334447602,0,0
1,0,0,1,0.47353105628253944,1,0,2,1,1,1,1,1,1,2,0,0,-1.502653098069141,0.9174267762036278,0,0
0,0,1,0,1.6137012404433893,1,2,1,2,2,0,0,0,0,2,1,0,0.641065032145158,0.639482915247249,0,0
0,0,1,0,0.025607055362205634,1,0,1,2,0,2,2,2,2,1,1,2,1.2958130502106107,-0.19900218066857497,1,0
1,0,0,0,0.880734693482843,1,2,1,0,0,2,0,0,2,0,0,1,0.8188773111629334,0.3727876574996385,0,0
1,0,0,1,-0.21871512695797646,1,0,2,1,1,1,1,1,1,2,0,1,-1.4976677070686424,0.43876660969477377,0,0
1,0,0,0,0.880734693482843,1,2,1,0,2,0,0,0,0,0,1,0,0.5014740841312035,0.1965578262272328,0,0
1,0,0,0,-1.1960038562387048,1,0,1,0,2,0,0,0,0,0,0,1,0.32200000811326246,-1.3849705575110594,0,0
0,0,1,0,0.8400143297628127,1,2,0,2,2,2,0,0,2,1,0,0,0.31036742911209936,0.011689514753924279,0,0
1,0,0,0,-1.2774445836787656,1,0,1,0,0,0,0,0,0,0,1,2,0.15249671409631763,0.7689988260474572,1,0
1,0,1,0,-0.7073594915983407,1,0,2,1,1,1,1,1,1,1,0,3,-1.5275800530716328,-0.47389507741089076,0,0
0,0,0,0,0.9621754209229036,1,0,1,0,2,0,0,0,0,0,1,2,0.3020584441112687,0.11549104802947889,1,0
1,0,1,1,-1.1145631287986442,1,2,0,2,2,0,2,0,0,0,0,1,-0.012021188920128179,-0.3189871578510296,0,0
1,0,1,1,0.6364125111626608,1,0,0,0,2,2,0,0,0,1,1,1,-0.29785027294870164,-0.7075624631984431,0,0
0,0,0,1,-0.30015585439803716,1,0,2,1,1,1,1,1,1,0,0,1,-1.4860351280674797,0.32727040785588646,0,0
0,0,1,0,-1.1960038562387048,1,2,1,0,0,0,0,0,0,0,1,1,0.34526516611558833,-1.5353332723965951,1,0
1,0,0,0,1.0436161483629645,1,0,1,2,2,0,0,2,2,1,0,0,1.1429277261953275,0.5745674880736806,0,0
1,0,0,0,-0.9109613101984924,1,0,0,0,0,0,0,0,2,0,1,0,-0.2662761299455452,0.4253609624879377,0,0
1,0,0,0,-1.2774445836787656,1,0,1,0,0,0,0,0,0,0,1,2,0.16080569909714826,0.7699799961762029,1,0
1,0,1,0,1.5729808767233588,1,2,1,0,2,0,2,2,2,2,1,1,1.3091074262119398,0.8296990136143528,0,0
0,0,1,1,1.3286586944031769,1,2,1,0,2,2,2,2,2,2,1,1,1.5301264272340338,0.8162128372696372,0,0
1,0,1,1,-1.1145631287986442,1,2,1,0,2,0,0,0,0,0,1,2,0.5114448661322006,0.01950911954959325,1,0
0,0,0,0,-0.1779947632379461,0,1,0,0,0,2,2,0,0,0,1,3,-0.9642308700153169,0.9935762640740557,0,0
0,0,1,1,1.4100994218432374,1,2,0,0,0,2,2,0,2,2,1,0,0.17077648109814536,0.29979471993433565,0,0
1,0,0,0,0.10704778280226633,1,0,1,2,0,0,2,0,2,1,1,2,0.8122301231622688,-0.2568538534095448,0,0
0,0,1,1,1.6137012404433893,0,1,0,2,2,2,2,0,2,2,0,1,-0.3028356639492,0.032407429585613975,0,0
0,0,1,1,1.1657772395230555,0,1,0,2,2,0,2,0,2,1,1,0,-0.467353566965646,-0.3659663700974453,0,0
1,1,0,0,1.4508197855632678,1,0,2,1,1,1,1,1,1,2,1,1,-1.4876969250676457,0.30077508708833156,0,1
0,0,1,1,-1.2774445836787656,0,1,0,2,0,0,0,0,0,0,0,0,-1.1387195550327598,-0.43388191434707757,1,0
1,0,0,0,-1.1960038562387048,1,0,2,1,1,1,1,1,1,0,1,3,-1.517609271070636,0.48285065773169544,0,0
1,0,1,1,1.5322605130033284,1,2,1,0,2,0,0,2,2,2,0,0,1.114677177192503,0.7621035467187274,1,0
0,0,0,1,0.6364125111626608,0,1,0,0,2,2,0,0,2,0,0,1,-0.6385186579827569,-1.6334092381642598,0,0
1,0,1,1,1.4508197855632678,1,2,1,0,2,0,0,2,2,1,1,1,1.2060760122016398,0.7476674104243324,0,0
0,0,0,0,0.5956921474426305,1,0,1,2,0,2,2,2,2,1,1,2,1.2941512532104444,0.3314604667237017,0,0
1,0,1,1,-0.015113308357824713,0,1,0,0,0,2,2,0,0,1,1,3,-0.9476129000136557,0.30077508708833156,0,0
0,0,1,1,-1.1145631287986442,1,0,0,2,0,0,0,0,0,0,1,3,-0.5105602889699654,-1.1655419904219477,0,0
1,0,0,0,0.6771328748826912,1,0,2,1,1,1,1,1,1,2,1,1,-1.491020519067978,0.30077508708833156,0,0
0,0,0,0,0.6364125111626608,1,2,1,0,2,2,0,2,2,0,1,0,1.4171242312227377,0.4431955181515915,1,0
0,1,0,0,-0.7888002190384014,1,2,1,0,0,0,0,0,2,0,1,2,0.572931355138347,0.30077508708833156,1,1
1,0,0,0,-0.7073594915983407,1,0,2,1,1,1,1,1,1,0,1,3,-1.4943441130683104,-0.36139585737360425,0,0
0,0,0,0,-0.8295205827584317,1,0,0,0,0,0,0,0,0,0,1,2,-0.6551366279844181,0.4667120601799143,0,0
1,1,0,0,1.4100994218432374,1,2,0,2,2,0,2,0,0,2,1,0,-0.007035797919630092,0.17723156112147198,0,1
1,0,0,0,-0.9516816739185228,1,0,1,0,0,0,2,2,0,0,0,2,0.7141841001524675,0.8684331254050706,0,0
0,0,1,1,-0.7888002190384014,1,0,2,1,1,1,1,1,1,2,1,0,-1.4960059100684764,-0.9345367320483762,0,0
0,0,0,0,0.22920887396235737,1,0,1,0,0,0,0,2,2,1,1,3,0.8089065291619363,-0.2107000045131532,0,0
0,1,1,0,0.3920903288424788,1,2,1,0,2,2,0,2,0,0,1,2,1.0232783421833662,0.054712071929394014,0,1
0,0,1,0,-0.3408762181180675,1,2,1,0,0,0,0,0,0,0,1,1,0.35357415111641893,0.30077508708833156,1,0
0,1,1,0,-0.21871512695797646,1,0,1,2,0,2,0,2,2,0,1,2,1.2127232002023045,-0.6113507230856353,1,1
1,0,1,1,-0.9516816739185228,1,2,1,0,2,2,0,2,2,0,1,1,1.2575917192067896,0.9631216967941991,0,0
0,0,1,0,0.6771328748826912,0,1,0,0,2,0,2,2,2,1,1,1,-0.28123230294704044,-0.5958580257212058,0,0
0,1,1,0,1.1657772395230555,1,2,1,2,2,2,2,0,0,0,1,1,0.9784098231788811,0.6076960562542764,0,1
1,0,0,1,0.7178532386027215,0,1,0,2,2,0,0,2,0,1,1,0,-0.721608507991063,-1.3934674118485815,0,0
1,1,0,0,-0.30015585439803716,1,2,1,0,2,0,0,2,0,0,1,2,0.8222009051632655,-1.4415362292368799,1,1
0,1,0,0,-0.4223169455581282,1,2,1,0,0,0,0,0,0,0,1,0,0.32033821111309646,0.30077508708833156,1,1
1,0,0,0,-1.2774445836787656,1,0,2,1,1,1,1,1,1,0,0,3,-1.4710789550659844,-2.0351319722806687,1,0
1,0,0,0,-1.1552834925186746,1,2,1,0,0,0,0,0,0,0,1,2,0.31867641411292996,-0.7129488674540855,1,0
0,1,1,0,-0.5851984004382496,1,2,1,0,0,0,2,2,2,0,0,0,1.1628692901973208,-4.559642413940109,1,1
0,1,0,0,0.9621754209229036,1,2,1,0,2,2,2,2,2,1,1,2,1.5683477582378549,0.6991249775303263,1,1
0,1,1,0,0.8400143297628127,1,0,1,0,2,2,2,2,0,1,1,2,0.9717626351782166,0.3746096392912678,0,1
0,0,1,0,0.758573602322752,1,2,1,0,0,2,0,2,2,1,1,2,1.1329569441943304,0.4019026819321589,0,0
0,0,1,1,-0.3408762181180675,1,2,0,2,2,2,0,0,0,2,0,2,-0.013682985920294679,0.30077508708833156,0,0
0,0,1,0,1.2064976032430856,1,0,0,2,2,2,0,2,0,2,1,1,0.24057195510512236,0.18606255570515082,0,0
1,0,0,0,-0.3408762181180675,1,0,0,0,2,0,0,0,0,0,1,3,-0.5005895069689685,0.30077508708833156,0,0
0,0,1,1,1.5322605130033284,1,2,0,2,2,2,2,2,0,2,0,2,0.5297246331340278,0.5528718217711899,0,0
1,0,0,1,-1.2774445836787656,0,1,0,0,0,0,0,0,0,0,0,3,-1.3481059770536914,-1.0396328554437688,0,0
1,1,0,0,-0.6666391278783103,0,1,0,0,2,0,0,2,0,0,1,3,-0.8562140650045189,0.7514209193973673,1,1
0,0,0,0,-0.9924020376385531,1,0,0,0,2,0,2,2,0,0,1,2,0.022876548083360315,0.5365951472862508,0,0
0,0,1,1,1.6137012404433893,1,0,0,2,2,2,2,0,2,2,1,2,0.31867641411292996,0.4696958848183052,0,0
0,0,0,0,-0.38159658183809786,1,0,1,0,2,2,2,0,0,0,0,0,0.612814483142334,-1.8506280547360032,0,0
1,0,0,1,-0.055833672077855064,0,1,0,0,0,0,0,0,0,0,0,1,-1.3215172250510334,0.8875787192504448,0,0
1,0,1,1,0.18848851024232702,0,1,0,2,0,2,2,0,0,1,1,2,-0.8163309370005319,0.30077508708833156,0,0
0,0,1,0,-0.0965540357978854,1,2,1,0,2,0,2,2,0,0,1,1,0.9750862291785486,-0.5749400486062082,1,0
0,1,0,0,0.10704778280226633,1,2,1,2,2,2,0,2,2,1,1,2,1.4486983742258936,-0.026176318819722856,0,1
0,0,1,1,-0.38159658183809786,1,2,0,0,2,0,2,2,0,0,1,1,0.1574821050968162,0.30077508708833156,0,0
0,0,1,1,-0.5037576729981889,1,2,0,2,0,0,0,2,2,1,0,0,0.3735157151184122,0.30077508708833156,0,0
1,0,1,0,0.14776814652229667,1,0,1,2,0,0,0,2,2,0,1,2,0.9584682591768874,-0.19577692343148692,0,0
0,0,0,0,-0.9924020376385531,1,2,1,0,0,0,0,2,2,0,0,0,1.0266019361836989,0.875297230976908,1,0
1,0,1,1,1.5729808767233588,1,2,1,0,2,0,0,2,2,1,0,0,1.1894580421999785,0.8025422947452049,0,0
0,1,1,0,0.7178532386027215,1,2,1,0,2,0,0,2,0,0,1,2,0.7740087921584478,0.21380881416411301,1,1
0,0,1,1,0.43281069256250915,1,2,2,1,1,1,1,1,1,1,1,0,-1.3397969920528607,1.002942615161635,0,0
1,0,0,1,1.002895784642934,1,2,0,2,2,2,2,2,2,2,0,3,0.8238627021634315,0.42050450484214624,0,0
0,0,1,1,0.35136996512244845,1,0,0,0,2,0,2,0,2,1,1,0,0.05777428508684881,-0.6330528505470411,1,0
0,0,1,0,-0.21871512695797646,1,0,1,0,2,0,0,0,0,0,1,2,0.37683930911874425,-1.6777666748725746,0,0
0,0,0,0,-0.7888002190384014,1,0,1,0,0,0,0,0,2,0,1,2,0.5230774451333633,0.30077508708833156,0,0
1,0,0,0,-1.1960038562387048,0,1,0,2,2,0,0,0,0,0,1,3,-0.9742016520163136,0.30077508708833156,1,0
0,0,0,0,1.4100994218432374,1,0,2,1,1,1,1,1,1,1,0,2,-1.4694171580658184,0.30077508708833156,0,0
1,0,0,0,-1.1960038562387048,1,0,0,0,2,0,0,0,0,0,1,3,-0.49394231896830415,0.30077508708833156,1,0
0,0,1,0,1.2879383306831464,1,2,1,0,2,0,2,2,2,2,1,0,1.3506523512160928,0.7519203244557293,0,0
1,0,0,0,-0.2594354906780068,0,1,0,0,0,2,2,0,0,0,0,2,-0.9642308700153169,0.30077508708833156,0,0
1,0,0,0,0.22920887396235737,1,2,1,0,2,2,0,0,2,0,1,1,1.0083221691818711,-0.03930729631616111,0,0
1,0,1,0,-0.38159658183809786,1,0,2,1,1,1,1,1,1,1,0,1,-1.5109620830699715,0.36913370471971674,0,0
1,0,0,0,0.3106496014024181,1,2,1,0,2,2,0,2,2,0,1,1,1.3207400052131024,0.0969214316356787,1,0
1,1,1,0,1.6137012404433893,0,1,0,2,2,2,2,2,2,2,1,0,-0.055227910924447524,0.31768174356568163,0,1
0,1,0,0,-1.1960038562387048,1,2,1,0,0,0,0,0,0,0,1,1,0.3419415721152558,-0.8033277176941548,1,1
1,0,0,0,-0.38159658183809786,1,2,1,0,0,2,0,0,0,0,1,2,0.5396954151350245,-2.5278453669166288,1,0
0,1,1,0,-1.2774445836787656,1,2,1,0,0,0,0,0,0,0,1,2,0.32200000811326246,0.8345374369784748,1,1
0,0,0,0,-1.1552834925186746,1,0,0,2,2,0,2,0,0,0,1,3,-0.14496494893341827,-0.6450919384881361,1,0
0,0,1,0,1.2064976032430856,1,2,0,2,2,0,2,2,2,2,1,2,0.6709773781481484,0.44963345706280533,0,0
0,0,0,0,0.3106496014024181,1,2,1,0,2,2,0,2,0,0,1,0,0.9518210711762233,-0.016978440151255953,0,0
1,0,0,0,0.35136996512244845,1,2,1,0,2,0,0,2,0,0,1,2,0.8122301231622688,-0.05933282652881254,0,0
1,1,1,0,0.06632741908223598,1,0,1,0,0,2,0,2,0,0,1,1,0.6792863631489789,-0.5298652204060479,0,1
0,0,0,0,-1.2774445836787656,1,0,0,0,2,0,0,0,0,0,0,2,-0.4922805219681379,0.38619236689969055,0,0
0,0,0,0,0.758573602322752,1,0,2,1,1,1,1,1,1,2,0,0,-1.4660935640654862,0.30077508708833156,0,0
1,0,1,1,-1.2774445836787656,1,0,1,0,0,0,0,0,0,0,1,3,0.19570343610063723,0.7860318407092692,1,0
0,0,0,0,0.26992923768238775,1,0,2,1,1,1,1,1,1,2,0,3,-1.4827115340671475,0.9216490731729352,0,0
1,0,1,1,-0.8295205827584317,1,0,2,1,1,1,1,1,1,0,1,2,-1.5142856770703037,-1.0592927695308394,0,0
1,0,0,0,-0.8295205827584317,1,0,0,0,0,0,2,2,0,1,1,2,-0.16490651293541178,0.8185510540962441,1,0
1,0,0,0,1.6137012404433893,1,2,1,0,2,2,0,2,2,1,1,2,1.3356961782145975,0.8518548131296697,0,0
0,1,1,0,1.247217966963116,1,2,1,0,2,2,0,2,2,0,1,2,1.28750406520978,0.707250276356449,0,1
1,0,1,0,0.47353105628253944,1,2,1,2,0,2,0,0,0,0,1,1,0.6659919871476498,-0.06723013412479133,0,0
0,0,0,0,-0.5851984004382496,1,2,1,0,0,2,2,0,2,0,1,0,1.0066603721817051,0.30077508708833156,0,0
0,0,0,0,-0.9516816739185228,1,0,0,0,0,0,0,0,0,0,1,0,-0.683387176987242,0.09595978458481637,1,0
1,0,0,0,-0.7888002190384014,1,0,0,0,2,0,2,2,2,0,0,3,0.2854404741096075,0.9799565535572687,0,0
0,0,1,0,1.4508197855632678,1,0,0,0,2,0,2,2,0,2,0,0,-0.021991970921125294,0.2017644419202839,0,0
0,1,0,0,-1.0738427650786138,0,1,0,0,0,0,0,2,2,0,1,2,-0.6767399889865777,-0.7314827495071103,0,1
0,0,0,0,-1.2367242199587352,1,0,2,1,1,1,1,1,1,0,1,3,-1.4860351280674797,0.04159226751842448,0,0
1,1,1,0,0.9214550572028734,1,2,0,2,2,0,0,0,0,1,0,1,-0.1582593249347472,-0.2231979859415201,0,1
1,1,0,0,-1.2774445836787656,1,2,1,0,0,0,0,0,0,0,1,2,0.3652067301175816,0.8473266046155918,1,1
1,0,0,0,0.22920887396235737,1,0,1,0,0,0,0,0,0,0,1,1,0.1574821050968162,-0.7381070063986419,0,0
0,0,0,0,1.4100994218432374,1,2,1,2,2,2,0,2,0,0,1,1,1.2692242982079527,0.7658033581645066,1,0
1,0,0,0,-0.5444780367182193,1,0,1,0,0,0,0,2,0,0,1,0,0.46325275312738295,0.30077508708833156,0,0
0,0,0,0,-0.8295205827584317,0,1,0,0,2,2,2,2,2,1,0,2,-0.13665596393258767,0.8393525626806666,0,0
0,0,0,0,1.6137012404433893,1,0,2,1,1,1,1,1,1,2,1,0,-1.4494755940638249,0.30077508708833156,0,0
1,0,1,1,-0.3408762181180675,1,2,0,2,0,2,2,2,2,1,1,3,0.6659919871476498,-2.1152539465493194,0,0
0,0,1,1,1.6137012404433893,1,2,1,0,2,2,0,2,2,1,1,1,1.2775332832087833,0.8294680275374327,0,0
0,0,1,1,-0.8702409464784621,0,1,0,2,0,0,0,0,0,0,1,2,-1.16863190103575,-0.15045095435575817,0,0
1,1,1,0,-1.1552834925186746,1,2,1,0,0,0,0,0,0,0,1,3,0.32033821111309646,-0.3805790328263017,1,1
1,0,0,0,1.369379058123207,1,0,1,2,0,2,2,2,2,2,1,0,1.3589613362169235,0.7598770714430368,0,0
